# Blender 5.0.0
# www.blender.org
mtllib t_shirt.mtl
o t_shirt
v 0.973724 -0.106130 -1.375182
v 0.349912 -0.116384 -1.670146
v 0.424462 -0.145306 -1.616377
v 0.421178 -0.023691 -1.556965
v 0.376902 0.059248 -1.499241
v 0.271834 0.172271 -1.428773
v 0.151115 0.239660 -1.388387
v 0.039643 0.262094 -1.373701
v -0.056970 0.260787 -1.375841
v -0.168862 0.236722 -1.394000
v -0.267353 0.180485 -1.430081
v -0.354047 0.095727 -1.482607
v -0.407407 0.003550 -1.543580
v -0.423920 -0.070337 -1.590221
v -0.421209 -0.141066 -1.620749
v -0.346328 -0.112674 -1.675633
v -0.352696 -0.039532 -1.647480
v -0.299606 0.127503 -1.559360
v -0.226338 0.210658 -1.514676
v -0.165903 0.256649 -1.490597
v -0.045110 0.293763 -1.466892
v 0.038996 0.291874 -1.466412
v 0.141714 0.263996 -1.482887
v 0.292247 0.128125 -1.550878
v 0.330327 0.045687 -1.590996
v -0.334858 0.045330 -1.601321
v 0.333852 0.112880 -1.465350
v 0.221750 0.206290 -1.510493
v 0.349604 -0.019148 -1.626727
v 0.346779 -0.116563 -1.667380
v 0.424735 -0.145183 -1.616745
v 0.421776 -0.031917 -1.560928
v 0.383593 0.053344 -1.505029
v 0.271972 0.172794 -1.428727
v 0.151213 0.240143 -1.388285
v 0.039880 0.262538 -1.373544
v -0.070843 0.260553 -1.376697
v -0.196851 0.226252 -1.401272
v -0.294435 0.158878 -1.444040
v -0.368244 0.076517 -1.494675
v -0.416737 -0.020038 -1.560280
v -0.421507 -0.140945 -1.621132
v -0.346649 -0.112622 -1.675997
v -0.353006 -0.039108 -1.647689
v -0.304276 0.121642 -1.563293
v -0.159090 0.260256 -1.488658
v -0.043933 0.294259 -1.466671
v 0.038953 0.292355 -1.466262
v 0.142186 0.264324 -1.482863
v 0.292733 0.128265 -1.551076
v 0.354293 -0.060409 -1.648089
v 0.334958 0.041705 -1.595204
v -0.230061 0.208547 -1.515947
v -0.332588 0.056948 -1.596323
v 0.334191 0.113208 -1.465490
v 0.222216 0.206532 -1.510604
v 0.346951 -0.115811 -1.667737
v 0.375324 -0.128285 -1.647706
v 0.392142 -0.135340 -1.636178
v 0.408567 -0.140793 -1.625981
v 0.424651 -0.144891 -1.616481
v 0.424546 -0.145003 -1.616619
v 0.427259 -0.114992 -1.604900
v 0.428061 -0.089016 -1.593348
v 0.426904 -0.071077 -1.583979
v 0.423223 -0.047294 -1.570044
v 0.417283 -0.018937 -1.552428
v 0.410045 -0.000334 -1.540499
v 0.401664 0.017570 -1.528496
v 0.392820 0.034733 -1.517157
v 0.382653 0.052255 -1.505480
v 0.370208 0.070388 -1.493666
v 0.356360 0.088549 -1.481914
v 0.341709 0.105908 -1.470797
v 0.325732 0.123132 -1.459904
v 0.309512 0.139135 -1.449897
v 0.292039 0.154919 -1.440134
v 0.274101 0.169695 -1.431031
v 0.254800 0.184095 -1.422175
v 0.235291 0.197213 -1.414134
v 0.214452 0.209796 -1.406520
v 0.192962 0.221271 -1.399642
v 0.170988 0.231585 -1.393557
v 0.147652 0.240555 -1.388290
v 0.124569 0.247129 -1.383990
v 0.097038 0.253393 -1.379784
v 0.075065 0.257031 -1.377176
v 0.050412 0.260255 -1.375033
v 0.023301 0.262368 -1.373671
v 0.000050 0.262843 -1.373427
v -0.024935 0.262618 -1.374076
v -0.050063 0.261092 -1.375671
v -0.074999 0.258480 -1.378129
v -0.098999 0.254851 -1.381262
v -0.124461 0.249618 -1.385345
v -0.147334 0.243439 -1.389662
v -0.170807 0.234838 -1.395376
v -0.193167 0.224830 -1.401848
v -0.214098 0.213989 -1.408783
v -0.234867 0.201779 -1.416581
v -0.254699 0.188742 -1.424899
v -0.273346 0.175047 -1.433604
v -0.291906 0.159933 -1.443164
v -0.308893 0.144600 -1.452836
v -0.325325 0.128262 -1.463159
v -0.340992 0.111089 -1.474083
v -0.354893 0.094244 -1.484873
v -0.368914 0.075418 -1.497030
v -0.381202 0.057071 -1.508940
v -0.390726 0.039799 -1.520293
v -0.399505 0.021690 -1.532389
v -0.407155 0.003837 -1.544325
v -0.413950 -0.014716 -1.556479
v -0.419770 -0.043687 -1.574610
v -0.423221 -0.066550 -1.588078
v -0.424528 -0.084844 -1.597759
v -0.423886 -0.110316 -1.609113
v -0.421211 -0.140962 -1.620959
v -0.421338 -0.140864 -1.620832
v -0.405739 -0.135968 -1.631640
v -0.390468 -0.130579 -1.642530
v -0.369981 -0.122452 -1.657591
v -0.346427 -0.111802 -1.675740
v -0.346546 -0.111986 -1.675731
v -0.350784 -0.087856 -1.668290
v -0.352173 -0.063916 -1.658626
v -0.351635 -0.041496 -1.648142
v -0.349532 -0.018222 -1.636200
v -0.345762 0.003730 -1.624329
v -0.340653 0.025421 -1.612427
v -0.334475 0.047424 -1.600796
v -0.327171 0.069336 -1.589680
v -0.319403 0.090158 -1.579548
v -0.309013 0.111290 -1.568601
v -0.296704 0.130284 -1.558133
v -0.282418 0.149042 -1.547669
v -0.255912 0.180146 -1.530860
v -0.235713 0.201404 -1.519739
v -0.218069 0.217933 -1.511156
v -0.199722 0.232898 -1.503237
v -0.178959 0.247200 -1.495457
v -0.158182 0.259083 -1.489015
v -0.135833 0.268605 -1.483463
v -0.111272 0.277023 -1.478266
v -0.087140 0.283979 -1.473685
v -0.062136 0.289484 -1.469724
v -0.037971 0.292889 -1.467008
v -0.012194 0.294465 -1.465413
v 0.013172 0.293922 -1.465352
v 0.038670 0.291597 -1.466666
v 0.063076 0.287496 -1.469076
v 0.088716 0.280722 -1.473020
v 0.134739 0.264774 -1.482166
v 0.157609 0.254540 -1.487629
v 0.178264 0.241874 -1.493757
v 0.198231 0.226688 -1.500826
v 0.216871 0.210927 -1.508609
v 0.233270 0.195366 -1.516418
v 0.262475 0.163887 -1.532324
v 0.280818 0.141879 -1.543682
v 0.294773 0.123244 -1.553515
v 0.306924 0.104031 -1.563634
v 0.316862 0.082733 -1.574077
v 0.325055 0.062149 -1.583998
v 0.332824 0.040239 -1.594866
v 0.339440 0.019113 -1.605684
v 0.345358 -0.002384 -1.617027
v 0.349477 -0.024099 -1.628849
v 0.352293 -0.046234 -1.640350
v 0.353043 -0.068852 -1.650947
v 0.351709 -0.091737 -1.660456
v 0.346968 -0.116081 -1.667691
v 0.111709 0.273374 -1.477351
v -0.267772 0.166932 -1.538108
v 0.250233 0.177756 -1.525433
v -0.347189 -0.113100 -1.676344
v -0.424053 -0.141692 -1.623259
v -0.372663 -0.250196 -1.625929
v -0.255096 -0.324606 -1.602465
v -0.185616 -0.337208 -1.595166
v -0.042314 -0.344277 -1.588052
v 0.137483 -0.341482 -1.591895
v 0.233875 -0.330002 -1.599896
v 0.304496 -0.306042 -1.608932
v 0.366310 -0.259602 -1.619648
v 0.407191 -0.200032 -1.623549
v 0.424500 -0.145249 -1.616803
v 0.346681 -0.116582 -1.667194
v 0.323979 -0.180398 -1.675332
v 0.221362 -0.262596 -1.669196
v 0.132500 -0.279705 -1.666936
v -0.027829 -0.290276 -1.669386
v -0.185015 -0.272388 -1.667908
v -0.244404 -0.252692 -1.671765
v -0.288698 -0.223176 -1.679126
v -0.329290 -0.165148 -1.682386
v 0.278535 -0.233908 -1.675210
v -0.309481 -0.304969 -1.613570
v -0.347442 -0.113118 -1.676705
v -0.424342 -0.141721 -1.623673
v -0.372874 -0.250413 -1.626321
v -0.311697 -0.301893 -1.612669
v -0.255328 -0.324914 -1.602816
v -0.168610 -0.339593 -1.593734
v -0.013520 -0.343692 -1.587702
v 0.137564 -0.341878 -1.592182
v 0.241576 -0.329511 -1.601457
v 0.304806 -0.305804 -1.608916
v 0.366283 -0.260036 -1.619957
v 0.407436 -0.200189 -1.623956
v 0.423762 -0.146913 -1.618062
v 0.347183 -0.115956 -1.667972
v 0.324171 -0.180574 -1.675770
v 0.221904 -0.261859 -1.668575
v 0.132827 -0.280016 -1.667277
v -0.027293 -0.290623 -1.669653
v -0.242284 -0.256067 -1.674315
v -0.288931 -0.223320 -1.679555
v -0.329557 -0.165150 -1.682809
v 0.280467 -0.233034 -1.676202
v -0.184029 -0.273859 -1.669190
v -0.346444 -0.111805 -1.675779
v -0.374994 -0.125842 -1.653020
v -0.390077 -0.132385 -1.641916
v -0.405585 -0.137354 -1.631232
v -0.421343 -0.140867 -1.620806
v -0.421278 -0.140687 -1.620898
v -0.415737 -0.160902 -1.623862
v -0.409201 -0.181216 -1.626146
v -0.401598 -0.201186 -1.627650
v -0.391610 -0.219592 -1.627265
v -0.379887 -0.237607 -1.626098
v -0.367067 -0.254481 -1.624251
v -0.352403 -0.269851 -1.621468
v -0.336363 -0.283266 -1.617956
v -0.319510 -0.295467 -1.614201
v -0.301297 -0.306648 -1.610215
v -0.282349 -0.314598 -1.606934
v -0.262060 -0.321769 -1.603742
v -0.242019 -0.327789 -1.600848
v -0.211537 -0.332946 -1.597409
v -0.189326 -0.336359 -1.595548
v -0.146844 -0.340507 -1.592642
v -0.123965 -0.341370 -1.591338
v -0.091462 -0.342634 -1.590026
v -0.052007 -0.342993 -1.588534
v 0.002041 -0.343108 -1.587646
v 0.068654 -0.343325 -1.589552
v 0.121208 -0.341962 -1.591740
v 0.154668 -0.339939 -1.593262
v 0.177175 -0.337698 -1.594646
v 0.198848 -0.334753 -1.596293
v 0.222108 -0.330948 -1.598330
v 0.241901 -0.327205 -1.600289
v 0.262066 -0.321046 -1.602968
v 0.282665 -0.313839 -1.605864
v 0.301637 -0.306140 -1.608689
v 0.319734 -0.295738 -1.611760
v 0.337287 -0.283841 -1.614791
v 0.353431 -0.271101 -1.617491
v 0.368331 -0.256034 -1.619638
v 0.381354 -0.239647 -1.621204
v 0.393456 -0.222007 -1.622261
v 0.404081 -0.203756 -1.622705
v 0.411767 -0.184755 -1.621324
v 0.418513 -0.165149 -1.619267
v 0.424588 -0.144733 -1.616538
v 0.424676 -0.144909 -1.616478
v 0.408479 -0.140889 -1.626074
v 0.392424 -0.135555 -1.636045
v 0.377114 -0.129178 -1.646175
v 0.367937 -0.125010 -1.653186
v 0.346873 -0.115905 -1.667751
v 0.347034 -0.115810 -1.667652
v 0.340065 -0.139371 -1.671488
v 0.331631 -0.162453 -1.674110
v 0.320338 -0.184032 -1.675472
v 0.306879 -0.203751 -1.675238
v 0.290664 -0.221088 -1.674130
v 0.272394 -0.236300 -1.672537
v 0.251479 -0.248113 -1.670914
v 0.229842 -0.257721 -1.669304
v 0.206192 -0.265744 -1.668200
v 0.182570 -0.271314 -1.667539
v 0.157837 -0.275919 -1.667190
v 0.131701 -0.279666 -1.667277
v 0.092848 -0.283729 -1.667634
v 0.043242 -0.287091 -1.668218
v 0.001090 -0.288307 -1.668479
v -0.043092 -0.287542 -1.668352
v -0.131734 -0.280154 -1.667747
v -0.157108 -0.276659 -1.667929
v -0.182143 -0.272541 -1.668371
v -0.206575 -0.266834 -1.669362
v -0.229582 -0.259062 -1.670945
v -0.251727 -0.248967 -1.673013
v -0.271446 -0.235918 -1.675532
v -0.289253 -0.220465 -1.678378
v -0.305634 -0.202690 -1.680707
v -0.319261 -0.182324 -1.681342
v -0.330113 -0.160162 -1.680790
v -0.339013 -0.136515 -1.678738
v -0.346604 -0.111724 -1.675650
v -0.089171 -0.284758 -1.668012
v -0.212353 -0.333302 -1.597824
v -0.346039 -0.112579 -1.675214
v -0.393381 -0.135241 -1.639285
v -0.422045 -0.142077 -1.621668
v -0.379573 -0.241155 -1.627202
v -0.302441 -0.306270 -1.609859
v -0.227329 -0.329081 -1.597652
v -0.140626 -0.338773 -1.590425
v -0.037345 -0.342696 -1.587613
v 0.121329 -0.341503 -1.590024
v 0.233800 -0.328009 -1.598712
v 0.292100 -0.309873 -1.607009
v 0.349082 -0.275100 -1.616612
v 0.395487 -0.218343 -1.621924
v 0.424790 -0.146114 -1.616256
v 0.397627 -0.139073 -1.632254
v 0.346653 -0.116406 -1.667353
v 0.323705 -0.179041 -1.674152
v 0.266600 -0.240755 -1.671008
v 0.179316 -0.271812 -1.666539
v 0.057434 -0.285649 -1.667138
v -0.072955 -0.285498 -1.667507
v -0.182683 -0.272927 -1.668115
v -0.253322 -0.248331 -1.672368
v -0.316915 -0.188516 -1.680805
v -0.346321 -0.112616 -1.675606
v -0.393626 -0.135264 -1.639718
v -0.422318 -0.142086 -1.622067
v -0.379793 -0.241329 -1.627619
v -0.302463 -0.306608 -1.610231
v -0.211395 -0.332770 -1.596432
v -0.099670 -0.340815 -1.588716
v 0.018933 -0.343265 -1.587616
v 0.147725 -0.340512 -1.592637
v 0.229672 -0.328466 -1.598030
v 0.292135 -0.310212 -1.607367
v 0.349224 -0.275366 -1.617002
v 0.395668 -0.218533 -1.622344
v 0.425049 -0.146124 -1.616669
v 0.397782 -0.139072 -1.632732
v 0.346929 -0.116429 -1.667763
v 0.266430 -0.241030 -1.671159
v 0.180356 -0.272077 -1.666954
v 0.056980 -0.286093 -1.667405
v -0.073434 -0.285894 -1.667765
v -0.182894 -0.273280 -1.668436
v -0.253378 -0.248682 -1.672713
v -0.317154 -0.188686 -1.681204
v 0.323761 -0.179874 -1.674797
v -0.345997 -0.112570 -1.675447
v -0.374862 -0.126894 -1.652992
v -0.389590 -0.133447 -1.642147
v -0.405158 -0.138571 -1.631372
v -0.420783 -0.141960 -1.620274
v -0.420895 -0.141763 -1.620446
v -0.408685 -0.181516 -1.626111
v -0.401115 -0.201156 -1.627759
v -0.390914 -0.219666 -1.627316
v -0.379237 -0.237457 -1.626148
v -0.366555 -0.254054 -1.624369
v -0.351832 -0.269431 -1.621609
v -0.335761 -0.282875 -1.618087
v -0.318832 -0.295144 -1.614311
v -0.300986 -0.306140 -1.610441
v -0.281533 -0.314249 -1.607039
v -0.262008 -0.321118 -1.603933
v -0.241618 -0.327230 -1.600947
v -0.211506 -0.332505 -1.597638
v -0.182728 -0.336483 -1.595037
v -0.152385 -0.339396 -1.592804
v -0.125767 -0.340961 -1.591318
v -0.094866 -0.342127 -1.589848
v -0.060991 -0.342630 -1.588486
v -0.006254 -0.342698 -1.587414
v 0.051632 -0.342953 -1.588529
v 0.108654 -0.342167 -1.590849
v 0.154177 -0.339456 -1.593064
v 0.177468 -0.337105 -1.594594
v 0.198884 -0.334034 -1.596077
v 0.216954 -0.331238 -1.597835
v 0.241697 -0.326587 -1.600310
v 0.261653 -0.320480 -1.602950
v 0.281846 -0.313406 -1.605802
v 0.301173 -0.305600 -1.608721
v 0.319348 -0.295199 -1.611847
v 0.336466 -0.283614 -1.614805
v 0.353023 -0.270588 -1.617601
v 0.367617 -0.255843 -1.619687
v 0.381126 -0.238860 -1.621169
v 0.392649 -0.222211 -1.622112
v 0.403573 -0.203651 -1.622504
v 0.411452 -0.184569 -1.621024
v 0.418019 -0.165667 -1.618769
v 0.423912 -0.145774 -1.615715
v 0.424020 -0.145970 -1.615686
v 0.408029 -0.142195 -1.625854
v 0.391966 -0.136554 -1.636166
v 0.376737 -0.130007 -1.646208
v 0.371461 -0.127533 -1.650424
v 0.346671 -0.116382 -1.667619
v 0.346855 -0.116289 -1.667536
v 0.339953 -0.138652 -1.670840
v 0.331288 -0.162462 -1.673572
v 0.320025 -0.183820 -1.675010
v 0.306474 -0.203488 -1.674846
v 0.290313 -0.220826 -1.673751
v 0.272164 -0.235935 -1.672179
v 0.251223 -0.247712 -1.670471
v 0.229700 -0.257247 -1.668909
v 0.206052 -0.265277 -1.667911
v 0.182426 -0.270834 -1.667211
v 0.157440 -0.275467 -1.666830
v 0.131038 -0.279254 -1.666923
v 0.058750 -0.285860 -1.667512
v -0.001018 -0.288067 -1.668030
v -0.053680 -0.286678 -1.667840
v -0.083167 -0.284770 -1.667573
v -0.131706 -0.279596 -1.667330
v -0.157154 -0.276125 -1.667576
v -0.181967 -0.272049 -1.668103
v -0.206562 -0.266288 -1.669045
v -0.229250 -0.258696 -1.670537
v -0.251439 -0.248655 -1.672578
v -0.271339 -0.235403 -1.675210
v -0.288755 -0.220195 -1.677997
v -0.305323 -0.202385 -1.680416
v -0.318945 -0.182133 -1.680858
v -0.329788 -0.160124 -1.680321
v -0.338568 -0.136620 -1.678191
v -0.346133 -0.112514 -1.675308
v 0.089289 -0.283792 -1.667432
v 0.198880 -0.334397 -1.596431
v -0.105716 -0.282728 -1.667616
v 0.347346 -0.115488 -1.667436
v 0.423862 -0.144994 -1.615214
v 0.413975 -0.016958 -1.550029
v 0.380870 0.053645 -1.503910
v 0.323321 0.123569 -1.457265
v 0.221799 0.203764 -1.408852
v 0.140596 0.238855 -1.387149
v 0.002949 0.264081 -1.371847
v -0.145808 0.241634 -1.389412
v -0.245985 0.193021 -1.420332
v -0.389470 0.041499 -1.518396
v -0.424342 -0.076702 -1.591898
v -0.420254 -0.141418 -1.619745
v -0.345893 -0.112174 -1.674912
v -0.352830 -0.056401 -1.654638
v -0.335441 0.043926 -1.601501
v -0.275452 0.158705 -1.541372
v -0.168517 0.254926 -1.490878
v 0.022730 0.292300 -1.465518
v 0.159051 0.255887 -1.486533
v 0.300506 0.114497 -1.557110
v 0.340737 0.011371 -1.607882
v 0.352675 -0.062089 -1.646410
v -0.336883 0.111416 -1.471171
v -0.053543 0.288898 -1.468932
v 0.330597 0.094173 -1.511775
v 0.428098 -0.088483 -1.591301
v 0.240169 0.185769 -1.520248
v -0.365779 0.017569 -1.579246
v -0.240507 0.194649 -1.464650
v 0.347649 -0.115435 -1.667809
v 0.424142 -0.144877 -1.615588
v 0.414284 -0.016804 -1.550417
v 0.381127 0.053996 -1.504139
v 0.336521 0.111436 -1.466705
v 0.268176 0.174861 -1.427748
v 0.084553 0.255248 -1.377906
v -0.022827 0.262877 -1.373277
v -0.145993 0.242092 -1.389359
v -0.235815 0.199848 -1.416439
v -0.310432 0.143430 -1.453700
v -0.367054 0.073608 -1.495073
v -0.403661 0.006825 -1.541501
v -0.424640 -0.076546 -1.592276
v -0.420545 -0.141285 -1.620106
v -0.346229 -0.112105 -1.675268
v -0.353182 -0.056465 -1.655033
v -0.335795 0.044293 -1.601617
v -0.275770 0.159097 -1.541375
v -0.168682 0.255374 -1.490728
v -0.053603 0.289353 -1.468738
v 0.041275 0.291330 -1.465891
v 0.159309 0.256303 -1.486418
v 0.300980 0.114663 -1.557257
v 0.341132 0.011539 -1.608141
v 0.353019 -0.061924 -1.646722
v 0.191337 0.220179 -1.398915
v 0.330931 0.094510 -1.511921
v 0.428369 -0.088271 -1.591658
v 0.240470 0.186165 -1.520226
v -0.366540 0.019545 -1.577343
v -0.240713 0.195123 -1.464621
v 0.346874 -0.115395 -1.667460
v 0.391029 -0.133966 -1.636546
v 0.408180 -0.139525 -1.625687
v 0.424485 -0.144258 -1.615315
v 0.424723 -0.144378 -1.615674
v 0.428726 -0.089546 -1.593541
v 0.426613 -0.070967 -1.583350
v 0.423890 -0.054439 -1.573840
v 0.420158 -0.037012 -1.563434
v 0.415007 -0.020176 -1.552810
v 0.407964 -0.001897 -1.540975
v 0.396115 0.024673 -1.523564
v 0.382224 0.051483 -1.505847
v 0.370011 0.069688 -1.493911
v 0.355720 0.088437 -1.481727
v 0.341372 0.105421 -1.470862
v 0.325479 0.122552 -1.460046
v 0.309179 0.138599 -1.450014
v 0.291749 0.154300 -1.440263
v 0.273509 0.169314 -1.430988
v 0.254126 0.183754 -1.422055
v 0.234840 0.196734 -1.414081
v 0.214312 0.209114 -1.406573
v 0.193011 0.220472 -1.399774
v 0.170546 0.231021 -1.393598
v 0.147528 0.239959 -1.388348
v 0.124336 0.246588 -1.384074
v 0.099301 0.252301 -1.380235
v 0.075147 0.256551 -1.377297
v 0.050392 0.259671 -1.375150
v 0.025244 0.261643 -1.373886
v 0.000117 0.262378 -1.373585
v -0.024881 0.261984 -1.374243
v -0.050013 0.260460 -1.375839
v -0.074846 0.257868 -1.378268
v -0.099546 0.254133 -1.381484
v -0.123130 0.249316 -1.385246
v -0.147930 0.242656 -1.389877
v -0.170167 0.234352 -1.395284
v -0.192568 0.224331 -1.401766
v -0.214056 0.213214 -1.408906
v -0.234471 0.201229 -1.416601
v -0.254447 0.188107 -1.425035
v -0.273020 0.174493 -1.433739
v -0.291703 0.159312 -1.443400
v -0.308627 0.144072 -1.453051
v -0.324929 0.127912 -1.463291
v -0.340356 0.110974 -1.474023
v -0.354943 0.093285 -1.485317
v -0.368352 0.075184 -1.496956
v -0.380766 0.056085 -1.509363
v -0.389461 0.038577 -1.520937
v -0.397519 0.020890 -1.532621
v -0.405027 0.002755 -1.544571
v -0.411928 -0.016248 -1.556959
v -0.416770 -0.032742 -1.567520
v -0.420323 -0.050172 -1.577795
v -0.422679 -0.062827 -1.585579
v -0.425375 -0.084919 -1.597891
v -0.424321 -0.110137 -1.608829
v -0.421451 -0.140211 -1.620487
v -0.421586 -0.140114 -1.620377
v -0.398702 -0.132787 -1.636334
v -0.369047 -0.121759 -1.657856
v -0.345932 -0.112091 -1.675151
v -0.346042 -0.112270 -1.675122
v -0.350739 -0.088079 -1.667609
v -0.352342 -0.064288 -1.658148
v -0.351753 -0.041466 -1.647488
v -0.349303 -0.019395 -1.636213
v -0.345267 0.003763 -1.623751
v -0.340228 0.025241 -1.611992
v -0.334292 0.046866 -1.600502
v -0.326983 0.068632 -1.589510
v -0.319269 0.089946 -1.579066
v -0.309133 0.111030 -1.568122
v -0.296389 0.129967 -1.557732
v -0.281976 0.148754 -1.547361
v -0.256183 0.179030 -1.531017
v -0.235369 0.201182 -1.519283
v -0.217969 0.217306 -1.510998
v -0.199506 0.232617 -1.502769
v -0.179275 0.246529 -1.495209
v -0.158221 0.258623 -1.488653
v -0.135360 0.268221 -1.483248
v -0.111381 0.276368 -1.478374
v -0.087256 0.283313 -1.473801
v -0.062505 0.288897 -1.469588
v -0.037643 0.292511 -1.466662
v -0.012026 0.293892 -1.465410
v 0.013235 0.293414 -1.465179
v 0.038222 0.291397 -1.466199
v 0.063156 0.286881 -1.468996
v 0.087492 0.280445 -1.472893
v 0.111065 0.272791 -1.477282
v 0.135056 0.264152 -1.482074
v 0.157761 0.253967 -1.487438
v 0.178360 0.241401 -1.493443
v 0.197926 0.226362 -1.500429
v 0.216400 0.210617 -1.508277
v 0.238591 0.189129 -1.519125
v 0.280389 0.141894 -1.543018
v 0.294799 0.122654 -1.553156
v 0.306915 0.103654 -1.563259
v 0.316754 0.082523 -1.573515
v 0.324882 0.061488 -1.583764
v 0.332376 0.040258 -1.594345
v 0.339147 0.018698 -1.605387
v 0.344921 -0.002500 -1.616554
v 0.349281 -0.024842 -1.628660
v 0.352497 -0.046570 -1.639938
v 0.353380 -0.068583 -1.650244
v 0.351701 -0.092283 -1.660038
v 0.346971 -0.115612 -1.667489
v 0.265810 0.159513 -1.534257
v -0.267436 0.166485 -1.537882
v 0.888946 -0.156953 -0.321991
v 0.834644 -0.153821 -0.565382
v 0.805978 -0.152073 -0.563821
v 0.806092 -0.194023 -0.575285
v 0.819792 -0.305171 -0.611301
v 0.836666 -0.368551 -0.638520
v 0.854327 -0.393762 -0.657386
v 0.910905 -0.468872 -0.730152
v 0.954546 -0.499172 -0.800887
v 0.996037 -0.499680 -0.883186
v 1.033516 -0.464674 -0.988487
v 1.064863 -0.401651 -1.093188
v 1.096031 -0.334659 -1.169830
v 1.106135 -0.228679 -1.234529
v 1.102761 -0.115178 -1.257138
v 1.102391 -0.030462 -1.246975
v 1.093021 0.056602 -1.213742
v 0.984202 0.226269 -0.889423
v 0.950206 0.221808 -0.806381
v 0.875586 0.148002 -0.668420
v 0.841990 0.057626 -0.628620
v 0.809736 -0.087503 -0.575167
v 0.805966 -0.151954 -0.563802
v 0.838857 -0.153895 -0.559200
v 0.871941 -0.157458 -0.454821
v 0.891029 -0.156720 -0.315229
v 0.941188 -0.067540 -0.202506
v 0.998961 0.037359 -0.202241
v 1.044098 0.085837 -0.212902
v 1.117997 0.118230 -0.231930
v 1.383540 0.140068 -0.315535
v 1.423182 0.101101 -0.325565
v 1.411639 -0.112990 -0.306275
v 1.367869 -0.276894 -0.272599
v 1.280706 -0.372079 -0.235906
v 0.976566 -0.359013 -0.173823
v 1.017198 0.093305 -0.333167
v 1.249278 0.159716 -0.475839
v 1.428630 0.020036 -0.323338
v 1.159561 -0.416410 -0.200451
v 1.040720 -0.442589 -0.371921
v 0.981497 -0.410648 -0.304432
v 0.891428 -0.278184 -0.310566
v 0.837364 -0.196135 -0.568575
v 1.154086 -0.269137 -1.173313
v 0.915017 -0.153072 -0.213104
v 1.173187 0.021431 -1.122910
v 0.831970 -0.288409 -0.607521
v 1.204315 -0.072267 -1.096472
v 1.066826 0.122029 -0.373947
v 0.892181 -0.050925 -0.374474
v 1.071301 -0.412251 -0.182416
v 1.235718 -0.391064 -0.599946
v 0.912473 -0.152987 -0.213526
v 0.995823 -0.481595 -0.626108
v 0.853481 -0.297081 -0.563476
v 0.879502 -0.395674 -0.617927
v 1.288152 0.142825 -0.288393
v 1.391111 0.102546 -0.437075
v 1.110885 0.166596 -0.836358
v 0.874013 -0.040464 -0.523605
v 1.352374 -0.244884 -0.418946
v 1.326416 -0.336352 -0.252733
v 0.931436 -0.283390 -0.181707
v 0.921778 -0.359264 -0.304880
v 1.159132 -0.342821 -1.106562
v 0.927259 -0.488018 -0.647519
v 0.945139 0.008790 -0.314792
v 0.836909 -0.046096 -0.583614
v 1.035275 0.195640 -1.047251
v 1.192217 -0.199714 -1.094627
v 1.180463 -0.423447 -0.371927
v 1.096523 -0.475247 -0.907035
v 1.219554 -0.342630 -0.978144
v 1.148738 -0.391425 -0.982404
v 0.870373 -0.157310 -0.457684
v 1.070622 0.153741 -1.139435
v 1.355856 0.141461 -0.431840
v 1.200539 -0.311457 -1.064705
v 1.005651 -0.516631 -0.778626
v 0.962184 -0.512123 -0.707822
v 0.888875 0.058293 -0.575564
v 1.226341 -0.404274 -0.473699
v 1.291333 -0.346627 -0.417848
v 1.061925 -0.499852 -0.853080
v 1.322646 0.112069 -0.677254
v 1.135904 -0.456540 -0.536818
v 0.983080 0.207144 -0.732683
v 1.270872 0.161987 -0.606767
v 1.074469 -0.467339 -0.523084
v 1.174896 -0.416199 -0.831783
v 0.957603 0.081452 -0.424903
v 1.353228 -0.079439 -0.543330
v 1.129882 0.136785 -0.490178
v 0.927347 0.131722 -0.549480
v 0.903744 0.125789 -0.626409
v 0.901605 0.055397 -0.458261
v 1.142965 -0.449042 -0.705236
v 1.213120 -0.420212 -0.637548
v 1.071006 -0.481785 -0.713474
v 0.972831 -0.449219 -0.501447
v 0.911735 -0.402815 -0.456284
v 0.904262 -0.455325 -0.591721
v 0.873480 -0.374368 -0.514354
v 0.956435 0.181669 -0.638237
v 0.926132 0.182953 -0.702030
v 1.056871 0.167707 -0.673028
v 1.162639 0.143814 -0.742893
v 1.025276 0.152416 -0.578970
v 1.142177 0.138514 -0.590805
v 0.986804 0.125336 -0.494973
v 1.284541 0.146101 -0.727596
v 1.340658 0.065851 -0.639057
v 1.330838 0.136456 -0.575326
v 1.229958 0.161910 -0.656788
v 1.234681 -0.374968 -0.833197
v 1.269291 -0.308257 -0.687990
v 1.290823 -0.233992 -0.741782
v 1.163461 0.157194 -0.973744
v 1.261040 0.108531 -0.884448
v 1.192554 0.144316 -0.984387
v 1.228600 0.157168 -0.816690
v 1.251143 -0.021999 -0.970050
v 1.245641 -0.271370 -0.907160
v 1.305685 -0.144642 -0.787001
v 1.311400 -0.013007 -0.750613
v 1.268732 -0.112660 -0.934807
v 1.319600 -0.246127 -0.604605
v 1.365669 -0.179688 -0.426887
v 1.259356 0.140095 -0.837546
v 0.885654 -0.157965 -0.350504
v 0.832800 -0.153921 -0.564160
v 0.805906 -0.151902 -0.564268
v 0.806018 -0.194522 -0.575982
v 0.821609 -0.317757 -0.616542
v 0.845576 -0.381277 -0.648494
v 0.887316 -0.445508 -0.699164
v 0.916265 -0.475303 -0.739233
v 0.954672 -0.498694 -0.800685
v 0.995978 -0.499216 -0.882949
v 1.033359 -0.464235 -0.988329
v 1.064544 -0.401435 -1.092729
v 1.095838 -0.334283 -1.169555
v 1.105847 -0.228098 -1.234348
v 1.102943 -0.116254 -1.257181
v 1.100520 -0.020647 -1.243827
v 1.089307 0.072989 -1.202401
v 1.072358 0.146103 -1.145885
v 0.973814 0.228661 -0.859678
v 0.914747 0.195331 -0.739297
v 0.871871 0.137544 -0.663452
v 0.836392 0.039048 -0.621633
v 0.809516 -0.091036 -0.573732
v 0.805918 -0.152021 -0.564287
v 0.837043 -0.153571 -0.559200
v 0.870962 -0.157598 -0.464757
v 0.915043 -0.153702 -0.213353
v 0.941759 -0.067375 -0.202605
v 0.991940 0.030245 -0.201107
v 1.051273 0.090799 -0.214673
v 1.282920 0.142048 -0.286860
v 1.391194 0.137682 -0.317608
v 1.418955 -0.059708 -0.314205
v 1.372955 -0.271330 -0.274785
v 1.212431 -0.402566 -0.214641
v 1.063703 -0.410780 -0.181214
v 0.971098 -0.351969 -0.174236
v 1.017474 0.092896 -0.333241
v 1.137210 0.122813 -0.238111
v 1.392212 0.024233 -0.445650
v 1.217472 -0.406299 -0.392963
v 1.120809 -0.417856 -0.191995
v 0.891885 -0.278081 -0.310729
v 1.164940 -0.294085 -1.148251
v 1.151989 -0.052810 -1.182518
v 1.172692 0.021045 -1.122911
v 0.832185 -0.288134 -0.607917
v 0.892706 -0.058966 -0.367685
v 1.429105 0.063666 -0.326037
v 1.304002 -0.355619 -0.244121
v 1.237703 -0.387555 -0.589955
v 0.912956 -0.153039 -0.213614
v 1.011751 -0.480506 -0.629849
v 1.136058 0.143042 -1.071287
v 1.392123 0.104355 -0.428719
v 0.931890 -0.283270 -0.181868
v 0.921628 -0.353005 -0.296685
v 1.323845 -0.284512 -0.492098
v 1.250548 0.159130 -0.475652
v 0.844377 -0.027161 -0.588253
v 0.977891 -0.398254 -0.275060
v 1.348657 -0.059604 -0.573403
v 1.033421 0.196341 -1.043062
v 0.958428 0.033578 -0.323244
v 1.354109 -0.230417 -0.433792
v 1.095316 -0.473346 -0.912001
v 1.148458 -0.391054 -0.982228
v 0.854403 -0.215512 -0.527255
v 1.355649 0.141017 -0.431771
v 1.205379 -0.314990 -1.049462
v 1.181111 -0.342376 -1.072760
v 0.910916 -0.399974 -0.453056
v 1.005643 -0.516124 -0.778754
v 0.962346 -0.511645 -0.707976
v 0.853652 -0.285294 -0.564763
v 0.888575 0.056795 -0.576177
v 1.285916 -0.354964 -0.401814
v 1.061746 -0.499388 -0.853040
v 1.177720 -0.409110 -0.847349
v 1.345621 0.072690 -0.616529
v 1.135807 -0.456052 -0.536835
v 0.983280 0.206813 -0.734133
v 1.270797 0.161499 -0.606730
v 0.878813 -0.029304 -0.510054
v 1.076707 -0.466126 -0.520050
v 0.957914 0.081086 -0.425044
v 1.075368 0.123047 -0.365671
v 0.927632 0.131355 -0.549651
v 0.911566 0.143358 -0.635585
v 0.902011 0.055090 -0.458336
v 1.151286 -0.443678 -0.720375
v 1.199591 -0.428871 -0.553940
v 1.074497 -0.480028 -0.713498
v 0.997537 -0.461221 -0.525027
v 1.220770 -0.408455 -0.684633
v 0.957136 -0.434354 -0.466319
v 0.924504 -0.483425 -0.641058
v 0.874982 -0.371109 -0.504479
v 0.871758 -0.378381 -0.608990
v 0.893317 -0.432782 -0.574309
v 0.956540 0.181156 -0.638268
v 1.025585 0.148407 -0.567340
v 1.055545 0.164445 -0.655748
v 1.161494 0.142440 -0.718980
v 0.986541 0.125635 -0.497244
v 1.284291 0.145695 -0.727392
v 1.320170 0.111697 -0.685262
v 1.330442 0.136098 -0.575477
v 1.224206 0.160237 -0.627997
v 1.271739 -0.294555 -0.709777
v 1.235122 -0.368237 -0.856061
v 1.179445 0.151187 -0.981951
v 1.225079 0.120192 -0.953505
v 1.138121 0.154792 -0.833556
v 1.219236 0.154988 -0.854103
v 1.247312 -0.260879 -0.905556
v 1.263291 -0.193103 -0.915298
v 1.303418 -0.117091 -0.799030
v 1.287687 -0.001210 -0.841053
v 1.240784 -0.055208 -1.010286
v 1.211233 -0.093696 -1.078822
v 1.134569 0.136756 -0.521481
v 1.319771 -0.184308 -0.686787
v 1.259060 0.139743 -0.837332
v 1.187537 -0.216884 -1.102033
v 1.277802 0.097712 -0.839213
v 0.892678 -0.156692 -0.310916
v 0.886498 -0.157281 -0.347138
v 0.876141 -0.157407 -0.427401
v 0.869216 -0.156968 -0.469047
v 0.861379 -0.156395 -0.502045
v 0.854029 -0.155782 -0.524957
v 0.845166 -0.154681 -0.547276
v 0.830817 -0.153552 -0.566296
v 0.805939 -0.152021 -0.564057
v 0.805945 -0.151987 -0.564045
v 0.805609 -0.178121 -0.571155
v 0.807959 -0.212429 -0.581138
v 0.813464 -0.257173 -0.596423
v 0.816756 -0.282780 -0.603995
v 0.820343 -0.308845 -0.613717
v 0.825931 -0.331633 -0.622086
v 0.832677 -0.354227 -0.632502
v 0.840917 -0.375164 -0.644462
v 0.852317 -0.392191 -0.654812
v 0.862207 -0.408996 -0.667667
v 0.876799 -0.428424 -0.685641
v 0.894273 -0.451574 -0.708542
v 0.904421 -0.463665 -0.722900
v 0.926435 -0.484528 -0.755379
v 0.938069 -0.491793 -0.774218
v 0.949504 -0.496552 -0.792580
v 0.960536 -0.500214 -0.812132
v 0.971066 -0.501243 -0.831415
v 0.981518 -0.501232 -0.851877
v 0.998334 -0.497619 -0.889880
v 1.007144 -0.492569 -0.911863
v 1.014635 -0.486769 -0.932042
v 1.021271 -0.479977 -0.951289
v 1.027588 -0.471879 -0.970531
v 1.033566 -0.463008 -0.989205
v 1.040217 -0.450835 -1.012092
v 1.059617 -0.411470 -1.076975
v 1.077620 -0.378213 -1.124676
v 1.085041 -0.362519 -1.143136
v 1.088995 -0.352614 -1.152841
v 1.094093 -0.337481 -1.165412
v 1.099748 -0.304380 -1.189778
v 1.102893 -0.276131 -1.208287
v 1.104292 -0.256466 -1.219293
v 1.104977 -0.236370 -1.228966
v 1.105665 -0.215591 -1.237281
v 1.105071 -0.182012 -1.246587
v 1.104322 -0.145222 -1.253301
v 1.101371 -0.103234 -1.256005
v 1.101372 -0.103234 -1.256004
v 1.101310 -0.068950 -1.251900
v 1.099598 -0.026274 -1.243273
v 1.097711 0.002774 -1.234406
v 1.095838 0.022809 -1.226729
v 1.093513 0.041535 -1.218143
v 1.089669 0.067574 -1.204401
v 1.084542 0.094114 -1.187236
v 1.073700 0.139299 -1.150605
v 1.067180 0.152708 -1.133620
v 1.060341 0.164376 -1.115831
v 1.053234 0.174787 -1.096770
v 1.046069 0.183236 -1.077119
v 1.035498 0.193004 -1.047632
v 1.020220 0.204631 -1.003200
v 1.005675 0.214268 -0.957493
v 0.990765 0.221579 -0.911011
v 0.979692 0.224327 -0.879540
v 0.971109 0.224959 -0.856915
v 0.961829 0.224115 -0.834272
v 0.951725 0.222276 -0.811105
v 0.938227 0.213580 -0.783511
v 0.918139 0.198251 -0.746761
v 0.907302 0.187600 -0.725953
v 0.896283 0.174869 -0.705963
v 0.885355 0.161080 -0.686122
v 0.874899 0.143980 -0.668761
v 0.866295 0.121533 -0.656365
v 0.856806 0.098310 -0.646501
v 0.845891 0.065899 -0.633412
v 0.830411 0.011505 -0.611535
v 0.821949 -0.027682 -0.597414
v 0.812941 -0.070109 -0.581810
v 0.809347 -0.097377 -0.574156
v 0.807491 -0.123294 -0.567854
v 0.805934 -0.151990 -0.564045
v 0.805950 -0.151988 -0.564043
v 0.830834 -0.153468 -0.566259
v 0.845181 -0.154597 -0.547232
v 0.854060 -0.155670 -0.524891
v 0.861347 -0.156286 -0.502168
v 0.869245 -0.157073 -0.468874
v 0.876087 -0.157545 -0.427789
v 0.886535 -0.157330 -0.346885
v 0.892704 -0.156311 -0.310927
v 0.892385 -0.156356 -0.310859
v 0.915079 -0.153187 -0.213145
v 0.914916 -0.153385 -0.213149
v 0.922064 -0.126641 -0.209588
v 0.929550 -0.102647 -0.206636
v 0.938182 -0.078146 -0.204017
v 0.947960 -0.053788 -0.202017
v 0.958702 -0.030531 -0.200723
v 0.970858 -0.007064 -0.200344
v 0.983442 0.015091 -0.200998
v 0.997935 0.037065 -0.202369
v 1.013507 0.057636 -0.205240
v 1.031929 0.074348 -0.209617
v 1.051794 0.089740 -0.215197
v 1.075051 0.100887 -0.220509
v 1.097835 0.109688 -0.226644
v 1.121705 0.116977 -0.233692
v 1.171671 0.127424 -0.249804
v 1.225641 0.135104 -0.268004
v 1.251937 0.138454 -0.276537
v 1.286130 0.141564 -0.287540
v 1.311749 0.143243 -0.295399
v 1.332328 0.143631 -0.301332
v 1.354973 0.142655 -0.307913
v 1.378544 0.139871 -0.314170
v 1.398781 0.129242 -0.319458
v 1.414415 0.111991 -0.323414
v 1.423984 0.090291 -0.325440
v 1.427651 0.066717 -0.325614
v 1.428487 0.042992 -0.324608
v 1.427619 0.017763 -0.322770
v 1.425893 -0.006044 -0.320572
v 1.419232 -0.058300 -0.314255
v 1.412038 -0.108243 -0.306681
v 1.403628 -0.158219 -0.298264
v 1.396250 -0.193736 -0.291613
v 1.389999 -0.217961 -0.286662
v 1.382964 -0.239192 -0.281862
v 1.373553 -0.262436 -0.276128
v 1.362759 -0.283049 -0.270358
v 1.350211 -0.303471 -0.264081
v 1.335937 -0.323259 -0.257410
v 1.319534 -0.340755 -0.250428
v 1.301326 -0.356575 -0.243386
v 1.282216 -0.370438 -0.236585
v 1.261309 -0.382177 -0.229621
v 1.238454 -0.392385 -0.222534
v 1.215914 -0.400443 -0.215975
v 1.192584 -0.407271 -0.209519
v 1.167963 -0.412495 -0.203199
v 1.143544 -0.415596 -0.197437
v 1.119854 -0.416410 -0.192152
v 1.094754 -0.414568 -0.187024
v 1.070554 -0.409596 -0.182855
v 1.046869 -0.401880 -0.179663
v 1.024581 -0.390921 -0.177071
v 1.003366 -0.377565 -0.175416
v 0.983046 -0.361663 -0.174665
v 0.965182 -0.343858 -0.174860
v 0.951451 -0.323298 -0.176545
v 0.939667 -0.300528 -0.179389
v 0.930947 -0.276932 -0.183512
v 0.924134 -0.252627 -0.188468
v 0.919160 -0.228519 -0.193945
v 0.915461 -0.203493 -0.200130
v 0.913151 -0.178888 -0.206867
v 0.914966 -0.153163 -0.213138
v 0.915006 -0.153190 -0.213125
v 0.895878 -0.156107 -0.295391
v 0.892701 -0.156306 -0.310931
v 1.150173 0.123268 -0.242656
v 1.078611 0.119346 -1.168009
v -0.897359 -0.154799 -0.328548
v -0.860621 -0.152507 -0.532029
v -0.811443 -0.149167 -0.554433
v -0.817482 -0.082410 -0.569836
v -0.848986 0.048788 -0.626726
v -0.889405 0.154278 -0.677553
v -0.964149 0.226539 -0.820703
v -1.033264 0.203917 -1.026588
v -1.074075 0.139998 -1.153980
v -1.098711 0.020491 -1.240943
v -1.103281 -0.093529 -1.270460
v -1.105848 -0.185537 -1.264189
v -1.078033 -0.387363 -1.159557
v -1.027110 -0.485409 -1.010245
v -0.993347 -0.548099 -0.888069
v -0.969068 -0.550233 -0.835356
v -0.935059 -0.497376 -0.753202
v -0.912492 -0.454957 -0.710823
v -0.849741 -0.372785 -0.639410
v -0.823193 -0.287404 -0.602643
v -0.810229 -0.194107 -0.565035
v -0.812069 -0.149782 -0.554180
v -0.861105 -0.152467 -0.533718
v -0.896077 -0.155131 -0.348784
v -0.924022 -0.151969 -0.206587
v -0.959394 -0.330990 -0.174084
v -1.083115 -0.414805 -0.191222
v -1.283116 -0.377488 -0.252588
v -1.354520 -0.308798 -0.282469
v -1.409163 -0.201886 -0.311579
v -1.458810 -0.031207 -0.341667
v -1.376161 0.111377 -0.318323
v -1.129226 0.117343 -0.229811
v -1.025393 0.060945 -0.201610
v -0.964164 -0.032355 -0.196209
v -0.924261 -0.151997 -0.206679
v -0.896275 -0.258264 -0.309728
v -1.016799 -0.385070 -0.178342
v -0.982304 -0.422567 -0.369767
v -1.153337 -0.418967 -0.210034
v -1.213069 -0.413444 -0.355446
v -1.358629 -0.257424 -0.422517
v -1.432655 0.056014 -0.446185
v -1.068007 0.119298 -0.321109
v -0.930399 -0.036417 -0.304637
v -0.917964 -0.423223 -0.470590
v -1.195315 -0.134667 -1.124419
v -0.923155 -0.204588 -0.193173
v -0.850435 -0.231915 -0.568183
v -1.106039 -0.280250 -1.236049
v -0.858487 -0.363751 -0.631957
v -0.874033 -0.354583 -0.590114
v -1.147687 0.012812 -1.182943
v -0.848438 -0.107995 -0.554027
v -0.885888 -0.409095 -0.541948
v -1.467616 0.058684 -0.347339
v -1.177909 0.120040 -0.339980
v -1.051008 0.177752 -0.678577
v -0.912698 -0.334756 -0.321842
v -1.146044 0.109178 -1.111592
v -0.977815 0.203520 -0.726925
v -0.858739 -0.005910 -0.587680
v -1.109915 -0.340576 -1.180830
v -1.091799 0.183780 -1.000779
v -1.403836 0.091957 -0.445956
v -0.994333 0.100682 -0.427353
v -0.937663 0.024442 -0.371169
v -0.884189 -0.062158 -0.494056
v -0.968295 -0.538937 -0.730842
v -0.996984 -0.543497 -0.784484
v -1.239812 0.076529 -0.988258
v -0.896450 0.052027 -0.563838
v -1.411737 0.002483 -0.508429
v -1.109850 -0.440169 -1.032760
v -0.920042 -0.484590 -0.618336
v -1.126299 0.135541 -0.403601
v -0.923325 0.138396 -0.626098
v -1.253399 -0.388555 -0.457130
v -1.383935 0.068900 -0.590418
v -0.945495 -0.394105 -0.346604
v -0.956205 -0.525705 -0.689633
v -1.084870 -0.489419 -0.827028
v -1.334305 0.103493 -0.577639
v -1.115436 -0.447259 -0.423659
v -1.107940 -0.474266 -0.917727
v -1.023039 -0.494017 -0.678567
v -1.188657 0.121257 -0.950322
v -1.125802 0.184500 -0.865593
v -1.072170 0.194203 -0.803131
v -1.337120 -0.233887 -0.547801
v -1.216027 -0.048265 -1.086856
v -1.305334 0.059676 -0.850238
v -1.247362 -0.137688 -1.013043
v -1.314101 0.082471 -0.793796
v -1.209482 -0.267148 -1.008610
v -1.366261 0.061203 -0.669281
v -1.289268 -0.210567 -0.837467
v -1.241600 -0.310305 -0.851822
v -1.178132 -0.394733 -0.876696
v -1.291496 -0.332080 -0.565512
v -1.164994 -0.430631 -0.757344
v -1.164031 -0.441933 -0.563371
v -1.108289 -0.465558 -0.590350
v -0.867270 -0.327236 -0.511769
v -1.026351 -0.462792 -0.508151
v -0.965545 -0.463308 -0.537904
v -1.209664 0.121200 -0.719259
v -0.960036 0.172837 -0.625728
v -1.030065 0.144737 -0.514658
v -1.091594 0.161464 -0.520925
v -1.121722 0.175654 -0.625052
v -1.201202 0.122926 -0.552275
v -1.140542 0.175958 -0.718931
v -1.256572 0.111500 -0.634679
v -0.929784 0.126844 -0.546708
v -0.901959 0.002168 -0.412154
v -1.331409 -0.055953 -0.736729
v -1.319897 0.092284 -0.728448
v -1.284415 -0.122736 -0.902278
v -0.899156 -0.154594 -0.318008
v -0.877780 -0.154332 -0.473719
v -0.850319 -0.151014 -0.549482
v -0.811504 -0.149209 -0.552693
v -0.816017 -0.093178 -0.564801
v -0.844068 0.042334 -0.618428
v -0.889217 0.152066 -0.676864
v -0.911189 0.178436 -0.720610
v -0.962980 0.225329 -0.818592
v -1.034097 0.203040 -1.029260
v -1.065890 0.156406 -1.128504
v -1.086035 0.097428 -1.193037
v -1.099762 -0.009523 -1.251308
v -1.099974 -0.098037 -1.267769
v -1.105610 -0.177964 -1.264940
v -1.105988 -0.264414 -1.242048
v -1.077914 -0.386766 -1.159583
v -1.026783 -0.485988 -1.009169
v -0.988680 -0.552416 -0.874585
v -0.939941 -0.508512 -0.767364
v -0.914568 -0.458120 -0.713406
v -0.850028 -0.373197 -0.640026
v -0.822975 -0.286842 -0.602963
v -0.810078 -0.194046 -0.565495
v -0.811966 -0.149608 -0.554706
v -0.862932 -0.152594 -0.532307
v -0.895925 -0.155056 -0.344647
v -0.924495 -0.152031 -0.206710
v -0.946355 -0.298673 -0.177071
v -0.968445 -0.341453 -0.174802
v -1.137485 -0.420788 -0.205335
v -1.282853 -0.377067 -0.252581
v -1.358817 -0.303701 -0.284348
v -1.404142 -0.214636 -0.308667
v -1.448574 0.078767 -0.341601
v -1.138104 0.119259 -0.232981
v -1.025702 0.060568 -0.201717
v -0.964636 -0.032463 -0.196329
v -0.925268 -0.152199 -0.206942
v -0.898360 -0.231923 -0.302931
v -1.022246 -0.388665 -0.179143
v -1.085340 -0.436474 -0.326116
v -1.191610 -0.425660 -0.449029
v -1.367934 -0.234836 -0.415006
v -1.437460 0.037229 -0.442928
v -1.419645 0.074613 -0.445352
v -1.366629 0.111207 -0.314729
v -1.186805 0.119103 -0.343474
v -1.084577 0.120317 -0.316412
v -0.930885 -0.036598 -0.304640
v -0.918256 -0.422848 -0.470747
v -0.923628 -0.204572 -0.193307
v -0.850871 -0.231766 -0.568418
v -0.858755 -0.363435 -0.632275
v -0.874512 -0.354455 -0.590218
v -1.150277 0.089473 -1.128877
v -1.028279 0.131932 -0.469274
v -0.903246 -0.017484 -0.390203
v -1.202250 0.114529 -0.925658
v -0.886346 -0.408905 -0.541993
v -1.468403 0.048236 -0.347356
v -1.458631 -0.030189 -0.341665
v -1.065218 0.192402 -0.782127
v -0.909891 0.098083 -0.589470
v -0.907518 -0.344493 -0.357239
v -1.020089 -0.434518 -0.364590
v -0.850291 -0.085897 -0.561872
v -1.166577 -0.027317 -1.171870
v -1.391913 0.095901 -0.442703
v -1.049390 0.113433 -0.345480
v -0.869345 0.055643 -0.613759
v -0.956654 0.049158 -0.377769
v -0.965038 -0.547576 -0.828019
v -0.998402 -0.540532 -0.781031
v -1.108217 0.154479 -1.068254
v -0.887340 -0.027903 -0.511171
v -1.378234 -0.028064 -0.589471
v -1.094045 -0.441388 -1.048438
v -0.920390 -0.484210 -0.618338
v -0.961826 -0.531593 -0.705936
v -1.123488 0.137764 -0.415719
v -1.105485 -0.477800 -0.904802
v -1.125934 0.184329 -0.876961
v -1.257648 -0.386339 -0.431109
v -1.402062 0.048910 -0.550932
v -0.945852 -0.393744 -0.346642
v -1.246806 0.091009 -0.927129
v -1.370391 0.062285 -0.651382
v -1.328719 0.104253 -0.584070
v -1.145448 -0.438564 -0.396147
v -1.217497 0.116252 -0.677316
v -1.295349 -0.324514 -0.555936
v -1.141513 -0.453615 -0.739782
v -1.336174 -0.224763 -0.566129
v -1.206985 -0.089222 -1.107979
v -1.234818 0.077304 -0.994353
v -1.066518 -0.491810 -0.760061
v -1.292527 -0.265587 -0.727574
v -1.241908 -0.140766 -1.025066
v -1.322387 -0.044975 -0.777024
v -1.252164 -0.247930 -0.918265
v -1.290455 -0.163725 -0.868284
v -1.231218 -0.330782 -0.840458
v -1.175912 -0.393038 -0.890381
v -1.118951 -0.435257 -1.015145
v -1.167635 -0.325331 -1.039829
v -1.110135 -0.339329 -1.181209
v -0.871625 -0.349258 -0.513674
v -0.900656 -0.289751 -0.315296
v -1.011698 -0.485073 -0.631062
v -0.965548 -0.462835 -0.538065
v -1.124953 0.180302 -0.681511
v -1.251541 -0.377509 -0.569520
v -0.972451 0.195945 -0.689683
v -1.014707 0.159704 -0.588442
v -1.114174 0.165143 -0.538325
v -1.186521 0.126109 -0.520274
v -0.933357 0.134642 -0.558988
v -0.909473 0.050717 -0.454834
v -1.294842 0.056371 -0.879040
v -1.325605 0.040296 -0.792928
v -1.292446 0.095835 -0.795626
v -1.331009 0.082777 -0.739726
v -0.902551 -0.154255 -0.304195
v -0.895382 -0.154574 -0.343990
v -0.885956 -0.154727 -0.419202
v -0.878986 -0.154439 -0.462810
v -0.871231 -0.153782 -0.496049
v -0.864765 -0.152982 -0.518952
v -0.855732 -0.151666 -0.541239
v -0.836076 -0.150250 -0.554688
v -0.811577 -0.148961 -0.552670
v -0.811770 -0.149218 -0.552639
v -0.813718 -0.121296 -0.557265
v -0.815866 -0.093353 -0.564000
v -0.825192 -0.042834 -0.582695
v -0.868538 0.109941 -0.651618
v -0.879363 0.135209 -0.664559
v -0.891033 0.154791 -0.677626
v -0.899206 0.168722 -0.697446
v -0.909560 0.180753 -0.717351
v -0.926127 0.197017 -0.747738
v -0.941768 0.210249 -0.777116
v -0.952574 0.217920 -0.798577
v -0.962241 0.222003 -0.819690
v -0.971293 0.224003 -0.842286
v -0.979824 0.224616 -0.864879
v -0.987899 0.223988 -0.887073
v -0.999592 0.221176 -0.921461
v -1.013361 0.215331 -0.964665
v -1.027032 0.206592 -1.007880
v -1.037268 0.197723 -1.038905
v -1.043770 0.190545 -1.059343
v -1.050175 0.182315 -1.079155
v -1.056364 0.173029 -1.098533
v -1.062196 0.162728 -1.116904
v -1.068185 0.150850 -1.135167
v -1.073430 0.138019 -1.152048
v -1.078411 0.123767 -1.167937
v -1.082483 0.109855 -1.181193
v -1.086012 0.095012 -1.193436
v -1.089206 0.079438 -1.204733
v -1.091951 0.063160 -1.215111
v -1.094393 0.045697 -1.225169
v -1.096185 0.026801 -1.234543
v -1.097783 0.007514 -1.242799
v -1.099046 -0.012548 -1.249743
v -1.099943 -0.033360 -1.255781
v -1.100489 -0.054524 -1.260697
v -1.100615 -0.075801 -1.264660
v -1.100233 -0.098038 -1.267832
v -1.100137 -0.098027 -1.267960
v -1.102111 -0.132929 -1.266919
v -1.103547 -0.179473 -1.262056
v -1.103973 -0.211347 -1.255730
v -1.104022 -0.233370 -1.249544
v -1.103528 -0.254855 -1.242385
v -1.102318 -0.275613 -1.234030
v -1.100722 -0.296070 -1.224553
v -1.097307 -0.314850 -1.213290
v -1.093240 -0.333637 -1.200704
v -1.087197 -0.354516 -1.185119
v -1.082504 -0.370737 -1.171692
v -1.077150 -0.387044 -1.156157
v -1.071106 -0.402606 -1.139529
v -1.064721 -0.415641 -1.122235
v -1.054005 -0.436151 -1.091793
v -1.036554 -0.467451 -1.039996
v -1.022344 -0.495211 -0.992698
v -1.009181 -0.522278 -0.944645
v -1.003856 -0.533062 -0.923798
v -0.997528 -0.542356 -0.901980
v -0.989842 -0.549536 -0.879751
v -0.980095 -0.551958 -0.857305
v -0.969125 -0.548308 -0.836042
v -0.958522 -0.540234 -0.814919
v -0.949087 -0.527143 -0.793307
v -0.927809 -0.483861 -0.739279
v -0.918028 -0.468213 -0.722757
v -0.908427 -0.450920 -0.706504
v -0.895083 -0.436551 -0.690915
v -0.870869 -0.406749 -0.663702
v -0.857742 -0.386782 -0.648443
v -0.848378 -0.367074 -0.636341
v -0.840434 -0.345408 -0.626234
v -0.833081 -0.321271 -0.616522
v -0.826371 -0.298431 -0.606349
v -0.821163 -0.273416 -0.594284
v -0.816614 -0.242667 -0.582215
v -0.810214 -0.177552 -0.559168
v -0.811394 -0.149198 -0.552584
v -0.811574 -0.149283 -0.552649
v -0.836119 -0.150434 -0.554648
v -0.855740 -0.151691 -0.541222
v -0.864753 -0.152883 -0.519003
v -0.871329 -0.153595 -0.495724
v -0.878973 -0.154365 -0.462892
v -0.885967 -0.154733 -0.419115
v -0.895398 -0.154531 -0.343889
v -0.902560 -0.154093 -0.304202
v -0.902314 -0.154196 -0.304148
v -0.924282 -0.151995 -0.206667
v -0.924353 -0.151846 -0.206718
v -0.923047 -0.177998 -0.200112
v -0.924904 -0.203647 -0.194011
v -0.928534 -0.228547 -0.188736
v -0.933840 -0.254438 -0.183923
v -0.940329 -0.278519 -0.180068
v -0.949467 -0.302916 -0.177261
v -0.960781 -0.325123 -0.175795
v -0.975431 -0.346958 -0.175744
v -0.993109 -0.364773 -0.176126
v -1.013236 -0.379951 -0.178481
v -1.034572 -0.393451 -0.181720
v -1.056821 -0.403866 -0.186144
v -1.080393 -0.411050 -0.191304
v -1.104066 -0.416408 -0.196836
v -1.128505 -0.418169 -0.203277
v -1.153027 -0.416932 -0.210315
v -1.176461 -0.413650 -0.217409
v -1.199663 -0.408560 -0.224668
v -1.223088 -0.401706 -0.232245
v -1.245333 -0.393634 -0.239524
v -1.266691 -0.383593 -0.247201
v -1.286713 -0.371661 -0.254597
v -1.305833 -0.357671 -0.262073
v -1.323694 -0.341856 -0.269348
v -1.339911 -0.325001 -0.276186
v -1.354766 -0.306957 -0.282737
v -1.367825 -0.287525 -0.288958
v -1.379640 -0.266922 -0.294932
v -1.390096 -0.245738 -0.300545
v -1.399525 -0.223188 -0.305984
v -1.410755 -0.192773 -0.312814
v -1.431294 -0.126686 -0.325948
v -1.447335 -0.072008 -0.335336
v -1.453343 -0.049142 -0.338807
v -1.465187 0.006487 -0.345154
v -1.467564 0.029661 -0.346605
v -1.465465 0.053761 -0.346507
v -1.452854 0.073871 -0.342782
v -1.433415 0.086064 -0.336863
v -1.412512 0.096350 -0.330101
v -1.391482 0.104093 -0.323130
v -1.368103 0.109939 -0.315200
v -1.346427 0.113042 -0.307714
v -1.315450 0.115628 -0.296864
v -1.245372 0.117915 -0.271720
v -1.133808 0.114384 -0.231956
v -1.109661 0.111108 -0.223959
v -1.085418 0.101685 -0.216984
v -1.064172 0.090757 -0.210944
v -1.044321 0.076507 -0.206037
v -1.024422 0.059966 -0.201724
v -1.008551 0.039731 -0.199201
v -0.994008 0.018015 -0.197448
v -0.980835 -0.004907 -0.196762
v -0.969018 -0.028102 -0.197064
v -0.957790 -0.052207 -0.198178
v -0.947626 -0.076910 -0.199867
v -0.938704 -0.100921 -0.201971
v -0.930415 -0.127018 -0.204210
v -0.924301 -0.152070 -0.206705
v -0.924258 -0.152099 -0.206656
v -0.902321 -0.154223 -0.304145
v -0.811986 -0.206101 -0.568985
v -0.937545 -0.503083 -0.760732
v -0.837509 0.013073 -0.606050
v -0.842588 0.033204 -0.616018
v -1.460220 -0.020476 -0.342494
v -1.181446 0.117459 -0.248505
v -0.848608 0.052005 -0.625540
v -1.099403 -0.310428 -1.218022
v -1.105341 -0.228712 -1.253257
v -1.101794 -0.097114 -1.270839
v -0.953336 -0.094401 -1.395424
v -0.547503 -0.133055 -1.568133
v -0.421224 -0.140784 -1.620872
v -0.407285 -0.191860 -1.627831
v -0.375081 -0.246236 -1.625296
v -0.326982 -0.292210 -1.614599
v -0.268121 -0.321529 -1.604246
v -0.201758 -0.335401 -1.596265
v 0.264801 -0.320827 -1.602344
v 0.322629 -0.295130 -1.611227
v 0.363036 -0.262875 -1.618301
v 0.400989 -0.213737 -1.623808
v 0.424777 -0.144983 -1.616023
v 0.529477 -0.142600 -1.568434
v 0.709248 -0.128349 -1.494971
v 0.864455 -0.112562 -1.434090
v 0.990484 -0.105485 -1.366191
v 1.106819 -0.184290 -1.249008
v 1.102882 -0.265138 -1.214320
v 1.080470 -0.372976 -1.132374
v 1.049159 -0.434351 -1.042089
v 0.991777 -0.500141 -0.873609
v 0.929534 -0.486060 -0.760626
v 0.881074 -0.435256 -0.690478
v 0.832117 -0.360222 -0.634086
v 0.812672 -0.270149 -0.600226
v 0.806685 -0.152077 -0.563258
v 0.791869 -0.146740 -0.526288
v 0.799543 -0.136565 -0.339006
v 0.813620 -0.136725 -0.070168
v 0.777325 -0.131968 0.341096
v 0.782488 -0.128213 0.445914
v 0.847981 -0.102010 1.505448
v 0.861856 -0.104627 1.646668
v 0.752748 -0.430000 1.648100
v 0.667431 -0.582012 1.644730
v 0.608564 -0.648775 1.642267
v 0.548731 -0.697234 1.639935
v 0.464744 -0.742611 1.637256
v 0.256181 -0.783303 1.633514
v -0.117957 -0.767597 1.633799
v -0.341564 -0.753099 1.638311
v -0.452011 -0.725267 1.642365
v -0.581208 -0.652992 1.649257
v -0.699025 -0.517931 1.657845
v -0.826970 -0.245906 1.660296
v -0.869261 -0.111022 1.658657
v -0.853468 -0.102584 1.533234
v -0.837688 -0.105223 1.311026
v -0.797035 -0.113078 0.891302
v -0.781466 -0.117885 0.419091
v -0.781553 -0.117774 0.204855
v -0.781048 -0.119307 0.111749
v -0.785806 -0.121982 -0.118677
v -0.797118 -0.143359 -0.508158
v -0.815709 -0.149590 -0.550017
v -0.812223 -0.229687 -0.571446
v -0.824412 -0.287846 -0.606111
v -0.847012 -0.378413 -0.649388
v -0.873328 -0.409810 -0.665340
v -0.906521 -0.450558 -0.702941
v -0.940917 -0.506942 -0.766619
v -0.983045 -0.551482 -0.862661
v -1.018315 -0.506319 -0.977026
v -1.040540 -0.460440 -1.052599
v -1.077782 -0.386983 -1.158068
v 0.378561 -0.769091 1.635253
v -0.565415 -0.656981 1.495567
v -0.725212 -0.442924 1.526833
v -0.152831 -0.390390 -1.529673
v -0.851179 -0.406465 -0.642159
v -0.116661 -0.342469 -1.591094
v 0.807300 -0.280149 -0.509449
v -0.820954 -0.289907 -0.525189
v -0.369517 -0.353352 -1.557945
v 0.867783 -0.407258 -0.594757
v 1.105364 -0.101742 -1.259898
v 0.195436 -0.334740 -1.594283
v -0.254092 -0.356292 -1.568071
v 0.886093 -0.534104 -0.793227
v 0.854365 -0.432612 -0.662747
v 0.989502 -0.478755 -0.995400
v 0.039090 -0.343161 -1.587231
v 0.897634 -0.497773 -0.781377
v 0.933919 -0.509085 -0.888004
v -1.011992 -0.164733 -1.346988
v 0.918757 -0.510488 -1.012051
v -0.014676 -0.403628 -1.482009
v 0.834692 -0.165315 1.382540
v -0.598681 -0.616512 1.193407
v -0.837015 -0.140463 1.410472
v -0.866481 -0.544367 -0.755808
v -0.854627 -0.562248 -0.900725
v -0.916354 -0.552863 -1.025587
v -0.968175 -0.403879 -1.210539
v 0.493107 -0.379626 -1.509951
v 0.895421 -0.542928 -0.907284
v 0.743914 -0.177756 -1.479145
v -0.879829 -0.519568 -0.790000
v -0.933258 -0.556400 -0.954334
v -0.872434 -0.479478 -0.632364
v 0.811926 -0.176830 -0.239861
v 0.576222 -0.314465 -1.522405
v 0.186052 -0.407349 -1.508839
v -0.078684 -0.511056 -1.295374
v 0.834842 -0.109186 1.222838
v -0.830870 -0.197605 1.558630
v -0.808522 -0.247799 1.465531
v -0.791851 -0.131254 -0.327794
v -0.889024 -0.473416 -0.728630
v -0.845285 -0.101539 -1.448752
v 0.889161 -0.546238 -0.724567
v 0.773436 -0.227080 0.306055
v -0.920964 -0.514547 -0.818720
v 0.823822 -0.211420 -0.117541
v 0.923220 -0.188480 -1.393138
v 0.936033 -0.245186 -1.357933
v 0.530938 -0.218911 -1.573090
v 0.958118 -0.420431 -1.158238
v 0.799444 -0.184076 0.130046
v -0.444902 -0.730600 1.542566
v -0.802441 -0.216958 0.925392
v -0.864751 -0.462248 -0.676189
v -0.832737 -0.402695 -0.530608
v -0.887835 -0.167540 -1.422822
v -0.557496 -0.263538 -1.554008
v 0.865970 -0.596809 -0.840007
v -0.875892 -0.553829 -0.948851
v -0.867348 -0.537101 -0.681058
v 0.917518 -0.332450 -1.305347
v 0.689363 -0.558153 1.474489
v -0.815248 -0.203522 1.126608
v 0.783938 -0.594035 -0.727786
v 0.879446 -0.577915 -0.772659
v 0.578296 -0.681760 1.349497
v -0.297374 -0.763780 1.500259
v -0.803514 -0.297044 1.187363
v 0.745799 -0.260782 -1.455722
v 0.742070 -0.439803 -0.262278
v 0.796268 -0.255432 -0.245005
v -0.698765 -0.271949 -1.485361
v -0.937255 -0.241573 -1.371388
v 1.095224 -0.324510 -1.172231
v -0.638399 -0.582513 1.491845
v -0.752934 -0.262444 -0.145572
v 0.806570 -0.362242 -0.104396
v -0.782009 -0.182435 0.520952
v 0.822233 -0.289814 -0.111436
v -0.758145 -0.187770 -0.072348
v -0.727956 -0.397731 0.264268
v -0.679864 -0.524903 1.489279
v -0.850626 -0.573564 -0.730507
v 0.809768 -0.230232 0.930747
v 0.796122 -0.275651 -0.430698
v -0.650861 -0.568725 1.222871
v -0.769927 -0.393367 1.196655
v -0.757110 -0.448049 0.908939
v -0.793031 -0.316796 0.791216
v -0.399334 -0.475327 -1.435590
v -0.562959 -0.503841 -1.349522
v -0.458727 -0.427204 -1.479445
v 0.836928 -0.596001 -0.957890
v 0.809941 -0.580029 -1.036803
v 0.882617 -0.501742 -0.642167
v 0.437218 -0.445677 -1.465413
v 0.784200 -0.372677 -0.385882
v -0.022215 -0.487958 -1.356337
v -0.167001 -0.456509 -1.443371
v -0.782548 -0.192685 -0.275018
v 0.813481 -0.392932 -0.510830
v 0.802714 -0.304666 1.100841
v 0.798809 -0.298119 1.496726
v 0.110395 -0.781101 1.332708
v 0.273149 -0.779348 1.242115
v 0.392502 -0.764162 1.324152
v 0.493215 -0.731613 1.302890
v 0.358732 -0.768337 0.789914
v 0.737704 -0.468607 1.386685
v 0.729323 -0.521171 0.869771
v -0.748161 -0.279515 0.290385
v -0.685590 -0.332221 0.089519
v -0.773327 -0.414005 0.709154
v -0.736744 -0.491409 0.791564
v -0.696382 -0.541314 0.781062
v -0.770544 -0.385080 0.567703
v -0.740537 -0.495880 0.517175
v -0.857822 -0.534121 -1.131678
v -0.790841 -0.413291 -1.337000
v -0.860200 -0.317945 -1.374350
v 0.188140 -0.777770 1.066083
v -0.366048 -0.740219 1.172890
v -0.236930 -0.753401 1.205938
v 0.786085 -0.301794 0.106716
v 0.743912 -0.509642 0.058548
v 0.727773 -0.575245 0.152206
v -0.767384 -0.615277 -0.999004
v -0.842355 -0.594220 -0.800565
v 0.764518 -0.440350 0.880808
v -0.516313 -0.370846 -1.511456
v -0.641112 -0.352952 -1.471658
v -0.651495 -0.436866 -1.390302
v -0.804917 -0.357623 -0.438884
v -0.788783 -0.482830 -0.514191
v -0.723574 -0.466328 -0.307948
v -0.780159 -0.405098 -0.389621
v -0.676940 -0.545369 -0.393070
v -0.786234 -0.532289 -0.586300
v -0.671473 -0.537027 -0.299252
v -0.665833 -0.577370 -0.478076
v -0.618796 -0.610028 -0.438039
v -0.588066 -0.658855 -0.673850
v -0.484566 -0.702125 -0.613038
v -0.561572 -0.665275 -0.562910
v -0.782167 -0.574363 -0.675959
v -0.535048 -0.695180 -0.506571
v -0.601334 -0.662168 -0.346549
v 0.830483 -0.479438 -0.573255
v 0.787595 -0.465672 -0.483825
v 0.787347 -0.537334 -0.576551
v 0.740135 -0.469270 -0.371100
v 0.072961 -0.478726 -1.361803
v 0.733136 -0.455332 -0.299605
v 0.775760 -0.447928 -0.187186
v 0.694528 -0.549951 -0.373134
v -0.345997 -0.531090 -1.344272
v -0.197434 -0.525306 -1.296727
v 0.420903 -0.758941 0.984361
v 0.516488 -0.728845 0.818548
v 0.103928 -0.767597 1.007691
v 0.629467 -0.642657 1.147232
v 0.688206 -0.574853 1.068089
v -0.777124 -0.484056 -1.265594
v -0.638494 -0.618153 -1.056136
v -0.667978 -0.590917 -1.152937
v 0.808634 -0.594847 -0.794698
v 0.746008 -0.602086 -0.978101
v 0.647518 -0.617672 -1.014027
v 0.731462 -0.614383 -0.837433
v 0.669681 -0.577780 -1.147163
v 0.806528 -0.442913 -1.267125
v 0.762164 -0.383386 -1.366053
v 0.749236 -0.446725 0.279602
v 0.699985 -0.619991 0.242672
v 0.731866 -0.582428 -0.079919
v -0.752486 -0.601863 -0.752907
v -0.648166 -0.498925 -0.108814
v -0.720142 -0.437534 -0.188322
v -0.640100 -0.572403 -0.222757
v -0.705626 -0.622098 -0.886062
v -0.520812 -0.694825 -0.616067
v -0.388693 -0.674644 -0.562492
v 0.122955 -0.517573 -1.293242
v 0.079731 -0.535037 -1.216423
v 0.361442 -0.554755 -1.295649
v 0.336935 -0.592040 -1.190794
v 0.300296 -0.500522 -1.394803
v 0.572991 -0.693284 1.056740
v -0.534157 -0.665546 1.184854
v -0.718674 -0.527006 0.317704
v -0.776644 -0.561314 -1.119189
v 0.829745 -0.564207 -0.674764
v 0.622854 -0.664306 -0.651863
v -0.739128 -0.365607 -0.164227
v 0.623254 -0.683566 0.261320
v 0.737488 -0.582538 -0.208276
v 0.676997 -0.662061 -0.088099
v 0.710333 -0.632367 -0.131118
v 0.678300 -0.671475 -0.303435
v 0.625617 -0.694284 -0.279414
v 0.712235 -0.613811 -0.314221
v 0.618818 -0.706283 -0.480567
v -0.807724 -0.612492 -0.896526
v -0.825855 -0.574173 -1.001221
v -0.607113 -0.640859 -0.219657
v -0.573821 -0.670568 -0.197742
v -0.567038 -0.685405 -0.335721
v -0.621467 -0.636714 -0.096074
v -0.586944 -0.641680 -0.052778
v 0.626197 -0.375894 -1.456369
v 0.580021 -0.488798 -1.351466
v 0.662612 -0.606548 -0.489434
v 0.470710 -0.638718 -1.085105
v 0.460133 -0.542471 -1.310783
v 0.659242 -0.538210 -1.231267
v -0.450519 -0.546332 -1.309180
v -0.330310 -0.607884 -1.139452
v -0.445888 -0.622160 -1.128175
v -0.511876 -0.662003 -0.970052
v 0.641870 -0.657777 0.564148
v 0.698185 -0.598648 0.547018
v -0.702083 -0.318674 -0.018990
v 0.689408 -0.589926 -0.529431
v 0.633230 -0.656379 -0.710430
v 0.687209 -0.645531 0.098236
v 0.757379 -0.454996 0.480566
v 0.499633 -0.726793 -0.046579
v 0.456344 -0.713090 -0.570049
v 0.544719 -0.718723 -0.688440
v 0.615507 -0.684727 -0.599137
v 0.571853 -0.692176 -0.795618
v -0.526549 -0.691803 -0.391330
v -0.494762 -0.646125 -0.116093
v -0.453405 -0.659182 -0.299518
v 0.656380 -0.679879 -0.438027
v 0.591451 -0.714715 -0.580760
v -0.392302 -0.658611 -0.992297
v -0.228486 -0.597579 -1.092670
v -0.182936 -0.643227 -0.840473
v -0.428410 -0.688257 -0.843030
v 0.581691 -0.693349 0.781157
v -0.688341 -0.569310 0.246249
v -0.698674 -0.556850 0.454806
v -0.616291 -0.602739 0.755282
v -0.487314 -0.670641 0.617147
v -0.432799 -0.722817 1.220275
v 0.540873 -0.681037 -0.920461
v -0.648987 -0.605565 -0.005485
v -0.631614 -0.563504 -0.120510
v -0.678404 -0.549630 0.071869
v -0.689626 -0.302932 0.063679
v -0.658152 -0.441419 0.015001
v -0.271116 -0.743563 0.800879
v 0.528853 -0.727115 0.366721
v 0.589100 -0.701194 0.030098
v -0.258311 -0.674580 -0.631111
v -0.315225 -0.671314 -0.739249
v -0.130698 -0.661901 -0.667851
v -0.033454 -0.588868 -0.832119
v -0.389410 -0.665354 -0.292505
v 0.055611 -0.581703 -0.903306
v -0.095579 -0.551652 -1.106902
v -0.493456 -0.693552 -0.759722
v 0.248383 -0.752206 0.513983
v 0.038706 -0.728308 0.638888
v -0.172141 -0.744111 0.956077
v -0.653599 -0.587542 0.272672
v -0.483772 -0.695485 1.113556
v -0.426626 -0.713748 0.900782
v 0.366573 -0.747952 0.126537
v 0.426817 -0.753225 0.376539
v 0.730600 -0.548826 0.463976
v 0.456120 -0.750461 0.635856
v 0.535416 -0.712522 -0.327906
v 0.293040 -0.697218 -0.582684
v 0.373423 -0.722157 -0.392730
v 0.271470 -0.708244 -0.317506
v 0.018957 -0.599982 -0.681307
v 0.014025 -0.568274 -0.940996
v 0.141489 -0.642383 -0.554573
v 0.309172 -0.639602 -1.018469
v -0.701740 -0.540290 0.177932
v -0.631799 -0.619994 0.031294
v -0.510096 -0.634623 0.272449
v -0.523364 -0.626884 0.138009
v -0.645659 -0.588868 0.461811
v -0.321450 -0.736476 0.679637
v -0.227728 -0.740000 0.540113
v 0.421597 -0.671744 -0.955969
v 0.273457 -0.662804 -0.851529
v 0.492429 -0.699156 -0.842008
v 0.140577 -0.673116 -0.178929
v 0.027367 -0.629757 -0.501118
v 0.076516 -0.631817 -0.498677
v -0.127973 -0.684664 -0.480658
v -0.306649 -0.676014 -0.509817
v -0.378656 -0.675224 -0.124670
v 0.063447 -0.701459 0.253557
v -0.028268 -0.715989 0.445717
v -0.179113 -0.729479 0.127706
v -0.389736 -0.702602 0.404520
v 0.324501 -0.728117 -0.186814
v 0.437120 -0.736522 -0.074975
v -0.328050 -0.717040 0.277765
v 0.044512 -0.684889 0.016964
v 0.271593 -0.736618 0.176335
v 0.079628 -0.663221 -0.233731
v -0.005199 -0.672258 -0.273111
v 0.326181 -0.762201 0.539953
v 0.137797 -0.703846 0.195116
v 0.016260 -0.682674 -0.086579
v -0.186288 -0.707430 -0.310219
v -0.115493 -0.710687 -0.129909
v -0.275408 -0.731212 0.327932
v -0.248620 -0.715208 -0.140036
v -1.097734 -0.317054 -1.213104
v -1.104821 -0.192091 -1.262572
v -1.102722 -0.097138 -1.270375
v -0.951486 -0.094403 -1.396123
v -0.545055 -0.133299 -1.568699
v -0.422849 -0.140689 -1.621595
v -0.387591 -0.229917 -1.626936
v -0.348216 -0.274261 -1.619655
v -0.287415 -0.314957 -1.606281
v -0.201378 -0.335287 -1.596098
v 0.192399 -0.335361 -1.594236
v 0.284629 -0.315040 -1.604908
v 0.352751 -0.273204 -1.616576
v 0.395488 -0.221786 -1.622733
v 0.424437 -0.144886 -1.616331
v 0.550623 -0.141683 -1.560732
v 0.863623 -0.112655 -1.433805
v 0.990261 -0.105418 -1.365734
v 1.101594 -0.103465 -1.257757
v 1.074333 -0.382487 -1.117408
v 1.048987 -0.433892 -1.041992
v 0.991653 -0.499660 -0.873358
v 0.929529 -0.485539 -0.760722
v 0.880914 -0.434995 -0.690868
v 0.831188 -0.359662 -0.633730
v 0.812239 -0.270573 -0.600392
v 0.796727 -0.150347 -0.567083
v 0.790289 -0.142281 -0.471185
v 0.807264 -0.135787 -0.267537
v 0.813424 -0.136438 -0.039369
v 0.778882 -0.131845 0.344964
v 0.786001 -0.126564 0.510596
v 0.829083 -0.111231 1.140079
v 0.847732 -0.101056 1.528628
v 0.851057 -0.103151 1.559539
v 0.861774 -0.104406 1.646447
v 0.782557 -0.354932 1.648466
v 0.711641 -0.512666 1.646598
v 0.648079 -0.605490 1.643886
v 0.457974 -0.744986 1.637048
v 0.352911 -0.773205 1.634779
v -0.175238 -0.764389 1.634368
v -0.404173 -0.740374 1.640308
v -0.550907 -0.673344 1.647429
v -0.699188 -0.516791 1.657903
v -0.824033 -0.251481 1.660410
v -0.868971 -0.110935 1.658695
v -0.852753 -0.102424 1.530977
v -0.801432 -0.111618 0.965031
v -0.785169 -0.121758 -0.116392
v -0.796618 -0.143402 -0.508102
v -0.815227 -0.149582 -0.550189
v -0.811277 -0.231322 -0.572267
v -0.823898 -0.287793 -0.606066
v -0.846883 -0.378662 -0.649609
v -0.873051 -0.409646 -0.665733
v -0.905719 -0.449300 -0.702304
v -0.934258 -0.494575 -0.751256
v -0.961000 -0.542531 -0.819100
v -0.985503 -0.551987 -0.867855
v -1.018734 -0.499939 -0.983168
v -1.069686 -0.406206 -1.136604
v 0.598645 -0.658233 1.641763
v 0.574349 -0.680929 1.504350
v 0.511264 -0.721044 1.429843
v 0.420721 -0.756621 1.449161
v -0.290360 -0.763390 1.523920
v -0.605986 -0.629376 1.651021
v -0.626204 -0.595167 1.464179
v -0.718186 -0.456920 1.499243
v -0.810158 -0.255481 1.573094
v 1.094265 -0.330107 -1.168026
v -0.857153 -0.413390 -0.595436
v -0.850678 -0.406517 -0.642242
v 0.545597 -0.268071 -1.553466
v -0.102997 -0.343269 -1.590628
v 0.806824 -0.280186 -0.509602
v -0.353149 -0.349028 -1.563792
v 0.867228 -0.407240 -0.594772
v 1.053334 -0.102727 -1.307952
v -1.012280 -0.179589 -1.344348
v -0.249077 -0.356429 -1.567477
v 0.853833 -0.432646 -0.662830
v 0.987436 -0.479089 -0.995411
v 0.037638 -0.342937 -1.587092
v 0.897358 -0.497356 -0.781534
v 0.920150 -0.513168 -0.883259
v -0.534938 -0.217069 -1.572847
v 1.024009 -0.291834 -1.254587
v 1.105113 -0.225303 -1.234164
v -0.011578 -0.411989 -1.466509
v 0.761965 -0.403605 1.485051
v -0.640347 -0.578729 1.208443
v 0.412398 -0.188584 -1.623334
v -0.920770 -0.552446 -1.024066
v -0.804553 -0.242352 -0.475352
v -0.963378 -0.408930 -1.206496
v -0.839674 -0.104618 1.343506
v 0.755348 -0.189631 -1.472317
v -0.881489 -0.477887 -0.728138
v -0.885360 -0.524858 -0.826552
v -0.879103 -0.546286 -0.926800
v 0.811429 -0.176824 -0.239877
v 0.419906 -0.447109 -1.465297
v 0.014767 -0.511747 -1.288643
v 0.235413 -0.476226 -1.418448
v 0.761465 -0.314578 0.283408
v -0.391852 -0.746073 1.527133
v -0.792112 -0.290266 1.479397
v -0.791907 -0.132400 -0.349351
v -0.919659 -0.508888 -0.804022
v 0.937377 -0.205005 -1.378895
v -0.844712 -0.101589 -1.448464
v -0.153003 -0.390745 -1.528063
v 0.885598 -0.524444 -0.702849
v 0.887230 -0.537355 -0.804640
v 0.897539 -0.537469 -0.932532
v -0.808400 -0.205178 1.032648
v -0.763973 -0.155629 0.117575
v 0.885533 -0.561095 -0.736313
v 0.813553 -0.247582 1.522880
v 0.793165 -0.216935 0.160431
v 0.242601 -0.782450 1.633386
v -0.472325 -0.716450 1.539528
v -0.784496 -0.117840 0.482330
v -0.815926 -0.236422 1.251047
v -0.761638 -0.192303 0.249809
v -0.780418 -0.117418 0.223843
v -0.742754 -0.291570 -0.122701
v -0.864628 -0.463171 -0.677535
v -0.870998 -0.535368 -0.784717
v -0.819886 -0.398085 -0.503736
v -0.956164 -0.469179 -1.119164
v 0.972657 -0.417227 -1.148624
v -0.199624 -0.766599 1.425269
v -0.867716 -0.537185 -0.683409
v 0.798146 -0.252515 -0.233136
v 0.823850 -0.217741 -0.110336
v 0.608106 -0.313060 -1.506260
v 0.808950 -0.594272 -0.794332
v 0.826919 -0.565348 -0.674828
v -0.778994 -0.227688 0.538539
v -0.871815 -0.490568 -0.640253
v 0.793589 -0.310891 -0.406726
v 0.755868 -0.395980 -0.246911
v -0.883125 -0.194065 -1.419868
v -0.912114 -0.254581 -1.380452
v 0.808351 -0.283148 1.192754
v -0.774301 -0.180545 0.385813
v 0.783236 -0.429364 -0.171644
v 0.775656 -0.338408 -0.298301
v 0.685546 -0.566302 1.360933
v 0.793972 -0.259788 0.730668
v -0.758859 -0.185170 -0.074538
v -0.675163 -0.530624 1.469819
v -0.783825 -0.363580 1.160316
v -0.850346 -0.573152 -0.730607
v -0.739370 -0.461402 1.091963
v -0.372832 -0.465237 -1.446685
v -0.489320 -0.374825 -1.516913
v 0.828721 -0.524009 -1.120095
v 0.898012 -0.508495 -1.055458
v 0.839105 -0.592449 -0.964206
v 0.882171 -0.501585 -0.642367
v 0.479951 -0.360885 -1.526640
v 0.585737 -0.387641 -1.465257
v 0.726547 -0.477582 -0.292659
v -0.116743 -0.457278 -1.428261
v -0.099262 -0.563299 -1.058270
v -0.777116 -0.204868 -0.243987
v 0.813020 -0.392841 -0.510998
v 0.354786 -0.769966 1.189870
v 0.282445 -0.777210 1.103598
v 0.134616 -0.781552 1.347556
v 0.243974 -0.773394 0.910550
v 0.578529 -0.685282 1.154852
v 0.626913 -0.641376 1.267469
v -0.069773 -0.760680 1.154049
v 0.734224 -0.487357 1.170776
v 0.689980 -0.573182 1.035635
v -0.739162 -0.340662 0.305892
v -0.718738 -0.366890 0.223999
v -0.785398 -0.354133 0.703201
v -0.761512 -0.445512 0.769504
v -0.721499 -0.512171 0.788519
v -0.763747 -0.411939 0.539176
v -0.656064 -0.573479 0.856143
v -0.740327 -0.495225 0.516922
v -0.878109 -0.353030 -1.334742
v -0.612219 -0.543160 -1.267287
v 0.869309 -0.593458 -0.829711
v -0.358075 -0.741405 1.191314
v 0.753562 -0.423750 0.126818
v 0.726444 -0.578450 0.138371
v 0.754755 -0.477955 -0.006532
v 0.817406 -0.318334 -0.099604
v 0.689210 -0.642236 0.104466
v -0.843154 -0.563710 -1.007355
v -0.831634 -0.578936 -0.953670
v -0.842048 -0.593806 -0.800681
v 0.813480 -0.241206 1.054521
v -0.565511 -0.663029 -0.591777
v -0.648030 -0.364984 -1.458360
v -0.593750 -0.301761 -1.523578
v -0.755955 -0.456322 -1.314259
v -0.560799 -0.440036 -1.428266
v -0.804371 -0.357110 -0.437975
v -0.743325 -0.430333 -0.291031
v -0.792821 -0.475805 -0.514681
v -0.638168 -0.611404 -0.547279
v -0.556768 -0.688277 -0.377751
v -0.722373 -0.515351 -0.426987
v -0.666892 -0.543203 -0.332195
v -0.792956 -0.536165 -0.602562
v -0.630228 -0.594116 -0.437415
v -0.636829 -0.598068 -0.290910
v -0.785086 -0.571877 -0.673956
v -0.538568 -0.692505 -0.521025
v -0.591965 -0.667762 -0.373424
v 0.830107 -0.479248 -0.573516
v 0.786256 -0.453694 -0.469223
v 0.786293 -0.536915 -0.575684
v 0.717178 -0.512993 -0.406443
v 0.074704 -0.479117 -1.360329
v 0.729940 -0.464070 -0.328273
v 0.666691 -0.598261 -0.476077
v -0.351242 -0.528849 -1.347486
v -0.170316 -0.491587 -1.372912
v 0.501832 -0.733658 0.872560
v 0.636287 -0.643371 0.954717
v 0.735937 -0.517445 0.761119
v 0.776654 -0.400948 0.936794
v -0.638296 -0.615167 -1.066503
v -0.699791 -0.595217 -1.122809
v 0.841764 -0.601545 -0.899490
v 0.722503 -0.603178 -0.992673
v 0.716990 -0.581657 -1.105537
v 0.622659 -0.620470 -1.038139
v 0.709143 -0.623285 -0.838737
v 0.782036 -0.594329 -0.729179
v 0.803518 -0.329828 -1.383526
v 0.813388 -0.383722 -1.332289
v -0.268228 -0.749900 1.172419
v 0.740729 -0.521209 0.358305
v 0.699572 -0.619736 0.242375
v 0.752400 -0.446894 0.345057
v -0.722224 -0.432757 -0.187792
v -0.575202 -0.664470 -0.697498
v -0.752447 -0.601304 -0.752484
v -0.724438 -0.615845 -0.835287
v -0.516988 -0.697523 -0.582141
v -0.510961 -0.698066 -0.480679
v -0.401708 -0.673815 -0.532360
v 0.724478 -0.577042 -0.291839
v 0.150601 -0.542117 -1.236768
v 0.355681 -0.557404 -1.288191
v 0.327998 -0.639747 -1.028595
v 0.334288 -0.482192 -1.423324
v -0.426094 -0.461288 -1.451220
v -0.143813 -0.527497 -1.247736
v 0.434031 -0.753907 1.086146
v -0.537356 -0.662872 1.189756
v -0.718241 -0.526779 0.317885
v -0.841578 -0.530789 -1.149001
v -0.781773 -0.561863 -1.111928
v -0.487125 -0.567193 -1.257704
v 0.621572 -0.665104 -0.644322
v 0.656087 -0.634726 -0.645385
v 0.620392 -0.684742 0.262088
v 0.670759 -0.637412 0.453071
v 0.557530 -0.714698 0.391517
v 0.637656 -0.658954 0.613587
v 0.739413 -0.579467 -0.212851
v 0.740596 -0.555301 -0.085992
v 0.710304 -0.628407 -0.081293
v 0.692651 -0.656825 -0.259812
v 0.671600 -0.663280 -0.043875
v 0.636875 -0.675097 -0.513753
v 0.600472 -0.712145 -0.549876
v 0.644550 -0.690954 -0.352265
v -0.804493 -0.613078 -0.904735
v -0.774564 -0.616116 -0.977383
v -0.602078 -0.649368 -0.211915
v -0.578168 -0.670259 -0.215616
v -0.641098 -0.605451 -0.048896
v -0.622652 -0.634373 -0.075743
v 0.532145 -0.444915 -1.431229
v -0.026589 -0.550736 -1.046908
v 0.395114 -0.632073 -1.093008
v 0.483440 -0.637854 -1.082786
v 0.461824 -0.527801 -1.336018
v 0.103860 -0.553459 -1.154528
v -0.395025 -0.614256 -1.145347
v -0.485182 -0.639462 -1.065616
v -0.484676 -0.696957 1.187753
v 0.698024 -0.576336 -0.513146
v 0.601259 -0.677626 -0.795889
v -0.700781 -0.340587 -0.042768
v 0.622594 -0.688857 -0.091543
v 0.536911 -0.718852 -0.650525
v -0.678081 -0.625087 -0.936235
v -0.350947 -0.676470 -0.724850
v -0.545959 -0.676957 -0.249819
v -0.503866 -0.646689 -0.119268
v -0.446374 -0.658866 -0.311901
v 0.659680 -0.679523 -0.415542
v 0.558206 -0.713404 -0.698688
v 0.780983 -0.441565 -1.288730
v 0.645907 -0.552754 -1.215621
v -0.259192 -0.600351 -1.113545
v -0.397114 -0.656983 -0.998722
v -0.193031 -0.639477 -0.870208
v -0.433663 -0.689281 -0.831324
v -0.477716 -0.702035 -0.700660
v -0.697037 -0.559153 0.285380
v -0.706229 -0.546426 0.494793
v -0.658319 -0.583252 0.471074
v -0.609902 -0.606098 0.747779
v -0.461375 -0.682137 0.591548
v -0.423687 -0.726553 1.252304
v 0.540604 -0.685126 -0.900872
v -0.657022 -0.428633 -0.024818
v -0.645524 -0.512981 -0.126432
v -0.625656 -0.585405 -0.175859
v -0.667624 -0.562639 0.034605
v -0.701094 -0.276617 0.055508
v -0.656067 -0.448741 0.008432
v -0.687553 -0.321619 0.089826
v 0.457193 -0.749178 0.494732
v 0.703391 -0.585006 0.619506
v 0.730729 -0.547470 0.470966
v 0.537296 -0.717040 -0.028939
v 0.530386 -0.714015 -0.305460
v -0.271120 -0.667083 -0.744344
v -0.107590 -0.655035 -0.659397
v -0.040578 -0.586634 -0.854014
v 0.038848 -0.567780 -0.965003
v 0.265936 -0.656672 -0.876220
v -0.516915 -0.665160 -0.941384
v -0.108420 -0.729123 0.604059
v -0.100463 -0.737738 0.846038
v -0.661437 -0.581452 0.312860
v -0.522502 -0.628742 0.277981
v -0.424521 -0.716838 0.956204
v 0.422341 -0.746147 0.118735
v 0.370088 -0.762963 0.576534
v 0.466291 -0.713490 -0.535868
v 0.261763 -0.688833 -0.546479
v 0.331738 -0.712067 -0.489944
v 0.308134 -0.720806 -0.268846
v 0.021570 -0.599076 -0.678907
v 0.125538 -0.631200 -0.620176
v 0.031682 -0.577739 -0.865440
v 0.556259 -0.706213 0.895663
v -0.698562 -0.540792 0.158906
v -0.645683 -0.601242 0.144806
v -0.492503 -0.637287 0.117598
v -0.255636 -0.740728 0.635120
v -0.310155 -0.741490 0.814643
v -0.352960 -0.726729 0.626007
v 0.044963 -0.705672 0.317293
v 0.487373 -0.695924 -0.865960
v 0.409289 -0.695477 -0.761385
v 0.148157 -0.662699 -0.315137
v 0.095271 -0.646232 -0.389662
v 0.027817 -0.630727 -0.492716
v 0.395340 -0.733288 -0.175608
v -0.134019 -0.684455 -0.493420
v -0.299249 -0.674383 -0.565100
v -0.035931 -0.710477 0.285313
v -0.652474 -0.604634 0.032489
v -0.495355 -0.638955 0.002573
v -0.368512 -0.670590 -0.289488
v -0.371215 -0.697731 0.231077
v 0.331402 -0.739532 0.016558
v 0.196530 -0.709716 0.090256
v -0.174477 -0.699057 -0.391144
v -0.220047 -0.736790 0.408660
v -0.298587 -0.727676 0.338370
v 0.101259 -0.716005 0.419881
v 0.221293 -0.740249 0.431570
v -0.601020 -0.635535 -0.030167
v 0.236234 -0.764708 0.747645
v 0.327510 -0.753519 0.341462
v -0.114791 -0.710708 -0.115128
v 0.126960 -0.681968 -0.053311
v 0.019910 -0.672690 -0.208364
v 0.072529 -0.673492 -0.115559
v -0.256283 -0.704992 -0.247740
v -0.196308 -0.714380 -0.196579
v -0.302022 -0.709573 -0.004288
v -0.167746 -0.727674 0.128505
v -0.238058 -0.725239 0.061551
v -1.093612 -0.333813 -1.200924
v -1.100697 -0.295621 -1.224768
v -1.102410 -0.275635 -1.233924
v -1.103459 -0.254800 -1.242500
v -1.103919 -0.233418 -1.249639
v -1.104010 -0.211552 -1.255623
v -1.103376 -0.179561 -1.262264
v -1.102044 -0.133094 -1.267003
v -1.100177 -0.098028 -1.267896
v -1.100165 -0.098029 -1.267908
v -1.072400 -0.096261 -1.297937
v -1.035321 -0.095089 -1.333441
v -1.009558 -0.094846 -1.354936
v -0.989820 -0.094735 -1.369785
v -0.959390 -0.094623 -1.389678
v -0.926703 -0.095593 -1.408294
v -0.897197 -0.097085 -1.423249
v -0.846449 -0.101345 -1.445863
v -0.750363 -0.111718 -1.485788
v -0.619253 -0.125612 -1.538281
v -0.555375 -0.131469 -1.565192
v -0.490693 -0.137079 -1.589558
v -0.421433 -0.140898 -1.620834
v -0.416820 -0.161352 -1.624520
v -0.410512 -0.181112 -1.626767
v -0.402365 -0.201187 -1.627902
v -0.392614 -0.220373 -1.627663
v -0.381095 -0.238359 -1.626553
v -0.367763 -0.255281 -1.624553
v -0.353132 -0.270559 -1.621768
v -0.337058 -0.284327 -1.618141
v -0.320011 -0.296478 -1.614137
v -0.301911 -0.306992 -1.610201
v -0.282400 -0.315871 -1.606631
v -0.253287 -0.325318 -1.602169
v -0.221306 -0.331963 -1.598384
v -0.221314 -0.331986 -1.598359
v -0.181912 -0.337638 -1.594701
v -0.132496 -0.341333 -1.591889
v -0.132496 -0.341326 -1.591898
v -0.100873 -0.342666 -1.590437
v -0.050676 -0.343001 -1.588336
v 0.000118 -0.343107 -1.587795
v 0.000125 -0.343278 -1.587211
v 0.104202 -0.342872 -1.591153
v 0.132714 -0.341608 -1.592195
v 0.132725 -0.341690 -1.592070
v 0.166800 -0.339129 -1.593674
v 0.221301 -0.331773 -1.597971
v 0.221285 -0.331643 -1.597947
v 0.254142 -0.324382 -1.601643
v 0.282702 -0.314918 -1.605599
v 0.301920 -0.306636 -1.608611
v 0.320291 -0.296560 -1.611757
v 0.338032 -0.285006 -1.614916
v 0.354063 -0.271869 -1.617831
v 0.369047 -0.256711 -1.619877
v 0.382428 -0.240331 -1.621565
v 0.394405 -0.222692 -1.622654
v 0.404833 -0.203880 -1.622978
v 0.412777 -0.184858 -1.621981
v 0.419582 -0.164527 -1.619648
v 0.424501 -0.144860 -1.616575
v 0.424531 -0.144685 -1.616531
v 0.446617 -0.144504 -1.605256
v 0.511430 -0.143500 -1.576255
v 0.693910 -0.129824 -1.500615
v 0.828478 -0.115976 -1.447562
v 0.884518 -0.111191 -1.424250
v 0.911121 -0.109444 -1.411885
v 0.932504 -0.108205 -1.400771
v 0.953544 -0.107328 -1.388527
v 0.974073 -0.106320 -1.374908
v 0.993446 -0.105326 -1.360534
v 1.012241 -0.104414 -1.345030
v 1.042420 -0.103172 -1.317883
v 1.066818 -0.102600 -1.294183
v 1.084202 -0.102776 -1.275934
v 1.101364 -0.103234 -1.256004
v 1.101348 -0.103236 -1.256022
v 1.103007 -0.126739 -1.254791
v 1.104437 -0.149027 -1.252739
v 1.104875 -0.182570 -1.246662
v 1.105452 -0.215210 -1.237594
v 1.104743 -0.236335 -1.229134
v 1.103974 -0.256647 -1.219396
v 1.102656 -0.276402 -1.208274
v 1.099609 -0.304112 -1.190085
v 1.095542 -0.330760 -1.170416
v 1.095717 -0.330971 -1.170645
v 1.076724 -0.378725 -1.122949
v 1.070230 -0.391071 -1.106249
v 1.066401 -0.398874 -1.095408
v 1.060285 -0.410110 -1.078239
v 1.054849 -0.420816 -1.061623
v 1.047085 -0.437118 -1.035636
v 1.035647 -0.457958 -0.998101
v 1.023915 -0.474689 -0.961803
v 0.999201 -0.497123 -0.892380
v 0.989874 -0.498994 -0.871948
v 0.980309 -0.499864 -0.852219
v 0.970195 -0.499610 -0.832479
v 0.954378 -0.496922 -0.803356
v 0.937686 -0.490652 -0.774509
v 0.926738 -0.484792 -0.756185
v 0.915302 -0.473841 -0.739476
v 0.902055 -0.459860 -0.720776
v 0.894217 -0.450832 -0.709577
v 0.883129 -0.437052 -0.694915
v 0.872514 -0.422836 -0.680857
v 0.862662 -0.408575 -0.668012
v 0.852756 -0.392719 -0.655039
v 0.852880 -0.392458 -0.655295
v 0.840329 -0.373802 -0.644022
v 0.832484 -0.353547 -0.632381
v 0.826153 -0.331711 -0.622090
v 0.819796 -0.305724 -0.612281
v 0.816582 -0.278933 -0.602991
v 0.805525 -0.183815 -0.572460
v 0.805930 -0.151998 -0.564005
v 0.805948 -0.151954 -0.564044
v 0.794500 -0.148593 -0.542119
v 0.791423 -0.146181 -0.517669
v 0.790499 -0.144333 -0.493285
v 0.791031 -0.141827 -0.452092
v 0.793357 -0.140213 -0.419553
v 0.811391 -0.135954 -0.210469
v 0.813310 -0.136511 -0.160957
v 0.812919 -0.136930 -0.098693
v 0.810993 -0.136557 -0.050083
v 0.804580 -0.135560 0.043512
v 0.798728 -0.134760 0.112388
v 0.783469 -0.133357 0.259353
v 0.778991 -0.132055 0.325583
v 0.778564 -0.131174 0.360331
v 0.778564 -0.131174 0.360331
v 0.778756 -0.130607 0.384739
v 0.779905 -0.129533 0.416164
v 0.828706 -0.111401 1.134242
v 0.844457 -0.102798 1.459393
v 0.848560 -0.101713 1.524325
v 0.848174 -0.102202 1.524311
v 0.858953 -0.103747 1.646744
v 0.859047 -0.103577 1.646738
v 0.842244 -0.174036 1.646966
v 0.813833 -0.266298 1.648077
v 0.771146 -0.382594 1.648210
v 0.744294 -0.445130 1.647624
v 0.725683 -0.483958 1.647020
v 0.705391 -0.520616 1.646262
v 0.691286 -0.544496 1.645746
v 0.649005 -0.603185 1.643903
v 0.624385 -0.631015 1.642858
v 0.608327 -0.647193 1.642195
v 0.590789 -0.663111 1.641492
v 0.571964 -0.678528 1.640766
v 0.552482 -0.692880 1.640045
v 0.532632 -0.705684 1.639347
v 0.510253 -0.718680 1.638607
v 0.491781 -0.728237 1.638029
v 0.467873 -0.739292 1.637328
v 0.446020 -0.748304 1.636737
v 0.423883 -0.755909 1.636183
v 0.395998 -0.763811 1.635577
v 0.361778 -0.771206 1.634940
v 0.337165 -0.775299 1.634622
v 0.294576 -0.779708 1.633971
v 0.258316 -0.781341 1.633653
v 0.258315 -0.781305 1.633661
v 0.226804 -0.781821 1.633440
v 0.193990 -0.781326 1.633249
v 0.056491 -0.774356 1.632993
v -0.229215 -0.762851 1.635331
v -0.229218 -0.762906 1.635601
v -0.314596 -0.755584 1.637540
v -0.360716 -0.748840 1.638890
v -0.408857 -0.737752 1.640620
v -0.440284 -0.727721 1.641873
v -0.464369 -0.718652 1.642952
v -0.490570 -0.706573 1.644203
v -0.507147 -0.698137 1.645115
v -0.528180 -0.685854 1.646197
v -0.556050 -0.667878 1.647838
v -0.588325 -0.644109 1.649840
v -0.605858 -0.628545 1.651026
v -0.623574 -0.611492 1.652262
v -0.641274 -0.592524 1.653625
v -0.669952 -0.557395 1.655848
v -0.685463 -0.535269 1.656694
v -0.707172 -0.500879 1.658052
v -0.730792 -0.456052 1.658706
v -0.783948 -0.342264 1.660174
v -0.822373 -0.255373 1.659946
v -0.837194 -0.217933 1.659527
v -0.869350 -0.110442 1.658745
v -0.853592 -0.102583 1.536814
v -0.848426 -0.102722 1.485615
v -0.836389 -0.105403 1.300943
v -0.827562 -0.107013 1.209163
v -0.815449 -0.108933 1.103158
v -0.805849 -0.110722 1.008084
v -0.797808 -0.112740 0.902933
v -0.794040 -0.114031 0.811433
v -0.789096 -0.116670 0.580920
v -0.780752 -0.117831 0.421464
v -0.780530 -0.117641 0.373313
v -0.780362 -0.117977 0.373310
v -0.782547 -0.117938 0.272845
v -0.780774 -0.118043 0.163217
v -0.780179 -0.119172 0.091009
v -0.781406 -0.119788 0.046992
v -0.781687 -0.119987 -0.004218
v -0.785406 -0.121803 -0.099368
v -0.788081 -0.124178 -0.178436
v -0.791992 -0.130685 -0.315533
v -0.794074 -0.139650 -0.461721
v -0.797046 -0.143464 -0.506176
v -0.800480 -0.146019 -0.530510
v -0.811580 -0.149385 -0.552594
v -0.811656 -0.149177 -0.552830
v -0.809251 -0.172527 -0.556329
v -0.808640 -0.194357 -0.560406
v -0.810163 -0.218628 -0.567597
v -0.814440 -0.246630 -0.580389
v -0.822852 -0.282178 -0.602761
v -0.828680 -0.305159 -0.615146
v -0.833234 -0.328583 -0.626560
v -0.838201 -0.349664 -0.636030
v -0.845852 -0.369060 -0.643734
v -0.857129 -0.386590 -0.648029
v -0.857224 -0.386491 -0.648230
v -0.874113 -0.411519 -0.667725
v -0.893819 -0.435602 -0.689957
v -0.908265 -0.451099 -0.706816
v -0.916592 -0.466310 -0.721132
v -0.928174 -0.484888 -0.740734
v -0.938176 -0.504770 -0.763050
v -0.949817 -0.528093 -0.794530
v -0.958586 -0.540168 -0.814216
v -0.969114 -0.548173 -0.834884
v -0.980457 -0.551965 -0.856674
v -0.990076 -0.549610 -0.878863
v -0.997788 -0.542355 -0.901501
v -1.003972 -0.533042 -0.923626
v -1.010375 -0.519586 -0.949886
v -1.032488 -0.474741 -1.027723
v -1.053943 -0.436288 -1.091564
v -1.064576 -0.416145 -1.121447
v -1.071284 -0.402511 -1.139504
v -1.077335 -0.386937 -1.156148
v -1.082724 -0.370631 -1.171664
v -1.082966 -0.370676 -1.171619
v 1.011938 -0.487704 -0.926743
v -0.656279 -0.574743 1.654948
v 0.796479 -0.122355 0.679197
v -0.793027 -0.137458 -0.428151
v 0.810885 -0.237972 -0.589773
v 0.803416 -0.136507 -0.316200
v -0.852747 -0.170860 1.658881
v -0.852851 -0.104010 1.536740
v -1.093048 -0.333526 -1.200693
v 1.084975 -0.362531 -1.143081
v 0.787654 -0.338690 1.648386
v -0.869205 -0.110167 1.658691
v -0.421091 -0.140857 -1.620584
v 0.838673 -0.106792 1.313763
v 0.673651 -0.570480 1.644946
v 1.049325 -0.431677 -1.043697
v -1.087742 0.090393 -1.198409
v -1.069737 0.147552 -1.140410
v -1.031399 0.202423 -1.024231
v -0.988275 0.225387 -0.887263
v -0.924043 0.198947 -0.745688
v -0.875464 0.127455 -0.660648
v -0.844400 0.039480 -0.618969
v -0.828985 -0.027092 -0.587971
v -0.815304 -0.100061 -0.561830
v -0.811781 -0.149171 -0.552502
v -0.800154 -0.144347 -0.519768
v -0.785093 -0.121455 -0.092315
v -0.782201 -0.117843 0.201125
v -0.779806 -0.117974 0.388792
v -0.791824 -0.115658 0.703083
v -0.854289 -0.101982 1.535707
v -0.859128 -0.098709 1.570647
v -0.870299 -0.094294 1.658458
v -0.841321 0.120779 1.648462
v -0.754674 0.257723 1.641930
v -0.225329 0.592097 1.617025
v -0.094643 0.641549 1.613602
v 0.005373 0.646819 1.613260
v 0.128849 0.612558 1.614904
v 0.597939 0.363119 1.630607
v 0.718367 0.282601 1.634728
v 0.855290 0.025694 1.641526
v 0.858286 -0.095282 1.646755
v 0.848486 -0.101278 1.520051
v 0.775747 -0.131724 0.360349
v 0.814383 -0.136964 -0.101032
v 0.805524 -0.135970 -0.296358
v 0.806146 -0.151959 -0.563910
v 0.808986 -0.095525 -0.573866
v 0.832063 0.020200 -0.615026
v 0.870692 0.135271 -0.664106
v 0.909158 0.189924 -0.733058
v 0.968999 0.225893 -0.854265
v 1.034901 0.194245 -1.048024
v 1.070500 0.146824 -1.142284
v 1.098338 0.002859 -1.235896
v 1.103113 -0.102174 -1.257976
v 0.965953 -0.106518 -1.382098
v 0.855490 -0.113284 -1.438320
v 0.583009 -0.139378 -1.546156
v 0.424741 -0.144894 -1.616952
v 0.428809 -0.108687 -1.600913
v 0.427921 -0.062522 -1.579603
v 0.405469 0.012491 -1.531770
v 0.351004 0.098327 -1.475470
v 0.293360 0.157062 -1.439135
v 0.226795 0.205128 -1.408840
v 0.124805 0.248688 -1.382557
v 0.009669 0.265670 -1.370850
v -0.100503 0.257131 -1.379919
v -0.196028 0.226240 -1.401802
v -0.276390 0.176333 -1.432412
v -0.349674 0.103808 -1.478375
v -0.401619 0.019161 -1.533251
v -0.422521 -0.054441 -1.579457
v -0.423653 -0.139816 -1.623435
v -0.910982 -0.094954 -1.420069
v -1.101743 -0.097100 -1.270518
v -1.098163 0.014462 -1.241392
v -0.090822 0.632492 1.431608
v 0.767864 0.233407 1.636440
v 0.820567 0.146038 1.638334
v -0.855471 0.017164 1.518507
v -0.834656 0.114034 1.498929
v -0.715450 0.295245 1.639921
v -1.022950 0.035704 -1.300261
v 0.795827 -0.148329 -0.541684
v 1.009961 -0.048710 -1.344102
v -0.705784 0.378290 -0.775972
v -0.820197 0.136408 -0.628993
v -0.917038 0.251402 -0.926863
v -0.460096 0.086690 -1.441171
v 1.084010 0.105702 -1.182340
v -0.852576 0.152986 -0.668390
v -1.006977 0.127501 -1.230410
v 0.580883 -0.001129 -1.484580
v -0.884771 0.227303 -0.771928
v 0.621809 -0.075291 -1.514334
v -0.538811 -0.133787 -1.570225
v 0.783982 0.007248 -0.555439
v -0.800114 0.009854 -0.565162
v -0.853019 0.276755 -0.870106
v -0.835999 0.051671 1.196709
v -0.523081 0.421103 1.630243
v 0.582033 0.375789 1.487412
v -1.010212 -0.051438 -1.349798
v 0.853728 0.172677 -0.691912
v 0.821132 0.143079 -0.648985
v 0.750475 0.176491 -0.491365
v 0.851286 0.275077 -0.957852
v 0.341636 0.163636 -1.400293
v 0.478163 0.052127 -1.466972
v -0.789299 -0.067533 0.015697
v -0.911918 -0.039732 -1.408848
v -0.310033 0.194950 -1.381669
v -0.777264 -0.047752 0.473521
v -0.816449 -0.108756 1.111637
v -0.204732 0.254860 -1.332387
v 0.900934 -0.060979 -1.416209
v 0.868083 0.227820 -0.766020
v 0.791848 -0.141911 -0.457806
v 0.876936 -0.007562 -1.407594
v -0.775389 0.030364 0.712745
v -0.773563 -0.058538 0.321499
v 0.061692 0.280465 -1.307119
v 0.986066 0.034825 -1.325320
v 0.835635 0.246442 -0.735408
v 0.820237 0.094883 1.290425
v 0.830737 -0.014428 1.190728
v -0.792764 -0.131783 -0.339523
v 0.763744 0.041072 -0.460358
v -0.670350 -0.071738 -1.508740
v -0.960417 0.199147 -1.138979
v -0.729212 0.013734 -1.443953
v -0.923770 0.036652 -1.367756
v 0.762529 -0.033096 0.208963
v 0.736617 0.263630 -0.499911
v 0.802286 0.087950 0.941148
v -0.780190 0.016276 -0.023747
v 0.781584 0.046766 -0.300108
v 0.717694 0.336847 -0.540334
v -0.836002 0.090448 1.264739
v -0.771842 0.119349 0.762351
v 0.787319 0.191852 1.433447
v -0.785489 -0.038668 -0.416775
v 0.784594 0.151044 0.927086
v 0.782946 0.019603 -0.110901
v -0.754206 0.145210 -0.426339
v -0.693928 0.187296 0.267275
v -0.730981 0.074827 0.254125
v -0.092219 0.275511 -1.315228
v -0.764244 0.102308 -0.184573
v -0.718918 0.133345 0.067019
v -0.799531 0.155312 0.958499
v -0.843639 0.256808 -0.758026
v -0.830217 0.221389 -0.682135
v -0.716691 0.320459 -0.487809
v -0.770985 0.326649 -0.667195
v -0.490687 0.163096 -1.345360
v -0.291254 0.282615 -1.251266
v -0.494555 0.234346 -1.244023
v -0.481351 -0.006606 -1.522158
v -0.717433 0.148433 -1.313427
v -0.617539 0.223904 -1.216665
v 0.523665 0.118796 -1.387926
v -0.794820 -0.012652 -0.212741
v -0.777445 0.080484 -0.295139
v 0.864777 0.083256 -1.350426
v 0.788486 0.313643 -0.722630
v 0.783983 0.329567 -0.823131
v -0.808659 0.161634 1.122454
v 0.780975 0.010886 0.549550
v 0.760229 0.206538 1.048910
v 0.897471 0.197678 -1.186347
v 0.956274 0.127029 -1.262663
v 0.791750 -0.124450 0.597645
v -0.905981 0.134866 -1.283072
v 0.762080 -0.043858 0.314165
v 0.760732 0.000604 0.397688
v 0.683600 0.179468 0.098350
v 0.755632 0.088740 -0.102966
v -0.761555 0.221548 -0.509813
v -0.727473 0.234835 -0.400468
v 0.742672 0.227577 0.911165
v 0.687730 0.288068 1.058474
v 0.587156 0.380563 1.227953
v -0.674446 0.213962 0.114643
v -0.162711 0.334904 -1.171832
v -0.657642 0.374619 -0.873113
v -0.580013 0.440037 -0.730235
v -0.669192 0.408310 -0.604685
v -0.403698 0.321697 -1.117367
v 0.852432 0.147630 -1.284082
v 0.878551 0.259094 -0.867145
v 0.675222 0.297913 0.837180
v 0.730456 0.239659 0.600258
v -0.259685 0.570358 1.425025
v -0.451630 0.467298 1.247324
v -0.325373 0.538375 1.058589
v -0.651326 0.334754 1.417802
v -0.465451 0.447070 0.879341
v -0.795626 0.299468 -0.938649
v -0.820870 0.099392 -1.348369
v -0.719253 0.267325 0.495128
v -0.738766 0.132507 0.479461
v -0.798447 0.187711 1.456891
v 0.315280 0.523353 1.325340
v 0.197643 0.583517 1.107714
v 0.723640 0.224608 -0.380635
v 0.760220 0.140854 0.539952
v 0.680327 0.219580 -0.162500
v 0.760683 0.120009 -0.268742
v 0.472038 0.459437 0.795244
v -0.759471 0.218168 0.723022
v -0.777978 0.206895 0.914406
v -0.769523 0.213427 1.152212
v -0.426162 0.395571 -0.947202
v -0.678993 0.376117 -0.479919
v -0.568791 0.469544 -0.555713
v -0.575299 0.431630 -0.328229
v -0.703846 0.235043 -0.287972
v -0.862604 0.191134 -1.217913
v 0.699680 0.379999 -0.630180
v 0.632610 0.342898 0.570525
v 0.707010 0.273116 0.667762
v -0.692683 0.283515 -1.068517
v 0.655278 0.335662 0.291854
v -0.662399 0.342237 0.219903
v -0.666716 0.354349 0.293465
v -0.604449 0.422851 0.094288
v -0.599787 0.405057 -0.037110
v -0.616940 0.331706 -0.196893
v -0.707157 0.185759 -0.129786
v -0.451162 0.472168 0.044583
v -0.560847 0.458275 -0.082194
v -0.503200 0.491577 -0.151190
v -0.513965 0.492385 -0.259718
v -0.395102 0.499082 -0.097964
v -0.345868 0.509275 0.050898
v 0.064417 0.390099 -1.029700
v -0.494535 0.507633 -0.363535
v -0.566721 0.438366 -0.215294
v -0.457662 0.510081 -0.555278
v -0.379601 0.529265 -0.436373
v -0.285652 0.534283 -0.314043
v -0.013036 0.558274 -0.067724
v -0.321047 0.529933 -0.525920
v -0.538265 0.377959 -0.946717
v 0.514823 0.200971 -1.284965
v 0.753214 0.311512 -0.956017
v 0.587191 0.430578 -0.749661
v 0.506514 0.495539 -0.489245
v 0.647337 0.381806 -0.427503
v 0.552383 0.469079 -0.609179
v 0.414503 0.486787 -0.694902
v 0.625001 0.428532 -0.518771
v 0.327156 0.527377 -0.549547
v 0.279150 0.515357 -0.624642
v 0.430181 0.520940 -0.483806
v 0.423906 0.486641 0.960959
v -0.184159 0.600234 1.329255
v -0.346694 0.521469 0.678971
v 0.058123 0.628447 1.371844
v 0.738645 0.193918 0.474379
v 0.664867 0.226416 0.169760
v 0.589425 0.397932 0.002902
v 0.642532 0.330678 0.196216
v -0.668126 0.351271 0.437698
v -0.716603 0.290295 0.548099
v -0.584101 0.374577 0.524221
v -0.607952 0.413505 0.223980
v -0.478349 0.441900 0.247521
v -0.390379 0.496445 -0.669819
v -0.492727 0.444422 -0.791818
v -0.277803 0.459381 -0.817161
v -0.288740 0.512362 -0.634716
v 0.518703 0.472786 -0.232730
v 0.285874 0.540516 -0.338981
v 0.462642 0.506551 -0.285320
v 0.518992 0.467031 -0.072607
v 0.482317 0.453057 0.215651
v 0.346305 0.524552 -0.022904
v 0.200924 0.571240 0.067052
v 0.232218 0.573270 0.298375
v 0.118069 0.588167 0.316746
v 0.341725 0.533238 0.730677
v -0.069414 0.613050 0.963201
v -0.153072 0.600095 1.004345
v 0.001038 0.625879 1.148262
v 0.229996 0.576564 0.661685
v 0.099225 0.603239 0.776895
v -0.701867 0.273639 1.081826
v -0.719466 0.262375 0.966251
v -0.660610 0.317468 0.725935
v -0.725090 0.281726 0.685436
v -0.533490 0.394125 0.669643
v 0.689598 0.299023 0.431495
v -0.481938 0.427480 0.502336
v 0.000538 0.488058 -0.712550
v 0.009216 0.524773 -0.521776
v -0.245966 0.548353 0.075057
v -0.196187 0.550946 -0.173365
v -0.217301 0.534831 -0.487471
v 0.438259 0.283005 -1.179084
v 0.587128 0.409517 -0.351264
v 0.689026 0.241563 -0.269831
v 0.543157 0.449566 -0.318340
v 0.574749 0.382964 -0.216562
v 0.567159 0.429391 -0.027436
v 0.561836 0.399287 0.394001
v 0.590712 0.409695 0.156411
v 0.625485 0.369722 0.316400
v 0.284234 0.544852 -0.166024
v 0.178961 0.560008 -0.176082
v -0.055451 0.584841 0.310336
v 0.297059 0.552489 0.364737
v 0.532502 0.411686 0.551935
v 0.375066 0.511857 0.296160
v 0.030600 0.603473 0.686664
v 0.211325 0.305120 -1.227759
v 0.166088 0.536321 -0.457565
v 0.636405 0.272770 -1.116331
v 0.555546 0.412354 -0.848174
v 0.159079 0.323315 -1.199287
v 0.247687 0.457985 -0.822548
v 0.495506 0.404975 -0.905191
v 0.381497 0.515924 -0.178784
v -0.262485 0.561943 0.661835
v 0.244211 0.246262 -1.330970
v -0.155427 0.592031 0.680490
v -0.164367 0.575264 0.310725
v -0.322830 0.521465 0.302976
v -1.089039 0.084994 -1.202613
v -1.069530 0.147145 -1.140241
v -1.028621 0.205583 -1.015144
v -0.985012 0.223660 -0.880717
v -0.923789 0.198467 -0.745698
v -0.875269 0.126933 -0.660861
v -0.837628 0.018531 -0.610066
v -0.813875 -0.096255 -0.563850
v -0.807215 -0.149535 -0.555485
v -0.793165 -0.139754 -0.462968
v -0.791350 -0.129135 -0.285167
v -0.785358 -0.121315 -0.090315
v -0.780469 -0.118505 0.145515
v -0.787696 -0.117365 0.504423
v -0.798431 -0.112381 0.925561
v -0.853516 -0.101739 1.536675
v -0.865367 0.025529 1.651925
v -0.821892 0.159830 1.646697
v -0.750956 0.261131 1.641773
v -0.661048 0.334352 1.637371
v -0.417366 0.482120 1.625166
v -0.184837 0.611243 1.615630
v 0.157132 0.598309 1.615652
v 0.244147 0.552647 1.617439
v 0.661326 0.326608 1.633135
v 0.768280 0.232047 1.636472
v 0.820263 0.144316 1.638417
v 0.859683 -0.095335 1.646663
v 0.849557 -0.101635 1.513640
v 0.785675 -0.126436 0.516019
v 0.775381 -0.131878 0.352859
v 0.813480 -0.137089 -0.108576
v 0.804349 -0.136090 -0.305972
v 0.790179 -0.142467 -0.463368
v 0.801805 -0.151524 -0.566584
v 0.808647 -0.095280 -0.574272
v 0.830237 0.012662 -0.612385
v 0.908875 0.189366 -0.732983
v 0.968836 0.225431 -0.854350
v 1.074401 0.138826 -1.152709
v 1.102719 -0.102511 -1.258318
v 0.977195 -0.105903 -1.374135
v 0.840953 -0.114527 -1.445836
v 0.586658 -0.139300 -1.543530
v 0.424530 -0.144983 -1.616525
v 0.430169 -0.096532 -1.596879
v 0.420467 -0.029558 -1.558462
v 0.397155 0.028217 -1.521617
v 0.272743 0.174199 -1.427757
v 0.195615 0.221086 -1.399196
v 0.116967 0.246315 -1.380487
v 0.009687 0.265190 -1.370762
v -0.101401 0.254494 -1.379575
v -0.196018 0.225756 -1.401655
v -0.259058 0.187966 -1.424897
v -0.330226 0.124552 -1.462924
v -0.385918 0.049820 -1.513273
v -0.415742 -0.018323 -1.559183
v -0.421107 -0.140803 -1.620552
v -0.910851 -0.095001 -1.419591
v -1.101382 -0.097150 -1.270191
v -1.097826 0.014300 -1.241065
v -0.092637 0.630194 1.400536
v -0.066810 0.644304 1.613415
v 0.846219 0.065974 1.640478
v 0.857857 -0.016369 1.643082
v -0.867714 -0.094205 1.658806
v -0.855154 0.014836 1.516182
v -0.839838 0.092954 1.499735
v -0.801992 0.182766 1.469175
v -0.756491 0.217686 -0.495697
v -0.426833 -0.095674 -1.603285
v 0.527995 -0.080271 -1.548571
v -0.701901 0.378446 -0.786807
v -0.791147 -0.018310 -0.532305
v -0.827117 0.211467 -0.669081
v -0.836994 0.124370 -0.646449
v -0.808572 0.045068 -0.589080
v -0.459709 0.093605 -1.433924
v 1.087558 0.080739 -1.196935
v -1.002449 0.150649 -1.201676
v 0.855825 0.096539 -0.645644
v -0.858610 0.177717 -0.694051
v 0.879696 0.150038 -0.681048
v 1.097361 0.019645 -1.229981
v 0.612319 -0.010384 -1.482318
v -0.884917 0.224521 -0.768566
v 0.584923 0.373607 1.489778
v -0.526896 -0.062044 -1.544453
v 0.350841 0.095798 -1.474640
v 0.785672 -0.001412 -0.558159
v -0.871652 0.269459 -0.896597
v -0.735649 0.266703 0.730375
v -1.009928 -0.051561 -1.349411
v -0.535117 -0.134081 -1.572099
v -0.685014 -0.068527 -1.501870
v 0.937933 -0.044417 -1.392407
v 0.849176 0.205019 -0.714219
v 0.821092 0.140779 -0.649148
v -0.921194 -0.048629 -1.405722
v 0.888126 0.259242 -0.955222
v 1.013798 -0.052944 -1.340381
v 0.480386 0.045721 -1.471456
v 1.031993 0.195471 -1.040537
v -0.266163 0.214712 -1.373339
v 0.519967 0.178475 -1.313807
v -0.984014 0.206558 -1.082056
v -0.841426 -0.003051 1.269403
v -0.756555 -0.003548 0.376484
v -0.789693 -0.094975 -0.431649
v -0.168966 0.266268 -1.319123
v 0.894453 0.248477 -0.845576
v 0.758161 0.213155 -0.526648
v -0.887899 0.201417 -1.185278
v 0.876994 -0.015950 -1.410009
v 0.241672 0.226261 -1.362247
v -0.785908 -0.050980 0.076832
v -0.901414 0.029493 -1.380595
v 0.974183 0.043482 -1.326210
v 0.742695 0.167949 -0.440120
v 0.834299 0.245794 -0.732652
v -0.781033 -0.117840 0.393692
v 0.775687 -0.038413 -0.479547
v 0.816483 -0.003408 0.996282
v 0.782651 0.203318 1.508286
v 0.797094 -0.134549 0.135955
v -0.778483 0.005810 0.733617
v -0.218679 0.585483 1.240703
v 0.012262 0.645314 1.613346
v -0.979947 0.043246 -1.329858
v 0.754064 0.297840 -0.579874
v -0.817911 0.097653 1.067924
v 0.022759 0.283666 -1.299099
v -0.759658 0.022581 -1.429896
v 0.784852 0.025013 -0.295073
v 0.811411 0.070985 1.047575
v 0.712880 0.252074 -0.401617
v 0.691037 0.330738 -0.452496
v -0.835507 0.090389 1.264778
v 0.052084 0.626750 1.291465
v 0.778105 0.185801 1.203464
v -0.509716 0.182325 -1.312834
v 0.764820 -0.059829 0.261373
v 0.749553 0.133385 -0.388138
v -0.819974 -0.108197 1.142755
v -0.774655 0.040532 -0.043265
v -0.771304 0.047203 -0.433943
v 0.778144 0.035258 -0.110027
v 0.767081 0.100887 -0.248447
v 0.707833 0.287063 1.526435
v -0.776571 0.085833 -0.290536
v -0.740332 0.044132 0.293242
v -0.801599 0.152011 0.973829
v -0.203671 0.309317 -1.219885
v -0.844886 0.245651 -0.747091
v -0.770268 0.326411 -0.666008
v -0.852871 0.270691 -0.820970
v -0.762561 0.345049 -0.748563
v -0.801806 0.298209 -0.927546
v -0.490745 -0.000050 -1.512853
v -0.556949 0.230570 -1.222254
v -0.331138 0.261345 -1.272919
v 0.453783 0.322502 -1.091522
v 0.321214 0.258733 -1.278412
v -0.794065 -0.011871 -0.204816
v 0.844321 0.277238 -0.850218
v 0.784238 0.310937 -0.701534
v 0.776167 0.169195 0.902450
v 0.932870 0.200957 -1.150793
v 0.955548 0.138319 -1.247651
v -0.306125 0.545205 1.434251
v 0.781753 0.010234 0.558279
v 0.764633 0.132041 0.576036
v -0.860368 0.129761 -1.307346
v -0.778013 0.082160 0.809231
v -0.748198 0.105112 0.515245
v 0.793333 0.311840 -0.907091
v 0.719286 0.364510 -0.637643
v 0.681880 0.184083 0.214343
v 0.746569 0.032784 0.366870
v 0.708471 0.116717 0.144647
v -0.741427 0.191459 -0.400981
v 0.805726 0.118804 1.157913
v 0.733866 0.237184 0.996345
v 0.713889 0.268959 1.201919
v -0.685594 0.187130 0.109501
v -0.619171 0.393785 -0.852396
v -0.629754 0.432717 -0.564445
v -0.497788 0.388090 -0.942207
v 0.523607 0.114426 -1.392146
v 0.879289 0.197434 -1.195832
v 0.875538 0.098018 -1.335001
v 0.758466 0.344986 -0.797256
v 0.730223 0.242727 0.706574
v 0.679593 0.297151 0.715717
v 0.733304 0.228542 0.549774
v -0.405846 0.494435 1.183861
v -0.693848 0.307791 1.540642
v 0.324747 0.520517 1.263614
v 0.223810 0.571951 1.118719
v 0.543016 0.410826 1.134988
v 0.742232 0.168432 0.465088
v 0.731431 0.132599 -0.106249
v 0.629042 0.347533 1.247593
v -0.807504 0.163017 1.117702
v -0.781483 0.199770 0.927566
v -0.743034 0.202871 0.602896
v -0.754356 0.236276 0.726671
v -0.531016 0.395471 0.628994
v -0.764098 0.219683 1.025045
v -0.540921 0.484143 -0.535309
v -0.675777 0.382561 -0.488164
v -0.522710 0.473943 -0.650289
v -0.713514 0.316704 -0.474714
v 0.636890 0.216411 -1.226919
v 0.666580 0.304127 0.912756
v 0.543307 0.402657 0.594715
v -0.737002 0.297930 -1.001986
v 0.115305 0.613460 1.400403
v -0.000703 0.626624 1.171881
v 0.662291 0.331910 0.378189
v 0.591682 0.382014 -0.025015
v -0.690693 0.293412 0.330745
v -0.665629 0.355017 0.292666
v -0.628132 0.393394 0.298384
v -0.627149 0.401193 0.149316
v -0.596985 0.425262 0.025736
v -0.609784 0.388219 0.000219
v -0.674547 0.229088 0.199564
v -0.617683 0.329019 -0.194621
v -0.620892 0.327942 -0.050027
v -0.746479 0.132758 -0.171433
v -0.559886 0.456546 -0.026700
v -0.558701 0.444538 0.097530
v -0.534428 0.478237 -0.199790
v -0.400396 0.491647 -0.024825
v -0.413150 0.496216 -0.103992
v -0.239204 0.546098 -0.104329
v -0.313495 0.437373 -0.870147
v -0.098656 0.362178 -1.105296
v 0.118306 0.368736 -1.087638
v -0.245376 0.481828 -0.746242
v -0.556694 0.464854 -0.386108
v -0.401112 0.523735 -0.525309
v -0.467841 0.516196 -0.386463
v -0.502005 0.497092 -0.216239
v -0.562121 0.449318 -0.168950
v -0.574045 0.432480 -0.331059
v -0.291692 0.534015 -0.342218
v -0.126492 0.563753 0.012830
v 0.003257 0.549496 -0.190630
v -0.364003 0.507504 -0.639587
v -0.254689 0.522666 -0.580018
v -0.714965 0.235089 -0.321100
v -0.653620 0.271961 -1.108381
v 0.660257 0.282510 -1.080782
v 0.589261 0.448299 -0.634787
v 0.604833 0.442130 -0.514027
v 0.643093 0.384088 -0.423803
v 0.564478 0.436077 -0.759283
v 0.725115 0.333906 -0.917503
v 0.490390 0.484987 -0.631951
v 0.395239 0.497598 -0.658323
v 0.493734 0.500076 -0.501625
v 0.401492 0.524211 -0.499573
v -0.705792 0.268164 1.050060
v 0.411621 0.492725 0.957663
v -0.460797 0.450145 0.888181
v -0.263588 0.562576 0.710057
v 0.662713 0.218111 0.072451
v 0.569589 0.426552 0.000162
v 0.640808 0.333087 0.194191
v -0.669849 0.348990 0.448174
v -0.710326 0.296001 0.499060
v -0.532536 0.404377 0.431807
v -0.459310 0.453777 0.186444
v -0.689974 0.289207 0.837953
v -0.443560 0.478904 -0.704877
v 0.498576 0.490717 -0.330023
v 0.180311 0.558623 -0.193042
v 0.365732 0.522748 -0.226724
v 0.460507 0.507563 -0.295948
v 0.535243 0.457731 -0.191047
v 0.393409 0.505177 -0.037450
v 0.518743 0.466619 -0.072811
v 0.502241 0.442389 0.229710
v 0.583482 0.407865 0.203118
v 0.227512 0.573346 0.305650
v 0.292747 0.549001 0.111278
v 0.161054 0.583238 0.280833
v -0.778693 0.206968 1.246268
v 0.333235 0.537322 0.667181
v -0.119156 0.607029 0.997842
v 0.126916 0.600977 0.858038
v 0.234528 0.573455 0.758670
v -0.040818 0.609694 0.848923
v 0.102722 0.600396 0.691561
v -0.166147 0.589968 0.679792
v -0.357961 0.512843 0.624365
v -0.596280 0.357195 0.645660
v -0.696883 0.314843 0.577476
v -0.313371 0.523267 0.095795
v -0.209322 0.538166 -0.437703
v 0.492898 0.250419 -1.212911
v 0.678793 0.248348 -0.251794
v 0.580104 0.371102 -0.218783
v 0.540052 0.458057 -0.358667
v 0.545180 0.443565 -0.307276
v 0.603974 0.395322 0.151212
v 0.410798 0.490613 0.281334
v 0.626751 0.354111 0.464788
v 0.305457 0.549184 0.427377
v 0.408611 0.496232 0.601776
v 0.674744 0.308452 0.337786
v -0.309208 0.529436 0.374825
v -0.237482 0.556742 0.289115
v 0.224521 0.304024 -1.225021
v 0.291716 0.368005 -1.048594
v 0.019284 0.523646 -0.516889
v 0.550135 0.386250 -0.916030
v 0.429076 0.421776 -0.882542
v 0.280918 0.493349 -0.707945
v 0.252916 0.554277 -0.104326
v 0.257617 0.542286 -0.371823
v -0.007860 0.591429 0.407590
v -0.401924 0.475286 0.360054
v 0.011853 0.497716 -0.668710
v 0.278258 0.527453 -0.552162
v -0.016993 0.455284 -0.823687
v -0.168411 0.577581 0.398339
v -1.094307 0.045869 -1.225157
v -1.091881 0.062911 -1.215382
v -1.089277 0.079347 -1.204760
v -1.086192 0.094915 -1.193365
v -1.082504 0.109963 -1.181063
v -1.078423 0.123740 -1.167968
v -1.078331 0.123771 -1.168024
v -1.073184 0.137249 -1.151580
v -1.067697 0.149600 -1.134271
v -1.061663 0.161011 -1.116162
v -1.055635 0.171116 -1.097679
v -1.049099 0.180501 -1.078161
v -1.042805 0.188464 -1.058990
v -1.033067 0.199016 -1.028779
v -1.019551 0.210050 -0.986729
v -1.006383 0.217848 -0.943205
v -0.995502 0.222080 -0.909262
v -0.987858 0.223739 -0.887179
v -0.978953 0.223728 -0.865245
v -0.969924 0.222209 -0.843261
v -0.960369 0.219095 -0.821610
v -0.950253 0.214282 -0.800345
v -0.940022 0.207806 -0.779648
v -0.929404 0.199604 -0.758899
v -0.918951 0.190042 -0.738975
v -0.908621 0.178766 -0.719390
v -0.898474 0.165760 -0.700723
v -0.888523 0.150646 -0.683360
v -0.879241 0.132943 -0.667777
v -0.869901 0.112813 -0.654243
v -0.861673 0.090582 -0.642661
v -0.861950 0.090476 -0.642679
v -0.847030 0.047174 -0.623098
v -0.838160 0.015600 -0.607217
v -0.823275 -0.054320 -0.578405
v -0.815822 -0.095486 -0.563563
v -0.813717 -0.121859 -0.557203
v -0.811586 -0.149204 -0.552649
v -0.811569 -0.149306 -0.552617
v -0.800497 -0.146140 -0.530548
v -0.797037 -0.143718 -0.505972
v -0.794080 -0.139694 -0.461647
v -0.791979 -0.130731 -0.315046
v -0.788683 -0.125299 -0.197139
v -0.786215 -0.122700 -0.129328
v -0.784316 -0.121002 -0.065888
v -0.781727 -0.119961 -0.008928
v -0.781165 -0.119717 0.047692
v -0.780071 -0.118949 0.100378
v -0.780777 -0.117963 0.163920
v -0.782552 -0.117807 0.271022
v -0.780456 -0.117894 0.373316
v -0.780308 -0.117847 0.373315
v -0.780906 -0.117817 0.422864
v -0.789097 -0.116616 0.578822
v -0.793639 -0.114391 0.796373
v -0.796559 -0.113082 0.881001
v -0.811282 -0.109733 1.065332
v -0.828090 -0.106917 1.213723
v -0.834768 -0.105758 1.281477
v -0.847265 -0.102795 1.467163
v -0.851191 -0.102381 1.514292
v -0.853612 -0.102440 1.536811
v -0.853842 -0.101523 1.536652
v -0.867786 -0.094376 1.658804
v -0.867950 -0.090291 1.658478
v -0.867965 -0.090294 1.658480
v -0.868709 -0.054530 1.656199
v -0.868227 -0.025273 1.654518
v -0.865888 0.004642 1.652817
v -0.860558 0.038973 1.651579
v -0.852404 0.075391 1.650116
v -0.845487 0.098688 1.649155
v -0.838040 0.120235 1.648270
v -0.828700 0.143230 1.647310
v -0.818502 0.165137 1.646373
v -0.807521 0.185889 1.645421
v -0.794596 0.206802 1.644440
v -0.781020 0.226422 1.643483
v -0.766557 0.244563 1.642548
v -0.749875 0.262897 1.641559
v -0.732551 0.279468 1.640633
v -0.706316 0.301588 1.639348
v -0.667729 0.329793 1.637534
v -0.629239 0.355151 1.635703
v -0.595742 0.376100 1.634068
v -0.595841 0.376257 1.634071
v -0.456179 0.459812 1.627021
v -0.325271 0.536963 1.621035
v -0.278009 0.563494 1.619039
v -0.227743 0.590252 1.617145
v -0.186167 0.609538 1.615799
v -0.152413 0.622588 1.614894
v -0.129902 0.630089 1.614369
v -0.107123 0.636316 1.613932
v -0.083983 0.641183 1.613598
v -0.059392 0.644651 1.613366
v -0.035843 0.646522 1.613227
v -0.012076 0.645756 1.613272
v 0.012022 0.643924 1.613368
v 0.036166 0.639854 1.613592
v 0.058364 0.634743 1.613879
v 0.082018 0.627927 1.614237
v 0.115148 0.616520 1.614834
v 0.169406 0.592991 1.616078
v 0.224275 0.564429 1.617374
v 0.385154 0.476732 1.622523
v 0.575785 0.375497 1.629918
v 0.575615 0.375188 1.629902
v 0.619868 0.350557 1.631528
v 0.651540 0.331489 1.632571
v 0.680722 0.312287 1.633472
v 0.701185 0.297562 1.634081
v 0.719622 0.282667 1.634618
v 0.738241 0.265617 1.635202
v 0.754918 0.248043 1.635792
v 0.770696 0.229357 1.636452
v 0.785547 0.208534 1.636884
v 0.797668 0.188990 1.637304
v 0.810142 0.166222 1.637818
v 0.820171 0.144474 1.638347
v 0.829477 0.121091 1.638947
v 0.837091 0.098211 1.639539
v 0.844186 0.074373 1.640181
v 0.849760 0.050697 1.640833
v 0.853935 0.027178 1.641498
v 0.857161 0.002195 1.642277
v 0.859167 -0.022287 1.643244
v 0.860180 -0.060336 1.644887
v 0.859588 -0.095542 1.646768
v 0.859658 -0.095386 1.646741
v 0.848572 -0.100760 1.524259
v 0.848659 -0.101579 1.524314
v 0.844515 -0.102837 1.459181
v 0.838819 -0.106667 1.316977
v 0.831458 -0.110217 1.179705
v 0.818736 -0.114906 0.992120
v 0.796147 -0.122489 0.674519
v 0.779133 -0.129972 0.404278
v 0.778573 -0.131404 0.360326
v 0.778564 -0.131187 0.360320
v 0.778985 -0.132060 0.325787
v 0.781862 -0.132987 0.279509
v 0.787552 -0.133835 0.219526
v 0.799295 -0.134904 0.106663
v 0.806142 -0.135734 0.024470
v 0.811960 -0.136774 -0.072074
v 0.813386 -0.136631 -0.138989
v 0.812233 -0.136087 -0.193380
v 0.803844 -0.136477 -0.312677
v 0.791709 -0.141198 -0.437488
v 0.791446 -0.146218 -0.517838
v 0.794509 -0.148665 -0.542142
v 0.805952 -0.152109 -0.564025
v 0.805871 -0.151973 -0.563955
v 0.807444 -0.123738 -0.567759
v 0.810547 -0.083890 -0.577483
v 0.817884 -0.047196 -0.589967
v 0.822723 -0.022749 -0.599434
v 0.834531 0.027908 -0.617865
v 0.856450 0.097912 -0.646483
v 0.856513 0.097886 -0.646482
v 0.865820 0.121299 -0.657456
v 0.875005 0.141795 -0.671430
v 0.885001 0.158925 -0.688369
v 0.895581 0.173671 -0.707582
v 0.906310 0.186022 -0.727531
v 0.917280 0.196661 -0.748226
v 0.928334 0.205488 -0.769295
v 0.939092 0.212623 -0.790971
v 0.949464 0.217733 -0.812764
v 0.959497 0.220907 -0.835052
v 0.968849 0.222310 -0.857544
v 0.977747 0.222112 -0.880011
v 0.991738 0.219226 -0.917642
v 1.005090 0.213457 -0.957948
v 1.034724 0.192186 -1.047039
v 1.045257 0.181827 -1.076043
v 1.052899 0.173055 -1.096123
v 1.059891 0.163213 -1.115031
v 1.066862 0.151743 -1.133048
v 1.073298 0.138652 -1.150019
v 1.078058 0.122644 -1.165044
v 1.078032 0.122652 -1.165054
v 1.083449 0.100079 -1.182594
v 1.089763 0.067165 -1.204475
v 1.093626 0.041686 -1.217946
v 1.093349 0.041758 -1.218169
v 1.095783 0.022657 -1.226861
v 1.097725 0.002838 -1.234381
v 1.099089 -0.017622 -1.240797
v 1.100801 -0.049833 -1.248477
v 1.101439 -0.081407 -1.253534
v 1.101362 -0.103237 -1.256013
v 1.101364 -0.103234 -1.256004
v 1.084402 -0.102878 -1.275723
v 1.066739 -0.102777 -1.294256
v 1.042291 -0.103321 -1.317998
v 1.012060 -0.104527 -1.345180
v 0.993430 -0.105314 -1.360560
v 0.953691 -0.106959 -1.388473
v 0.932943 -0.108066 -1.400564
v 0.900940 -0.110130 -1.416914
v 0.854153 -0.113318 -1.437245
v 0.682689 -0.131097 -1.505204
v 0.505497 -0.143417 -1.578795
v 0.446816 -0.144596 -1.605177
v 0.424543 -0.144878 -1.616554
v 0.424539 -0.144877 -1.616556
v 0.428273 -0.125579 -1.611089
v 0.430240 -0.106871 -1.603930
v 0.429279 -0.075998 -1.587994
v 0.424885 -0.047658 -1.571411
v 0.417244 -0.018931 -1.552399
v 0.417367 -0.018926 -1.552341
v 0.410367 -0.000914 -1.540817
v 0.401777 0.017508 -1.528508
v 0.392940 0.034614 -1.517160
v 0.382885 0.051991 -1.505607
v 0.370734 0.070637 -1.493433
v 0.357284 0.089205 -1.481335
v 0.342814 0.106699 -1.469971
v 0.327499 0.123567 -1.459341
v 0.310751 0.140299 -1.449021
v 0.293579 0.155915 -1.439334
v 0.275640 0.171055 -1.430325
v 0.256268 0.185350 -1.421240
v 0.236398 0.198522 -1.413061
v 0.215554 0.210957 -1.405712
v 0.193673 0.221913 -1.399056
v 0.171364 0.231891 -1.393262
v 0.148189 0.240847 -1.388184
v 0.124462 0.247980 -1.383322
v 0.099996 0.254193 -1.379353
v 0.075660 0.258798 -1.376028
v 0.051078 0.262033 -1.373610
v 0.025392 0.264360 -1.372058
v 0.000194 0.265036 -1.371329
v 0.000180 0.265018 -1.371332
v -0.025163 0.264405 -1.372449
v -0.050460 0.262581 -1.374340
v -0.075347 0.259799 -1.377084
v -0.100044 0.256182 -1.380630
v -0.124575 0.250579 -1.384901
v -0.147930 0.243474 -1.389542
v -0.171256 0.235296 -1.395017
v -0.193657 0.226018 -1.401204
v -0.215340 0.214949 -1.407899
v -0.236343 0.202869 -1.415883
v -0.255972 0.190139 -1.423945
v -0.275323 0.176173 -1.432879
v -0.293537 0.161220 -1.442347
v -0.310553 0.145611 -1.452127
v -0.326597 0.129298 -1.462243
v -0.342090 0.111991 -1.473252
v -0.356461 0.094126 -1.484877
v -0.369165 0.076044 -1.496459
v -0.381270 0.057030 -1.508887
v -0.390958 0.039506 -1.520440
v -0.399573 0.021714 -1.532300
v -0.407114 0.004093 -1.544063
v -0.414002 -0.014762 -1.556402
v -0.414117 -0.014763 -1.556368
v -0.421410 -0.043385 -1.575289
v -0.426095 -0.074765 -1.593866
v -0.427184 -0.102346 -1.608324
v -0.424898 -0.121303 -1.615516
v -0.421062 -0.140788 -1.620964
v -0.421148 -0.140624 -1.620750
v -0.489568 -0.137170 -1.589975
v -0.556075 -0.131665 -1.564934
v -0.615502 -0.125935 -1.539805
v -0.744117 -0.112332 -1.488282
v -0.897944 -0.097290 -1.422903
v -0.926839 -0.095592 -1.408220
v -0.959359 -0.094609 -1.389693
v -0.990018 -0.094745 -1.369666
v -1.009430 -0.094952 -1.355041
v -1.035631 -0.095102 -1.333163
v -1.071973 -0.096162 -1.298366
v -1.100168 -0.098023 -1.267922
v -1.100257 -0.098039 -1.267824
v -1.100519 -0.075828 -1.264783
v -1.100294 -0.054569 -1.260934
v -1.099790 -0.033610 -1.256014
v -1.098945 -0.012515 -1.249843
v -1.097799 0.007272 -1.242875
v -1.096276 0.026838 -1.234422
v -1.094395 0.045838 -1.225075
v 0.133610 0.608958 1.615303
v -0.802262 -0.111516 0.969533
v -0.867897 -0.094125 1.658793
v 1.020197 0.203673 -1.005097
v -0.847973 -0.101237 -1.445113
v -0.793044 -0.137552 -0.428768
v 0.790275 -0.143686 -0.484187
v 0.893070 -0.156220 -0.303544
v 0.893633 -0.149512 -0.302999
v 0.894654 -0.144454 -0.300963
v 0.895430 -0.136229 -0.300553
v 0.896268 -0.135498 -0.300641
v 0.897408 -0.130772 -0.298738
v 0.896817 -0.129908 -0.298584
v 0.898711 -0.121833 -0.298462
v 0.900359 -0.117051 -0.296678
v 0.899774 -0.116151 -0.296495
v 0.901659 -0.108076 -0.296380
v 0.903246 -0.103043 -0.294554
v 0.905259 -0.094581 -0.294602
v 0.907029 -0.089500 -0.292754
v 0.909026 -0.081474 -0.292766
v 0.909911 -0.080949 -0.292968
v 0.911505 -0.076170 -0.291233
v 0.914004 -0.067796 -0.291393
v 0.916362 -0.062871 -0.289768
v 0.919880 -0.054572 -0.290341
v 0.919010 -0.054945 -0.290148
v 0.922281 -0.050211 -0.288909
v 0.921905 -0.049139 -0.288744
v 0.925459 -0.041798 -0.289332
v 0.928382 -0.037471 -0.288108
v 0.928068 -0.036408 -0.287951
v 0.931289 -0.029482 -0.288602
v 0.932196 -0.029129 -0.288840
v 0.934531 -0.024469 -0.287418
v 0.937862 -0.017131 -0.288120
v 0.938869 -0.016681 -0.288371
v 0.941304 -0.012119 -0.287049
v 0.944762 -0.004717 -0.287930
v 0.945775 -0.004364 -0.288187
v 0.948607 -0.000188 -0.287054
v 0.948388 0.000832 -0.287003
v 0.952462 0.007830 -0.288064
v 0.955509 0.012404 -0.287070
v 0.959909 0.019863 -0.288469
v 0.963221 0.024245 -0.287652
v 0.967649 0.031628 -0.289033
v 0.971128 0.035964 -0.288421
v 0.976007 0.043011 -0.290163
v 0.979622 0.047167 -0.289632
v 0.984071 0.053817 -0.291366
v 0.985071 0.054052 -0.291662
v 0.988432 0.058198 -0.291101
v 0.993888 0.064691 -0.293374
v 1.003754 0.074508 -0.295641
v 0.997837 0.068566 -0.293128
v 1.008056 0.077619 -0.295548
v 1.008108 0.078658 -0.295661
v 1.014241 0.083700 -0.298169
v 1.018774 0.086502 -0.298221
v 1.018879 0.087623 -0.298358
v 1.025359 0.092004 -0.301119
v 1.030303 0.094627 -0.301092
v 1.036812 0.099057 -0.303787
v 1.037720 0.098796 -0.304153
v 1.042547 0.102188 -0.304368
v 1.042238 0.101196 -0.304184
v 1.049555 0.105543 -0.307219
v 1.054701 0.107768 -0.307506
v 1.062139 0.111237 -0.310647
v 1.067380 0.112602 -0.310981
v 1.067833 0.113625 -0.311197
v 1.075365 0.115797 -0.314416
v 1.074554 0.116184 -0.314102
v 1.080235 0.117767 -0.314656
v 1.087891 0.120582 -0.318109
v 1.093174 0.121583 -0.318490
v 1.093598 0.122399 -0.318669
v 1.100347 0.124599 -0.321788
v 1.101247 0.124129 -0.322148
v 1.106147 0.125443 -0.322447
v 1.106680 0.126388 -0.322703
v 1.114046 0.128161 -0.326120
v 1.119287 0.129375 -0.326661
v 1.127114 0.131358 -0.330285
v 1.132361 0.132001 -0.330851
v 1.132828 0.132827 -0.331109
v 1.140535 0.133839 -0.334756
v 1.139721 0.134358 -0.334416
v 1.145627 0.135321 -0.335257
v 1.153420 0.136835 -0.339030
v 1.158733 0.137849 -0.339587
v 1.166529 0.139407 -0.343383
v 1.171931 0.140257 -0.344023
v 1.179161 0.141890 -0.347561
v 1.179982 0.141296 -0.347919
v 1.185125 0.142588 -0.348372
v 1.192334 0.143976 -0.351958
v 1.193183 0.143386 -0.352325
v 1.198179 0.144029 -0.352775
v 1.198751 0.144863 -0.353016
v 1.206409 0.145325 -0.356742
v 1.205698 0.145897 -0.356441
v 1.211550 0.146261 -0.357220
v 1.219403 0.147421 -0.360984
v 1.224805 0.147857 -0.361637
v 1.232719 0.148853 -0.365323
v 1.238085 0.149239 -0.365900
v 1.245378 0.150378 -0.369385
v 1.246206 0.149708 -0.369763
v 1.251406 0.150484 -0.370283
v 1.259344 0.151093 -0.373888
v 1.264597 0.150848 -0.374398
v 1.265165 0.151530 -0.374608
v 1.272639 0.151916 -0.378064
v 1.277971 0.151524 -0.378579
v 1.286084 0.152297 -0.382197
v 1.278558 0.152217 -0.378879
v 1.291375 0.151754 -0.382664
v 1.292078 0.152473 -0.382994
v 1.298993 0.152421 -0.386029
v 1.299690 0.151694 -0.386375
v 1.304763 0.151547 -0.386690
v 1.305360 0.152185 -0.386922
v 1.312402 0.151971 -0.390001
v 1.313095 0.151154 -0.390322
v 1.318154 0.150761 -0.390583
v 1.318895 0.151428 -0.390882
v 1.326236 0.150164 -0.394181
v 1.331718 0.149316 -0.394460
v 1.339026 0.148472 -0.397622
v 1.339685 0.147631 -0.397896
v 1.344727 0.146843 -0.398123
v 1.352780 0.144960 -0.401276
v 1.345490 0.147453 -0.398457
v 1.358024 0.143210 -0.401532
v 1.365276 0.141064 -0.404900
v 1.365540 0.139835 -0.405039
v 1.369867 0.137239 -0.405026
v 1.371093 0.137469 -0.405545
v 1.376352 0.131901 -0.407641
v 1.380213 0.128116 -0.407619
v 1.386026 0.122230 -0.410412
v 1.388842 0.117543 -0.409606
v 1.389404 0.117576 -0.409833
v 1.393535 0.110608 -0.412027
v 1.396089 0.106006 -0.411467
v 1.397480 0.105503 -0.412090
v 1.398989 0.097805 -0.413577
v 1.400502 0.092423 -0.412429
v 1.401557 0.084065 -0.413578
v 1.402492 0.078772 -0.412546
v 1.403360 0.070873 -0.413563
v 1.402632 0.069874 -0.413407
v 1.403325 0.064935 -0.412184
v 1.404081 0.064164 -0.412504
v 1.404008 0.056138 -0.413247
v 1.404494 0.050835 -0.411993
v 1.404202 0.042265 -0.412502
v 1.404314 0.036880 -0.411125
v 1.403810 0.028417 -0.411628
v 1.403756 0.023007 -0.410111
v 1.403013 0.015046 -0.410521
v 1.402293 0.014385 -0.410295
v 1.402251 0.009462 -0.408749
v 1.402805 0.008738 -0.408977
v 1.401643 0.000814 -0.409194
v 1.400923 -0.004320 -0.407380
v 1.401485 -0.005188 -0.407631
v 1.400003 -0.013033 -0.407659
v 1.399751 -0.018297 -0.406026
v 1.398456 -0.026735 -0.406145
v 1.397639 -0.031744 -0.404269
v 1.398156 -0.032466 -0.404505
v 1.396984 -0.039844 -0.404505
v 1.396139 -0.040539 -0.404286
v 1.396231 -0.045710 -0.402734
v 1.394744 -0.054095 -0.402603
v 1.394423 -0.059380 -0.400887
v 1.392831 -0.067696 -0.400801
v 1.392419 -0.072885 -0.399000
v 1.391408 -0.080732 -0.398990
v 1.390552 -0.081450 -0.398735
v 1.390203 -0.086293 -0.396942
v 1.390791 -0.087226 -0.397167
v 1.389161 -0.094965 -0.396927
v 1.388834 -0.100179 -0.395157
v 1.387794 -0.108068 -0.395021
v 1.386965 -0.108715 -0.394791
v 1.387107 -0.113890 -0.393111
v 1.386037 -0.121756 -0.392977
v 1.385265 -0.122352 -0.392737
v 1.385316 -0.127429 -0.390968
v 1.384077 -0.135846 -0.390781
v 1.383219 -0.140857 -0.388760
v 1.383795 -0.141778 -0.388948
v 1.382549 -0.149069 -0.388686
v 1.381809 -0.149617 -0.388464
v 1.381842 -0.154692 -0.386720
v 1.380477 -0.163129 -0.386378
v 1.379604 -0.168080 -0.384349
v 1.380174 -0.169011 -0.384550
v 1.378435 -0.176761 -0.384079
v 1.377535 -0.181671 -0.382012
v 1.378032 -0.182431 -0.382162
v 1.376701 -0.189723 -0.381869
v 1.375800 -0.190411 -0.381606
v 1.375691 -0.195552 -0.379735
v 1.374170 -0.203327 -0.379386
v 1.373345 -0.203918 -0.379127
v 1.372703 -0.208714 -0.377131
v 1.373240 -0.209730 -0.377316
v 1.371010 -0.217375 -0.376686
v 1.369993 -0.222369 -0.374577
v 1.368160 -0.230137 -0.374160
v 1.367212 -0.230704 -0.373890
v 1.366062 -0.235335 -0.371755
v 1.366486 -0.236364 -0.371900
v 1.364079 -0.243330 -0.371279
v 1.363212 -0.243763 -0.371036
v 1.362195 -0.248672 -0.368901
v 1.359226 -0.256705 -0.368188
v 1.357418 -0.261547 -0.365905
v 1.354465 -0.268891 -0.365134
v 1.353452 -0.269312 -0.364891
v 1.352060 -0.274101 -0.362692
v 1.348575 -0.281858 -0.361870
v 1.346320 -0.286563 -0.359336
v 1.342699 -0.293531 -0.358501
v 1.341730 -0.293844 -0.358270
v 1.339779 -0.298419 -0.355991
v 1.335693 -0.305172 -0.355024
v 1.334622 -0.305422 -0.354758
v 1.332478 -0.309839 -0.352382
v 1.328129 -0.316423 -0.351337
v 1.327029 -0.316648 -0.351083
v 1.324592 -0.320971 -0.348719
v 1.319927 -0.327375 -0.347614
v 1.318845 -0.327466 -0.347345
v 1.316226 -0.331628 -0.344851
v 1.310708 -0.338023 -0.343655
v 1.307509 -0.342084 -0.340997
v 1.301458 -0.347999 -0.339700
v 1.297992 -0.351607 -0.337099
v 1.291755 -0.357384 -0.335791
v 1.288023 -0.360822 -0.333243
v 1.281503 -0.366283 -0.331766
v 1.277445 -0.368949 -0.329200
v 1.277336 -0.369871 -0.329151
v 1.271509 -0.374451 -0.328024
v 1.270381 -0.374338 -0.327823
v 1.266728 -0.377597 -0.325200
v 1.260376 -0.382329 -0.323972
v 1.259318 -0.382158 -0.323823
v 1.248333 -0.389840 -0.319879
v 1.255557 -0.385300 -0.321343
v 1.243832 -0.391799 -0.317379
v 1.243539 -0.392823 -0.317276
v 1.236996 -0.396404 -0.316168
v 1.236033 -0.396124 -0.316020
v 1.231954 -0.398722 -0.313490
v 1.225080 -0.402647 -0.312339
v 1.224023 -0.402356 -0.312169
v 1.219663 -0.404726 -0.309544
v 1.211394 -0.407698 -0.308332
v 1.212375 -0.408096 -0.308497
v 1.207020 -0.409372 -0.305856
v 1.206648 -0.410268 -0.305816
v 1.198978 -0.412886 -0.304562
v 1.194139 -0.414423 -0.302098
v 1.186691 -0.417466 -0.301034
v 1.185702 -0.416999 -0.300924
v 1.181125 -0.418230 -0.298454
v 1.180682 -0.419104 -0.298296
v 1.173516 -0.421259 -0.297375
v 1.172536 -0.420796 -0.297284
v 1.167769 -0.422475 -0.294818
v 1.159509 -0.424415 -0.293846
v 1.154361 -0.425490 -0.291293
v 1.145643 -0.426674 -0.290329
v 1.146458 -0.427213 -0.290397
v 1.140708 -0.427914 -0.287969
v 1.132779 -0.429226 -0.287018
v 1.131930 -0.428585 -0.286984
v 1.127137 -0.428797 -0.284736
v 1.126529 -0.429525 -0.284601
v 1.119104 -0.430334 -0.283859
v 1.118178 -0.429676 -0.283832
v 1.113317 -0.429847 -0.281617
v 1.112722 -0.430492 -0.281429
v 1.104657 -0.430782 -0.280698
v 1.099345 -0.430651 -0.278480
v 1.090712 -0.430908 -0.277712
v 1.085388 -0.430443 -0.275482
v 1.077418 -0.430251 -0.274880
v 1.076584 -0.429424 -0.274909
v 1.071490 -0.429261 -0.272698
v 1.062796 -0.428388 -0.272246
v 1.057876 -0.426603 -0.270283
v 1.057053 -0.427152 -0.270164
v 1.049070 -0.425377 -0.269818
v 1.043897 -0.423941 -0.267979
v 1.035383 -0.422032 -0.267676
v 1.030665 -0.419464 -0.265967
v 1.029642 -0.419901 -0.265828
v 1.022013 -0.417086 -0.265838
v 1.016980 -0.415021 -0.264078
v 1.009427 -0.412218 -0.264110
v 1.008915 -0.411233 -0.264300
v 1.004103 -0.409167 -0.262535
v 0.996088 -0.405691 -0.262966
v 0.991400 -0.402774 -0.261440
v 0.983918 -0.398320 -0.261937
v 0.979494 -0.395001 -0.260614
v 0.972221 -0.390935 -0.261297
v 0.972097 -0.389879 -0.261417
v 0.967831 -0.386579 -0.260024
v 0.961013 -0.381088 -0.260860
v 0.957566 -0.376903 -0.259822
v 0.956515 -0.376941 -0.259747
v 0.950585 -0.371338 -0.260708
v 0.947155 -0.366984 -0.259666
v 0.946160 -0.366876 -0.259596
v 0.940874 -0.360724 -0.260843
v 0.938026 -0.355981 -0.260139
v 0.936909 -0.355868 -0.260107
v 0.932341 -0.349095 -0.261727
v 0.929963 -0.344072 -0.261171
v 0.928832 -0.343795 -0.261117
v 0.924661 -0.336940 -0.263012
v 0.922076 -0.331869 -0.262607
v 0.917975 -0.324276 -0.264515
v 0.916025 -0.318883 -0.264377
v 0.912593 -0.311201 -0.266642
v 0.910807 -0.305766 -0.266434
v 0.907614 -0.298397 -0.268855
v 0.908019 -0.297623 -0.269167
v 0.906645 -0.292494 -0.269004
v 0.905594 -0.291896 -0.269090
v 0.903494 -0.284417 -0.271681
v 0.902866 -0.278966 -0.271810
v 0.902035 -0.278443 -0.271864
v 0.900012 -0.271522 -0.274345
v 0.900529 -0.270610 -0.274782
v 0.899747 -0.265360 -0.274846
v 0.897288 -0.257749 -0.277506
v 0.898904 -0.264787 -0.274981
v 0.897868 -0.256935 -0.277911
v 0.896820 -0.251519 -0.277973
v 0.895105 -0.244029 -0.280837
v 0.895660 -0.243242 -0.281212
v 0.895201 -0.237955 -0.281420
v 0.894368 -0.237290 -0.281551
v 0.893522 -0.230122 -0.284362
v 0.894086 -0.229468 -0.284735
v 0.893523 -0.223966 -0.284957
v 0.892549 -0.216458 -0.287906
v 0.893238 -0.215647 -0.288346
v 0.892794 -0.210176 -0.288559
v 0.891980 -0.202683 -0.291484
v 0.892724 -0.201832 -0.291922
v 0.892451 -0.196364 -0.292180
v 0.892146 -0.188258 -0.295354
v 0.892349 -0.182586 -0.295803
v 0.892253 -0.174429 -0.299017
v 0.892599 -0.168601 -0.299515
v 0.892741 -0.155985 -0.304436
v 0.896035 -0.155813 -0.288682
v 0.896649 -0.153175 -0.287983
v 0.897489 -0.148161 -0.285958
v 0.898510 -0.139920 -0.285670
v 0.899278 -0.139282 -0.285741
v 0.900434 -0.134579 -0.283855
v 0.899829 -0.133708 -0.283669
v 0.901571 -0.125535 -0.283468
v 0.903423 -0.120714 -0.281746
v 0.902862 -0.119857 -0.281570
v 0.904879 -0.111771 -0.281521
v 0.906531 -0.106732 -0.279783
v 0.908718 -0.098132 -0.279680
v 0.911034 -0.093462 -0.278162
v 0.910566 -0.092510 -0.278004
v 0.913592 -0.084628 -0.278267
v 0.912773 -0.085103 -0.278111
v 0.915028 -0.079679 -0.276411
v 0.917490 -0.071756 -0.276702
v 0.918398 -0.071239 -0.276850
v 0.920490 -0.066712 -0.275282
v 0.920071 -0.065747 -0.275139
v 0.923128 -0.058037 -0.275449
v 0.925658 -0.053240 -0.273985
v 0.928968 -0.045137 -0.274546
v 0.931619 -0.040346 -0.273212
v 0.935126 -0.032333 -0.273826
v 0.938181 -0.027932 -0.272628
v 0.937867 -0.027090 -0.272504
v 0.941186 -0.020124 -0.273235
v 0.942216 -0.019710 -0.273484
v 0.944539 -0.014848 -0.272144
v 0.949046 -0.007172 -0.273218
v 0.948131 -0.007481 -0.272991
v 0.951587 -0.002615 -0.272064
v 0.955149 0.004703 -0.273102
v 0.956192 0.005087 -0.273349
v 0.958684 0.009676 -0.272232
v 0.962433 0.016948 -0.273379
v 0.963551 0.017294 -0.273660
v 0.966246 0.021876 -0.272655
v 0.970292 0.028897 -0.274021
v 0.971254 0.029165 -0.274247
v 0.979086 0.040807 -0.275159
v 0.974103 0.034403 -0.273327
v 0.974198 0.033357 -0.273339
v 0.982520 0.045047 -0.274570
v 0.987592 0.052011 -0.276473
v 0.991276 0.056246 -0.276116
v 0.996897 0.062647 -0.278359
v 1.000986 0.066092 -0.278105
v 1.006716 0.072833 -0.280435
v 1.000967 0.067220 -0.278235
v 1.011190 0.075798 -0.280461
v 1.017401 0.081785 -0.283138
v 1.011265 0.076738 -0.280543
v 1.021748 0.085098 -0.283092
v 1.028416 0.090403 -0.285893
v 1.033395 0.092980 -0.286010
v 1.039790 0.097426 -0.288708
v 1.040797 0.097225 -0.289079
v 1.045541 0.100767 -0.289194
v 1.045240 0.099805 -0.289088
v 1.052612 0.104154 -0.292129
v 1.057702 0.106345 -0.292316
v 1.065032 0.110075 -0.295382
v 1.070796 0.112535 -0.295851
v 1.070327 0.111569 -0.295642
v 1.078044 0.114971 -0.299093
v 1.083177 0.116709 -0.299420
v 1.090039 0.119660 -0.302509
v 1.091141 0.119252 -0.302932
v 1.096078 0.120633 -0.303220
v 1.096480 0.121452 -0.303418
v 1.103827 0.123608 -0.306750
v 1.109069 0.124567 -0.307153
v 1.109634 0.125542 -0.307437
v 1.116991 0.127289 -0.310778
v 1.122211 0.127980 -0.311277
v 1.122752 0.128857 -0.311551
v 1.130151 0.130363 -0.315039
v 1.135412 0.131501 -0.315569
v 1.142683 0.133459 -0.319080
v 1.143557 0.132882 -0.319443
v 1.148635 0.134333 -0.319928
v 1.156495 0.135898 -0.323728
v 1.161808 0.136888 -0.324313
v 1.169669 0.138322 -0.328073
v 1.174931 0.138632 -0.328677
v 1.182835 0.140589 -0.332468
v 1.175394 0.139385 -0.328924
v 1.188282 0.141268 -0.333166
v 1.196189 0.142472 -0.336938
v 1.201572 0.143209 -0.337612
v 1.209398 0.144291 -0.341376
v 1.214837 0.144884 -0.342034
v 1.222713 0.145917 -0.345730
v 1.228053 0.146430 -0.346352
v 1.235486 0.147623 -0.349881
v 1.236182 0.146997 -0.350236
v 1.241231 0.147364 -0.350649
v 1.241880 0.148159 -0.350943
v 1.249281 0.148718 -0.354375
v 1.254549 0.148648 -0.354960
v 1.255139 0.149373 -0.355220
v 1.262653 0.149741 -0.358622
v 1.267913 0.149518 -0.359122
v 1.268651 0.150300 -0.359441
v 1.275958 0.150577 -0.362850
v 1.281463 0.150758 -0.363373
v 1.288810 0.151386 -0.366707
v 1.289575 0.150693 -0.367070
v 1.294704 0.150746 -0.367429
v 1.295352 0.151440 -0.367728
v 1.302824 0.151245 -0.370989
v 1.308139 0.150645 -0.371425
v 1.316323 0.150782 -0.374956
v 1.308899 0.151401 -0.371759
v 1.321604 0.149937 -0.375362
v 1.322391 0.150676 -0.375694
v 1.329866 0.149486 -0.378894
v 1.335306 0.148794 -0.379235
v 1.343175 0.147583 -0.382651
v 1.348353 0.146418 -0.382906
v 1.349181 0.147040 -0.383270
v 1.355899 0.145170 -0.386164
v 1.356520 0.144136 -0.386372
v 1.361476 0.142771 -0.386509
v 1.362277 0.143232 -0.386912
v 1.369346 0.140694 -0.389786
v 1.374737 0.138108 -0.390094
v 1.380371 0.133010 -0.392685
v 1.380459 0.131946 -0.392738
v 1.384437 0.128668 -0.392574
v 1.385471 0.128748 -0.392999
v 1.390802 0.123110 -0.395345
v 1.393890 0.118262 -0.395159
v 1.397768 0.111143 -0.397108
v 1.400802 0.106530 -0.396697
v 1.403661 0.098529 -0.398557
v 1.404765 0.093120 -0.397419
v 1.405931 0.085282 -0.398635
v 1.405365 0.084405 -0.398493
v 1.406499 0.079512 -0.397470
v 1.407230 0.078918 -0.397795
v 1.407714 0.071424 -0.398636
v 1.407042 0.070563 -0.398451
v 1.408209 0.065474 -0.397435
v 1.408558 0.056974 -0.398252
v 1.409151 0.051528 -0.397094
v 1.408692 0.042986 -0.397551
v 1.408454 0.037880 -0.396023
v 1.409074 0.037153 -0.396283
v 1.408323 0.029173 -0.396738
v 1.408336 0.023775 -0.395172
v 1.407297 0.015316 -0.395532
v 1.407305 0.009957 -0.394004
v 1.406133 0.001480 -0.394209
v 1.405526 -0.003527 -0.392466
v 1.406052 -0.004313 -0.392725
v 1.404740 -0.012168 -0.392752
v 1.404363 -0.017456 -0.391137
v 1.403127 -0.025879 -0.391241
v 1.402622 -0.031137 -0.389488
v 1.401304 -0.039540 -0.389537
v 1.400820 -0.044797 -0.387786
v 1.399739 -0.052685 -0.387858
v 1.398900 -0.053348 -0.387573
v 1.398910 -0.058425 -0.385957
v 1.397557 -0.066812 -0.385922
v 1.397041 -0.072109 -0.384145
v 1.395932 -0.079908 -0.384034
v 1.395088 -0.080586 -0.383814
v 1.394758 -0.085431 -0.382010
v 1.395314 -0.086288 -0.382230
v 1.393642 -0.094062 -0.382012
v 1.393328 -0.099322 -0.380132
v 1.391841 -0.107687 -0.380003
v 1.391443 -0.112891 -0.378108
v 1.390444 -0.120764 -0.378035
v 1.389615 -0.121439 -0.377750
v 1.389714 -0.126570 -0.376052
v 1.388337 -0.134955 -0.375747
v 1.387895 -0.140140 -0.373883
v 1.386840 -0.148004 -0.373722
v 1.386010 -0.148676 -0.373451
v 1.386048 -0.153769 -0.371709
v 1.384664 -0.162166 -0.371374
v 1.384125 -0.167423 -0.369466
v 1.382566 -0.175714 -0.369039
v 1.381914 -0.180946 -0.367067
v 1.380362 -0.189326 -0.366685
v 1.379207 -0.194236 -0.364537
v 1.379664 -0.195017 -0.364702
v 1.377714 -0.202845 -0.364188
v 1.377021 -0.208045 -0.362162
v 1.374351 -0.216368 -0.361476
v 1.375144 -0.215949 -0.361722
v 1.373412 -0.221069 -0.359403
v 1.373859 -0.222048 -0.359560
v 1.371315 -0.229550 -0.358864
v 1.369928 -0.234301 -0.356673
v 1.370366 -0.235144 -0.356816
v 1.367455 -0.242669 -0.356016
v 1.365855 -0.247615 -0.353765
v 1.362898 -0.255569 -0.353037
v 1.361272 -0.260556 -0.350736
v 1.357668 -0.268234 -0.349912
v 1.355479 -0.272660 -0.347494
v 1.355781 -0.273511 -0.347580
v 1.352694 -0.280316 -0.346836
v 1.351717 -0.280704 -0.346575
v 1.349931 -0.285464 -0.344261
v 1.345967 -0.292375 -0.343369
v 1.345044 -0.292616 -0.343104
v 1.342924 -0.296796 -0.340744
v 1.343126 -0.297966 -0.340830
v 1.338621 -0.304461 -0.339702
v 1.335862 -0.308675 -0.337193
v 1.330973 -0.315639 -0.336035
v 1.327963 -0.319474 -0.333485
v 1.328103 -0.320404 -0.333526
v 1.323505 -0.326270 -0.332441
v 1.322347 -0.326422 -0.332170
v 1.319481 -0.330102 -0.329677
v 1.319514 -0.331192 -0.329687
v 1.314111 -0.336944 -0.328429
v 1.310956 -0.340890 -0.325841
v 1.304813 -0.346849 -0.324537
v 1.301039 -0.349930 -0.321885
v 1.300989 -0.350977 -0.321892
v 1.294980 -0.356177 -0.320572
v 1.291160 -0.359540 -0.317935
v 1.284546 -0.364836 -0.316574
v 1.280501 -0.367534 -0.313966
v 1.280392 -0.368555 -0.313935
v 1.273814 -0.373262 -0.312613
v 1.269641 -0.375671 -0.310011
v 1.269459 -0.376679 -0.309932
v 1.262712 -0.380957 -0.308704
v 1.258597 -0.383921 -0.306047
v 1.250806 -0.388047 -0.304672
v 1.251852 -0.388304 -0.304884
v 1.246791 -0.390937 -0.302138
v 1.239223 -0.394848 -0.300827
v 1.234812 -0.396827 -0.298216
v 1.234443 -0.397809 -0.298103
v 1.227565 -0.400862 -0.297015
v 1.226622 -0.400488 -0.296891
v 1.222377 -0.402757 -0.294359
v 1.215191 -0.406320 -0.293209
v 1.214163 -0.405947 -0.293064
v 1.209756 -0.407692 -0.290568
v 1.209275 -0.408635 -0.290481
v 1.201627 -0.411041 -0.289350
v 1.196812 -0.412698 -0.286887
v 1.188635 -0.415638 -0.285577
v 1.183656 -0.416878 -0.283159
v 1.175402 -0.419259 -0.282059
v 1.170427 -0.420549 -0.279555
v 1.161662 -0.422167 -0.278485
v 1.162557 -0.422716 -0.278585
v 1.156970 -0.422979 -0.276130
v 1.156328 -0.423872 -0.276024
v 1.148370 -0.425110 -0.275076
v 1.143444 -0.425542 -0.272706
v 1.142810 -0.426419 -0.272592
v 1.135206 -0.427303 -0.271802
v 1.134358 -0.426633 -0.271751
v 1.120787 -0.428218 -0.268604
v 1.129400 -0.427417 -0.269392
v 1.115470 -0.428465 -0.266225
v 1.107409 -0.428879 -0.265543
v 1.106643 -0.428214 -0.265497
v 1.101817 -0.428123 -0.263293
v 1.101113 -0.428839 -0.263191
v 1.093093 -0.428911 -0.262428
v 1.087665 -0.428279 -0.260282
v 1.079064 -0.427710 -0.259658
v 1.074045 -0.426569 -0.257571
v 1.073097 -0.427314 -0.257444
v 1.065672 -0.426440 -0.256961
v 1.064936 -0.425634 -0.256964
v 1.060183 -0.424249 -0.255061
v 1.059321 -0.424809 -0.254928
v 1.051905 -0.423274 -0.254685
v 1.051266 -0.422439 -0.254730
v 1.046156 -0.421597 -0.252724
v 1.037687 -0.419186 -0.252563
v 1.033012 -0.416742 -0.250865
v 1.032007 -0.417185 -0.250748
v 1.024409 -0.414412 -0.250729
v 1.019703 -0.411930 -0.248998
v 1.018699 -0.412297 -0.248883
v 1.011735 -0.409058 -0.249116
v 1.011364 -0.408130 -0.249279
v 1.006581 -0.405966 -0.247553
v 0.998648 -0.402353 -0.247892
v 0.993912 -0.399226 -0.246373
v 0.986590 -0.394229 -0.247128
v 0.986869 -0.395181 -0.246962
v 0.982503 -0.391174 -0.245773
v 0.981463 -0.391391 -0.245643
v 0.974964 -0.387334 -0.246146
v 0.974745 -0.386225 -0.246397
v 0.970501 -0.382914 -0.245050
v 0.963905 -0.376945 -0.246074
v 0.963997 -0.377863 -0.245835
v 0.960281 -0.373205 -0.244911
v 0.959372 -0.373289 -0.244828
v 0.953182 -0.367733 -0.245678
v 0.949688 -0.363160 -0.244890
v 0.943864 -0.356781 -0.246143
v 0.940507 -0.352160 -0.245298
v 0.935404 -0.345739 -0.246813
v 0.935569 -0.344703 -0.247148
v 0.932377 -0.340188 -0.246308
v 0.927690 -0.332665 -0.248191
v 0.927492 -0.333655 -0.247944
v 0.925519 -0.327827 -0.247685
v 0.924446 -0.327478 -0.247671
v 0.921177 -0.320144 -0.249895
v 0.919693 -0.314787 -0.249680
v 0.918711 -0.314354 -0.249708
v 0.915844 -0.306965 -0.252026
v 0.914565 -0.301612 -0.251926
v 0.913647 -0.301195 -0.251966
v 0.911045 -0.293690 -0.254402
v 0.910125 -0.288214 -0.254442
v 0.909033 -0.287537 -0.254530
v 0.907005 -0.280092 -0.257101
v 0.906366 -0.274623 -0.257222
v 0.903633 -0.266462 -0.260025
v 0.905484 -0.274114 -0.257278
v 0.903186 -0.260973 -0.260205
v 0.902219 -0.260276 -0.260325
v 0.900789 -0.252750 -0.263140
v 0.899912 -0.247071 -0.263362
v 0.898568 -0.238951 -0.266476
v 0.898593 -0.233447 -0.266808
v 0.897720 -0.232782 -0.266934
v 0.896928 -0.225107 -0.269988
v 0.896696 -0.219371 -0.270314
v 0.896373 -0.211078 -0.273744
v 0.895728 -0.211828 -0.273360
v 0.896414 -0.205715 -0.274004
v 0.895510 -0.197377 -0.277173
v 0.895688 -0.205079 -0.274163
v 0.896163 -0.191868 -0.277619
v 0.895380 -0.191071 -0.277775
v 0.895470 -0.183523 -0.280834
v 0.895743 -0.177818 -0.281228
v 0.895351 -0.170246 -0.284240
v 0.896078 -0.169545 -0.284659
v 0.896417 -0.164191 -0.284982
v 0.895769 -0.163195 -0.285176
v 0.895712 -0.155670 -0.288756
v 0.896326 -0.155772 -0.289081
v 0.896314 -0.155772 -0.289081
v 0.896314 -0.155772 -0.289081
v 0.896314 -0.155772 -0.289081
v 0.896314 -0.155772 -0.289081
v 0.896314 -0.155772 -0.289081
v 0.896314 -0.155772 -0.289081
v 0.896194 -0.155762 -0.289044
v 0.896098 -0.155751 -0.289032
v 0.896050 -0.155752 -0.289020
v 0.896074 -0.155752 -0.289020
v 0.896146 -0.155763 -0.289032
v 0.896314 -0.155772 -0.289081
v 0.896314 -0.155772 -0.289081
v 0.896218 -0.155762 -0.289056
v 0.895243 -0.156417 -0.303952
v 0.896350 -0.149778 -0.303545
v 0.896889 -0.144855 -0.301416
v 0.897689 -0.144139 -0.301566
v 0.898435 -0.135922 -0.301182
v 0.899658 -0.130920 -0.299288
v 0.901400 -0.122361 -0.299138
v 0.902191 -0.117360 -0.297129
v 0.902989 -0.116707 -0.297291
v 0.904244 -0.108708 -0.297099
v 0.905966 -0.103701 -0.295314
v 0.907998 -0.095701 -0.295382
v 0.907535 -0.094885 -0.295148
v 0.909580 -0.090236 -0.293596
v 0.912051 -0.082453 -0.293774
v 0.911623 -0.081486 -0.293520
v 0.913590 -0.076987 -0.291910
v 0.914493 -0.076425 -0.292163
v 0.916556 -0.068526 -0.292205
v 0.918820 -0.063825 -0.290724
v 0.921880 -0.055704 -0.291060
v 0.924437 -0.050942 -0.289609
v 0.927766 -0.042918 -0.290261
v 0.930022 -0.038223 -0.288729
v 0.930816 -0.037895 -0.289008
v 0.934104 -0.030352 -0.289518
v 0.936838 -0.025725 -0.288259
v 0.940683 -0.018625 -0.289153
v 0.940433 -0.017515 -0.288967
v 0.943671 -0.013310 -0.287902
v 0.947571 -0.006170 -0.288872
v 0.947337 -0.005261 -0.288713
v 0.950165 -0.001114 -0.287634
v 0.951089 -0.000804 -0.287980
v 0.954788 0.006447 -0.288909
v 0.957847 0.010930 -0.287903
v 0.961896 0.018790 -0.289120
v 0.962031 0.017863 -0.289247
v 0.965439 0.022768 -0.288466
v 0.969938 0.030107 -0.289824
v 0.973344 0.034319 -0.289046
v 0.978147 0.041334 -0.290920
v 0.981267 0.045609 -0.290196
v 0.986680 0.052474 -0.292223
v 0.982220 0.045754 -0.290535
v 0.990447 0.056356 -0.291830
v 0.995876 0.062851 -0.294057
v 1.000349 0.066845 -0.293988
v 1.005632 0.072436 -0.296250
v 0.999367 0.066773 -0.293607
v 1.009719 0.076002 -0.296078
v 1.015859 0.081609 -0.298854
v 1.020240 0.084782 -0.298823
v 1.026825 0.089784 -0.301534
v 1.031212 0.092554 -0.301593
v 1.032125 0.092338 -0.302038
v 1.038569 0.096620 -0.304643
v 1.043499 0.099250 -0.304655
v 1.050719 0.103052 -0.307772
v 1.055738 0.105215 -0.307914
v 1.063165 0.108531 -0.311033
v 1.068408 0.110442 -0.311315
v 1.075494 0.113217 -0.314557
v 1.075903 0.114024 -0.314671
v 1.081029 0.115170 -0.315069
v 1.088710 0.117839 -0.318402
v 1.093895 0.119402 -0.318855
v 1.101149 0.121429 -0.322216
v 1.101704 0.122332 -0.322393
v 1.106625 0.123600 -0.322688
v 1.107386 0.123162 -0.323061
v 1.114592 0.125502 -0.326359
v 1.119618 0.127029 -0.326780
v 1.120498 0.126494 -0.327207
v 1.127694 0.128723 -0.330601
v 1.132978 0.129722 -0.331163
v 1.140764 0.131510 -0.334842
v 1.146088 0.132434 -0.335469
v 1.153840 0.134194 -0.339282
v 1.159143 0.135104 -0.339888
v 1.167004 0.136628 -0.343624
v 1.172063 0.137885 -0.344139
v 1.172702 0.137341 -0.344503
v 1.180130 0.138975 -0.348029
v 1.185402 0.139771 -0.348733
v 1.193225 0.141044 -0.352450
v 1.198402 0.142094 -0.352980
v 1.198965 0.141589 -0.353293
v 1.206385 0.142938 -0.356898
v 1.211771 0.143533 -0.357510
v 1.219132 0.144294 -0.361110
v 1.219810 0.145109 -0.361337
v 1.225023 0.145128 -0.361882
v 1.232338 0.145742 -0.365416
v 1.233060 0.146560 -0.365667
v 1.238070 0.146930 -0.366094
v 1.238752 0.146312 -0.366469
v 1.245575 0.147057 -0.369734
v 1.246316 0.147850 -0.369974
v 1.251346 0.148118 -0.370348
v 1.252040 0.147455 -0.370750
v 1.259440 0.148342 -0.374160
v 1.264805 0.148545 -0.374659
v 1.272221 0.148768 -0.378126
v 1.272932 0.149531 -0.378365
v 1.278130 0.149191 -0.378856
v 1.286090 0.149450 -0.382404
v 1.291337 0.149847 -0.382787
v 1.291997 0.149135 -0.383170
v 1.298962 0.149173 -0.386246
v 1.299614 0.149816 -0.386463
v 1.304881 0.149126 -0.386892
v 1.312930 0.149292 -0.390410
v 1.312267 0.148687 -0.390227
v 1.317991 0.148851 -0.390695
v 1.318456 0.148190 -0.390957
v 1.325914 0.147355 -0.394062
v 1.331174 0.147031 -0.394400
v 1.331763 0.146188 -0.394726
v 1.339158 0.145385 -0.397847
v 1.344484 0.144582 -0.398116
v 1.351944 0.142311 -0.401490
v 1.357058 0.140518 -0.401709
v 1.364413 0.138064 -0.404494
v 1.368909 0.135458 -0.404494
v 1.373863 0.130002 -0.407138
v 1.374877 0.130016 -0.407434
v 1.378415 0.125957 -0.407164
v 1.384192 0.120449 -0.409633
v 1.386858 0.116045 -0.409343
v 1.391168 0.109083 -0.411620
v 1.394387 0.104785 -0.411196
v 1.396545 0.097034 -0.412536
v 1.397824 0.092021 -0.411760
v 1.398726 0.083648 -0.412875
v 1.400403 0.069907 -0.412809
v 1.399917 0.078350 -0.411794
v 1.401489 0.064811 -0.411662
v 1.400787 0.063934 -0.411584
v 1.401188 0.056503 -0.412321
v 1.401822 0.055946 -0.412526
v 1.401857 0.050833 -0.411058
v 1.401227 0.042936 -0.411699
v 1.401880 0.042144 -0.411863
v 1.401529 0.037005 -0.410292
v 1.401110 0.028542 -0.410866
v 1.400995 0.023265 -0.409344
v 1.400067 0.014797 -0.409605
v 1.400438 0.009649 -0.408207
v 1.399669 0.009034 -0.408046
v 1.398941 0.001035 -0.408326
v 1.398632 -0.004197 -0.406680
v 1.397394 -0.012664 -0.406933
v 1.397047 -0.017924 -0.405237
v 1.396155 -0.026566 -0.405449
v 1.395625 -0.025825 -0.405305
v 1.395348 -0.031541 -0.403640
v 1.393917 -0.039913 -0.403609
v 1.393582 -0.045196 -0.401922
v 1.392049 -0.053579 -0.401836
v 1.392141 -0.058723 -0.400192
v 1.391314 -0.059370 -0.399992
v 1.390193 -0.067185 -0.400040
v 1.389780 -0.072470 -0.398293
v 1.388329 -0.080809 -0.398066
v 1.388420 -0.085969 -0.396413
v 1.387634 -0.086553 -0.396280
v 1.386507 -0.094417 -0.396120
v 1.386211 -0.099735 -0.394377
v 1.384603 -0.107512 -0.394161
v 1.385194 -0.108404 -0.394290
v 1.384853 -0.113257 -0.392438
v 1.384039 -0.113831 -0.392252
v 1.383091 -0.121794 -0.392139
v 1.383137 -0.126910 -0.390373
v 1.382308 -0.127568 -0.390179
v 1.381354 -0.135448 -0.390042
v 1.381411 -0.140545 -0.388246
v 1.380667 -0.141078 -0.388104
v 1.379385 -0.148378 -0.387850
v 1.379984 -0.149309 -0.387989
v 1.379186 -0.154290 -0.386000
v 1.377617 -0.162095 -0.385673
v 1.378186 -0.162906 -0.385776
v 1.377800 -0.167752 -0.383872
v 1.377059 -0.168241 -0.383713
v 1.375654 -0.175581 -0.383418
v 1.376212 -0.176478 -0.383518
v 1.375180 -0.181457 -0.381408
v 1.373473 -0.189211 -0.381068
v 1.374009 -0.190025 -0.381136
v 1.372926 -0.194932 -0.379037
v 1.371023 -0.202635 -0.378648
v 1.371550 -0.203504 -0.378719
v 1.368351 -0.215887 -0.376126
v 1.370456 -0.208376 -0.376613
v 1.368788 -0.216868 -0.376222
v 1.367850 -0.221585 -0.374130
v 1.366972 -0.222122 -0.373988
v 1.365105 -0.229738 -0.373388
v 1.364309 -0.234720 -0.371361
v 1.363423 -0.235200 -0.371189
v 1.361107 -0.242770 -0.370515
v 1.360167 -0.247685 -0.368485
v 1.359170 -0.248142 -0.368298
v 1.356964 -0.255934 -0.367637
v 1.356619 -0.255085 -0.367626
v 1.355430 -0.260430 -0.365425
v 1.354460 -0.260843 -0.365237
v 1.351488 -0.268218 -0.364494
v 1.349478 -0.272936 -0.362177
v 1.346075 -0.280625 -0.361270
v 1.343845 -0.285120 -0.358975
v 1.339844 -0.291859 -0.358114
v 1.340100 -0.292906 -0.358042
v 1.337499 -0.296889 -0.355527
v 1.332811 -0.303975 -0.354477
v 1.330229 -0.308220 -0.351986
v 1.325273 -0.315076 -0.350886
v 1.322952 -0.319355 -0.348386
v 1.321926 -0.319487 -0.348188
v 1.317259 -0.325833 -0.347100
v 1.314094 -0.329752 -0.344607
v 1.308632 -0.336176 -0.343268
v 1.306071 -0.340223 -0.340823
v 1.304974 -0.340224 -0.340729
v 1.299545 -0.345937 -0.339449
v 1.296513 -0.349763 -0.336953
v 1.295469 -0.349778 -0.336809
v 1.290031 -0.355689 -0.335538
v 1.290072 -0.354795 -0.335621
v 1.286198 -0.358643 -0.332928
v 1.279891 -0.364518 -0.331667
v 1.279987 -0.363590 -0.331794
v 1.275792 -0.367180 -0.329062
v 1.269154 -0.372380 -0.327736
v 1.265112 -0.375270 -0.325197
v 1.258152 -0.380127 -0.323858
v 1.254014 -0.382952 -0.321262
v 1.246904 -0.387356 -0.319933
v 1.242908 -0.390146 -0.317389
v 1.241961 -0.389886 -0.317300
v 1.235517 -0.393444 -0.316165
v 1.235170 -0.394439 -0.316018
v 1.231042 -0.396581 -0.313501
v 1.230181 -0.396279 -0.313428
v 1.223579 -0.399598 -0.312328
v 1.223155 -0.400665 -0.312157
v 1.218548 -0.402125 -0.309724
v 1.211145 -0.404997 -0.308564
v 1.210693 -0.405945 -0.308385
v 1.206309 -0.407618 -0.305918
v 1.205372 -0.407234 -0.305884
v 1.197977 -0.410269 -0.304768
v 1.193492 -0.412197 -0.302244
v 1.192518 -0.411777 -0.302191
v 1.185120 -0.414764 -0.301083
v 1.180264 -0.416054 -0.298660
v 1.172479 -0.418087 -0.297635
v 1.171985 -0.419009 -0.297440
v 1.167435 -0.420057 -0.295028
v 1.166498 -0.419531 -0.295011
v 1.158813 -0.421680 -0.293992
v 1.154104 -0.423087 -0.291584
v 1.153121 -0.422519 -0.291555
v 1.145259 -0.424828 -0.290532
v 1.145785 -0.424063 -0.290742
v 1.140283 -0.425045 -0.288214
v 1.131861 -0.426276 -0.287314
v 1.126929 -0.426931 -0.285000
v 1.126170 -0.426330 -0.285042
v 1.118673 -0.426995 -0.284303
v 1.117961 -0.427815 -0.284091
v 1.112411 -0.427286 -0.281916
v 1.105009 -0.427591 -0.281281
v 1.113241 -0.427965 -0.281820
v 1.104232 -0.428368 -0.281048
v 1.099228 -0.427919 -0.278899
v 1.091177 -0.427833 -0.278184
v 1.090493 -0.428513 -0.278017
v 1.085497 -0.427643 -0.275999
v 1.076908 -0.427184 -0.275372
v 1.071679 -0.426463 -0.273252
v 1.063197 -0.425675 -0.272638
v 1.058222 -0.424762 -0.270652
v 1.057631 -0.423981 -0.270828
v 1.049587 -0.422638 -0.270390
v 1.044584 -0.421763 -0.268347
v 1.044043 -0.420884 -0.268428
v 1.036086 -0.419326 -0.268292
v 1.031204 -0.417293 -0.266545
v 1.023580 -0.414520 -0.266607
v 1.022540 -0.414947 -0.266376
v 1.018025 -0.413067 -0.264608
v 1.017588 -0.412054 -0.264917
v 1.009963 -0.409266 -0.265016
v 1.005180 -0.407151 -0.263271
v 1.004756 -0.406212 -0.263535
v 0.996949 -0.403498 -0.263464
v 0.997716 -0.403254 -0.263605
v 0.992625 -0.400888 -0.261964
v 0.992338 -0.399945 -0.262283
v 0.985358 -0.395947 -0.262798
v 0.980897 -0.392718 -0.261481
v 0.974243 -0.388420 -0.262058
v 0.973234 -0.388459 -0.261981
v 0.969589 -0.384475 -0.260859
v 0.962843 -0.379129 -0.261662
v 0.958949 -0.375178 -0.260496
v 0.953030 -0.369578 -0.261499
v 0.951951 -0.369603 -0.261352
v 0.948764 -0.365385 -0.260463
v 0.942932 -0.359019 -0.261823
v 0.939595 -0.354622 -0.260834
v 0.934716 -0.347641 -0.262595
v 0.931495 -0.343099 -0.261776
v 0.931630 -0.342221 -0.262137
v 0.927521 -0.336002 -0.263623
v 0.926574 -0.335707 -0.263605
v 0.924541 -0.330591 -0.263199
v 0.920474 -0.323303 -0.265434
v 0.918230 -0.318305 -0.264938
v 0.918618 -0.317401 -0.265368
v 0.914670 -0.310250 -0.267385
v 0.915506 -0.310640 -0.267417
v 0.913367 -0.304953 -0.267316
v 0.910666 -0.297642 -0.269745
v 0.909764 -0.297146 -0.269723
v 0.908415 -0.292024 -0.269572
v 0.908796 -0.291232 -0.270021
v 0.906035 -0.283925 -0.272414
v 0.905095 -0.278311 -0.272575
v 0.902327 -0.270307 -0.275295
v 0.903138 -0.270880 -0.275290
v 0.901578 -0.265111 -0.275295
v 0.902122 -0.264308 -0.275729
v 0.900106 -0.256894 -0.278477
v 0.899588 -0.251236 -0.278717
v 0.898271 -0.243688 -0.281678
v 0.897477 -0.243057 -0.281713
v 0.897437 -0.237617 -0.281953
v 0.896745 -0.230129 -0.285074
v 0.895937 -0.229397 -0.285162
v 0.896172 -0.223951 -0.285540
v 0.895864 -0.216379 -0.288618
v 0.895101 -0.215657 -0.288730
v 0.895079 -0.210360 -0.288956
v 0.895736 -0.209683 -0.289409
v 0.894966 -0.202107 -0.292339
v 0.895251 -0.196427 -0.292714
v 0.895160 -0.188918 -0.295848
v 0.894491 -0.188184 -0.295929
v 0.895090 -0.182709 -0.296374
v 0.895298 -0.175203 -0.299463
v 0.894577 -0.174410 -0.299613
v 0.895376 -0.168853 -0.300057
v 0.895117 -0.156311 -0.304944
v 0.898066 -0.155970 -0.289382
v 0.898511 -0.156012 -0.289575
v 0.898054 -0.155977 -0.289466
v 0.898054 -0.155977 -0.289466
v 0.899164 -0.154320 -0.288595
v 0.898258 -0.155998 -0.289516
v 0.898198 -0.155999 -0.289504
v 0.898054 -0.155977 -0.289466
v 0.898054 -0.155977 -0.289466
v 0.898138 -0.155988 -0.289491
v 0.899789 -0.148670 -0.286522
v 0.900485 -0.148120 -0.286652
v 0.901670 -0.140409 -0.286405
v 0.901109 -0.139554 -0.286167
v 0.902711 -0.134704 -0.284407
v 0.904183 -0.126074 -0.284184
v 0.905667 -0.120983 -0.282350
v 0.907601 -0.112997 -0.282338
v 0.907114 -0.112083 -0.282108
v 0.908716 -0.107462 -0.280367
v 0.909575 -0.106856 -0.280560
v 0.911272 -0.098813 -0.280469
v 0.913308 -0.093915 -0.278800
v 0.915746 -0.086050 -0.279003
v 0.915332 -0.085140 -0.278772
v 0.917599 -0.080476 -0.277229
v 0.920491 -0.072874 -0.277557
v 0.920117 -0.071864 -0.277356
v 0.922235 -0.067328 -0.275809
v 0.923131 -0.066830 -0.276039
v 0.925521 -0.058997 -0.276217
v 0.928086 -0.054301 -0.274929
v 0.931464 -0.046231 -0.275385
v 0.933573 -0.041462 -0.273843
v 0.937643 -0.033481 -0.274617
v 0.934412 -0.041132 -0.274123
v 0.939838 -0.028726 -0.273180
v 0.940653 -0.028439 -0.273430
v 0.944082 -0.020880 -0.274101
v 0.946955 -0.016286 -0.272895
v 0.950900 -0.008500 -0.273838
v 0.953849 -0.003925 -0.272798
v 0.957956 0.003110 -0.273968
v 0.957746 0.004176 -0.273839
v 0.961078 0.008383 -0.272860
v 0.965299 0.015873 -0.274206
v 0.968623 0.020333 -0.273324
v 0.973005 0.027735 -0.274804
v 0.976271 0.032235 -0.273980
v 0.981158 0.039073 -0.275765
v 0.984215 0.043452 -0.275042
v 0.985309 0.043709 -0.275459
v 0.989711 0.050346 -0.277032
v 0.993250 0.054352 -0.276528
v 0.998917 0.060630 -0.278877
v 1.002345 0.064775 -0.278436
v 1.003272 0.064802 -0.278734
v 1.008413 0.070908 -0.281028
v 1.013272 0.074249 -0.281169
v 1.019053 0.079565 -0.283727
v 1.012327 0.074305 -0.280786
v 1.023388 0.083005 -0.283659
v 1.029877 0.087982 -0.286498
v 1.034708 0.090613 -0.286590
v 1.041755 0.095095 -0.289448
v 1.046552 0.097864 -0.289487
v 1.053459 0.101235 -0.292447
v 1.053762 0.102099 -0.292531
v 1.058845 0.103802 -0.292684
v 1.065815 0.107067 -0.295685
v 1.066205 0.108014 -0.295796
v 1.071189 0.109435 -0.296133
v 1.078851 0.112415 -0.299365
v 1.084022 0.114097 -0.299782
v 1.091674 0.116965 -0.303090
v 1.096807 0.118465 -0.303523
v 1.104067 0.120439 -0.306842
v 1.104643 0.121383 -0.307081
v 1.109564 0.122722 -0.307359
v 1.110403 0.122264 -0.307748
v 1.117510 0.124608 -0.311041
v 1.122878 0.125710 -0.311604
v 1.130619 0.127725 -0.315340
v 1.135987 0.128781 -0.315865
v 1.143741 0.130622 -0.319617
v 1.149035 0.131555 -0.320173
v 1.156377 0.132827 -0.323741
v 1.157011 0.133694 -0.323996
v 1.162296 0.134053 -0.324630
v 1.170089 0.135660 -0.328406
v 1.175175 0.136752 -0.328884
v 1.175863 0.136191 -0.329281
v 1.183229 0.137798 -0.332801
v 1.188610 0.138440 -0.333501
v 1.196443 0.139712 -0.337217
v 1.201765 0.140401 -0.337844
v 1.209043 0.141215 -0.341462
v 1.209805 0.142023 -0.341717
v 1.215097 0.142022 -0.342306
v 1.222872 0.143175 -0.346088
v 1.228361 0.143614 -0.346719
v 1.235710 0.144420 -0.350243
v 1.236295 0.145134 -0.350442
v 1.241353 0.145461 -0.350859
v 1.242048 0.144850 -0.351275
v 1.249458 0.145984 -0.354717
v 1.254824 0.146323 -0.355290
v 1.262700 0.146911 -0.358929
v 1.267968 0.147610 -0.359337
v 1.268603 0.146993 -0.359725
v 1.276070 0.147799 -0.363066
v 1.281305 0.148401 -0.363495
v 1.282038 0.147711 -0.363907
v 1.289440 0.148403 -0.367210
v 1.294816 0.148383 -0.367720
v 1.302799 0.148403 -0.371176
v 1.308254 0.148253 -0.371684
v 1.316160 0.148012 -0.375112
v 1.321599 0.147575 -0.375499
v 1.329408 0.146800 -0.378935
v 1.334749 0.146464 -0.379188
v 1.335353 0.145619 -0.379534
v 1.342780 0.144894 -0.382641
v 1.348166 0.144104 -0.382959
v 1.355737 0.141981 -0.386064
v 1.360974 0.140939 -0.386276
v 1.361453 0.140032 -0.386511
v 1.367987 0.137900 -0.389235
v 1.368892 0.138371 -0.389577
v 1.372964 0.135938 -0.389470
v 1.378317 0.130505 -0.391988
v 1.379293 0.130537 -0.392328
v 1.383102 0.126893 -0.392161
v 1.388835 0.121142 -0.394851
v 1.391991 0.117380 -0.394296
v 1.391586 0.116284 -0.394293
v 1.395471 0.109675 -0.396422
v 1.398362 0.105129 -0.395956
v 1.401073 0.097883 -0.397702
v 1.402031 0.092635 -0.396620
v 1.403587 0.084107 -0.397958
v 1.402870 0.084677 -0.397725
v 1.404288 0.078940 -0.396797
v 1.405261 0.070432 -0.397896
v 1.404549 0.071107 -0.397633
v 1.405508 0.065247 -0.396528
v 1.405879 0.056773 -0.397475
v 1.406934 0.051787 -0.396350
v 1.406202 0.051138 -0.396211
v 1.406028 0.043074 -0.396772
v 1.406208 0.037793 -0.395368
v 1.405405 0.029927 -0.395765
v 1.406097 0.029052 -0.395997
v 1.405543 0.023996 -0.394385
v 1.404656 0.015596 -0.394654
v 1.405028 0.010436 -0.393262
v 1.404292 0.009814 -0.393108
v 1.403350 0.002404 -0.393370
v 1.403930 0.001626 -0.393554
v 1.403220 -0.003422 -0.391838
v 1.401993 -0.011841 -0.391929
v 1.401730 -0.017108 -0.390345
v 1.400231 -0.024891 -0.390323
v 1.400793 -0.025753 -0.390521
v 1.400463 -0.030604 -0.388809
v 1.399621 -0.031247 -0.388620
v 1.398982 -0.039396 -0.388825
v 1.398459 -0.038633 -0.388685
v 1.398209 -0.044342 -0.386961
v 1.396584 -0.052196 -0.386904
v 1.397111 -0.053011 -0.387043
v 1.396320 -0.058000 -0.385179
v 1.394778 -0.066359 -0.385073
v 1.394289 -0.071659 -0.383306
v 1.392947 -0.080013 -0.383186
v 1.392517 -0.085201 -0.381384
v 1.390950 -0.093527 -0.381212
v 1.390642 -0.098809 -0.379383
v 1.389025 -0.106610 -0.379164
v 1.389608 -0.107494 -0.379309
v 1.388795 -0.112456 -0.377384
v 1.387398 -0.120807 -0.377099
v 1.386995 -0.126104 -0.375230
v 1.385616 -0.134446 -0.375053
v 1.385729 -0.139591 -0.373265
v 1.384939 -0.140157 -0.373111
v 1.383753 -0.148014 -0.372848
v 1.383327 -0.153347 -0.370896
v 1.381957 -0.161687 -0.370701
v 1.381525 -0.166816 -0.368726
v 1.379760 -0.175133 -0.368343
v 1.379306 -0.180400 -0.366387
v 1.377587 -0.188652 -0.365998
v 1.376964 -0.193855 -0.363988
v 1.374882 -0.201587 -0.363498
v 1.375417 -0.202471 -0.363585
v 1.374273 -0.207355 -0.361454
v 1.372214 -0.215497 -0.360999
v 1.371143 -0.220566 -0.358809
v 1.368753 -0.228716 -0.358248
v 1.367653 -0.233800 -0.356131
v 1.365136 -0.242028 -0.355465
v 1.364761 -0.241002 -0.355448
v 1.363793 -0.246578 -0.353305
v 1.362934 -0.246960 -0.353123
v 1.360243 -0.254452 -0.352447
v 1.358630 -0.259372 -0.350195
v 1.355197 -0.267090 -0.349347
v 1.353313 -0.271777 -0.346979
v 1.349723 -0.279557 -0.346188
v 1.348023 -0.284018 -0.343868
v 1.347121 -0.284234 -0.343697
v 1.343269 -0.290532 -0.342757
v 1.343469 -0.291631 -0.342758
v 1.341341 -0.295810 -0.340410
v 1.340438 -0.296012 -0.340234
v 1.336388 -0.302801 -0.339252
v 1.334139 -0.307186 -0.336857
v 1.333199 -0.307322 -0.336690
v 1.328825 -0.313280 -0.335659
v 1.328971 -0.314392 -0.335621
v 1.325976 -0.318208 -0.333112
v 1.320933 -0.325164 -0.331908
v 1.320873 -0.324247 -0.331950
v 1.317609 -0.328674 -0.329328
v 1.312072 -0.335078 -0.328093
v 1.308932 -0.338980 -0.325513
v 1.303023 -0.345212 -0.324214
v 1.303075 -0.344238 -0.324306
v 1.299301 -0.348336 -0.321613
v 1.293321 -0.353577 -0.320350
v 1.293308 -0.354579 -0.320279
v 1.289900 -0.357577 -0.317769
v 1.288794 -0.357469 -0.317633
v 1.282766 -0.362666 -0.316410
v 1.278879 -0.365767 -0.313762
v 1.272285 -0.371005 -0.312531
v 1.268205 -0.373843 -0.309940
v 1.261140 -0.378578 -0.308532
v 1.257042 -0.381493 -0.305910
v 1.249907 -0.386381 -0.304610
v 1.250191 -0.385454 -0.304749
v 1.245843 -0.388640 -0.302097
v 1.244786 -0.388359 -0.301984
v 1.237978 -0.392499 -0.300751
v 1.233981 -0.395131 -0.298249
v 1.233093 -0.394788 -0.298186
v 1.226206 -0.397846 -0.297070
v 1.225851 -0.398767 -0.296933
v 1.221563 -0.400599 -0.294432
v 1.220703 -0.400264 -0.294391
v 1.213438 -0.403604 -0.293207
v 1.209097 -0.405896 -0.290660
v 1.208239 -0.405488 -0.290626
v 1.200678 -0.408362 -0.289465
v 1.195791 -0.410030 -0.286913
v 1.187822 -0.412931 -0.285816
v 1.182911 -0.414174 -0.283282
v 1.175107 -0.416123 -0.282358
v 1.174550 -0.417010 -0.282149
v 1.169584 -0.417751 -0.279748
v 1.161344 -0.419903 -0.278714
v 1.156569 -0.421110 -0.276283
v 1.155768 -0.420598 -0.276333
v 1.147860 -0.422373 -0.275272
v 1.142742 -0.423288 -0.272874
v 1.134272 -0.424344 -0.271994
v 1.129156 -0.424635 -0.269713
v 1.120975 -0.425136 -0.268944
v 1.120343 -0.425902 -0.268751
v 1.115598 -0.426095 -0.266518
v 1.114751 -0.425362 -0.266558
v 1.106728 -0.425918 -0.265819
v 1.101736 -0.426249 -0.263533
v 1.100986 -0.425595 -0.263618
v 1.092889 -0.426047 -0.262788
v 1.087781 -0.425441 -0.260643
v 1.079197 -0.424909 -0.260092
v 1.073967 -0.424201 -0.257922
v 1.065535 -0.423381 -0.257450
v 1.060538 -0.422417 -0.255415
v 1.059951 -0.421575 -0.255527
v 1.052508 -0.420085 -0.255285
v 1.051615 -0.420627 -0.255075
v 1.046773 -0.418909 -0.253219
v 1.038555 -0.416487 -0.253128
v 1.033495 -0.414406 -0.251325
v 1.025261 -0.411814 -0.251348
v 1.020366 -0.409686 -0.249657
v 1.012431 -0.406207 -0.249879
v 1.007747 -0.403444 -0.248316
v 0.999753 -0.399921 -0.248633
v 0.995407 -0.396883 -0.247172
v 0.987980 -0.392449 -0.247799
v 0.983558 -0.389065 -0.246400
v 0.976265 -0.384658 -0.247084
v 0.972162 -0.381250 -0.245733
v 0.972013 -0.380306 -0.246040
v 0.965523 -0.375374 -0.246760
v 0.961644 -0.371454 -0.245626
v 0.955138 -0.365820 -0.246617
v 0.951755 -0.361389 -0.245662
v 0.946464 -0.355280 -0.247023
v 0.945469 -0.355132 -0.246881
v 0.942367 -0.350912 -0.245948
v 0.942446 -0.350030 -0.246342
v 0.938120 -0.344003 -0.247770
v 0.937096 -0.343735 -0.247695
v 0.934473 -0.339143 -0.246988
v 0.934586 -0.338139 -0.247401
v 0.929774 -0.331839 -0.248869
v 0.927357 -0.326788 -0.248463
v 0.924159 -0.319615 -0.250596
v 0.923141 -0.319173 -0.250551
v 0.921772 -0.313907 -0.250395
v 0.918388 -0.306164 -0.252833
v 0.916299 -0.301038 -0.252446
v 0.916661 -0.300147 -0.252883
v 0.913621 -0.292915 -0.255210
v 0.911880 -0.287735 -0.254957
v 0.912281 -0.287010 -0.255369
v 0.909616 -0.279618 -0.257834
v 0.908176 -0.274281 -0.257757
v 0.908609 -0.273608 -0.258154
v 0.906344 -0.266094 -0.260786
v 0.904982 -0.260693 -0.260760
v 0.905448 -0.260017 -0.261166
v 0.903492 -0.252488 -0.263858
v 0.902348 -0.247056 -0.263883
v 0.902830 -0.246416 -0.264285
v 0.901565 -0.239346 -0.267004
v 0.900780 -0.238669 -0.267087
v 0.900824 -0.233129 -0.267507
v 0.899600 -0.225054 -0.270589
v 0.899438 -0.219425 -0.270976
v 0.898979 -0.211844 -0.274107
v 0.898225 -0.211107 -0.274187
v 0.898274 -0.205774 -0.274411
v 0.898889 -0.205171 -0.274842
v 0.898300 -0.197494 -0.277810
v 0.898021 -0.191960 -0.278015
v 0.898661 -0.191327 -0.278475
v 0.898172 -0.183659 -0.281389
v 0.898042 -0.178160 -0.281633
v 0.898761 -0.177418 -0.282135
v 0.898310 -0.169844 -0.285076
v 0.899066 -0.163581 -0.285698
v 0.898502 -0.155981 -0.289585
v 0.898042 -0.155941 -0.289476
v 0.898066 -0.155941 -0.289476
v 0.898066 -0.155941 -0.289476
v 0.898066 -0.155941 -0.289476
v 0.898066 -0.155941 -0.289476
v 0.898066 -0.155941 -0.289476
v 0.898066 -0.155941 -0.289476
v 0.898186 -0.155951 -0.289513
v 0.898270 -0.155962 -0.289525
v 0.898318 -0.155961 -0.289537
v 0.898306 -0.155961 -0.289537
v 0.898234 -0.155962 -0.289513
v 0.898066 -0.155941 -0.289476
v 0.898066 -0.155941 -0.289476
v 0.898162 -0.155951 -0.289501
v -0.903019 -0.154000 -0.297019
v -0.902298 -0.160678 -0.295583
v -0.902821 -0.165516 -0.293254
v -0.902043 -0.166273 -0.293023
v -0.901897 -0.174451 -0.291925
v -0.901854 -0.179508 -0.289407
v -0.901647 -0.188364 -0.288432
v -0.902278 -0.193246 -0.286078
v -0.901537 -0.193951 -0.285864
v -0.901424 -0.201673 -0.284919
v -0.902122 -0.202465 -0.284956
v -0.902090 -0.207380 -0.282592
v -0.902240 -0.216146 -0.281574
v -0.903148 -0.221057 -0.279388
v -0.902451 -0.221838 -0.279167
v -0.903124 -0.230131 -0.278386
v -0.904276 -0.234992 -0.276259
v -0.903600 -0.235803 -0.276047
v -0.904993 -0.244174 -0.275403
v -0.904311 -0.243601 -0.275362
v -0.905426 -0.249167 -0.273106
v -0.906559 -0.257957 -0.272509
v -0.908266 -0.262776 -0.270584
v -0.907646 -0.263697 -0.270368
v -0.909462 -0.271768 -0.269928
v -0.910890 -0.276803 -0.267924
v -0.912364 -0.285069 -0.267626
v -0.913226 -0.285613 -0.267722
v -0.914893 -0.290230 -0.265815
v -0.916912 -0.299036 -0.265481
v -0.914427 -0.291111 -0.265642
v -0.919209 -0.303692 -0.263855
v -0.918769 -0.304464 -0.263663
v -0.921076 -0.311956 -0.263744
v -0.922099 -0.312525 -0.263916
v -0.924436 -0.316987 -0.262296
v -0.924135 -0.318014 -0.262081
v -0.927616 -0.325503 -0.262616
v -0.930483 -0.329855 -0.261311
v -0.930214 -0.331156 -0.261093
v -0.934248 -0.338235 -0.261816
v -0.937604 -0.342332 -0.260659
v -0.941818 -0.350389 -0.261419
v -0.937359 -0.343293 -0.260529
v -0.945185 -0.354684 -0.260296
v -0.949543 -0.361829 -0.261034
v -0.950578 -0.362014 -0.261267
v -0.954189 -0.365621 -0.260287
v -0.954187 -0.366730 -0.260137
v -0.960082 -0.372708 -0.261682
v -0.958991 -0.372633 -0.261431
v -0.963749 -0.376660 -0.260700
v -0.970199 -0.382576 -0.262291
v -0.981284 -0.391496 -0.263491
v -0.974496 -0.386040 -0.261619
v -0.985990 -0.394126 -0.263039
v -0.986188 -0.395178 -0.263068
v -0.993034 -0.399557 -0.264996
v -0.997901 -0.402239 -0.264624
v -1.005141 -0.406749 -0.267085
v -1.010204 -0.409095 -0.266812
v -1.017696 -0.413154 -0.269309
v -1.022965 -0.415103 -0.269326
v -1.030642 -0.418543 -0.271932
v -1.035894 -0.419833 -0.271933
v -1.036365 -0.420755 -0.272009
v -1.044131 -0.422859 -0.274928
v -1.043177 -0.423284 -0.274597
v -1.049181 -0.424692 -0.274913
v -1.057280 -0.426867 -0.277738
v -1.062713 -0.427804 -0.277943
v -1.070768 -0.429967 -0.281070
v -1.076455 -0.430432 -0.281274
v -1.084100 -0.431625 -0.284344
v -1.084754 -0.431062 -0.284636
v -1.090057 -0.431897 -0.284756
v -1.097631 -0.432760 -0.287964
v -1.098426 -0.432071 -0.288308
v -1.103816 -0.432429 -0.288499
v -1.111873 -0.432545 -0.291968
v -1.117392 -0.432355 -0.292329
v -1.125002 -0.432305 -0.295572
v -1.125719 -0.431472 -0.295982
v -1.130835 -0.430899 -0.296274
v -1.131627 -0.431587 -0.296524
v -1.138647 -0.430812 -0.299693
v -1.139249 -0.430025 -0.300014
v -1.144282 -0.429182 -0.300356
v -1.145115 -0.429839 -0.300624
v -1.152510 -0.428421 -0.303981
v -1.157610 -0.426940 -0.304415
v -1.158452 -0.427541 -0.304697
v -1.165762 -0.425825 -0.308136
v -1.171117 -0.424598 -0.308585
v -1.178477 -0.423116 -0.311988
v -1.178978 -0.422268 -0.312328
v -1.184203 -0.421327 -0.312728
v -1.191533 -0.419772 -0.316255
v -1.192049 -0.418802 -0.316529
v -1.196900 -0.417110 -0.316914
v -1.197686 -0.417541 -0.317181
v -1.204336 -0.415424 -0.320407
v -1.204818 -0.414488 -0.320728
v -1.209601 -0.412651 -0.321163
v -1.210308 -0.413067 -0.321444
v -1.217363 -0.410202 -0.324871
v -1.222418 -0.407976 -0.325485
v -1.229665 -0.404750 -0.329124
v -1.234560 -0.402266 -0.329794
v -1.241600 -0.398627 -0.333447
v -1.246003 -0.395530 -0.333964
v -1.246892 -0.395813 -0.334254
v -1.252934 -0.392476 -0.337551
v -1.253237 -0.391499 -0.337822
v -1.258097 -0.389127 -0.338373
v -1.264656 -0.384734 -0.342026
v -1.268871 -0.381537 -0.342497
v -1.269700 -0.381757 -0.342790
v -1.275369 -0.377862 -0.346046
v -1.275614 -0.376682 -0.346370
v -1.280121 -0.373831 -0.346810
v -1.286016 -0.369324 -0.350240
v -1.286116 -0.368313 -0.350483
v -1.290096 -0.365108 -0.350856
v -1.291234 -0.365199 -0.351296
v -1.296309 -0.359507 -0.354603
v -1.296237 -0.360462 -0.354397
v -1.300508 -0.356245 -0.355014
v -1.305929 -0.351198 -0.358421
v -1.305967 -0.350197 -0.358617
v -1.309668 -0.346605 -0.358987
v -1.310627 -0.346626 -0.359413
v -1.315351 -0.340667 -0.362540
v -1.319049 -0.336654 -0.362995
v -1.324118 -0.330512 -0.366323
v -1.327590 -0.326242 -0.366738
v -1.332265 -0.319744 -0.370076
v -1.335582 -0.315277 -0.370440
v -1.339741 -0.308993 -0.373585
v -1.339542 -0.307961 -0.373729
v -1.342892 -0.303864 -0.374017
v -1.346873 -0.297542 -0.377016
v -1.346643 -0.296419 -0.377198
v -1.349800 -0.292192 -0.377441
v -1.353458 -0.284996 -0.380652
v -1.355640 -0.280039 -0.380638
v -1.356523 -0.279726 -0.381068
v -1.359514 -0.272693 -0.383884
v -1.361845 -0.267774 -0.384013
v -1.364955 -0.260327 -0.386985
v -1.367186 -0.255231 -0.387042
v -1.370088 -0.247656 -0.389988
v -1.371809 -0.242524 -0.389910
v -1.372658 -0.242100 -0.390335
v -1.374663 -0.234678 -0.392837
v -1.376173 -0.229596 -0.392703
v -1.377075 -0.229172 -0.393147
v -1.378914 -0.221708 -0.395673
v -1.380848 -0.216586 -0.395668
v -1.382997 -0.208644 -0.398307
v -1.385186 -0.203113 -0.398536
v -1.386979 -0.196192 -0.400940
v -1.384376 -0.203538 -0.398144
v -1.386505 -0.195218 -0.400927
v -1.388684 -0.190366 -0.400902
v -1.390655 -0.182979 -0.403462
v -1.390194 -0.182058 -0.403469
v -1.392275 -0.177197 -0.403463
v -1.394288 -0.169827 -0.405944
v -1.393777 -0.168845 -0.405950
v -1.395837 -0.163976 -0.405901
v -1.397755 -0.156076 -0.408455
v -1.399382 -0.150782 -0.408329
v -1.401293 -0.142791 -0.410866
v -1.402964 -0.137548 -0.410699
v -1.404952 -0.130144 -0.413135
v -1.404465 -0.129211 -0.413110
v -1.406525 -0.124340 -0.413012
v -1.408515 -0.116935 -0.415422
v -1.408025 -0.115981 -0.415391
v -1.410151 -0.111138 -0.415336
v -1.412128 -0.103707 -0.417646
v -1.411657 -0.102778 -0.417623
v -1.413771 -0.097928 -0.417523
v -1.415798 -0.090606 -0.419797
v -1.415309 -0.089574 -0.419795
v -1.417858 -0.084217 -0.419917
v -1.417005 -0.084747 -0.419453
v -1.419282 -0.076627 -0.421978
v -1.421151 -0.071456 -0.421712
v -1.422930 -0.063464 -0.424043
v -1.424239 -0.058268 -0.423536
v -1.425097 -0.057716 -0.424012
v -1.426415 -0.050140 -0.425963
v -1.428211 -0.044893 -0.425638
v -1.429813 -0.037299 -0.427732
v -1.429330 -0.036417 -0.427640
v -1.430842 -0.031526 -0.427150
v -1.431640 -0.030958 -0.427607
v -1.432783 -0.023259 -0.429371
v -1.434260 -0.017936 -0.428882
v -1.435428 -0.009729 -0.430853
v -1.436728 -0.004339 -0.430235
v -1.437833 0.003347 -0.431965
v -1.437243 0.004214 -0.431870
v -1.438871 0.009405 -0.431447
v -1.439405 0.017789 -0.433015
v -1.440172 0.023226 -0.432229
v -1.440671 0.031017 -0.433679
v -1.439997 0.031807 -0.433548
v -1.440996 0.037184 -0.433001
v -1.439981 0.045646 -0.433549
v -1.437882 0.050179 -0.431851
v -1.438325 0.051140 -0.431990
v -1.435301 0.058081 -0.432291
v -1.433013 0.063036 -0.430824
v -1.427738 0.069520 -0.430098
v -1.424604 0.073576 -0.428037
v -1.419290 0.079573 -0.427653
v -1.418321 0.079596 -0.427418
v -1.415274 0.083498 -0.425166
v -1.408944 0.088968 -0.424310
v -1.399243 0.097425 -0.421487
v -1.405207 0.092199 -0.421998
v -1.397708 0.096845 -0.420913
v -1.393425 0.098383 -0.418259
v -1.392938 0.099352 -0.418214
v -1.385992 0.101707 -0.416974
v -1.385160 0.101290 -0.416791
v -1.380811 0.102844 -0.414241
v -1.380293 0.103682 -0.414211
v -1.373211 0.105674 -0.412875
v -1.372333 0.105103 -0.412610
v -1.367866 0.106611 -0.409925
v -1.359747 0.108536 -0.408356
v -1.354864 0.109696 -0.405597
v -1.346346 0.110384 -0.403898
v -1.347116 0.110981 -0.404108
v -1.341748 0.111623 -0.401124
v -1.334056 0.112846 -0.399709
v -1.333245 0.112217 -0.399440
v -1.328639 0.113289 -0.396729
v -1.320341 0.113967 -0.394905
v -1.315492 0.114302 -0.392099
v -1.307728 0.115273 -0.390524
v -1.306899 0.114516 -0.390288
v -1.302271 0.115231 -0.387461
v -1.293960 0.115571 -0.385733
v -1.289286 0.115321 -0.382854
v -1.280832 0.116128 -0.381048
v -1.288687 0.116033 -0.382801
v -1.275945 0.116224 -0.378175
v -1.267647 0.116547 -0.376371
v -1.262800 0.116601 -0.373467
v -1.254499 0.117005 -0.371665
v -1.249612 0.117097 -0.368736
v -1.241907 0.117676 -0.367056
v -1.241127 0.116999 -0.366831
v -1.236463 0.117738 -0.364009
v -1.228184 0.118203 -0.362103
v -1.223527 0.118034 -0.359251
v -1.222840 0.118800 -0.359132
v -1.215127 0.119035 -0.357332
v -1.210286 0.119219 -0.354415
v -1.202589 0.120117 -0.352684
v -1.201732 0.119405 -0.352500
v -1.197094 0.120159 -0.349576
v -1.188909 0.120875 -0.347761
v -1.183958 0.121257 -0.344735
v -1.175725 0.121804 -0.342866
v -1.170888 0.122074 -0.339908
v -1.162694 0.122853 -0.337996
v -1.157895 0.122541 -0.335088
v -1.157143 0.123386 -0.334872
v -1.149896 0.123803 -0.333235
v -1.149245 0.123198 -0.333112
v -1.144594 0.123900 -0.330212
v -1.136741 0.124551 -0.328377
v -1.136047 0.123867 -0.328282
v -1.131465 0.123702 -0.325473
v -1.130709 0.124476 -0.325244
v -1.122734 0.123785 -0.323575
v -1.123400 0.124449 -0.323653
v -1.118143 0.123557 -0.320722
v -1.117304 0.124268 -0.320456
v -1.109635 0.123654 -0.318863
v -1.104595 0.123163 -0.316103
v -1.096322 0.122494 -0.314331
v -1.091192 0.121641 -0.311395
v -1.083531 0.119992 -0.310035
v -1.082954 0.119110 -0.310053
v -1.078242 0.117844 -0.307380
v -1.070163 0.115185 -0.306288
v -1.065494 0.112946 -0.303733
v -1.057631 0.109321 -0.302714
v -1.053319 0.106278 -0.300444
v -1.046328 0.102616 -0.299581
v -1.046017 0.101560 -0.299595
v -1.041641 0.098733 -0.297273
v -1.034989 0.094321 -0.296739
v -1.034801 0.093251 -0.296775
v -1.030680 0.090280 -0.294599
v -1.024258 0.085441 -0.294105
v -1.024093 0.084375 -0.294226
v -1.020073 0.081129 -0.292160
v -1.013640 0.076134 -0.291926
v -1.013596 0.075074 -0.291941
v -1.009828 0.071458 -0.290045
v -1.003735 0.065410 -0.290045
v -1.000582 0.061184 -0.288359
v -0.999647 0.061138 -0.288346
v -0.994424 0.054923 -0.288360
v -0.991293 0.050387 -0.286735
v -0.985930 0.044389 -0.286861
v -0.986009 0.043354 -0.287020
v -0.983114 0.039159 -0.285453
v -0.982056 0.039027 -0.285298
v -0.977484 0.032263 -0.285886
v -0.975033 0.027527 -0.284600
v -0.973964 0.027315 -0.284503
v -0.969462 0.020663 -0.285133
v -0.967091 0.015878 -0.283934
v -0.966006 0.015632 -0.283850
v -0.961831 0.008776 -0.284592
v -0.959061 0.003829 -0.283473
v -0.954745 -0.003737 -0.284530
v -0.954565 -0.002778 -0.284292
v -0.952076 -0.008413 -0.283340
v -0.947540 -0.015699 -0.284476
v -0.945645 -0.020855 -0.283638
v -0.944595 -0.021173 -0.283548
v -0.940916 -0.028248 -0.284868
v -0.939173 -0.033486 -0.284090
v -0.938262 -0.033775 -0.284014
v -0.934695 -0.040408 -0.285234
v -0.934997 -0.041435 -0.285562
v -0.932602 -0.046338 -0.284569
v -0.928761 -0.053259 -0.285939
v -0.929036 -0.054242 -0.286221
v -0.926745 -0.059297 -0.285327
v -0.923736 -0.067453 -0.287152
v -0.923375 -0.066628 -0.286867
v -0.921717 -0.072576 -0.286388
v -0.919014 -0.080775 -0.288237
v -0.918637 -0.079940 -0.287915
v -0.917675 -0.085933 -0.287581
v -0.916759 -0.086421 -0.287571
v -0.914517 -0.094011 -0.289410
v -0.913365 -0.099669 -0.288925
v -0.910952 -0.107854 -0.290940
v -0.910077 -0.113503 -0.290583
v -0.908154 -0.121654 -0.292643
v -0.907705 -0.127177 -0.292343
v -0.906798 -0.127747 -0.292382
v -0.905422 -0.135568 -0.294528
v -0.904634 -0.141424 -0.294276
v -0.902646 -0.154125 -0.297728
v -0.906161 -0.153784 -0.282349
v -0.905631 -0.153744 -0.282352
v -0.906125 -0.153779 -0.282432
v -0.906125 -0.153779 -0.282432
v -0.905921 -0.153758 -0.282384
v -0.905981 -0.153769 -0.282397
v -0.906125 -0.153779 -0.282432
v -0.906125 -0.153779 -0.282432
v -0.906041 -0.153768 -0.282407
v -0.906101 -0.153779 -0.282420
v -0.905511 -0.155219 -0.281100
v -0.905726 -0.161102 -0.278585
v -0.904909 -0.169249 -0.277412
v -0.905605 -0.170156 -0.277408
v -0.905192 -0.175007 -0.274854
v -0.904547 -0.183332 -0.273786
v -0.905215 -0.184094 -0.273762
v -0.905073 -0.188949 -0.271352
v -0.904636 -0.197185 -0.270331
v -0.905379 -0.198043 -0.270360
v -0.905375 -0.202926 -0.267963
v -0.905356 -0.211742 -0.266963
v -0.906454 -0.216754 -0.264779
v -0.906300 -0.225810 -0.263654
v -0.905806 -0.217435 -0.264598
v -0.907181 -0.230938 -0.261490
v -0.907746 -0.239791 -0.260646
v -0.908816 -0.245003 -0.258450
v -0.909971 -0.253740 -0.257872
v -0.911613 -0.258660 -0.255875
v -0.911031 -0.259488 -0.255669
v -0.912554 -0.267194 -0.255297
v -0.913416 -0.267828 -0.255415
v -0.914818 -0.272506 -0.253462
v -0.914297 -0.273368 -0.253301
v -0.916194 -0.281452 -0.252884
v -0.918004 -0.286506 -0.251019
v -0.919939 -0.294599 -0.250842
v -0.920847 -0.295185 -0.250978
v -0.922235 -0.300134 -0.249048
v -0.925006 -0.308736 -0.248998
v -0.927515 -0.313522 -0.247570
v -0.930873 -0.321696 -0.247882
v -0.933317 -0.326615 -0.246438
v -0.937375 -0.334596 -0.247140
v -0.940760 -0.338741 -0.245920
v -0.940519 -0.339696 -0.245848
v -0.944826 -0.346856 -0.246539
v -0.948118 -0.351467 -0.245208
v -0.952873 -0.358195 -0.246305
v -0.953883 -0.358347 -0.246589
v -0.957201 -0.362518 -0.245493
v -0.962551 -0.369395 -0.246588
v -0.966848 -0.373258 -0.245823
v -0.972592 -0.378979 -0.247239
v -0.973626 -0.378994 -0.247591
v -0.977702 -0.382161 -0.246821
v -0.977735 -0.383083 -0.246807
v -0.983953 -0.388632 -0.248330
v -0.988945 -0.391049 -0.248062
v -0.989127 -0.391970 -0.248120
v -0.995851 -0.396506 -0.250068
v -1.000763 -0.398853 -0.249725
v -1.001080 -0.400063 -0.249767
v -1.008367 -0.403705 -0.252074
v -1.007562 -0.403960 -0.251809
v -1.013046 -0.406340 -0.251707
v -1.019907 -0.410481 -0.253968
v -1.020927 -0.410214 -0.254343
v -1.025747 -0.412102 -0.254136
v -1.026185 -0.413124 -0.254235
v -1.033460 -0.416099 -0.256756
v -1.038849 -0.417804 -0.256748
v -1.046631 -0.420685 -0.259629
v -1.052168 -0.422145 -0.259725
v -1.060227 -0.424256 -0.262659
v -1.066082 -0.425696 -0.262965
v -1.073671 -0.427486 -0.265874
v -1.065545 -0.424863 -0.262861
v -1.079388 -0.428033 -0.266182
v -1.087522 -0.429000 -0.269412
v -1.092860 -0.429008 -0.269658
v -1.093539 -0.429877 -0.269837
v -1.101297 -0.430250 -0.272984
v -1.106779 -0.430072 -0.273376
v -1.114406 -0.430566 -0.276518
v -1.115107 -0.429851 -0.276890
v -1.120248 -0.429744 -0.277153
v -1.120957 -0.430455 -0.277355
v -1.127972 -0.430181 -0.280426
v -1.128767 -0.429327 -0.280830
v -1.133881 -0.428760 -0.281130
v -1.134562 -0.429375 -0.281370
v -1.142110 -0.428597 -0.284695
v -1.147710 -0.427808 -0.285151
v -1.155567 -0.426493 -0.288816
v -1.160736 -0.425002 -0.289239
v -1.161574 -0.425593 -0.289505
v -1.168898 -0.424106 -0.292875
v -1.174285 -0.422698 -0.293433
v -1.181580 -0.421229 -0.296819
v -1.182113 -0.420356 -0.297156
v -1.187075 -0.419032 -0.297543
v -1.188018 -0.419598 -0.297865
v -1.195175 -0.416890 -0.301345
v -1.194739 -0.417745 -0.301037
v -1.200040 -0.415198 -0.301742
v -1.200963 -0.415672 -0.302059
v -1.207887 -0.412991 -0.305489
v -1.212771 -0.410873 -0.305946
v -1.213638 -0.411317 -0.306254
v -1.220144 -0.408771 -0.309441
v -1.220552 -0.407772 -0.309804
v -1.225628 -0.406045 -0.310280
v -1.232820 -0.402289 -0.314079
v -1.232420 -0.403198 -0.313816
v -1.237523 -0.400227 -0.314525
v -1.238530 -0.400483 -0.314884
v -1.244901 -0.396763 -0.318279
v -1.249346 -0.393848 -0.318802
v -1.250254 -0.394173 -0.319133
v -1.256640 -0.390384 -0.322582
v -1.261502 -0.387583 -0.323211
v -1.267941 -0.382656 -0.326941
v -1.267738 -0.383599 -0.326725
v -1.272251 -0.379881 -0.327361
v -1.273228 -0.380093 -0.327752
v -1.279295 -0.375665 -0.331126
v -1.283503 -0.372185 -0.331657
v -1.289393 -0.367729 -0.335101
v -1.289512 -0.366685 -0.335335
v -1.293542 -0.363532 -0.335722
v -1.294631 -0.363653 -0.336143
v -1.299877 -0.358276 -0.339440
v -1.303506 -0.354462 -0.339784
v -1.304473 -0.354507 -0.340194
v -1.309618 -0.349115 -0.343403
v -1.313189 -0.345147 -0.343801
v -1.314140 -0.345203 -0.344206
v -1.318933 -0.339295 -0.347370
v -1.322570 -0.335165 -0.347838
v -1.327706 -0.329050 -0.351217
v -1.330903 -0.324672 -0.351534
v -1.331852 -0.324558 -0.351947
v -1.335798 -0.318140 -0.354998
v -1.339110 -0.313805 -0.355342
v -1.343526 -0.307773 -0.358478
v -1.343351 -0.306670 -0.358629
v -1.346168 -0.302383 -0.358770
v -1.347107 -0.302147 -0.359219
v -1.350594 -0.295490 -0.362088
v -1.357337 -0.283598 -0.365532
v -1.353650 -0.290854 -0.362426
v -1.360041 -0.278811 -0.365715
v -1.363330 -0.271970 -0.368687
v -1.363040 -0.271084 -0.368740
v -1.366134 -0.266667 -0.369044
v -1.368979 -0.259009 -0.371951
v -1.370870 -0.254052 -0.371912
v -1.371791 -0.253656 -0.372355
v -1.374107 -0.246383 -0.374971
v -1.375996 -0.241416 -0.374885
v -1.376811 -0.241022 -0.375328
v -1.378805 -0.233514 -0.377883
v -1.380892 -0.228506 -0.377868
v -1.383247 -0.220716 -0.380714
v -1.385150 -0.215524 -0.380652
v -1.387397 -0.207676 -0.383381
v -1.389318 -0.202465 -0.383395
v -1.390979 -0.194219 -0.385971
v -1.391415 -0.195156 -0.386022
v -1.393219 -0.189386 -0.385979
v -1.395115 -0.181417 -0.388648
v -1.396514 -0.176295 -0.388375
v -1.397211 -0.175961 -0.388751
v -1.398993 -0.168904 -0.391082
v -1.398490 -0.167931 -0.391050
v -1.400604 -0.163064 -0.391069
v -1.402511 -0.155143 -0.393544
v -1.403758 -0.149927 -0.393293
v -1.404496 -0.149537 -0.393684
v -1.406120 -0.141941 -0.396016
v -1.407829 -0.136705 -0.395893
v -1.409743 -0.128690 -0.398341
v -1.411554 -0.123496 -0.398219
v -1.413337 -0.115537 -0.400709
v -1.414689 -0.110352 -0.400312
v -1.415521 -0.109847 -0.400780
v -1.416953 -0.102248 -0.402929
v -1.418354 -0.097166 -0.402529
v -1.419168 -0.096695 -0.402967
v -1.420743 -0.089192 -0.405116
v -1.422556 -0.083905 -0.404869
v -1.423995 -0.075556 -0.407108
v -1.424436 -0.076484 -0.407178
v -1.426091 -0.070699 -0.406938
v -1.428031 -0.062693 -0.409232
v -1.429810 -0.057434 -0.408961
v -1.431503 -0.049376 -0.411223
v -1.433222 -0.044110 -0.410922
v -1.434916 -0.036032 -0.413000
v -1.436494 -0.030720 -0.412605
v -1.438027 -0.023078 -0.414651
v -1.437534 -0.022198 -0.414530
v -1.438910 -0.017251 -0.413980
v -1.439675 -0.016733 -0.414403
v -1.440807 -0.009514 -0.416084
v -1.440299 -0.008622 -0.416000
v -1.441842 -0.003530 -0.415524
v -1.443051 0.004170 -0.417275
v -1.442452 0.005107 -0.417181
v -1.444154 0.010253 -0.416788
v -1.444641 0.018768 -0.418313
v -1.445301 0.024182 -0.417523
v -1.445478 0.032509 -0.418866
v -1.445627 0.037827 -0.417890
v -1.446397 0.038723 -0.418337
v -1.443910 0.046458 -0.418738
v -1.442224 0.051231 -0.417109
v -1.442606 0.052068 -0.417397
v -1.439668 0.059369 -0.417642
v -1.437594 0.064275 -0.415891
v -1.437552 0.065236 -0.416080
v -1.432038 0.070796 -0.415425
v -1.428634 0.074329 -0.413171
v -1.428595 0.075410 -0.413342
v -1.422994 0.080757 -0.412673
v -1.419262 0.084406 -0.410369
v -1.412513 0.089168 -0.409373
v -1.408841 0.092555 -0.407044
v -1.401724 0.096937 -0.405835
v -1.396955 0.098627 -0.403132
v -1.389135 0.101419 -0.401651
v -1.384601 0.102682 -0.399041
v -1.384205 0.103519 -0.399027
v -1.377122 0.105640 -0.397689
v -1.376137 0.105068 -0.397447
v -1.371718 0.106732 -0.394759
v -1.363599 0.108661 -0.393275
v -1.358926 0.109425 -0.390518
v -1.358242 0.110315 -0.390430
v -1.350457 0.111024 -0.388834
v -1.345644 0.111847 -0.385996
v -1.337389 0.112882 -0.384405
v -1.332652 0.112994 -0.381528
v -1.332014 0.113744 -0.381489
v -1.324190 0.114157 -0.379755
v -1.319505 0.114108 -0.376960
v -1.318747 0.114929 -0.376867
v -1.310984 0.115208 -0.375225
v -1.306171 0.115396 -0.372363
v -1.297897 0.115912 -0.370593
v -1.292974 0.116015 -0.367699
v -1.284705 0.116428 -0.365921
v -1.279951 0.116045 -0.363026
v -1.279324 0.116744 -0.362966
v -1.271448 0.116765 -0.361167
v -1.266593 0.116870 -0.358320
v -1.258288 0.117186 -0.356483
v -1.253407 0.117245 -0.353568
v -1.245671 0.117817 -0.351890
v -1.244856 0.117079 -0.351659
v -1.240210 0.117695 -0.348836
v -1.231925 0.118148 -0.346979
v -1.227055 0.118262 -0.344070
v -1.219299 0.118927 -0.342334
v -1.218490 0.118198 -0.342115
v -1.213858 0.118913 -0.339185
v -1.206099 0.119606 -0.337480
v -1.205356 0.118938 -0.337288
v -1.200881 0.119187 -0.334441
v -1.200133 0.119968 -0.334314
v -1.192898 0.120381 -0.332616
v -1.192197 0.119718 -0.332471
v -1.179799 0.121191 -0.327816
v -1.187543 0.120393 -0.329583
v -1.178995 0.120503 -0.327635
v -1.174291 0.121298 -0.324710
v -1.166022 0.121611 -0.322811
v -1.161137 0.121820 -0.319859
v -1.153434 0.122520 -0.318143
v -1.152588 0.121808 -0.317949
v -1.148015 0.121853 -0.315090
v -1.147291 0.122538 -0.314937
v -1.140046 0.122582 -0.313215
v -1.139275 0.121876 -0.313135
v -1.134531 0.122193 -0.310272
v -1.126218 0.122328 -0.308379
v -1.121357 0.121399 -0.305626
v -1.120576 0.122072 -0.305413
v -1.112786 0.121410 -0.303786
v -1.107783 0.120971 -0.300998
v -1.099118 0.119640 -0.299344
v -1.099693 0.120529 -0.299422
v -1.094302 0.118863 -0.296710
v -1.086202 0.116855 -0.295074
v -1.081558 0.115247 -0.292594
v -1.080641 0.115822 -0.292439
v -1.073117 0.112956 -0.291054
v -1.068255 0.110833 -0.288558
v -1.060580 0.107145 -0.287536
v -1.056073 0.104591 -0.285189
v -1.048609 0.100385 -0.284267
v -1.044345 0.096889 -0.282097
v -1.037691 0.092475 -0.281454
v -1.037492 0.091503 -0.281469
v -1.033252 0.088377 -0.279349
v -1.026837 0.082358 -0.279074
v -1.026937 0.083290 -0.278995
v -1.023260 0.078878 -0.277130
v -1.022165 0.078956 -0.276977
v -1.016199 0.073384 -0.276729
v -1.006728 0.063764 -0.274895
v -1.012606 0.069273 -0.274922
v -1.006736 0.062813 -0.274982
v -1.003444 0.058987 -0.273218
v -1.002567 0.058995 -0.273109
v -0.997329 0.053476 -0.273145
v -0.997371 0.052221 -0.273304
v -0.993910 0.048161 -0.271562
v -0.988727 0.041055 -0.271878
v -0.988614 0.042000 -0.271779
v -0.985749 0.036862 -0.270240
v -0.984756 0.036680 -0.270168
v -0.980323 0.030543 -0.270657
v -0.980454 0.029482 -0.270844
v -0.977366 0.025139 -0.269416
v -0.972371 0.018767 -0.269917
v -0.972513 0.017753 -0.270124
v -0.969488 0.013231 -0.268765
v -0.964824 0.005955 -0.269673
v -0.962190 0.000935 -0.268510
v -0.957654 -0.006307 -0.269465
v -0.955203 -0.011507 -0.268475
v -0.950858 -0.018893 -0.269568
v -0.949013 -0.024112 -0.268776
v -0.947949 -0.024448 -0.268702
v -0.944438 -0.031231 -0.269917
v -0.944726 -0.032095 -0.270205
v -0.942293 -0.036998 -0.269227
v -0.938314 -0.043940 -0.270468
v -0.938607 -0.044965 -0.270800
v -0.936292 -0.049917 -0.269894
v -0.932414 -0.056965 -0.271178
v -0.932679 -0.057968 -0.271531
v -0.931033 -0.063001 -0.270798
v -0.930063 -0.063424 -0.270741
v -0.927133 -0.070885 -0.272354
v -0.925310 -0.076283 -0.271687
v -0.922251 -0.084362 -0.273426
v -0.920802 -0.089864 -0.272865
v -0.917735 -0.097231 -0.274436
v -0.918175 -0.098196 -0.274752
v -0.917005 -0.103455 -0.274202
v -0.916053 -0.104063 -0.274239
v -0.914029 -0.111160 -0.275906
v -0.914505 -0.111983 -0.276227
v -0.913615 -0.117256 -0.275733
v -0.912791 -0.117787 -0.275750
v -0.910906 -0.125560 -0.277713
v -0.910581 -0.131159 -0.277453
v -0.909720 -0.131745 -0.277521
v -0.908157 -0.139509 -0.279539
v -0.907939 -0.145130 -0.279378
v -0.907092 -0.146103 -0.279493
v -0.905986 -0.153216 -0.280489
v -0.905684 -0.153697 -0.282328
v -0.906137 -0.153755 -0.282431
v -0.906125 -0.153744 -0.282418
v -0.906125 -0.153744 -0.282418
v -0.906125 -0.153744 -0.282418
v -0.906125 -0.153744 -0.282418
v -0.906125 -0.153744 -0.282418
v -0.906125 -0.153744 -0.282418
v -0.906005 -0.153733 -0.282394
v -0.905909 -0.153722 -0.282382
v -0.905861 -0.153711 -0.282368
v -0.905885 -0.153711 -0.282368
v -0.905957 -0.153721 -0.282394
v -0.906125 -0.153744 -0.282418
v -0.906125 -0.153744 -0.282418
v -0.906029 -0.153732 -0.282405
v -0.905064 -0.154249 -0.297274
v -0.905008 -0.160902 -0.296213
v -0.905117 -0.165955 -0.293744
v -0.904599 -0.174668 -0.292422
v -0.904593 -0.179716 -0.290044
v -0.904422 -0.188474 -0.288892
v -0.904146 -0.193348 -0.286441
v -0.904765 -0.194010 -0.286513
v -0.904437 -0.202268 -0.285479
v -0.904835 -0.207355 -0.283178
v -0.905241 -0.215562 -0.282314
v -0.904534 -0.216355 -0.282058
v -0.905011 -0.221032 -0.279816
v -0.905675 -0.221691 -0.279902
v -0.905825 -0.229978 -0.279001
v -0.906652 -0.235084 -0.276773
v -0.907195 -0.243864 -0.275994
v -0.907637 -0.248730 -0.273713
v -0.908381 -0.249347 -0.273846
v -0.909465 -0.256978 -0.273346
v -0.908909 -0.257850 -0.273073
v -0.910544 -0.262652 -0.271164
v -0.912154 -0.270676 -0.270869
v -0.911649 -0.271557 -0.270584
v -0.913575 -0.276326 -0.268811
v -0.915351 -0.284898 -0.268299
v -0.917080 -0.289810 -0.266510
v -0.919563 -0.297658 -0.266454
v -0.919137 -0.298641 -0.266200
v -0.921461 -0.303299 -0.264566
v -0.924181 -0.311068 -0.264572
v -0.923817 -0.311912 -0.264368
v -0.926524 -0.316264 -0.263129
v -0.929980 -0.324342 -0.263488
v -0.932647 -0.329131 -0.262047
v -0.936472 -0.336883 -0.262644
v -0.939588 -0.341349 -0.261372
v -0.944038 -0.348879 -0.262146
v -0.946949 -0.353244 -0.260851
v -0.947809 -0.353394 -0.261135
v -0.952116 -0.360429 -0.261929
v -0.955548 -0.364432 -0.260908
v -0.956501 -0.364544 -0.261265
v -0.961486 -0.371041 -0.262204
v -0.971859 -0.380577 -0.263123
v -0.965665 -0.374562 -0.261403
v -0.975830 -0.384153 -0.262218
v -0.976866 -0.384072 -0.262580
v -0.982773 -0.389765 -0.264149
v -0.982536 -0.388773 -0.264198
v -0.987458 -0.392385 -0.263651
v -0.994346 -0.397239 -0.265879
v -0.998848 -0.400112 -0.265317
v -0.999649 -0.399921 -0.265682
v -1.006370 -0.404313 -0.267684
v -1.011399 -0.406646 -0.267449
v -1.018444 -0.410180 -0.269906
v -1.018808 -0.411072 -0.269906
v -1.023962 -0.412502 -0.269890
v -1.031554 -0.415941 -0.272477
v -1.036668 -0.417718 -0.272454
v -1.044496 -0.420506 -0.275262
v -1.049825 -0.421996 -0.275303
v -1.057155 -0.423738 -0.278247
v -1.057855 -0.424659 -0.278347
v -1.062939 -0.425534 -0.278372
v -1.063786 -0.425028 -0.278843
v -1.071225 -0.427267 -0.281430
v -1.076577 -0.427624 -0.281792
v -1.084669 -0.428706 -0.285005
v -1.090232 -0.429148 -0.285272
v -1.098270 -0.429756 -0.288522
v -1.103708 -0.429593 -0.288888
v -1.111169 -0.429527 -0.292162
v -1.112001 -0.430228 -0.292317
v -1.117289 -0.429598 -0.292683
v -1.125258 -0.429245 -0.296181
v -1.130592 -0.429001 -0.296514
v -1.131092 -0.428335 -0.296847
v -1.138658 -0.427742 -0.300133
v -1.144073 -0.426871 -0.300629
v -1.151373 -0.425596 -0.304026
v -1.152213 -0.426139 -0.304232
v -1.157209 -0.425074 -0.304595
v -1.157610 -0.424377 -0.304914
v -1.164533 -0.423025 -0.308081
v -1.165415 -0.423576 -0.308311
v -1.170347 -0.422397 -0.308704
v -1.170810 -0.421553 -0.309110
v -1.178177 -0.420066 -0.312426
v -1.183445 -0.418636 -0.312985
v -1.191113 -0.416676 -0.316553
v -1.196265 -0.414887 -0.317126
v -1.203807 -0.412321 -0.320794
v -1.208891 -0.410322 -0.321324
v -1.216669 -0.407922 -0.325038
v -1.215866 -0.407550 -0.324835
v -1.221255 -0.405448 -0.325571
v -1.227835 -0.402185 -0.329054
v -1.228838 -0.402519 -0.329319
v -1.233366 -0.400252 -0.329686
v -1.233650 -0.399314 -0.330002
v -1.239726 -0.396139 -0.333344
v -1.240642 -0.396398 -0.333588
v -1.251919 -0.389575 -0.337825
v -1.244998 -0.393377 -0.334068
v -1.256468 -0.386736 -0.338356
v -1.263106 -0.382416 -0.341973
v -1.267717 -0.379385 -0.342609
v -1.273640 -0.374998 -0.345941
v -1.274522 -0.375151 -0.346248
v -1.278556 -0.372111 -0.346651
v -1.278608 -0.371152 -0.346950
v -1.284514 -0.366621 -0.350336
v -1.288897 -0.363607 -0.350787
v -1.288931 -0.362719 -0.351045
v -1.294020 -0.358133 -0.354133
v -1.295031 -0.358131 -0.354484
v -1.298552 -0.354205 -0.354811
v -1.304687 -0.348814 -0.358501
v -1.303718 -0.348804 -0.358218
v -1.308133 -0.344884 -0.358773
v -1.312797 -0.339089 -0.362019
v -1.313754 -0.339024 -0.362365
v -1.316941 -0.334775 -0.362666
v -1.321471 -0.328885 -0.365858
v -1.322490 -0.328802 -0.366178
v -1.325475 -0.324575 -0.366434
v -1.329946 -0.317958 -0.369723
v -1.333359 -0.313618 -0.370121
v -1.337555 -0.306774 -0.373267
v -1.340923 -0.302694 -0.373592
v -1.340655 -0.301827 -0.373748
v -1.344647 -0.295359 -0.376837
v -1.347479 -0.290693 -0.377026
v -1.350594 -0.283924 -0.379883
v -1.351539 -0.283585 -0.380230
v -1.353992 -0.279121 -0.380296
v -1.353638 -0.278119 -0.380458
v -1.357110 -0.271438 -0.383313
v -1.359457 -0.266567 -0.383431
v -1.362021 -0.259392 -0.386156
v -1.362948 -0.259020 -0.386536
v -1.365091 -0.254438 -0.386525
v -1.364697 -0.253561 -0.386670
v -1.367484 -0.246480 -0.389360
v -1.369715 -0.241534 -0.389513
v -1.372076 -0.233719 -0.392200
v -1.374136 -0.228658 -0.392262
v -1.375985 -0.221226 -0.394764
v -1.376860 -0.220742 -0.395134
v -1.378304 -0.215679 -0.394979
v -1.380360 -0.207732 -0.397667
v -1.382266 -0.202588 -0.397635
v -1.384289 -0.194687 -0.400257
v -1.386050 -0.189468 -0.400164
v -1.387987 -0.181553 -0.402831
v -1.390140 -0.176660 -0.402757
v -1.389645 -0.175830 -0.402823
v -1.391535 -0.168378 -0.405201
v -1.393680 -0.163448 -0.405196
v -1.393165 -0.162554 -0.405245
v -1.395187 -0.155124 -0.407710
v -1.397233 -0.150237 -0.407633
v -1.396713 -0.149265 -0.407668
v -1.398798 -0.141880 -0.410088
v -1.400812 -0.137028 -0.409980
v -1.400288 -0.136160 -0.409999
v -1.401973 -0.129090 -0.412200
v -1.402727 -0.128645 -0.412566
v -1.404014 -0.123504 -0.412249
v -1.405439 -0.115981 -0.414445
v -1.406306 -0.115430 -0.414859
v -1.407540 -0.110224 -0.414481
v -1.409501 -0.102282 -0.416925
v -1.411229 -0.097062 -0.416735
v -1.413116 -0.089063 -0.419033
v -1.414950 -0.083901 -0.418833
v -1.416380 -0.076326 -0.420932
v -1.417252 -0.075790 -0.421331
v -1.418531 -0.070638 -0.420860
v -1.420360 -0.062632 -0.423215
v -1.422124 -0.057436 -0.422941
v -1.423844 -0.049359 -0.425068
v -1.425520 -0.044066 -0.424807
v -1.427182 -0.036007 -0.426902
v -1.428620 -0.030642 -0.426469
v -1.429944 -0.023044 -0.428370
v -1.430649 -0.022567 -0.428699
v -1.431580 -0.017298 -0.428088
v -1.432845 -0.009122 -0.429870
v -1.434082 -0.003849 -0.429390
v -1.434687 0.003940 -0.430998
v -1.435461 0.004531 -0.431296
v -1.436500 0.009549 -0.430579
v -1.435946 0.010164 -0.430515
v -1.436806 0.018014 -0.432110
v -1.437942 0.023205 -0.431468
v -1.437307 0.023894 -0.431395
v -1.437466 0.031259 -0.432668
v -1.438220 0.031959 -0.432986
v -1.438307 0.037126 -0.431836
v -1.437343 0.044749 -0.433266
v -1.432662 0.056456 -0.432019
v -1.435591 0.049545 -0.431674
v -1.433109 0.057428 -0.432097
v -1.425592 0.067679 -0.429871
v -1.430993 0.061199 -0.430167
v -1.422449 0.071670 -0.427745
v -1.416880 0.077710 -0.427053
v -1.413907 0.081636 -0.425007
v -1.413032 0.081512 -0.424921
v -1.407404 0.086151 -0.424156
v -1.407270 0.087261 -0.424103
v -1.403420 0.090114 -0.421824
v -1.397072 0.094804 -0.420755
v -1.392429 0.096211 -0.418194
v -1.384566 0.098967 -0.416712
v -1.380347 0.101011 -0.414077
v -1.379421 0.100484 -0.413916
v -1.372003 0.102851 -0.412541
v -1.367282 0.103926 -0.409838
v -1.359598 0.105343 -0.408377
v -1.359026 0.106241 -0.408219
v -1.354487 0.106850 -0.405469
v -1.346203 0.108059 -0.403894
v -1.341395 0.108790 -0.401068
v -1.333686 0.109548 -0.399494
v -1.333064 0.110328 -0.399341
v -1.328616 0.110904 -0.396594
v -1.327743 0.110261 -0.396492
v -1.320095 0.111109 -0.394839
v -1.315244 0.111521 -0.391982
v -1.307552 0.111900 -0.390440
v -1.306834 0.112636 -0.390233
v -1.302368 0.112849 -0.387451
v -1.301553 0.112130 -0.387319
v -1.293866 0.112756 -0.385641
v -1.289034 0.113040 -0.382771
v -1.281249 0.112963 -0.381100
v -1.280531 0.113741 -0.380926
v -1.275890 0.113485 -0.378114
v -1.267548 0.113618 -0.376298
v -1.262649 0.113798 -0.373384
v -1.254353 0.114166 -0.371573
v -1.249713 0.114769 -0.368722
v -1.248885 0.114052 -0.368574
v -1.241197 0.114594 -0.366835
v -1.236314 0.114861 -0.363977
v -1.228042 0.115423 -0.362130
v -1.223420 0.116151 -0.359229
v -1.222729 0.115518 -0.359118
v -1.215442 0.115849 -0.357529
v -1.214744 0.116650 -0.357309
v -1.210011 0.116418 -0.354435
v -1.201753 0.117057 -0.352595
v -1.196839 0.117287 -0.349651
v -1.189083 0.117752 -0.347953
v -1.188467 0.118519 -0.347729
v -1.183790 0.118368 -0.344836
v -1.175489 0.119012 -0.343011
v -1.170586 0.119340 -0.340030
v -1.162334 0.119932 -0.338188
v -1.157457 0.120198 -0.335222
v -1.149681 0.120576 -0.333545
v -1.149078 0.121326 -0.333272
v -1.144365 0.121072 -0.330436
v -1.136526 0.121322 -0.328737
v -1.135964 0.121989 -0.328511
v -1.131397 0.121829 -0.325693
v -1.130712 0.121189 -0.325687
v -1.122914 0.121351 -0.323914
v -1.118158 0.121684 -0.321043
v -1.117454 0.120981 -0.321037
v -1.109662 0.120857 -0.319340
v -1.104760 0.120341 -0.316453
v -1.096909 0.119503 -0.314978
v -1.096238 0.120126 -0.314667
v -1.091288 0.118719 -0.312195
v -1.084239 0.116823 -0.310987
v -1.091809 0.119516 -0.312090
v -1.083325 0.117323 -0.310608
v -1.078861 0.115294 -0.308157
v -1.071060 0.112464 -0.306788
v -1.066365 0.110457 -0.304284
v -1.059558 0.106797 -0.303371
v -1.058601 0.107068 -0.303110
v -1.054574 0.104380 -0.300829
v -1.054253 0.103398 -0.300945
v -1.047335 0.099618 -0.299996
v -1.043221 0.096483 -0.297870
v -1.036843 0.091604 -0.297305
v -1.035893 0.091763 -0.297108
v -1.032146 0.088533 -0.295019
v -1.031966 0.087501 -0.295214
v -1.025621 0.082728 -0.294791
v -1.021656 0.079458 -0.292747
v -1.021440 0.078298 -0.292913
v -1.015211 0.073617 -0.292465
v -1.011794 0.069422 -0.290799
v -1.006124 0.063708 -0.290891
v -1.005171 0.063696 -0.290651
v -1.001891 0.059974 -0.288839
v -1.001912 0.058904 -0.289038
v -0.996589 0.053090 -0.288956
v -0.993139 0.049114 -0.287301
v -0.993187 0.048068 -0.287531
v -0.987883 0.042081 -0.287616
v -0.984715 0.037678 -0.285961
v -0.980280 0.031105 -0.286632
v -0.979195 0.030852 -0.286469
v -0.976741 0.026118 -0.285193
v -0.972236 0.019476 -0.285843
v -0.971244 0.019243 -0.285677
v -0.968837 0.014487 -0.284532
v -0.964150 0.007318 -0.285376
v -0.961463 0.002499 -0.284246
v -0.957304 -0.004399 -0.285170
v -0.956324 -0.004671 -0.285033
v -0.954332 -0.009702 -0.284267
v -0.949945 -0.017038 -0.285357
v -0.947229 -0.021720 -0.284227
v -0.947409 -0.022606 -0.284582
v -0.943315 -0.029493 -0.285635
v -0.940777 -0.034252 -0.284665
v -0.941042 -0.035241 -0.285048
v -0.937078 -0.042177 -0.286232
v -0.935116 -0.047489 -0.285496
v -0.931579 -0.054607 -0.286956
v -0.930690 -0.054972 -0.286816
v -0.928991 -0.059916 -0.286076
v -0.929297 -0.060693 -0.286418
v -0.925982 -0.067979 -0.287837
v -0.924322 -0.073401 -0.287217
v -0.921654 -0.080819 -0.288914
v -0.920751 -0.081300 -0.288819
v -0.919761 -0.086760 -0.288318
v -0.917211 -0.094711 -0.290189
v -0.915656 -0.100001 -0.289505
v -0.916096 -0.100840 -0.289910
v -0.913706 -0.108318 -0.291544
v -0.912840 -0.114022 -0.291249
v -0.910846 -0.122099 -0.293364
v -0.909515 -0.127509 -0.292769
v -0.909995 -0.128283 -0.293128
v -0.908467 -0.135423 -0.295057
v -0.907645 -0.136047 -0.295058
v -0.907438 -0.141746 -0.294848
v -0.905009 -0.154248 -0.298219
v -0.907877 -0.153954 -0.282720
v -0.908364 -0.153970 -0.282469
v -0.907877 -0.153961 -0.282804
v -0.907877 -0.153961 -0.282804
v -0.908081 -0.153982 -0.282853
v -0.908021 -0.153970 -0.282841
v -0.907877 -0.153961 -0.282804
v -0.907877 -0.153961 -0.282804
v -0.907949 -0.153971 -0.282829
v -0.908150 -0.156468 -0.281547
v -0.908237 -0.169468 -0.278089
v -0.908370 -0.161357 -0.279135
v -0.907442 -0.170316 -0.277788
v -0.907912 -0.175196 -0.275456
v -0.907786 -0.183395 -0.274451
v -0.907057 -0.184177 -0.274164
v -0.907742 -0.189062 -0.271935
v -0.907684 -0.197849 -0.270907
v -0.908098 -0.203014 -0.268595
v -0.908434 -0.211205 -0.267700
v -0.907753 -0.212034 -0.267448
v -0.908698 -0.216886 -0.265266
v -0.909254 -0.225052 -0.264531
v -0.908624 -0.225932 -0.264245
v -0.909894 -0.230829 -0.262128
v -0.910491 -0.239648 -0.261369
v -0.911576 -0.244705 -0.259198
v -0.912639 -0.253542 -0.258537
v -0.913439 -0.258434 -0.256375
v -0.914216 -0.259060 -0.256527
v -0.915540 -0.267244 -0.256027
v -0.918854 -0.280923 -0.253738
v -0.917118 -0.272241 -0.254058
v -0.920104 -0.285768 -0.251695
v -0.920839 -0.286193 -0.251877
v -0.923024 -0.294297 -0.251684
v -0.924956 -0.299417 -0.249843
v -0.927365 -0.307779 -0.249828
v -0.929974 -0.312468 -0.248401
v -0.933355 -0.320017 -0.248817
v -0.933036 -0.321021 -0.248623
v -0.935807 -0.325447 -0.247184
v -0.939726 -0.333193 -0.247827
v -0.942812 -0.337769 -0.246596
v -0.947140 -0.345464 -0.247290
v -0.950146 -0.349782 -0.246174
v -0.955261 -0.356148 -0.247289
v -0.955271 -0.357176 -0.247128
v -0.964601 -0.367728 -0.247414
v -0.959355 -0.360744 -0.246297
v -0.968172 -0.371382 -0.246433
v -0.969113 -0.371356 -0.246773
v -0.974632 -0.376561 -0.248233
v -0.974784 -0.377613 -0.248131
v -0.979345 -0.380531 -0.247520
v -0.985542 -0.386489 -0.249185
v -0.989929 -0.389481 -0.248510
v -0.990916 -0.389304 -0.248901
v -0.997325 -0.394220 -0.250768
v -1.002133 -0.397011 -0.250312
v -1.009201 -0.401646 -0.252604
v -1.014311 -0.403887 -0.252400
v -1.021622 -0.408488 -0.254736
v -1.021329 -0.407666 -0.254783
v -1.026670 -0.410066 -0.254671
v -1.033908 -0.413111 -0.257273
v -1.034370 -0.414045 -0.257327
v -1.039611 -0.415131 -0.257409
v -1.046950 -0.417589 -0.260045
v -1.047503 -0.418574 -0.260147
v -1.052636 -0.419449 -0.260277
v -1.060689 -0.421519 -0.263228
v -1.066166 -0.422625 -0.263394
v -1.074161 -0.424742 -0.266405
v -1.079335 -0.425614 -0.266474
v -1.079999 -0.425036 -0.266852
v -1.087100 -0.425924 -0.269687
v -1.087836 -0.426764 -0.269831
v -1.092997 -0.427136 -0.269990
v -1.093633 -0.426569 -0.270323
v -1.101227 -0.427569 -0.273412
v -1.106715 -0.427293 -0.273784
v -1.114301 -0.427313 -0.277035
v -1.115029 -0.427993 -0.277182
v -1.120204 -0.427847 -0.277393
v -1.120794 -0.427216 -0.277760
v -1.128348 -0.427091 -0.280986
v -1.133765 -0.426441 -0.281433
v -1.141734 -0.425731 -0.284937
v -1.147136 -0.425069 -0.285457
v -1.154452 -0.423592 -0.288810
v -1.155317 -0.424170 -0.289027
v -1.160367 -0.423141 -0.289389
v -1.160896 -0.422324 -0.289784
v -1.168408 -0.421406 -0.293108
v -1.173589 -0.419984 -0.293576
v -1.181295 -0.418156 -0.297261
v -1.186573 -0.417203 -0.297656
v -1.187005 -0.416395 -0.297985
v -1.194253 -0.414745 -0.301381
v -1.199415 -0.412842 -0.301934
v -1.207011 -0.410453 -0.305590
v -1.212160 -0.408559 -0.306132
v -1.218885 -0.405716 -0.309591
v -1.219766 -0.406044 -0.309847
v -1.224454 -0.403337 -0.310397
v -1.231200 -0.400239 -0.313887
v -1.232048 -0.400565 -0.314115
v -1.236657 -0.397923 -0.314673
v -1.243547 -0.394274 -0.318280
v -1.248370 -0.391716 -0.318895
v -1.254724 -0.387954 -0.322354
v -1.255718 -0.388270 -0.322658
v -1.260038 -0.385667 -0.323038
v -1.260218 -0.384652 -0.323369
v -1.266588 -0.380828 -0.326805
v -1.271104 -0.377737 -0.327338
v -1.277633 -0.373447 -0.331068
v -1.281839 -0.370037 -0.331532
v -1.287850 -0.364942 -0.335109
v -1.292225 -0.361613 -0.335638
v -1.298054 -0.356305 -0.339203
v -1.302050 -0.352674 -0.339656
v -1.307661 -0.347022 -0.343196
v -1.311710 -0.343328 -0.343676
v -1.316928 -0.337356 -0.347128
v -1.320485 -0.333203 -0.347509
v -1.326098 -0.327334 -0.351053
v -1.325201 -0.327367 -0.350729
v -1.329417 -0.323501 -0.351265
v -1.329256 -0.322557 -0.351449
v -1.333587 -0.316466 -0.354531
v -1.336929 -0.312062 -0.354876
v -1.341366 -0.305537 -0.358229
v -1.348273 -0.293961 -0.361675
v -1.344305 -0.300909 -0.358415
v -1.351534 -0.289732 -0.361904
v -1.351293 -0.288832 -0.362078
v -1.354911 -0.282321 -0.365020
v -1.357522 -0.277447 -0.365184
v -1.360907 -0.270200 -0.368289
v -1.366533 -0.257900 -0.371316
v -1.363587 -0.265338 -0.368476
v -1.368872 -0.252969 -0.371434
v -1.371255 -0.245664 -0.374138
v -1.372152 -0.245312 -0.374521
v -1.373897 -0.240277 -0.374420
v -1.376318 -0.232573 -0.377269
v -1.378366 -0.227500 -0.377236
v -1.380322 -0.220091 -0.379806
v -1.381212 -0.219656 -0.380187
v -1.383003 -0.214905 -0.380047
v -1.384482 -0.207064 -0.382515
v -1.382504 -0.213917 -0.380138
v -1.385261 -0.206659 -0.382853
v -1.387027 -0.201875 -0.382711
v -1.386582 -0.201061 -0.382768
v -1.388399 -0.194160 -0.385094
v -1.389258 -0.193633 -0.385491
v -1.390965 -0.188826 -0.385303
v -1.390494 -0.187956 -0.385338
v -1.392171 -0.181068 -0.387648
v -1.393059 -0.180509 -0.388056
v -1.394392 -0.175376 -0.387773
v -1.396772 -0.167371 -0.390564
v -1.395950 -0.167903 -0.390222
v -1.398060 -0.162245 -0.390277
v -1.399494 -0.154741 -0.392594
v -1.400361 -0.154182 -0.392995
v -1.401631 -0.148987 -0.392667
v -1.403995 -0.141000 -0.395386
v -1.403178 -0.141504 -0.395021
v -1.405273 -0.135840 -0.395037
v -1.406773 -0.128366 -0.397370
v -1.407630 -0.127809 -0.397761
v -1.409305 -0.122977 -0.397483
v -1.408812 -0.122192 -0.397521
v -1.410782 -0.114664 -0.399818
v -1.412567 -0.109473 -0.399724
v -1.414437 -0.101455 -0.402084
v -1.416207 -0.096216 -0.401919
v -1.418227 -0.088247 -0.404301
v -1.420308 -0.083387 -0.404121
v -1.419815 -0.082470 -0.404144
v -1.421864 -0.075049 -0.406397
v -1.423557 -0.069817 -0.406072
v -1.425436 -0.061833 -0.408436
v -1.427574 -0.056935 -0.408220
v -1.427068 -0.056003 -0.408214
v -1.428990 -0.048561 -0.410370
v -1.431026 -0.043653 -0.410119
v -1.430557 -0.042893 -0.410093
v -1.432245 -0.035279 -0.412134
v -1.433886 -0.030031 -0.411798
v -1.435000 -0.022321 -0.413566
v -1.435786 -0.021781 -0.413943
v -1.436756 -0.016569 -0.413322
v -1.437796 -0.008649 -0.415021
v -1.438497 -0.008299 -0.415367
v -1.439681 -0.003280 -0.414737
v -1.439133 -0.002542 -0.414674
v -1.439882 0.004772 -0.416197
v -1.440693 0.005436 -0.416578
v -1.441449 0.010714 -0.415786
v -1.442019 0.018937 -0.417464
v -1.442656 0.024348 -0.416634
v -1.442698 0.032694 -0.418002
v -1.443558 0.038055 -0.417237
v -1.441658 0.045921 -0.417972
v -1.441258 0.045066 -0.417765
v -1.440513 0.050637 -0.416501
v -1.439603 0.051100 -0.416307
v -1.437160 0.058491 -0.416777
v -1.436326 0.062994 -0.415360
v -1.435327 0.063038 -0.415151
v -1.430024 0.068784 -0.414619
v -1.426889 0.072854 -0.412554
v -1.421145 0.078795 -0.411883
v -1.417717 0.082079 -0.409681
v -1.411320 0.086397 -0.408711
v -1.411146 0.087401 -0.408770
v -1.407385 0.090156 -0.406321
v -1.400622 0.094288 -0.405509
v -1.396047 0.095930 -0.402836
v -1.388214 0.098775 -0.401506
v -1.383704 0.100534 -0.398868
v -1.375805 0.102701 -0.397356
v -1.371356 0.104376 -0.394691
v -1.370418 0.103812 -0.394545
v -1.362969 0.105946 -0.393091
v -1.358588 0.107565 -0.390406
v -1.357787 0.107014 -0.390309
v -1.350132 0.108239 -0.388664
v -1.345319 0.109011 -0.385904
v -1.337525 0.109755 -0.384346
v -1.336918 0.110584 -0.384201
v -1.332288 0.110634 -0.381392
v -1.323941 0.111340 -0.379728
v -1.319362 0.112212 -0.376900
v -1.318717 0.111618 -0.376790
v -1.311384 0.112134 -0.375256
v -1.310705 0.112884 -0.375092
v -1.306005 0.112641 -0.372294
v -1.297732 0.112978 -0.370469
v -1.292860 0.113212 -0.367593
v -1.284380 0.113989 -0.365782
v -1.285056 0.113280 -0.365980
v -1.279698 0.113660 -0.362960
v -1.271343 0.113969 -0.361129
v -1.266532 0.114069 -0.358209
v -1.257993 0.114782 -0.356385
v -1.258734 0.114029 -0.356603
v -1.253277 0.114472 -0.353561
v -1.245010 0.114695 -0.351679
v -1.240045 0.114850 -0.348785
v -1.231764 0.115299 -0.346910
v -1.226899 0.115465 -0.343957
v -1.218575 0.115882 -0.342198
v -1.213924 0.116534 -0.339285
v -1.213197 0.115859 -0.339188
v -1.205919 0.116272 -0.337497
v -1.205242 0.117056 -0.337329
v -1.200535 0.116812 -0.334435
v -1.192223 0.117361 -0.332625
v -1.187368 0.117597 -0.329601
v -1.179006 0.118153 -0.327765
v -1.174381 0.118831 -0.324811
v -1.173755 0.118251 -0.324737
v -1.166434 0.118488 -0.323123
v -1.165676 0.119306 -0.322873
v -1.152636 0.119448 -0.318172
v -1.160961 0.118985 -0.319996
v -1.147716 0.119421 -0.315260
v -1.139368 0.119535 -0.313455
v -1.134651 0.119847 -0.310541
v -1.133902 0.119163 -0.310534
v -1.126134 0.119452 -0.308736
v -1.121418 0.119524 -0.305877
v -1.120699 0.118767 -0.305846
v -1.112876 0.118580 -0.304226
v -1.107921 0.118084 -0.301279
v -1.099725 0.117467 -0.299628
v -1.094947 0.116130 -0.296952
v -1.086706 0.114163 -0.295472
v -1.081914 0.113035 -0.292777
v -1.074618 0.110246 -0.291803
v -1.073700 0.110653 -0.291522
v -1.069371 0.108643 -0.289075
v -1.068938 0.107769 -0.289135
v -1.061781 0.104695 -0.288030
v -1.057328 0.102135 -0.285588
v -1.050106 0.097921 -0.284822
v -1.045888 0.095046 -0.282554
v -1.045751 0.094216 -0.282656
v -1.038996 0.089663 -0.281981
v -1.035039 0.086230 -0.279916
v -1.029007 0.080833 -0.279652
v -1.028028 0.080913 -0.279450
v -1.024556 0.076947 -0.277616
v -1.018111 0.071488 -0.277252
v -1.014422 0.067797 -0.275433
v -1.014442 0.066843 -0.275607
v -1.009121 0.061542 -0.275571
v -1.008039 0.061486 -0.275392
v -1.004764 0.057671 -0.273631
v -1.004723 0.056691 -0.273803
v -0.998802 0.051066 -0.273718
v -0.999812 0.051229 -0.273898
v -0.996077 0.046469 -0.272220
v -0.991193 0.040039 -0.272482
v -0.990152 0.039896 -0.272306
v -0.987483 0.035345 -0.270775
v -0.982423 0.028357 -0.271447
v -0.979596 0.023529 -0.270093
v -0.974453 0.016610 -0.270693
v -0.971793 0.011865 -0.269437
v -0.967739 0.004890 -0.270404
v -0.966705 0.004586 -0.270267
v -0.964578 -0.000424 -0.269245
v -0.960003 -0.007804 -0.270140
v -0.957293 -0.012391 -0.269060
v -0.957534 -0.013255 -0.269404
v -0.953292 -0.020231 -0.270417
v -0.950864 -0.025290 -0.269480
v -0.947381 -0.032454 -0.270892
v -0.946361 -0.032862 -0.270762
v -0.944385 -0.037763 -0.269897
v -0.944646 -0.038750 -0.270280
v -0.940263 -0.045694 -0.271390
v -0.941141 -0.045335 -0.271500
v -0.938400 -0.050642 -0.270566
v -0.938676 -0.051563 -0.270975
v -0.934877 -0.058657 -0.272164
v -0.933061 -0.063971 -0.271494
v -0.929726 -0.071766 -0.273132
v -0.927867 -0.077193 -0.272448
v -0.924841 -0.085136 -0.274242
v -0.923023 -0.090338 -0.273453
v -0.923398 -0.091218 -0.273867
v -0.920431 -0.098614 -0.275346
v -0.918795 -0.103870 -0.274681
v -0.919269 -0.104746 -0.275062
v -0.916770 -0.112218 -0.276781
v -0.915870 -0.117973 -0.276436
v -0.913185 -0.126162 -0.278322
v -0.913974 -0.125639 -0.278361
v -0.912762 -0.131709 -0.278043
v -0.911276 -0.139446 -0.280151
v -0.910426 -0.140018 -0.280121
v -0.910407 -0.146310 -0.280045
v -0.907853 -0.153997 -0.282795
v -0.907877 -0.153997 -0.282806
v -0.907877 -0.153997 -0.282806
v -0.907877 -0.153997 -0.282806
v -0.907877 -0.153997 -0.282806
v -0.908325 -0.154041 -0.282884
v -0.907877 -0.153997 -0.282806
v -0.907877 -0.153997 -0.282806
v -0.907997 -0.154007 -0.282832
v -0.908081 -0.154030 -0.282845
v -0.908129 -0.154030 -0.282856
v -0.908117 -0.154030 -0.282856
v -0.908045 -0.154019 -0.282832
v -0.907877 -0.153997 -0.282806
v -0.907877 -0.153997 -0.282806
v -0.907961 -0.154008 -0.282819
v 0.224750 -0.337052 -1.593526
v 0.232826 -0.336379 -1.593439
v 0.245336 -0.333262 -1.594535
v 0.244690 -0.333908 -1.595047
v 0.237078 -0.334609 -1.594692
v 0.257525 -0.330753 -1.596420
v 0.249966 -0.331838 -1.596457
v 0.249187 -0.331459 -1.595931
v 0.269633 -0.327180 -1.598077
v 0.261799 -0.328772 -1.597751
v 0.273651 -0.324937 -1.599548
v 0.281606 -0.323192 -1.599735
v 0.293329 -0.318423 -1.601283
v 0.292837 -0.319082 -1.601796
v 0.286066 -0.320959 -1.601439
v 0.285240 -0.320689 -1.600775
v 0.304852 -0.313772 -1.603386
v 0.297537 -0.316133 -1.603363
v 0.296753 -0.315887 -1.602735
v 0.316058 -0.308016 -1.604858
v 0.315583 -0.308799 -1.605451
v 0.308527 -0.311098 -1.604744
v 0.326789 -0.302350 -1.607141
v 0.319323 -0.305293 -1.606758
v 0.337441 -0.295714 -1.609034
v 0.330148 -0.299265 -1.608648
v 0.347510 -0.288443 -1.610968
v 0.340632 -0.292299 -1.610561
v 0.357304 -0.280432 -1.612296
v 0.357033 -0.281054 -1.612890
v 0.350542 -0.284934 -1.612540
v 0.366296 -0.271984 -1.614213
v 0.365975 -0.272795 -1.614918
v 0.359868 -0.276885 -1.614133
v 0.375126 -0.263459 -1.615772
v 0.368910 -0.268236 -1.615766
v 0.383123 -0.253975 -1.617432
v 0.377274 -0.259153 -1.617010
v 0.390883 -0.244560 -1.618371
v 0.385301 -0.249529 -1.618328
v 0.391090 -0.243950 -1.617705
v 0.398032 -0.233699 -1.619372
v 0.392871 -0.239659 -1.619344
v 0.404889 -0.223112 -1.620048
v 0.399745 -0.229026 -1.620246
v 0.410766 -0.211530 -1.619927
v 0.410699 -0.212136 -1.620651
v 0.406393 -0.218153 -1.620957
v 0.416240 -0.200436 -1.620287
v 0.411946 -0.206856 -1.620828
v 0.420953 -0.188541 -1.619670
v 0.417598 -0.194850 -1.620800
v 0.416953 -0.195478 -1.620112
v 0.425122 -0.176581 -1.618083
v 0.425098 -0.177195 -1.618936
v 0.421578 -0.183439 -1.619884
v 0.428682 -0.164564 -1.616944
v 0.425822 -0.171784 -1.618542
v 0.432654 -0.146935 -1.614233
v 0.428816 -0.159348 -1.616749
v 0.239120 -0.346164 -1.581725
v 0.230985 -0.346712 -1.581831
v 0.251838 -0.343296 -1.583049
v 0.251243 -0.343865 -1.583518
v 0.243623 -0.344640 -1.583203
v 0.264384 -0.340374 -1.584571
v 0.263777 -0.340963 -1.585062
v 0.256130 -0.341795 -1.584816
v 0.276468 -0.337314 -1.586512
v 0.269117 -0.338871 -1.586448
v 0.268310 -0.338504 -1.585850
v 0.288411 -0.333670 -1.588410
v 0.281119 -0.335244 -1.588354
v 0.280231 -0.334894 -1.587713
v 0.300185 -0.329492 -1.590106
v 0.292435 -0.331472 -1.589874
v 0.311658 -0.324730 -1.592060
v 0.304002 -0.326960 -1.591690
v 0.322979 -0.319866 -1.593824
v 0.315427 -0.322187 -1.593443
v 0.333734 -0.314006 -1.595965
v 0.326893 -0.316824 -1.595790
v 0.326085 -0.316769 -1.595134
v 0.344525 -0.307597 -1.597415
v 0.344024 -0.308334 -1.598033
v 0.337084 -0.310847 -1.597333
v 0.354513 -0.300934 -1.599969
v 0.348180 -0.304475 -1.599754
v 0.347321 -0.304456 -1.598993
v 0.357511 -0.297516 -1.601552
v 0.364414 -0.293762 -1.602033
v 0.373744 -0.285365 -1.603522
v 0.373430 -0.286026 -1.604103
v 0.367400 -0.290020 -1.603361
v 0.382771 -0.277112 -1.605475
v 0.382474 -0.277793 -1.606128
v 0.376330 -0.281891 -1.605446
v 0.391225 -0.268545 -1.607405
v 0.385771 -0.273220 -1.607351
v 0.384997 -0.273385 -1.606546
v 0.399136 -0.258876 -1.608655
v 0.398848 -0.259636 -1.609409
v 0.393264 -0.264392 -1.608730
v 0.406814 -0.249235 -1.609994
v 0.406567 -0.250010 -1.610688
v 0.401633 -0.254643 -1.610359
v 0.400989 -0.254849 -1.609657
v 0.413583 -0.239118 -1.612038
v 0.408433 -0.245036 -1.611641
v 0.420288 -0.228470 -1.613001
v 0.415186 -0.234366 -1.612760
v 0.425885 -0.216748 -1.612984
v 0.425750 -0.217412 -1.613759
v 0.421639 -0.223432 -1.613879
v 0.431373 -0.205569 -1.613627
v 0.427425 -0.211684 -1.614303
v 0.426768 -0.212172 -1.613552
v 0.435840 -0.193508 -1.613113
v 0.432242 -0.200400 -1.613937
v 0.440153 -0.181226 -1.612088
v 0.436923 -0.187919 -1.613436
v 0.436262 -0.188603 -1.612753
v 0.443220 -0.168505 -1.610303
v 0.440399 -0.175995 -1.611763
v 0.446481 -0.149932 -1.606977
v 0.446530 -0.151137 -1.608007
v 0.443305 -0.163189 -1.610043
v 0.232648 -0.334321 -1.591547
v 0.225121 -0.334605 -1.591528
v 0.224359 -0.335266 -1.591994
v 0.245157 -0.331841 -1.593254
v 0.244529 -0.331413 -1.592823
v 0.236957 -0.332526 -1.592833
v 0.257238 -0.328599 -1.594424
v 0.249165 -0.329737 -1.594366
v 0.269281 -0.325112 -1.596058
v 0.261425 -0.326705 -1.595807
v 0.281435 -0.321518 -1.598001
v 0.280632 -0.321117 -1.597436
v 0.273219 -0.323047 -1.597626
v 0.292743 -0.316852 -1.599531
v 0.285079 -0.319022 -1.599115
v 0.304276 -0.311903 -1.601238
v 0.296421 -0.314641 -1.601373
v 0.297020 -0.313868 -1.600926
v 0.315657 -0.306827 -1.603398
v 0.314951 -0.306577 -1.602865
v 0.308448 -0.308831 -1.602497
v 0.307894 -0.309685 -1.602988
v 0.326178 -0.300493 -1.604953
v 0.318793 -0.303461 -1.604560
v 0.336771 -0.294051 -1.606676
v 0.329433 -0.297490 -1.606485
v 0.346709 -0.286769 -1.608699
v 0.339808 -0.290644 -1.608279
v 0.356695 -0.279432 -1.610747
v 0.355816 -0.279368 -1.610111
v 0.349696 -0.283463 -1.610179
v 0.365669 -0.271150 -1.612597
v 0.364861 -0.271131 -1.611964
v 0.359009 -0.275425 -1.611890
v 0.374165 -0.262204 -1.613260
v 0.367911 -0.266904 -1.613241
v 0.382003 -0.252855 -1.614741
v 0.376356 -0.258303 -1.614993
v 0.376594 -0.257423 -1.614430
v 0.390105 -0.243176 -1.615505
v 0.384259 -0.248467 -1.615709
v 0.397042 -0.232886 -1.616675
v 0.392029 -0.238088 -1.616540
v 0.391900 -0.238963 -1.617161
v 0.403845 -0.222256 -1.617474
v 0.398707 -0.228235 -1.617568
v 0.410015 -0.211204 -1.618211
v 0.409327 -0.211571 -1.617565
v 0.405384 -0.217893 -1.618642
v 0.405456 -0.217175 -1.617978
v 0.415073 -0.199928 -1.617455
v 0.410822 -0.206343 -1.618277
v 0.419784 -0.188273 -1.617038
v 0.416114 -0.195050 -1.617839
v 0.424065 -0.176661 -1.615906
v 0.420532 -0.183413 -1.617220
v 0.427454 -0.164630 -1.614380
v 0.424651 -0.171743 -1.615777
v 0.431349 -0.147062 -1.611715
v 0.427782 -0.158796 -1.613719
v 0.427749 -0.159735 -1.614604
v 0.239161 -0.344427 -1.580173
v 0.238551 -0.343962 -1.579733
v 0.231461 -0.344315 -1.579751
v 0.230645 -0.344975 -1.580238
v 0.243333 -0.342581 -1.581316
v 0.251400 -0.341512 -1.581339
v 0.263973 -0.338618 -1.582935
v 0.255845 -0.339730 -1.582810
v 0.276153 -0.335310 -1.584530
v 0.268280 -0.336797 -1.584182
v 0.288083 -0.331718 -1.586371
v 0.280237 -0.333133 -1.586042
v 0.299778 -0.327641 -1.588044
v 0.292008 -0.329471 -1.587722
v 0.311455 -0.323144 -1.590244
v 0.310740 -0.322806 -1.589653
v 0.303430 -0.325417 -1.589935
v 0.304004 -0.324674 -1.589481
v 0.322778 -0.318275 -1.591978
v 0.314939 -0.320349 -1.591357
v 0.322041 -0.317944 -1.591421
v 0.333435 -0.312445 -1.594054
v 0.332645 -0.312179 -1.593410
v 0.325815 -0.315210 -1.593386
v 0.344126 -0.306448 -1.595929
v 0.343369 -0.306235 -1.595261
v 0.336526 -0.309155 -1.595200
v 0.353844 -0.299299 -1.597688
v 0.347392 -0.302468 -1.596986
v 0.346872 -0.303386 -1.597517
v 0.363996 -0.292366 -1.600102
v 0.363257 -0.292208 -1.599490
v 0.356832 -0.295881 -1.599160
v 0.372996 -0.284262 -1.601433
v 0.366905 -0.288059 -1.600759
v 0.366527 -0.288995 -1.601310
v 0.381864 -0.276124 -1.603378
v 0.375547 -0.280815 -1.603364
v 0.375817 -0.280082 -1.602848
v 0.390365 -0.267275 -1.604968
v 0.384723 -0.271655 -1.604313
v 0.384423 -0.272579 -1.604960
v 0.398566 -0.258188 -1.606962
v 0.397863 -0.258291 -1.606301
v 0.392729 -0.262606 -1.606111
v 0.392464 -0.263474 -1.606726
v 0.405970 -0.248465 -1.607862
v 0.400353 -0.253769 -1.607496
v 0.412597 -0.238227 -1.609274
v 0.407548 -0.243971 -1.609131
v 0.419412 -0.227581 -1.610270
v 0.414305 -0.233498 -1.610105
v 0.424906 -0.216454 -1.610742
v 0.420528 -0.222829 -1.611181
v 0.430400 -0.205037 -1.611032
v 0.426216 -0.210912 -1.611032
v 0.426097 -0.211824 -1.611843
v 0.434776 -0.193269 -1.610354
v 0.431175 -0.200197 -1.611242
v 0.439039 -0.181294 -1.609481
v 0.435459 -0.188251 -1.610569
v 0.442026 -0.168501 -1.607764
v 0.439227 -0.176062 -1.609123
v 0.445681 -0.150127 -1.605249
v 0.445202 -0.151020 -1.604835
v 0.442156 -0.163273 -1.607529
v 0.142636 -0.347240 -1.586680
v 0.134597 -0.346825 -1.587495
v 0.155265 -0.346343 -1.587096
v 0.147184 -0.346008 -1.588096
v 0.167858 -0.345290 -1.587729
v 0.159740 -0.344908 -1.588643
v 0.180623 -0.344136 -1.588454
v 0.172334 -0.343712 -1.589458
v 0.193334 -0.342171 -1.589528
v 0.192666 -0.342736 -1.590028
v 0.185116 -0.342818 -1.590034
v 0.205907 -0.340523 -1.590454
v 0.205266 -0.341101 -1.590962
v 0.197674 -0.341140 -1.591027
v 0.224866 -0.337440 -1.592317
v 0.223732 -0.338159 -1.592754
v 0.210359 -0.339521 -1.592018
v 0.146077 -0.356636 -1.574368
v 0.137991 -0.356013 -1.575181
v 0.158875 -0.355930 -1.574939
v 0.150818 -0.355407 -1.575881
v 0.171569 -0.354937 -1.575652
v 0.163406 -0.354431 -1.576457
v 0.184515 -0.353802 -1.576408
v 0.176186 -0.353332 -1.577370
v 0.197299 -0.352286 -1.577824
v 0.189185 -0.352426 -1.578027
v 0.210167 -0.350612 -1.578813
v 0.202617 -0.351055 -1.579219
v 0.201782 -0.350533 -1.578750
v 0.231057 -0.347166 -1.580603
v 0.229732 -0.347929 -1.581035
v 0.214627 -0.348965 -1.579745
v 0.215751 -0.349352 -1.580249
v 0.142577 -0.345176 -1.584997
v 0.134546 -0.344650 -1.585929
v 0.155167 -0.344330 -1.585489
v 0.147125 -0.343855 -1.586460
v 0.167767 -0.343288 -1.586218
v 0.159660 -0.342963 -1.587058
v 0.180498 -0.342128 -1.586920
v 0.172235 -0.341793 -1.587869
v 0.193046 -0.340316 -1.588002
v 0.184965 -0.340679 -1.588365
v 0.205562 -0.338667 -1.588969
v 0.197559 -0.339032 -1.589242
v 0.224475 -0.335709 -1.590784
v 0.210885 -0.337051 -1.590075
v 0.209933 -0.337726 -1.590514
v 0.146028 -0.354511 -1.572706
v 0.138003 -0.353919 -1.573610
v 0.158780 -0.353824 -1.573265
v 0.150789 -0.353331 -1.574259
v 0.171568 -0.352998 -1.574124
v 0.163398 -0.352457 -1.574894
v 0.176117 -0.351389 -1.575738
v 0.184462 -0.351865 -1.574811
v 0.197188 -0.350059 -1.575924
v 0.189614 -0.350070 -1.576072
v 0.188891 -0.350683 -1.576475
v 0.210072 -0.348508 -1.577003
v 0.201909 -0.348716 -1.577205
v 0.230698 -0.345467 -1.579026
v 0.215828 -0.346796 -1.578102
v 0.214550 -0.347520 -1.578525
v 0.008491 -0.348052 -1.580757
v 0.000518 -0.347758 -1.581969
v 0.007887 -0.348565 -1.581215
v 0.020832 -0.348483 -1.581302
v 0.013170 -0.347788 -1.582303
v 0.033305 -0.348586 -1.581719
v 0.025662 -0.347830 -1.582573
v 0.045918 -0.348818 -1.582226
v 0.038167 -0.347930 -1.583012
v 0.050658 -0.348145 -1.583540
v 0.058495 -0.348896 -1.582657
v 0.071033 -0.349094 -1.583259
v 0.063224 -0.348338 -1.584096
v 0.083718 -0.349107 -1.583878
v 0.076227 -0.348564 -1.584782
v 0.075633 -0.347956 -1.584477
v 0.096242 -0.348974 -1.584500
v 0.088376 -0.348325 -1.585287
v 0.101518 -0.348435 -1.586032
v 0.108892 -0.348768 -1.585028
v 0.100783 -0.347824 -1.585724
v 0.121595 -0.348310 -1.585642
v 0.113962 -0.347982 -1.586609
v 0.113336 -0.347414 -1.586342
v 0.134484 -0.347678 -1.586238
v 0.126067 -0.347245 -1.587112
v 0.008919 -0.355909 -1.567224
v 0.001033 -0.355287 -1.568179
v 0.013905 -0.355305 -1.568613
v 0.021767 -0.356132 -1.567714
v 0.026678 -0.355568 -1.569018
v 0.034509 -0.356323 -1.568205
v 0.047421 -0.356393 -1.568521
v 0.046783 -0.356835 -1.568954
v 0.039339 -0.355804 -1.569517
v 0.060047 -0.357131 -1.569543
v 0.052177 -0.356272 -1.570219
v 0.072825 -0.357474 -1.570149
v 0.065388 -0.356863 -1.570999
v 0.064704 -0.356198 -1.570688
v 0.085681 -0.357744 -1.570992
v 0.077680 -0.356892 -1.571612
v 0.090510 -0.357041 -1.572487
v 0.098560 -0.357996 -1.571851
v 0.111391 -0.357835 -1.572448
v 0.103284 -0.357153 -1.573307
v 0.124138 -0.357568 -1.573207
v 0.116073 -0.356855 -1.574006
v 0.128966 -0.356544 -1.574751
v 0.137871 -0.356953 -1.573943
v 0.008292 -0.345908 -1.579686
v 0.000542 -0.345430 -1.580708
v 0.020890 -0.346015 -1.579945
v 0.013169 -0.345339 -1.580990
v 0.033611 -0.346572 -1.580465
v 0.025760 -0.345444 -1.581278
v 0.032981 -0.345912 -1.580219
v 0.046062 -0.346456 -1.580808
v 0.038342 -0.345540 -1.581615
v 0.058554 -0.346597 -1.581243
v 0.050789 -0.345742 -1.582143
v 0.071293 -0.347185 -1.581920
v 0.063332 -0.346124 -1.582684
v 0.070656 -0.346531 -1.581686
v 0.075938 -0.346024 -1.583168
v 0.083785 -0.346948 -1.582397
v 0.096340 -0.346858 -1.582970
v 0.088422 -0.345997 -1.583745
v 0.108901 -0.346642 -1.583499
v 0.100963 -0.346025 -1.584428
v 0.121479 -0.346252 -1.584097
v 0.113508 -0.345637 -1.584996
v 0.134451 -0.345636 -1.584714
v 0.126006 -0.345092 -1.585500
v 0.008900 -0.353429 -1.565859
v 0.001551 -0.352707 -1.566699
v 0.000908 -0.353272 -1.567070
v 0.021820 -0.353639 -1.566347
v 0.013909 -0.352939 -1.567283
v 0.026757 -0.353112 -1.567684
v 0.034606 -0.353955 -1.566774
v 0.047412 -0.354405 -1.567402
v 0.040017 -0.353265 -1.568013
v 0.039285 -0.353809 -1.568416
v 0.060343 -0.355215 -1.568226
v 0.052272 -0.353856 -1.568817
v 0.059795 -0.354592 -1.568031
v 0.065005 -0.354263 -1.569409
v 0.072962 -0.355196 -1.568762
v 0.085801 -0.355468 -1.569454
v 0.077609 -0.354883 -1.570461
v 0.078259 -0.354453 -1.570062
v 0.098640 -0.355730 -1.570226
v 0.090637 -0.354892 -1.571022
v 0.111355 -0.355764 -1.570927
v 0.103368 -0.354925 -1.571763
v 0.124189 -0.355439 -1.571599
v 0.116097 -0.354690 -1.572474
v 0.137810 -0.354933 -1.572313
v 0.128923 -0.354334 -1.573212
v -0.126335 -0.347600 -1.585968
v -0.133942 -0.346831 -1.586769
v -0.113695 -0.348023 -1.585250
v -0.121363 -0.347474 -1.586138
v -0.100988 -0.348098 -1.584290
v -0.101693 -0.348628 -1.584841
v -0.108739 -0.347824 -1.585442
v -0.088320 -0.348152 -1.583581
v -0.089002 -0.348701 -1.584121
v -0.096147 -0.348072 -1.584853
v -0.075678 -0.348102 -1.582912
v -0.076427 -0.348710 -1.583461
v -0.083093 -0.348362 -1.584324
v -0.083767 -0.347764 -1.583990
v -0.063389 -0.348536 -1.582611
v -0.070462 -0.348229 -1.583644
v -0.071083 -0.347632 -1.583309
v -0.050795 -0.348380 -1.582098
v -0.058560 -0.347619 -1.582866
v -0.057949 -0.348181 -1.583156
v -0.038301 -0.348289 -1.581690
v -0.045325 -0.348213 -1.582762
v -0.046099 -0.347519 -1.582429
v -0.025813 -0.348263 -1.581380
v -0.033340 -0.347895 -1.582329
v -0.013276 -0.348344 -1.581246
v -0.021092 -0.347430 -1.581869
v -0.020483 -0.348002 -1.582161
v -0.000230 -0.348357 -1.581026
v -0.008295 -0.347907 -1.581933
v -0.129312 -0.356731 -1.573460
v -0.136541 -0.356329 -1.574551
v -0.137291 -0.355672 -1.574139
v -0.116553 -0.357144 -1.572760
v -0.124157 -0.356605 -1.573624
v -0.103579 -0.357367 -1.571824
v -0.111396 -0.356854 -1.572886
v -0.090607 -0.356879 -1.570733
v -0.091261 -0.357469 -1.571289
v -0.098033 -0.357145 -1.572212
v -0.098742 -0.356530 -1.571874
v -0.078039 -0.357030 -1.570215
v -0.085724 -0.356733 -1.571328
v -0.065206 -0.356619 -1.569385
v -0.072964 -0.356467 -1.570491
v -0.060193 -0.356091 -1.569829
v -0.052480 -0.356389 -1.568755
v -0.039674 -0.356097 -1.568126
v -0.047634 -0.355338 -1.568974
v -0.046920 -0.355950 -1.569270
v -0.026948 -0.355929 -1.567757
v -0.034686 -0.355486 -1.568745
v -0.014177 -0.355809 -1.567489
v -0.021924 -0.355355 -1.568433
v -0.000489 -0.355852 -1.567240
v -0.009127 -0.355312 -1.568114
v -0.126278 -0.345235 -1.584262
v -0.133897 -0.344557 -1.585057
v -0.113539 -0.346145 -1.583839
v -0.114199 -0.345509 -1.583553
v -0.121262 -0.345064 -1.584418
v -0.100985 -0.346552 -1.583194
v -0.101682 -0.345867 -1.582898
v -0.108751 -0.345537 -1.583802
v -0.088353 -0.346587 -1.582539
v -0.089041 -0.345926 -1.582263
v -0.095669 -0.345563 -1.583047
v -0.096371 -0.346153 -1.583571
v -0.075923 -0.346164 -1.581686
v -0.083122 -0.345611 -1.582520
v -0.083801 -0.346214 -1.582947
v -0.063203 -0.346487 -1.581321
v -0.063943 -0.345784 -1.581038
v -0.071114 -0.346037 -1.582311
v -0.070504 -0.345487 -1.581917
v -0.050601 -0.346298 -1.580841
v -0.051238 -0.345650 -1.580592
v -0.057951 -0.345364 -1.581430
v -0.058652 -0.346022 -1.581887
v -0.038417 -0.345870 -1.580281
v -0.046121 -0.345890 -1.581485
v -0.045491 -0.345301 -1.581117
v -0.025679 -0.346242 -1.580233
v -0.026325 -0.345545 -1.579981
v -0.033467 -0.345418 -1.580927
v -0.013015 -0.346210 -1.580043
v -0.013621 -0.345536 -1.579827
v -0.020374 -0.345160 -1.580546
v -0.021121 -0.345796 -1.580986
v -0.008301 -0.345330 -1.580550
v -0.000211 -0.345914 -1.579705
v -0.129369 -0.354379 -1.571756
v -0.137147 -0.353840 -1.572771
v -0.116596 -0.354826 -1.570989
v -0.124203 -0.354242 -1.571983
v -0.103438 -0.355393 -1.570452
v -0.104178 -0.354705 -1.570156
v -0.111495 -0.354587 -1.571269
v -0.090705 -0.355296 -1.569693
v -0.091348 -0.354721 -1.569437
v -0.098594 -0.354563 -1.570499
v -0.077934 -0.355021 -1.568859
v -0.078758 -0.354344 -1.568574
v -0.085919 -0.354446 -1.569773
v -0.065156 -0.354684 -1.568086
v -0.065863 -0.354010 -1.567815
v -0.073147 -0.354108 -1.568975
v -0.052554 -0.353981 -1.567279
v -0.060334 -0.353650 -1.568334
v -0.039550 -0.353994 -1.566954
v -0.040175 -0.353353 -1.566759
v -0.047574 -0.353332 -1.567703
v -0.026769 -0.353817 -1.566557
v -0.027371 -0.353192 -1.566325
v -0.034177 -0.352837 -1.567147
v -0.034934 -0.353494 -1.567578
v -0.014003 -0.353710 -1.566302
v -0.014754 -0.353010 -1.566068
v -0.022011 -0.352979 -1.567067
v -0.000281 -0.353806 -1.566031
v -0.000960 -0.353159 -1.565793
v -0.008628 -0.352601 -1.566604
v -0.009361 -0.353243 -1.567003
v -0.216853 -0.339518 -1.592215
v -0.224057 -0.337557 -1.593769
v -0.204024 -0.340957 -1.590525
v -0.204747 -0.341369 -1.591235
v -0.211552 -0.339573 -1.592420
v -0.191477 -0.342467 -1.589499
v -0.192037 -0.342831 -1.590075
v -0.198411 -0.341555 -1.591427
v -0.199103 -0.340820 -1.591041
v -0.178966 -0.343763 -1.588506
v -0.179509 -0.344141 -1.589102
v -0.186437 -0.342715 -1.590248
v -0.166316 -0.344939 -1.588294
v -0.174051 -0.344185 -1.589152
v -0.153550 -0.345669 -1.587128
v -0.154246 -0.346139 -1.587694
v -0.161335 -0.345232 -1.588299
v -0.134573 -0.347025 -1.586478
v -0.147667 -0.346476 -1.587534
v -0.148870 -0.345742 -1.587168
v -0.222631 -0.348804 -1.579943
v -0.223259 -0.349142 -1.580604
v -0.230280 -0.347260 -1.581957
v -0.210041 -0.350907 -1.578961
v -0.217492 -0.349205 -1.580608
v -0.197061 -0.351979 -1.577535
v -0.197790 -0.352420 -1.578217
v -0.204816 -0.350404 -1.579108
v -0.204184 -0.351044 -1.579465
v -0.184425 -0.353251 -1.576466
v -0.185021 -0.353625 -1.577047
v -0.191981 -0.352237 -1.578329
v -0.171415 -0.354036 -1.575879
v -0.172083 -0.354468 -1.576394
v -0.179415 -0.353557 -1.577053
v -0.158680 -0.355032 -1.574959
v -0.159326 -0.355476 -1.575522
v -0.166556 -0.354635 -1.576159
v -0.137464 -0.355903 -1.573846
v -0.153757 -0.355487 -1.575152
v -0.138727 -0.356433 -1.574395
v -0.216667 -0.337232 -1.590254
v -0.223411 -0.335295 -1.591675
v -0.224121 -0.335715 -1.592258
v -0.203955 -0.339521 -1.589326
v -0.204530 -0.338794 -1.589050
v -0.210910 -0.337304 -1.590316
v -0.211619 -0.337766 -1.590916
v -0.191598 -0.340515 -1.588015
v -0.198354 -0.338901 -1.589287
v -0.199025 -0.339344 -1.589825
v -0.179093 -0.341795 -1.587020
v -0.186557 -0.340794 -1.588782
v -0.185964 -0.340326 -1.588281
v -0.166276 -0.342707 -1.586540
v -0.174004 -0.341905 -1.587352
v -0.153703 -0.343774 -1.585752
v -0.160804 -0.342771 -1.586328
v -0.161503 -0.343300 -1.586837
v -0.134289 -0.345194 -1.585074
v -0.135260 -0.344574 -1.584709
v -0.148583 -0.343919 -1.585723
v -0.222656 -0.346931 -1.578511
v -0.230135 -0.344995 -1.580023
v -0.209764 -0.349092 -1.577428
v -0.210415 -0.348307 -1.577115
v -0.217466 -0.347028 -1.578781
v -0.197206 -0.350032 -1.576050
v -0.204045 -0.348479 -1.577335
v -0.204736 -0.348929 -1.577912
v -0.184522 -0.351396 -1.575035
v -0.191509 -0.349792 -1.576212
v -0.192182 -0.350290 -1.576782
v -0.171555 -0.352161 -1.574386
v -0.179598 -0.351662 -1.575522
v -0.178907 -0.351134 -1.575065
v -0.158661 -0.353540 -1.573792
v -0.159449 -0.352828 -1.573450
v -0.166564 -0.352411 -1.574445
v -0.137784 -0.353975 -1.572430
v -0.153732 -0.353315 -1.573459
v -0.428072 -0.149825 -1.620511
v -0.428398 -0.142211 -1.619354
v -0.427772 -0.150648 -1.619872
v -0.425044 -0.163016 -1.621795
v -0.425399 -0.162270 -1.622502
v -0.425861 -0.154856 -1.621531
v -0.421791 -0.174973 -1.623828
v -0.422914 -0.167230 -1.622848
v -0.423020 -0.167824 -1.623544
v -0.417594 -0.187058 -1.624637
v -0.419148 -0.179811 -1.625057
v -0.419022 -0.179090 -1.624236
v -0.412932 -0.198954 -1.625188
v -0.414836 -0.191838 -1.625682
v -0.414783 -0.191052 -1.624875
v -0.407437 -0.210770 -1.624843
v -0.407853 -0.210291 -1.625614
v -0.409933 -0.203119 -1.625808
v -0.401801 -0.222217 -1.624892
v -0.404351 -0.215334 -1.626011
v -0.404376 -0.214460 -1.625251
v -0.395244 -0.233068 -1.624165
v -0.398189 -0.225659 -1.624727
v -0.398123 -0.226457 -1.625363
v -0.388075 -0.243661 -1.622658
v -0.388564 -0.243391 -1.623451
v -0.391648 -0.236812 -1.624456
v -0.380538 -0.253644 -1.622120
v -0.384265 -0.246922 -1.623395
v -0.372228 -0.263271 -1.619687
v -0.372751 -0.263095 -1.620504
v -0.376465 -0.257001 -1.622096
v -0.363539 -0.272399 -1.618430
v -0.367875 -0.266812 -1.620443
v -0.368079 -0.265885 -1.619855
v -0.354584 -0.281064 -1.616186
v -0.358919 -0.275849 -1.618518
v -0.359167 -0.274780 -1.617950
v -0.344567 -0.288794 -1.613655
v -0.345174 -0.288779 -1.614492
v -0.349591 -0.284169 -1.616354
v -0.349972 -0.283137 -1.615789
v -0.335095 -0.296480 -1.611564
v -0.340099 -0.291265 -1.613903
v -0.324230 -0.303023 -1.608723
v -0.324880 -0.303058 -1.609582
v -0.330269 -0.298592 -1.611420
v -0.313582 -0.309412 -1.606211
v -0.314266 -0.309453 -1.607078
v -0.319208 -0.305656 -1.609106
v -0.319611 -0.304667 -1.608661
v -0.302556 -0.315192 -1.604420
v -0.308889 -0.311293 -1.606430
v -0.291223 -0.320449 -1.602297
v -0.297050 -0.317056 -1.604588
v -0.297499 -0.316249 -1.604136
v -0.279348 -0.324925 -1.600383
v -0.285640 -0.322066 -1.602257
v -0.286196 -0.321236 -1.601803
v -0.267174 -0.328383 -1.597972
v -0.267885 -0.328662 -1.598814
v -0.274100 -0.325681 -1.600427
v -0.255262 -0.331972 -1.596699
v -0.262153 -0.329357 -1.598423
v -0.242964 -0.334675 -1.595098
v -0.249460 -0.332758 -1.596994
v -0.250066 -0.331962 -1.596601
v -0.236800 -0.335571 -1.595320
v -0.225071 -0.338120 -1.592931
v -0.237815 -0.334689 -1.594985
v -0.442256 -0.153606 -1.613787
v -0.442505 -0.152919 -1.614365
v -0.442689 -0.145462 -1.613562
v -0.442440 -0.144767 -1.612735
v -0.440511 -0.158985 -1.615642
v -0.439909 -0.166573 -1.615919
v -0.440323 -0.158252 -1.614885
v -0.436612 -0.179570 -1.617276
v -0.437734 -0.172036 -1.617216
v -0.437562 -0.171203 -1.616375
v -0.432413 -0.191560 -1.617829
v -0.433945 -0.183947 -1.617854
v -0.427576 -0.203592 -1.617730
v -0.427967 -0.203061 -1.618470
v -0.429660 -0.196493 -1.618782
v -0.429582 -0.195578 -1.617980
v -0.422577 -0.215270 -1.618090
v -0.424779 -0.207694 -1.618710
v -0.416815 -0.226905 -1.616951
v -0.417277 -0.226428 -1.617814
v -0.419467 -0.220019 -1.618749
v -0.419463 -0.219134 -1.618062
v -0.410616 -0.237859 -1.616315
v -0.413404 -0.231304 -1.617774
v -0.413461 -0.230369 -1.617147
v -0.403909 -0.248541 -1.614283
v -0.404436 -0.248188 -1.615240
v -0.407037 -0.241217 -1.616029
v -0.406960 -0.242038 -1.616643
v -0.396187 -0.258397 -1.613194
v -0.396821 -0.258039 -1.614077
v -0.400210 -0.251837 -1.614838
v -0.388629 -0.268106 -1.611826
v -0.392342 -0.261718 -1.613676
v -0.379872 -0.277103 -1.609839
v -0.384480 -0.271216 -1.611641
v -0.370771 -0.285574 -1.607137
v -0.371309 -0.285464 -1.607976
v -0.375525 -0.279920 -1.609754
v -0.361346 -0.293632 -1.604839
v -0.361880 -0.293655 -1.605666
v -0.366301 -0.289024 -1.607564
v -0.366663 -0.287976 -1.606994
v -0.351638 -0.301080 -1.602287
v -0.352222 -0.301078 -1.603094
v -0.356626 -0.296655 -1.605115
v -0.357015 -0.295650 -1.604618
v -0.341597 -0.308219 -1.599736
v -0.342275 -0.308224 -1.600675
v -0.346980 -0.303965 -1.602606
v -0.347298 -0.303108 -1.602134
v -0.331206 -0.314830 -1.597877
v -0.336541 -0.310828 -1.600130
v -0.336985 -0.309836 -1.599663
v -0.320581 -0.321022 -1.595195
v -0.326247 -0.316721 -1.597682
v -0.309150 -0.326334 -1.593057
v -0.315415 -0.322353 -1.595072
v -0.297684 -0.331254 -1.590704
v -0.303976 -0.327614 -1.592941
v -0.285525 -0.335465 -1.589050
v -0.292022 -0.332665 -1.590832
v -0.292551 -0.331860 -1.590409
v -0.273416 -0.338410 -1.586539
v -0.274013 -0.338680 -1.587264
v -0.280344 -0.336093 -1.588984
v -0.261221 -0.341685 -1.585276
v -0.268476 -0.339478 -1.586949
v -0.248855 -0.344133 -1.583162
v -0.249523 -0.344469 -1.583856
v -0.255941 -0.342062 -1.585385
v -0.230999 -0.347476 -1.580823
v -0.232130 -0.347781 -1.581557
v -0.243795 -0.344826 -1.583553
v -0.426783 -0.150601 -1.617665
v -0.427221 -0.142457 -1.616762
v -0.424261 -0.163064 -1.620068
v -0.423979 -0.162479 -1.619416
v -0.424529 -0.155636 -1.618785
v -0.424947 -0.154865 -1.619389
v -0.420797 -0.175197 -1.621524
v -0.420570 -0.174450 -1.620748
v -0.421943 -0.167359 -1.620717
v -0.416422 -0.186754 -1.622004
v -0.418083 -0.179214 -1.622081
v -0.411773 -0.198505 -1.622571
v -0.413760 -0.190968 -1.622759
v -0.406590 -0.210193 -1.622738
v -0.408388 -0.203096 -1.622852
v -0.408998 -0.202478 -1.623620
v -0.400691 -0.221337 -1.622256
v -0.403462 -0.214117 -1.623141
v -0.394125 -0.232148 -1.621487
v -0.397178 -0.225097 -1.622604
v -0.387399 -0.242976 -1.620978
v -0.387363 -0.242007 -1.620422
v -0.390856 -0.235782 -1.622239
v -0.390255 -0.236084 -1.621548
v -0.382934 -0.246193 -1.620478
v -0.379482 -0.252558 -1.619508
v -0.383615 -0.245922 -1.621312
v -0.371497 -0.262010 -1.617657
v -0.375131 -0.255936 -1.619280
v -0.375800 -0.255761 -1.620073
v -0.362704 -0.271306 -1.616453
v -0.362821 -0.270323 -1.615996
v -0.367177 -0.264928 -1.617802
v -0.353848 -0.279913 -1.614213
v -0.354007 -0.278915 -1.613782
v -0.358314 -0.273688 -1.616006
v -0.344093 -0.287678 -1.612177
v -0.344291 -0.286739 -1.611765
v -0.349458 -0.282132 -1.614263
v -0.348813 -0.282144 -1.613520
v -0.334305 -0.294709 -1.609260
v -0.339499 -0.289536 -1.611540
v -0.323849 -0.301297 -1.606930
v -0.329826 -0.297030 -1.609564
v -0.329072 -0.296923 -1.608829
v -0.313258 -0.307661 -1.604466
v -0.319189 -0.303477 -1.607241
v -0.318554 -0.303340 -1.606550
v -0.302047 -0.313208 -1.602262
v -0.308570 -0.309605 -1.604680
v -0.307877 -0.309363 -1.603926
v -0.290703 -0.318408 -1.600201
v -0.296419 -0.314758 -1.602004
v -0.297195 -0.314989 -1.602732
v -0.278940 -0.322814 -1.598294
v -0.285701 -0.319643 -1.600133
v -0.266973 -0.327007 -1.596701
v -0.267408 -0.326199 -1.596396
v -0.273698 -0.323659 -1.598341
v -0.254888 -0.329828 -1.594788
v -0.261854 -0.327278 -1.596367
v -0.242630 -0.332995 -1.593471
v -0.243122 -0.332220 -1.593198
v -0.249632 -0.330154 -1.594929
v -0.236754 -0.332922 -1.593066
v -0.224934 -0.336046 -1.591161
v -0.237667 -0.333244 -1.593724
v -0.441475 -0.153732 -1.612038
v -0.441209 -0.153030 -1.611303
v -0.441553 -0.145166 -1.610647
v -0.438774 -0.166669 -1.613187
v -0.439578 -0.158331 -1.613174
v -0.439215 -0.159084 -1.612602
v -0.435685 -0.179560 -1.615100
v -0.435466 -0.178735 -1.614418
v -0.436679 -0.171377 -1.614258
v -0.432790 -0.183685 -1.615287
v -0.431273 -0.191297 -1.615046
v -0.426737 -0.202969 -1.615510
v -0.428830 -0.195386 -1.616252
v -0.428334 -0.195893 -1.615624
v -0.421658 -0.215009 -1.615850
v -0.421497 -0.214179 -1.615188
v -0.423710 -0.207135 -1.616098
v -0.416043 -0.226157 -1.614837
v -0.418241 -0.219199 -1.615655
v -0.418733 -0.218788 -1.616355
v -0.409660 -0.236947 -1.613692
v -0.412250 -0.230177 -1.614699
v -0.412813 -0.229815 -1.615432
v -0.403273 -0.247828 -1.612635
v -0.403231 -0.246968 -1.612144
v -0.406057 -0.240697 -1.613817
v -0.395504 -0.257709 -1.611539
v -0.395485 -0.256808 -1.610994
v -0.399208 -0.250785 -1.612236
v -0.387625 -0.266722 -1.609185
v -0.391506 -0.260434 -1.611182
v -0.379096 -0.276098 -1.607843
v -0.379221 -0.275146 -1.607357
v -0.383107 -0.270049 -1.608763
v -0.383871 -0.269901 -1.609601
v -0.370228 -0.284039 -1.605134
v -0.374752 -0.278395 -1.607312
v -0.360965 -0.292045 -1.602945
v -0.365916 -0.286853 -1.605023
v -0.351177 -0.299989 -1.600808
v -0.351398 -0.299021 -1.600434
v -0.356292 -0.294362 -1.602641
v -0.341201 -0.306675 -1.597960
v -0.346516 -0.301799 -1.600174
v -0.330607 -0.313011 -1.595654
v -0.336331 -0.308467 -1.597718
v -0.320088 -0.319099 -1.592933
v -0.325788 -0.314768 -1.595492
v -0.308600 -0.324839 -1.591219
v -0.309008 -0.323909 -1.590867
v -0.314982 -0.320466 -1.592875
v -0.297277 -0.329268 -1.588559
v -0.303096 -0.325644 -1.590477
v -0.303826 -0.325894 -1.591201
v -0.285335 -0.333373 -1.586926
v -0.292051 -0.330301 -1.588688
v -0.273277 -0.337098 -1.585228
v -0.273718 -0.336256 -1.584946
v -0.280123 -0.333991 -1.586881
v -0.261034 -0.339633 -1.583368
v -0.267736 -0.337288 -1.584707
v -0.268400 -0.337645 -1.585312
v -0.248840 -0.342361 -1.581653
v -0.255695 -0.339934 -1.583432
v -0.231214 -0.345610 -1.579308
v -0.243595 -0.342738 -1.581755
v 0.852169 -0.103469 1.556928
v 0.850794 -0.111207 1.555813
v 0.849896 -0.111855 1.555825
v 0.849026 -0.116789 1.556952
v 0.849608 -0.117696 1.556780
v 0.847708 -0.125327 1.555776
v 0.846681 -0.130671 1.556929
v 0.844825 -0.138891 1.555809
v 0.843701 -0.144269 1.557009
v 0.841722 -0.152456 1.555908
v 0.840190 -0.157476 1.557142
v 0.840703 -0.158235 1.556969
v 0.838648 -0.166012 1.556068
v 0.837382 -0.171374 1.557202
v 0.835670 -0.179007 1.556184
v 0.834787 -0.179590 1.556179
v 0.834042 -0.184771 1.557273
v 0.831926 -0.192978 1.556324
v 0.830163 -0.197955 1.557501
v 0.830691 -0.198883 1.557345
v 0.828309 -0.206435 1.556410
v 0.827056 -0.211826 1.557550
v 0.824641 -0.219912 1.556561
v 0.822887 -0.224816 1.557762
v 0.823396 -0.225772 1.557597
v 0.820888 -0.233300 1.556677
v 0.819117 -0.238217 1.557890
v 0.819601 -0.239155 1.557755
v 0.817049 -0.246642 1.556765
v 0.813451 -0.259544 1.556903
v 0.815556 -0.251894 1.557959
v 0.812539 -0.260056 1.556908
v 0.811506 -0.265212 1.558050
v 0.808422 -0.273326 1.556972
v 0.809250 -0.272905 1.556970
v 0.806941 -0.278139 1.558136
v 0.807408 -0.279072 1.557990
v 0.804709 -0.286534 1.557023
v 0.803124 -0.291739 1.558124
v 0.800457 -0.299796 1.557107
v 0.798793 -0.304963 1.558169
v 0.796102 -0.313024 1.557170
v 0.794030 -0.317824 1.558289
v 0.794466 -0.318714 1.558127
v 0.791681 -0.326179 1.557166
v 0.789537 -0.330980 1.558296
v 0.789995 -0.332000 1.558160
v 0.786611 -0.339392 1.557156
v 0.787451 -0.338980 1.557174
v 0.784971 -0.344128 1.558289
v 0.785408 -0.345135 1.558154
v 0.782486 -0.352451 1.557123
v 0.780650 -0.357580 1.558238
v 0.778130 -0.365195 1.557147
v 0.777238 -0.365573 1.557099
v 0.775858 -0.370581 1.558200
v 0.772973 -0.378607 1.557062
v 0.771091 -0.383712 1.558131
v 0.767940 -0.391646 1.556971
v 0.766175 -0.396708 1.558045
v 0.762543 -0.404622 1.556890
v 0.763405 -0.404248 1.556921
v 0.760718 -0.409303 1.557998
v 0.761128 -0.410193 1.557864
v 0.758014 -0.417529 1.556817
v 0.755601 -0.422239 1.557880
v 0.755951 -0.423079 1.557787
v 0.753226 -0.429984 1.556723
v 0.752235 -0.430453 1.556653
v 0.750632 -0.435376 1.557722
v 0.747516 -0.443252 1.556506
v 0.744945 -0.447932 1.557594
v 0.745289 -0.448857 1.557465
v 0.741931 -0.456089 1.556388
v 0.739799 -0.461130 1.557434
v 0.736273 -0.468787 1.556160
v 0.733634 -0.473333 1.557257
v 0.733990 -0.474323 1.557148
v 0.730321 -0.481418 1.555983
v 0.727709 -0.485908 1.557034
v 0.728040 -0.486991 1.556896
v 0.724250 -0.493933 1.555783
v 0.721479 -0.498358 1.556825
v 0.721797 -0.499316 1.556738
v 0.717433 -0.506244 1.555509
v 0.718380 -0.505910 1.555613
v 0.715275 -0.510998 1.556564
v 0.711767 -0.518077 1.555375
v 0.710725 -0.518443 1.555264
v 0.708227 -0.522795 1.556306
v 0.708514 -0.523816 1.556206
v 0.704326 -0.530581 1.554981
v 0.701600 -0.535267 1.555968
v 0.697314 -0.542548 1.554759
v 0.694490 -0.547141 1.555654
v 0.690061 -0.554450 1.554484
v 0.686730 -0.558510 1.555429
v 0.686932 -0.559437 1.555361
v 0.682483 -0.566010 1.554129
v 0.679321 -0.570531 1.555098
v 0.675059 -0.577190 1.553831
v 0.674057 -0.577413 1.553740
v 0.671100 -0.581472 1.554765
v 0.671276 -0.582578 1.554689
v 0.666297 -0.588795 1.553398
v 0.662793 -0.592635 1.554416
v 0.662925 -0.593705 1.554281
v 0.657363 -0.599655 1.553023
v 0.658318 -0.599525 1.553122
v 0.654150 -0.603500 1.554046
v 0.654254 -0.604591 1.553932
v 0.648582 -0.610396 1.552629
v 0.649547 -0.610295 1.552724
v 0.645255 -0.614194 1.553679
v 0.645299 -0.615278 1.553562
v 0.639854 -0.621005 1.552311
v 0.636265 -0.625087 1.553275
v 0.630462 -0.631220 1.551862
v 0.626699 -0.635125 1.552888
v 0.621334 -0.640948 1.551612
v 0.620273 -0.640969 1.551491
v 0.616674 -0.644462 1.552500
v 0.610669 -0.650765 1.551126
v 0.616639 -0.645601 1.552339
v 0.606666 -0.654333 1.552062
v 0.601080 -0.659886 1.550783
v 0.600006 -0.659909 1.550675
v 0.596364 -0.663821 1.551641
v 0.589932 -0.669125 1.550255
v 0.585651 -0.672541 1.551200
v 0.579018 -0.677796 1.549906
v 0.574586 -0.680599 1.550821
v 0.574459 -0.681646 1.550717
v 0.568004 -0.686214 1.549440
v 0.563594 -0.689517 1.550415
v 0.557286 -0.694306 1.549027
v 0.556302 -0.694106 1.549002
v 0.552074 -0.696816 1.550003
v 0.551830 -0.697900 1.549881
v 0.544638 -0.701615 1.548570
v 0.545631 -0.701831 1.548689
v 0.540419 -0.704693 1.549557
v 0.533327 -0.709184 1.548192
v 0.528531 -0.711485 1.549186
v 0.521279 -0.716179 1.547849
v 0.528265 -0.712445 1.549051
v 0.516469 -0.718279 1.548757
v 0.516159 -0.719249 1.548612
v 0.509086 -0.722708 1.547434
v 0.504188 -0.725153 1.548381
v 0.497305 -0.728931 1.547067
v 0.496313 -0.728660 1.546989
v 0.491809 -0.731377 1.548009
v 0.484817 -0.734972 1.546698
v 0.483816 -0.734670 1.546611
v 0.479275 -0.736792 1.547620
v 0.478906 -0.737773 1.547479
v 0.471428 -0.740548 1.546221
v 0.466496 -0.742682 1.547187
v 0.458653 -0.745881 1.545888
v 0.453553 -0.747766 1.546870
v 0.445644 -0.750644 1.545501
v 0.440414 -0.752462 1.546570
v 0.432427 -0.754916 1.545220
v 0.427210 -0.756511 1.546183
v 0.419124 -0.758888 1.544999
v 0.413926 -0.760257 1.545935
v 0.406498 -0.762761 1.544709
v 0.405512 -0.762298 1.544626
v 0.400533 -0.764045 1.545616
v 0.392336 -0.765944 1.544312
v 0.387123 -0.767095 1.545355
v 0.379494 -0.769108 1.544143
v 0.378510 -0.768533 1.544041
v 0.373542 -0.770024 1.545050
v 0.365227 -0.771590 1.543871
v 0.359938 -0.772462 1.544867
v 0.352136 -0.774107 1.543661
v 0.351251 -0.773484 1.543600
v 0.346204 -0.774607 1.544652
v 0.338504 -0.776079 1.543479
v 0.337585 -0.775456 1.543386
v 0.332493 -0.776703 1.544436
v 0.324043 -0.777586 1.543195
v 0.318739 -0.778316 1.544267
v 0.310347 -0.779162 1.542952
v 0.305101 -0.779209 1.544085
v 0.304333 -0.780043 1.543931
v 0.296286 -0.779950 1.542840
v 0.296987 -0.780551 1.542877
v 0.291299 -0.780323 1.543938
v 0.290556 -0.781139 1.543804
v 0.282676 -0.781331 1.542682
v 0.277335 -0.781699 1.543807
v 0.269345 -0.782300 1.542607
v 0.268676 -0.781669 1.542578
v 0.263526 -0.782390 1.543602
v 0.255064 -0.782753 1.542507
v 0.249860 -0.782427 1.543584
v 0.249196 -0.783148 1.543447
v 0.241262 -0.783182 1.542410
v 0.236023 -0.782796 1.543481
v 0.235376 -0.783484 1.543315
v 0.227445 -0.783421 1.542312
v 0.221997 -0.783489 1.543347
v 0.213549 -0.783398 1.542184
v 0.208371 -0.782983 1.543305
v 0.207666 -0.783710 1.543168
v 0.199713 -0.783360 1.542134
v 0.194295 -0.783350 1.543241
v 0.185902 -0.783155 1.542029
v 0.180445 -0.783133 1.543161
v 0.172048 -0.782817 1.542017
v 0.166640 -0.782796 1.543101
v 0.158690 -0.782711 1.542019
v 0.158057 -0.782009 1.541972
v 0.152808 -0.782389 1.543112
v 0.144928 -0.782261 1.541979
v 0.144240 -0.781569 1.541949
v 0.138995 -0.781887 1.543082
v 0.131108 -0.781772 1.541986
v 0.130414 -0.781044 1.541939
v 0.125210 -0.781285 1.543022
v 0.116813 -0.780998 1.541974
v 0.111616 -0.780259 1.543072
v 0.110829 -0.780977 1.542969
v 0.102956 -0.780329 1.541936
v 0.097585 -0.780129 1.543019
v 0.089173 -0.779815 1.541981
v 0.083987 -0.779105 1.543080
v 0.083322 -0.779752 1.542969
v 0.075331 -0.779191 1.541999
v 0.070186 -0.778475 1.543095
v 0.069555 -0.779123 1.542983
v 0.061557 -0.778641 1.542030
v 0.056131 -0.778407 1.543126
v 0.047711 -0.777995 1.541960
v 0.042369 -0.777729 1.543136
v 0.034489 -0.777738 1.542104
v 0.033717 -0.776968 1.542047
v 0.028552 -0.777157 1.543142
v 0.020109 -0.776893 1.542150
v 0.014662 -0.776670 1.543213
v 0.006268 -0.776242 1.542155
v 0.000867 -0.776068 1.543249
v -0.006989 -0.775990 1.542301
v -0.007725 -0.775264 1.542179
v -0.012899 -0.775412 1.543360
v -0.020783 -0.775444 1.542346
v -0.021552 -0.774677 1.542273
v -0.026537 -0.774465 1.543456
v -0.027371 -0.775172 1.543328
v -0.035236 -0.774516 1.542372
v -0.040361 -0.773907 1.543531
v -0.041147 -0.774611 1.543428
v -0.048498 -0.774277 1.542517
v -0.049192 -0.773572 1.542461
v -0.054412 -0.773845 1.543622
v -0.062306 -0.773763 1.542601
v -0.063018 -0.773025 1.542541
v -0.068004 -0.772814 1.543743
v -0.068814 -0.773539 1.543641
v -0.076661 -0.772933 1.542656
v -0.082089 -0.772821 1.543807
v -0.090533 -0.772382 1.542787
v -0.095918 -0.772295 1.543936
v -0.103798 -0.772163 1.542977
v -0.104502 -0.771453 1.542907
v -0.109492 -0.771253 1.544092
v -0.110334 -0.771977 1.543980
v -0.118330 -0.770940 1.543039
v -0.117811 -0.771579 1.543074
v -0.123320 -0.770734 1.544252
v -0.123986 -0.771406 1.544129
v -0.131332 -0.771195 1.543290
v -0.132169 -0.770423 1.543187
v -0.137148 -0.770228 1.544399
v -0.137844 -0.770895 1.544275
v -0.145800 -0.770413 1.543381
v -0.151226 -0.770222 1.544562
v -0.159663 -0.769879 1.543519
v -0.165047 -0.769697 1.544730
v -0.172976 -0.769635 1.543730
v -0.173669 -0.768932 1.543688
v -0.178864 -0.769204 1.544843
v -0.187311 -0.768936 1.543956
v -0.192737 -0.768711 1.545124
v -0.201148 -0.768353 1.544071
v -0.206326 -0.767667 1.545332
v -0.207107 -0.768366 1.545261
v -0.215008 -0.767778 1.544318
v -0.220176 -0.767086 1.545563
v -0.220966 -0.767774 1.545435
v -0.228863 -0.767163 1.544618
v -0.234252 -0.766921 1.545821
v -0.242718 -0.766467 1.544785
v -0.248052 -0.766139 1.546047
v -0.255919 -0.766049 1.545159
v -0.256720 -0.765243 1.545099
v -0.261894 -0.765331 1.546337
v -0.269773 -0.765124 1.545471
v -0.270553 -0.764326 1.545388
v -0.275535 -0.763937 1.546661
v -0.276297 -0.764606 1.546535
v -0.284231 -0.763732 1.545782
v -0.289635 -0.763292 1.546964
v -0.298041 -0.762390 1.546054
v -0.303168 -0.761397 1.547311
v -0.304016 -0.762059 1.547218
v -0.311858 -0.760901 1.546414
v -0.317237 -0.760310 1.547662
v -0.325684 -0.759117 1.546767
v -0.330954 -0.758397 1.547999
v -0.339319 -0.757285 1.547212
v -0.344453 -0.755947 1.548458
v -0.345181 -0.756523 1.548374
v -0.353088 -0.755092 1.547558
v -0.358160 -0.753631 1.548869
v -0.359101 -0.754221 1.548790
v -0.366811 -0.752434 1.547992
v -0.372055 -0.751290 1.549260
v -0.379823 -0.749895 1.548484
v -0.380467 -0.748976 1.548417
v -0.385656 -0.748173 1.549736
v -0.393380 -0.746548 1.548978
v -0.393967 -0.745639 1.548912
v -0.399049 -0.744731 1.550203
v -0.407295 -0.742520 1.549412
v -0.412180 -0.740540 1.550739
v -0.413025 -0.741009 1.550645
v -0.420596 -0.738426 1.549877
v -0.425780 -0.736633 1.551152
v -0.433809 -0.733799 1.550462
v -0.438504 -0.731526 1.551758
v -0.446782 -0.728853 1.550943
v -0.439428 -0.731949 1.551672
v -0.451801 -0.726743 1.552258
v -0.459269 -0.723909 1.551598
v -0.459655 -0.722992 1.551536
v -0.464645 -0.721371 1.552789
v -0.472366 -0.717968 1.552140
v -0.476906 -0.715147 1.553457
v -0.477946 -0.715476 1.553363
v -0.484967 -0.711667 1.552655
v -0.489348 -0.708912 1.554029
v -0.490425 -0.709208 1.553926
v -0.496886 -0.705672 1.553306
v -0.497210 -0.704687 1.553300
v -0.501956 -0.702499 1.554616
v -0.509348 -0.698332 1.553981
v -0.514020 -0.695535 1.555238
v -0.521262 -0.691110 1.554619
v -0.525943 -0.688284 1.555958
v -0.532724 -0.684128 1.555204
v -0.532976 -0.683114 1.555220
v -0.537548 -0.680569 1.556610
v -0.544537 -0.675778 1.555938
v -0.548566 -0.672371 1.557311
v -0.549675 -0.672524 1.557235
v -0.555797 -0.667132 1.556621
v -0.555641 -0.668085 1.556628
v -0.559812 -0.664150 1.558025
v -0.560736 -0.664294 1.557951
v -0.566715 -0.659838 1.557331
v -0.566911 -0.658774 1.557330
v -0.571232 -0.655880 1.558663
v -0.577660 -0.651069 1.558019
v -0.577752 -0.649973 1.558040
v -0.581966 -0.646929 1.559409
v -0.588172 -0.641967 1.558766
v -0.588280 -0.640890 1.558761
v -0.592527 -0.637775 1.560065
v -0.598706 -0.631924 1.559482
v -0.602720 -0.628243 1.560836
v -0.608773 -0.622213 1.560138
v -0.612574 -0.618396 1.561548
v -0.618476 -0.612317 1.560915
v -0.621737 -0.608161 1.562321
v -0.622822 -0.608113 1.562200
v -0.628001 -0.602005 1.561627
v -0.631152 -0.597866 1.563063
v -0.632212 -0.597783 1.562923
v -0.637195 -0.591571 1.562366
v -0.640285 -0.587327 1.563761
v -0.641343 -0.587215 1.563621
v -0.646041 -0.581244 1.563096
v -0.645879 -0.580359 1.563121
v -0.649441 -0.576561 1.564464
v -0.654515 -0.570402 1.563819
v -0.654385 -0.569349 1.563819
v -0.657498 -0.565400 1.565185
v -0.658495 -0.565221 1.565067
v -0.662834 -0.559129 1.564427
v -0.662668 -0.558149 1.564447
v -0.666073 -0.554227 1.565750
v -0.671105 -0.547293 1.564969
v -0.673644 -0.542682 1.566339
v -0.674651 -0.542436 1.566183
v -0.678758 -0.535607 1.565506
v -0.681765 -0.531102 1.566790
v -0.686163 -0.524562 1.565917
v -0.686004 -0.523416 1.565983
v -0.693429 -0.511872 1.566377
v -0.689200 -0.519184 1.567182
v -0.696349 -0.507296 1.567624
v -0.700368 -0.499708 1.566740
v -0.703064 -0.495076 1.568016
v -0.707093 -0.487530 1.567052
v -0.709751 -0.482835 1.568263
v -0.713600 -0.475184 1.567391
v -0.716101 -0.470415 1.568553
v -0.719986 -0.462812 1.567655
v -0.721923 -0.457906 1.568907
v -0.722915 -0.457537 1.568750
v -0.726051 -0.450151 1.567878
v -0.727977 -0.445332 1.569127
v -0.728994 -0.444926 1.568959
v -0.732068 -0.437561 1.568101
v -0.734365 -0.432760 1.569324
v -0.737966 -0.425632 1.568356
v -0.737647 -0.424569 1.568358
v -0.740339 -0.420056 1.569531
v -0.743774 -0.412813 1.568534
v -0.743454 -0.411888 1.568570
v -0.745586 -0.407349 1.569795
v -0.746581 -0.406950 1.569617
v -0.749469 -0.399469 1.568719
v -0.751752 -0.394585 1.569905
v -0.755166 -0.386814 1.568897
v -0.757452 -0.381821 1.570076
v -0.760742 -0.373970 1.569036
v -0.762961 -0.369056 1.570222
v -0.766382 -0.361791 1.569226
v -0.766005 -0.360819 1.569230
v -0.768099 -0.356258 1.570443
v -0.771879 -0.348360 1.569324
v -0.769040 -0.355885 1.570269
v -0.774111 -0.343422 1.570440
v -0.777465 -0.335604 1.569456
v -0.779202 -0.330652 1.570621
v -0.780054 -0.330315 1.570471
v -0.783014 -0.323518 1.569537
v -0.782645 -0.322401 1.569509
v -0.785240 -0.317811 1.570564
v -0.788516 -0.309952 1.569568
v -0.790731 -0.305010 1.570607
v -0.794007 -0.297720 1.569579
v -0.793640 -0.296734 1.569580
v -0.795720 -0.292181 1.570727
v -0.796732 -0.291704 1.570520
v -0.799100 -0.283884 1.569573
v -0.799467 -0.284717 1.569552
v -0.801620 -0.279305 1.570598
v -0.804812 -0.271370 1.569547
v -0.806884 -0.266403 1.570592
v -0.810148 -0.258525 1.569468
v -0.812237 -0.253461 1.570543
v -0.815265 -0.245478 1.569342
v -0.816898 -0.240512 1.570524
v -0.817741 -0.240170 1.570313
v -0.820395 -0.232484 1.569294
v -0.822418 -0.227445 1.570359
v -0.825295 -0.219410 1.569097
v -0.827287 -0.214325 1.570161
v -0.829924 -0.206160 1.568961
v -0.831323 -0.201156 1.570117
v -0.832285 -0.200602 1.569892
v -0.834002 -0.192625 1.568856
v -0.834398 -0.193420 1.568833
v -0.836133 -0.187862 1.569797
v -0.838575 -0.179659 1.568666
v -0.839790 -0.174587 1.569756
v -0.840617 -0.174147 1.569557
v -0.842647 -0.166320 1.568447
v -0.843795 -0.161212 1.569601
v -0.844707 -0.160646 1.569406
v -0.846397 -0.152836 1.568343
v -0.847978 -0.147748 1.569402
v -0.850106 -0.140028 1.568244
v -0.849605 -0.139053 1.568257
v -0.851470 -0.134187 1.569289
v -0.853572 -0.125953 1.568166
v -0.854914 -0.120648 1.569310
v -0.858307 -0.107625 1.568246
v -0.857866 -0.106250 1.568271
v 0.853482 -0.104036 1.572474
v 0.852058 -0.111766 1.571384
v 0.851182 -0.112377 1.571367
v 0.850646 -0.117600 1.572421
v 0.848778 -0.125819 1.571390
v 0.847262 -0.130856 1.572559
v 0.847815 -0.131747 1.572406
v 0.845718 -0.139399 1.571379
v 0.844597 -0.144695 1.572523
v 0.842594 -0.152922 1.571557
v 0.841492 -0.158253 1.572644
v 0.839361 -0.166443 1.571609
v 0.838202 -0.171717 1.572808
v 0.836055 -0.179923 1.571704
v 0.834455 -0.184873 1.572955
v 0.834946 -0.185687 1.572805
v 0.832681 -0.193339 1.571871
v 0.831250 -0.198584 1.573041
v 0.829487 -0.206259 1.572047
v 0.828554 -0.206859 1.572030
v 0.827301 -0.211739 1.573225
v 0.827794 -0.212662 1.573063
v 0.825264 -0.220210 1.572145
v 0.823940 -0.225409 1.573271
v 0.821602 -0.233583 1.572308
v 0.819727 -0.238479 1.573467
v 0.820165 -0.239287 1.573335
v 0.817688 -0.246893 1.572387
v 0.816124 -0.252104 1.573498
v 0.814013 -0.259773 1.572563
v 0.813078 -0.260288 1.572503
v 0.811609 -0.265084 1.573674
v 0.812052 -0.265940 1.573489
v 0.809371 -0.273491 1.572592
v 0.807835 -0.278707 1.573686
v 0.805096 -0.286724 1.572626
v 0.803467 -0.291853 1.573771
v 0.801230 -0.299517 1.572726
v 0.800319 -0.299989 1.572692
v 0.798777 -0.304790 1.573875
v 0.799220 -0.305649 1.573709
v 0.796832 -0.312726 1.572775
v 0.795895 -0.313184 1.572722
v 0.794682 -0.318268 1.573810
v 0.791858 -0.326338 1.572782
v 0.787377 -0.339441 1.572759
v 0.790139 -0.331430 1.573831
v 0.785556 -0.344572 1.573886
v 0.783100 -0.352131 1.572777
v 0.782170 -0.352614 1.572738
v 0.780462 -0.357331 1.573879
v 0.777947 -0.365598 1.572725
v 0.780877 -0.358259 1.573708
v 0.775998 -0.370713 1.573795
v 0.773538 -0.378165 1.572718
v 0.772537 -0.378701 1.572647
v 0.770758 -0.383406 1.573778
v 0.771169 -0.384345 1.573636
v 0.768063 -0.391679 1.572593
v 0.766213 -0.396769 1.573695
v 0.763500 -0.404205 1.572520
v 0.762539 -0.404669 1.572493
v 0.761134 -0.409738 1.573554
v 0.757865 -0.417598 1.572392
v 0.755555 -0.422253 1.573495
v 0.755936 -0.423099 1.573358
v 0.752681 -0.430450 1.572313
v 0.750222 -0.435090 1.573367
v 0.750613 -0.436052 1.573224
v 0.747756 -0.442865 1.572198
v 0.746790 -0.443320 1.572124
v 0.744775 -0.447913 1.573213
v 0.745148 -0.448753 1.573076
v 0.741762 -0.456010 1.571983
v 0.739510 -0.460941 1.573021
v 0.736521 -0.468282 1.571872
v 0.735489 -0.468713 1.571786
v 0.733622 -0.473595 1.572835
v 0.730504 -0.480874 1.571672
v 0.729519 -0.481257 1.571578
v 0.727336 -0.485777 1.572657
v 0.727659 -0.486723 1.572543
v 0.724366 -0.493347 1.571457
v 0.723337 -0.493732 1.571359
v 0.721350 -0.498547 1.572349
v 0.717511 -0.506124 1.571180
v 0.714920 -0.510921 1.572181
v 0.710755 -0.518310 1.570828
v 0.704435 -0.530017 1.570667
v 0.708064 -0.523010 1.571886
v 0.703393 -0.530345 1.570578
v 0.700815 -0.534654 1.571616
v 0.701069 -0.535612 1.571492
v 0.696850 -0.542382 1.570345
v 0.693789 -0.546618 1.571331
v 0.689567 -0.554275 1.570028
v 0.694054 -0.547617 1.571209
v 0.686509 -0.558718 1.570981
v 0.682361 -0.565455 1.569763
v 0.681323 -0.565699 1.569657
v 0.678491 -0.569843 1.570703
v 0.678711 -0.570730 1.570588
v 0.673963 -0.577210 1.569352
v 0.670708 -0.581583 1.570292
v 0.665906 -0.588490 1.569048
v 0.662491 -0.592845 1.570005
v 0.657261 -0.599495 1.568658
v 0.653579 -0.603241 1.569644
v 0.653693 -0.604157 1.569558
v 0.649214 -0.609932 1.568378
v 0.648050 -0.610142 1.568257
v 0.644886 -0.614379 1.569223
v 0.639276 -0.620716 1.567936
v 0.635414 -0.624251 1.568897
v 0.635431 -0.625412 1.568757
v 0.629408 -0.630790 1.567490
v 0.630316 -0.630816 1.567573
v 0.626060 -0.634847 1.568423
v 0.620161 -0.640843 1.567137
v 0.616322 -0.644565 1.568075
v 0.610811 -0.650355 1.566791
v 0.609727 -0.650337 1.566676
v 0.606198 -0.654205 1.567620
v 0.600082 -0.659967 1.566328
v 0.596004 -0.663627 1.567298
v 0.589367 -0.668920 1.565841
v 0.585011 -0.671827 1.566860
v 0.584916 -0.672759 1.566751
v 0.579209 -0.677387 1.565515
v 0.578069 -0.677298 1.565430
v 0.574095 -0.680374 1.566414
v 0.573968 -0.681321 1.566336
v 0.568096 -0.685799 1.565109
v 0.567050 -0.685672 1.565034
v 0.563190 -0.689250 1.565998
v 0.556964 -0.694129 1.564713
v 0.555875 -0.693941 1.564598
v 0.551731 -0.697027 1.565573
v 0.544724 -0.701687 1.564225
v 0.539926 -0.704042 1.565192
v 0.539687 -0.705000 1.565015
v 0.532838 -0.708980 1.563842
v 0.528120 -0.711792 1.564751
v 0.520467 -0.715654 1.563378
v 0.521299 -0.715894 1.563433
v 0.516132 -0.718160 1.564384
v 0.515740 -0.719210 1.564237
v 0.508636 -0.722566 1.563047
v 0.503807 -0.724527 1.564005
v 0.503534 -0.725424 1.563879
v 0.497060 -0.728858 1.562688
v 0.495977 -0.728571 1.562592
v 0.491434 -0.731226 1.563570
v 0.483833 -0.734821 1.562276
v 0.478874 -0.736566 1.563252
v 0.478486 -0.737539 1.563084
v 0.471214 -0.740569 1.561953
v 0.466147 -0.742535 1.562842
v 0.458369 -0.745748 1.561523
v 0.453279 -0.747851 1.562504
v 0.444963 -0.750199 1.561130
v 0.445845 -0.750617 1.561183
v 0.440149 -0.752217 1.562130
v 0.432155 -0.754815 1.560835
v 0.427027 -0.755935 1.561871
v 0.426513 -0.756892 1.561724
v 0.418816 -0.758757 1.560538
v 0.413753 -0.759835 1.561569
v 0.413321 -0.760673 1.561424
v 0.405632 -0.762728 1.560263
v 0.400404 -0.763583 1.561286
v 0.399848 -0.764444 1.561127
v 0.391800 -0.765497 1.559954
v 0.392624 -0.766007 1.560024
v 0.386832 -0.767135 1.561005
v 0.379147 -0.769055 1.559736
v 0.378300 -0.768509 1.559694
v 0.373297 -0.769886 1.560678
v 0.365030 -0.771500 1.559514
v 0.359797 -0.771962 1.560518
v 0.359220 -0.772771 1.560422
v 0.352077 -0.774032 1.559328
v 0.351068 -0.773388 1.559231
v 0.345967 -0.774664 1.560216
v 0.337702 -0.775879 1.559054
v 0.332368 -0.776613 1.560056
v 0.324549 -0.777878 1.558889
v 0.323683 -0.777218 1.558827
v 0.318576 -0.778325 1.559903
v 0.310201 -0.779246 1.558611
v 0.304949 -0.779355 1.559712
v 0.304231 -0.780171 1.559577
v 0.296350 -0.780420 1.558485
v 0.291054 -0.780870 1.559488
v 0.282613 -0.781529 1.558358
v 0.277373 -0.781340 1.559427
v 0.276679 -0.782120 1.559297
v 0.269308 -0.782409 1.558240
v 0.268567 -0.781775 1.558189
v 0.263575 -0.782022 1.559301
v 0.262793 -0.782829 1.559171
v 0.254740 -0.782376 1.558080
v 0.255339 -0.782995 1.558139
v 0.249738 -0.782490 1.559195
v 0.249127 -0.783166 1.559089
v 0.241703 -0.783400 1.558044
v 0.240916 -0.782654 1.557996
v 0.235723 -0.783198 1.559070
v 0.227912 -0.783577 1.557975
v 0.227090 -0.782826 1.557901
v 0.222107 -0.782889 1.559023
v 0.221500 -0.783563 1.558890
v 0.214066 -0.783683 1.557919
v 0.213284 -0.782949 1.557806
v 0.208056 -0.783458 1.558935
v 0.199633 -0.783266 1.557721
v 0.194465 -0.782705 1.558887
v 0.193776 -0.783412 1.558770
v 0.185806 -0.782986 1.557698
v 0.180640 -0.782448 1.558824
v 0.179934 -0.783150 1.558699
v 0.171971 -0.782633 1.557668
v 0.166631 -0.782549 1.558753
v 0.158750 -0.782620 1.557676
v 0.157990 -0.781857 1.557614
v 0.152774 -0.782138 1.558764
v 0.144368 -0.781802 1.557569
v 0.139019 -0.781612 1.558733
v 0.131126 -0.781543 1.557608
v 0.130376 -0.780792 1.557558
v 0.125167 -0.781040 1.558645
v 0.117248 -0.780933 1.557631
v 0.116583 -0.780198 1.557546
v 0.111590 -0.779966 1.558699
v 0.110818 -0.780633 1.558557
v 0.102946 -0.780062 1.557601
v 0.097549 -0.779817 1.558701
v 0.089706 -0.779718 1.557599
v 0.088972 -0.778960 1.557539
v 0.083987 -0.778727 1.558708
v 0.083281 -0.779423 1.558609
v 0.075169 -0.778350 1.557561
v 0.075767 -0.779040 1.557620
v 0.070182 -0.778118 1.558726
v 0.069384 -0.778793 1.558580
v 0.061551 -0.778243 1.557651
v 0.056177 -0.777909 1.558722
v 0.047746 -0.777650 1.557636
v 0.042369 -0.777349 1.558805
v 0.033903 -0.776970 1.557628
v 0.028759 -0.776302 1.558820
v 0.028002 -0.777003 1.558726
v 0.020130 -0.776392 1.557713
v 0.014746 -0.776150 1.558833
v 0.006908 -0.776133 1.557835
v 0.006130 -0.775367 1.557769
v 0.001147 -0.775124 1.558937
v 0.000381 -0.775853 1.558846
v -0.007522 -0.775201 1.557837
v -0.012867 -0.774987 1.558981
v -0.020805 -0.774972 1.557968
v -0.021489 -0.774229 1.557890
v -0.026472 -0.773994 1.559081
v -0.027243 -0.774678 1.558945
v -0.035134 -0.774146 1.558018
v -0.040442 -0.773836 1.559161
v -0.048434 -0.773876 1.558132
v -0.049130 -0.773137 1.558079
v -0.054108 -0.772910 1.559252
v -0.054825 -0.773584 1.559138
v -0.062781 -0.773072 1.558208
v -0.068116 -0.772797 1.559337
v -0.075953 -0.772851 1.558351
v -0.076769 -0.772068 1.558278
v -0.081974 -0.772322 1.559402
v -0.090419 -0.772008 1.558449
v -0.095779 -0.771827 1.559588
v -0.103660 -0.771770 1.558565
v -0.104395 -0.771031 1.558512
v -0.109535 -0.771215 1.559725
v -0.117977 -0.771060 1.558673
v -0.123422 -0.770792 1.559883
v -0.131838 -0.770477 1.558779
v -0.137275 -0.770302 1.560011
v -0.145186 -0.770225 1.559014
v -0.145874 -0.769493 1.558973
v -0.151069 -0.769794 1.560118
v -0.159485 -0.769534 1.559205
v -0.164858 -0.769260 1.560304
v -0.173301 -0.769045 1.559389
v -0.178511 -0.768325 1.560542
v -0.179205 -0.768984 1.560454
v -0.186595 -0.768773 1.559569
v -0.187355 -0.768020 1.559500
v -0.192329 -0.767791 1.560744
v -0.193161 -0.768516 1.560635
v -0.201024 -0.767944 1.559779
v -0.206394 -0.767747 1.560973
v -0.214839 -0.767377 1.559940
v -0.220248 -0.767183 1.561190
v -0.228116 -0.767075 1.560211
v -0.228854 -0.766323 1.560167
v -0.234050 -0.766519 1.561448
v -0.242504 -0.766092 1.560434
v -0.247665 -0.765318 1.561695
v -0.248510 -0.766041 1.561595
v -0.256533 -0.764829 1.560708
v -0.255887 -0.765532 1.560756
v -0.261508 -0.764480 1.561975
v -0.262269 -0.765169 1.561897
v -0.270186 -0.764326 1.561029
v -0.275315 -0.763531 1.562269
v -0.276039 -0.764166 1.562187
v -0.283453 -0.763627 1.561394
v -0.284176 -0.762797 1.561324
v -0.289336 -0.762698 1.562579
v -0.297369 -0.762290 1.561727
v -0.297978 -0.761519 1.561675
v -0.302945 -0.761000 1.562951
v -0.303752 -0.761650 1.562893
v -0.311205 -0.760754 1.562034
v -0.311770 -0.760015 1.562014
v -0.316989 -0.759888 1.563302
v -0.325418 -0.758820 1.562362
v -0.330775 -0.758089 1.563668
v -0.339152 -0.756823 1.562800
v -0.344209 -0.755645 1.564080
v -0.345106 -0.756294 1.563988
v -0.352942 -0.754693 1.563183
v -0.358176 -0.753679 1.564451
v -0.365968 -0.752560 1.563691
v -0.366652 -0.751652 1.563618
v -0.371538 -0.750681 1.564932
v -0.372363 -0.751227 1.564851
v -0.380132 -0.749356 1.564077
v -0.385092 -0.747528 1.565379
v -0.386006 -0.748050 1.565272
v -0.393626 -0.745949 1.564575
v -0.398837 -0.744567 1.565823
v -0.407051 -0.742286 1.565027
v -0.412280 -0.740714 1.566367
v -0.420401 -0.738269 1.565495
v -0.425541 -0.736547 1.566824
v -0.433114 -0.734167 1.566057
v -0.433607 -0.733198 1.566031
v -0.438672 -0.731905 1.567382
v -0.446606 -0.728985 1.566542
v -0.451643 -0.726817 1.567868
v -0.459489 -0.723564 1.567177
v -0.464091 -0.721098 1.568494
v -0.465189 -0.721503 1.568405
v -0.472282 -0.717898 1.567733
v -0.477047 -0.715557 1.569053
v -0.484752 -0.711895 1.568307
v -0.489206 -0.709141 1.569681
v -0.490264 -0.709451 1.569576
v -0.497151 -0.705321 1.568941
v -0.501834 -0.702730 1.570233
v -0.508902 -0.699122 1.569598
v -0.509222 -0.698093 1.569554
v -0.513598 -0.695603 1.570925
v -0.514574 -0.695819 1.570830
v -0.521254 -0.691496 1.570183
v -0.525830 -0.688610 1.571553
v -0.532824 -0.684628 1.570871
v -0.533048 -0.683575 1.570862
v -0.537547 -0.681008 1.572208
v -0.544215 -0.676792 1.571563
v -0.544502 -0.675679 1.571550
v -0.548623 -0.672857 1.572947
v -0.549729 -0.673042 1.572827
v -0.555880 -0.667630 1.572238
v -0.555784 -0.668523 1.572227
v -0.560353 -0.664898 1.573629
v -0.566820 -0.660223 1.572932
v -0.566965 -0.659223 1.572942
v -0.570978 -0.656235 1.574337
v -0.572120 -0.656324 1.574242
v -0.578020 -0.651013 1.573617
v -0.581747 -0.647345 1.575049
v -0.588682 -0.642145 1.574369
v -0.582744 -0.647411 1.574919
v -0.592927 -0.638572 1.575740
v -0.599047 -0.632671 1.574986
v -0.603091 -0.629020 1.576393
v -0.609008 -0.622622 1.575767
v -0.608961 -0.623606 1.575746
v -0.612938 -0.619221 1.577130
v -0.618715 -0.613695 1.576480
v -0.618737 -0.612585 1.576488
v -0.622289 -0.609048 1.577902
v -0.623364 -0.609003 1.577777
v -0.628370 -0.602442 1.577212
v -0.628390 -0.603482 1.577192
v -0.632110 -0.598858 1.578589
v -0.637526 -0.592980 1.577933
v -0.637473 -0.591926 1.577950
v -0.640788 -0.588174 1.579370
v -0.641838 -0.588056 1.579233
v -0.646458 -0.582283 1.578668
v -0.646382 -0.581166 1.578690
v -0.650035 -0.577415 1.580066
v -0.655228 -0.570702 1.579352
v -0.658566 -0.566423 1.580774
v -0.663461 -0.560122 1.579970
v -0.663331 -0.559010 1.580035
v -0.666879 -0.555127 1.581335
v -0.671758 -0.548130 1.580522
v -0.674411 -0.543589 1.581934
v -0.675415 -0.543344 1.581763
v -0.679515 -0.536577 1.581057
v -0.682052 -0.531929 1.582389
v -0.683081 -0.531687 1.582227
v -0.687071 -0.524728 1.581496
v -0.689906 -0.520129 1.582758
v -0.694167 -0.513502 1.581929
v -0.693946 -0.512333 1.581956
v -0.697075 -0.508153 1.583190
v -0.701214 -0.501324 1.582318
v -0.700941 -0.500251 1.582336
v -0.703436 -0.495904 1.583594
v -0.704476 -0.495561 1.583444
v -0.707945 -0.488369 1.582643
v -0.710600 -0.483692 1.583895
v -0.714433 -0.476681 1.582937
v -0.714136 -0.475639 1.582968
v -0.716992 -0.471272 1.584184
v -0.720729 -0.464179 1.583179
v -0.720455 -0.463198 1.583227
v -0.722770 -0.458720 1.584461
v -0.723656 -0.458396 1.584317
v -0.726880 -0.451694 1.583463
v -0.726572 -0.450620 1.583464
v -0.728830 -0.446135 1.584683
v -0.729863 -0.445733 1.584519
v -0.732908 -0.438316 1.583659
v -0.735312 -0.433476 1.584844
v -0.738763 -0.426380 1.583927
v -0.738428 -0.425315 1.583917
v -0.741236 -0.420779 1.585052
v -0.744223 -0.412603 1.584125
v -0.744545 -0.413505 1.584119
v -0.750354 -0.400289 1.584333
v -0.746875 -0.408065 1.585229
v -0.752136 -0.395347 1.585525
v -0.753002 -0.395026 1.585383
v -0.756015 -0.388187 1.584489
v -0.755677 -0.387133 1.584484
v -0.761659 -0.374750 1.584625
v -0.758222 -0.382589 1.585642
v -0.763963 -0.369801 1.585788
v -0.767241 -0.362531 1.584720
v -0.766908 -0.361557 1.584772
v -0.769539 -0.357010 1.585926
v -0.772837 -0.349688 1.584862
v -0.772497 -0.348771 1.584896
v -0.774629 -0.344224 1.586072
v -0.775550 -0.343839 1.585871
v -0.778513 -0.336379 1.584984
v -0.780750 -0.331464 1.586052
v -0.784175 -0.323617 1.585047
v -0.786416 -0.318671 1.586087
v -0.789679 -0.310798 1.585083
v -0.791398 -0.305844 1.586246
v -0.792291 -0.305469 1.586033
v -0.795209 -0.297982 1.585100
v -0.797426 -0.293039 1.586164
v -0.800788 -0.285794 1.585080
v -0.800428 -0.284794 1.585108
v -0.802967 -0.280232 1.586171
v -0.806188 -0.272316 1.585020
v -0.807836 -0.267318 1.586190
v -0.808676 -0.266987 1.585998
v -0.811521 -0.260104 1.585024
v -0.811146 -0.259018 1.585019
v -0.813151 -0.254418 1.586118
v -0.814135 -0.253952 1.585915
v -0.816360 -0.246074 1.584927
v -0.816706 -0.246931 1.584883
v -0.818365 -0.241478 1.586024
v -0.819336 -0.241019 1.585806
v -0.821802 -0.233373 1.584770
v -0.823846 -0.228420 1.585778
v -0.826733 -0.220393 1.584655
v -0.828249 -0.215393 1.585761
v -0.829069 -0.215027 1.585567
v -0.831488 -0.207281 1.584454
v -0.833324 -0.202160 1.585532
v -0.835518 -0.193701 1.584347
v -0.835919 -0.194623 1.584285
v -0.837272 -0.188987 1.585420
v -0.838096 -0.188542 1.585223
v -0.840137 -0.180791 1.584121
v -0.841913 -0.175650 1.585138
v -0.844159 -0.167365 1.583936
v -0.845791 -0.162295 1.584981
v -0.848091 -0.154667 1.583795
v -0.847600 -0.153720 1.583851
v -0.849117 -0.148975 1.584938
v -0.849923 -0.148508 1.584737
v -0.851716 -0.140701 1.583697
v -0.852718 -0.135539 1.584868
v -0.853468 -0.135129 1.584695
v -0.855272 -0.127227 1.583676
v -0.856713 -0.121892 1.584825
v -0.860193 -0.108769 1.583765
v -0.859762 -0.107608 1.583788
v 0.849947 -0.102853 1.557155
v 0.849091 -0.103430 1.557113
v 0.847515 -0.110567 1.556069
v 0.848054 -0.111486 1.555964
v 0.846655 -0.116536 1.557074
v 0.844976 -0.124791 1.556007
v 0.844392 -0.129982 1.557103
v 0.843481 -0.130606 1.557024
v 0.842125 -0.138396 1.556018
v 0.841434 -0.143523 1.557179
v 0.840510 -0.144089 1.557082
v 0.839002 -0.151857 1.556080
v 0.837781 -0.157154 1.557223
v 0.835921 -0.165391 1.556171
v 0.835119 -0.170547 1.557342
v 0.834207 -0.171100 1.557265
v 0.832569 -0.178838 1.556303
v 0.831775 -0.184029 1.557469
v 0.830877 -0.184621 1.557370
v 0.829190 -0.192340 1.556414
v 0.828326 -0.197480 1.557582
v 0.827479 -0.197966 1.557538
v 0.825615 -0.205691 1.556532
v 0.824756 -0.210915 1.557719
v 0.823915 -0.211396 1.557610
v 0.821985 -0.219135 1.556712
v 0.820565 -0.224364 1.557791
v 0.818220 -0.232499 1.556828
v 0.817291 -0.237685 1.557939
v 0.816365 -0.238211 1.557835
v 0.814326 -0.245800 1.556917
v 0.813329 -0.251008 1.558042
v 0.812540 -0.251400 1.557974
v 0.810324 -0.259105 1.556991
v 0.808837 -0.264323 1.558120
v 0.806153 -0.271813 1.557091
v 0.806621 -0.272771 1.557029
v 0.804688 -0.277608 1.558175
v 0.801960 -0.285052 1.557175
v 0.802441 -0.286013 1.557086
v 0.800909 -0.290811 1.558258
v 0.800008 -0.291250 1.558147
v 0.797822 -0.298990 1.557150
v 0.796038 -0.304075 1.558249
v 0.793449 -0.312118 1.557155
v 0.791683 -0.317264 1.558261
v 0.788965 -0.325224 1.557210
v 0.787747 -0.330365 1.558324
v 0.786913 -0.330759 1.558232
v 0.784396 -0.337823 1.557227
v 0.784842 -0.338755 1.557159
v 0.782661 -0.343545 1.558247
v 0.779838 -0.351536 1.557215
v 0.778500 -0.356586 1.558283
v 0.777548 -0.357036 1.558162
v 0.775147 -0.364672 1.557111
v 0.773749 -0.369639 1.558249
v 0.772795 -0.370072 1.558110
v 0.770354 -0.377682 1.557050
v 0.768417 -0.382687 1.558120
v 0.765362 -0.389946 1.557057
v 0.765777 -0.390978 1.556981
v 0.763480 -0.395677 1.558035
v 0.760429 -0.403621 1.556925
v 0.758958 -0.408612 1.557984
v 0.758113 -0.408961 1.557896
v 0.755317 -0.416430 1.556769
v 0.753827 -0.421505 1.557868
v 0.752969 -0.421851 1.557757
v 0.750096 -0.429353 1.556637
v 0.748035 -0.434349 1.557673
v 0.744871 -0.442244 1.556486
v 0.743199 -0.447170 1.557580
v 0.742199 -0.447575 1.557425
v 0.739386 -0.455035 1.556314
v 0.737243 -0.459876 1.557340
v 0.733705 -0.467631 1.556119
v 0.731492 -0.472497 1.557153
v 0.727858 -0.479529 1.555948
v 0.728206 -0.480592 1.555917
v 0.726006 -0.485077 1.557004
v 0.725038 -0.485439 1.556854
v 0.721791 -0.492624 1.555675
v 0.719298 -0.497438 1.556683
v 0.715408 -0.504913 1.555415
v 0.712868 -0.509689 1.556439
v 0.708805 -0.516437 1.555205
v 0.709094 -0.517525 1.555159
v 0.706126 -0.521781 1.556173
v 0.701935 -0.529165 1.554894
v 0.699166 -0.533787 1.555915
v 0.694904 -0.541095 1.554543
v 0.692154 -0.545703 1.555604
v 0.687681 -0.552824 1.554263
v 0.684667 -0.557352 1.555224
v 0.680039 -0.564470 1.553990
v 0.676989 -0.568900 1.554957
v 0.672362 -0.575264 1.553691
v 0.672493 -0.576327 1.553639
v 0.669544 -0.580382 1.554657
v 0.668604 -0.580546 1.554489
v 0.664292 -0.586482 1.553375
v 0.664385 -0.587527 1.553321
v 0.660866 -0.591353 1.554291
v 0.655784 -0.597495 1.552987
v 0.655899 -0.598453 1.552946
v 0.652245 -0.602185 1.553889
v 0.647086 -0.608136 1.552622
v 0.647137 -0.609185 1.552587
v 0.643817 -0.612926 1.553576
v 0.642775 -0.613019 1.553384
v 0.637845 -0.619244 1.552165
v 0.634200 -0.623118 1.553120
v 0.628436 -0.629255 1.551814
v 0.624768 -0.633180 1.552717
v 0.619010 -0.638509 1.551440
v 0.618956 -0.639643 1.551395
v 0.614954 -0.642938 1.552359
v 0.609091 -0.648098 1.551022
v 0.608973 -0.649196 1.550982
v 0.604779 -0.652313 1.551937
v 0.598784 -0.657451 1.550617
v 0.598758 -0.658522 1.550564
v 0.594574 -0.661572 1.551506
v 0.588089 -0.666962 1.550192
v 0.583867 -0.670335 1.551126
v 0.577304 -0.675557 1.549717
v 0.573420 -0.679096 1.550751
v 0.572509 -0.678966 1.550613
v 0.566683 -0.683382 1.549371
v 0.566462 -0.684490 1.549324
v 0.562383 -0.687379 1.550326
v 0.561453 -0.687226 1.550176
v 0.555186 -0.692032 1.548947
v 0.550734 -0.694970 1.549877
v 0.543604 -0.699463 1.548501
v 0.538956 -0.702305 1.549416
v 0.531796 -0.706696 1.548145
v 0.527192 -0.709519 1.549002
v 0.519908 -0.713674 1.547727
v 0.515174 -0.716258 1.548683
v 0.507731 -0.720239 1.547314
v 0.503283 -0.722921 1.548329
v 0.495412 -0.726443 1.546967
v 0.502411 -0.722607 1.548149
v 0.490593 -0.728809 1.547841
v 0.482995 -0.732422 1.546579
v 0.478461 -0.735062 1.547587
v 0.470368 -0.738083 1.546219
v 0.477449 -0.734723 1.547410
v 0.465417 -0.740108 1.547153
v 0.457608 -0.743206 1.545882
v 0.452921 -0.745474 1.546880
v 0.452102 -0.745058 1.546718
v 0.444638 -0.747986 1.545566
v 0.439943 -0.750088 1.546524
v 0.438966 -0.749615 1.546358
v 0.432034 -0.751840 1.545219
v 0.431522 -0.752728 1.545163
v 0.426314 -0.753738 1.546180
v 0.418364 -0.756192 1.544809
v 0.413107 -0.757555 1.545871
v 0.405552 -0.759540 1.544584
v 0.405004 -0.760483 1.544541
v 0.399959 -0.761306 1.545606
v 0.392166 -0.762842 1.544353
v 0.391603 -0.763717 1.544301
v 0.386735 -0.764842 1.545352
v 0.385865 -0.764291 1.545220
v 0.378132 -0.766678 1.544047
v 0.378612 -0.765922 1.544114
v 0.372962 -0.767289 1.545033
v 0.364729 -0.768754 1.543823
v 0.359355 -0.769692 1.544803
v 0.351096 -0.771205 1.543580
v 0.346039 -0.772301 1.544640
v 0.337460 -0.773033 1.543397
v 0.345322 -0.771730 1.544482
v 0.332057 -0.773791 1.544381
v 0.323733 -0.774922 1.543190
v 0.318447 -0.775499 1.544196
v 0.310080 -0.776324 1.543069
v 0.304924 -0.777302 1.544113
v 0.304254 -0.776714 1.544018
v 0.296889 -0.777271 1.542919
v 0.296150 -0.778058 1.542841
v 0.290944 -0.778006 1.543911
v 0.283088 -0.778275 1.542764
v 0.282373 -0.779065 1.542713
v 0.277400 -0.779324 1.543797
v 0.276559 -0.778620 1.543653
v 0.268755 -0.779287 1.542601
v 0.263378 -0.779583 1.543640
v 0.255024 -0.779866 1.542465
v 0.241207 -0.780279 1.542388
v 0.249625 -0.780101 1.543490
v 0.235740 -0.780370 1.543454
v 0.227892 -0.780326 1.542302
v 0.227166 -0.781044 1.542253
v 0.222188 -0.781062 1.543381
v 0.221521 -0.780399 1.543257
v 0.213649 -0.780567 1.542191
v 0.208374 -0.781087 1.543306
v 0.207655 -0.780388 1.543160
v 0.199778 -0.780563 1.542125
v 0.194562 -0.780943 1.543244
v 0.193861 -0.780223 1.543131
v 0.186476 -0.780100 1.542101
v 0.185741 -0.780814 1.542043
v 0.180581 -0.780270 1.543145
v 0.172729 -0.779794 1.542041
v 0.171935 -0.780523 1.541993
v 0.166796 -0.779937 1.543047
v 0.158322 -0.779663 1.542016
v 0.153003 -0.779559 1.543021
v 0.144538 -0.779191 1.541980
v 0.139113 -0.778954 1.543002
v 0.130682 -0.778763 1.541907
v 0.125342 -0.778442 1.543037
v 0.116858 -0.778172 1.541855
v 0.111548 -0.777916 1.542953
v 0.103095 -0.777546 1.541924
v 0.097713 -0.777297 1.542959
v 0.089259 -0.776979 1.541911
v 0.084075 -0.777190 1.543043
v 0.075511 -0.776350 1.541928
v 0.083366 -0.776461 1.542867
v 0.070261 -0.776576 1.543064
v 0.061591 -0.775861 1.541924
v 0.069513 -0.775806 1.542903
v 0.056268 -0.775497 1.543043
v 0.047874 -0.775219 1.541912
v 0.042430 -0.774919 1.543028
v 0.034008 -0.774630 1.542019
v 0.028820 -0.774824 1.543163
v 0.028088 -0.774038 1.543017
v 0.019987 -0.774494 1.542032
v 0.020648 -0.773877 1.542038
v 0.014881 -0.773843 1.543150
v 0.007022 -0.773192 1.542131
v 0.006158 -0.773928 1.542082
v 0.001009 -0.773189 1.543230
v -0.007398 -0.772907 1.542108
v -0.012794 -0.772657 1.543250
v -0.020669 -0.772079 1.542277
v -0.021471 -0.772803 1.542213
v -0.026582 -0.772147 1.543374
v -0.034521 -0.771525 1.542333
v -0.035285 -0.772249 1.542293
v -0.040419 -0.771546 1.543401
v -0.048924 -0.771223 1.542427
v -0.054263 -0.770976 1.543566
v -0.062163 -0.770468 1.542495
v -0.062954 -0.771148 1.542498
v -0.067932 -0.770915 1.543683
v -0.076482 -0.770100 1.542620
v -0.068574 -0.770220 1.543515
v -0.081915 -0.769918 1.543769
v -0.090334 -0.769611 1.542688
v -0.095586 -0.769866 1.543910
v -0.096278 -0.769119 1.543780
v -0.104216 -0.769136 1.542856
v -0.109407 -0.769346 1.544058
v -0.110099 -0.768624 1.543920
v -0.117973 -0.768520 1.542988
v -0.123459 -0.768312 1.544158
v -0.131825 -0.768080 1.543100
v -0.137278 -0.767851 1.544290
v -0.145110 -0.767332 1.543333
v -0.145920 -0.768033 1.543295
v -0.151068 -0.767394 1.544477
v -0.159034 -0.766841 1.543491
v -0.159768 -0.767542 1.543476
v -0.164995 -0.766794 1.544663
v -0.172805 -0.766353 1.543664
v -0.173604 -0.767050 1.543642
v -0.178797 -0.766319 1.544848
v -0.186682 -0.765879 1.543841
v -0.187433 -0.766521 1.543839
v -0.192419 -0.766306 1.545062
v -0.193170 -0.765539 1.544944
v -0.201059 -0.765574 1.544044
v -0.206253 -0.765764 1.545281
v -0.206998 -0.764994 1.545147
v -0.214930 -0.765047 1.544266
v -0.220265 -0.764710 1.545434
v -0.228678 -0.764314 1.544547
v -0.233920 -0.764534 1.545768
v -0.234661 -0.763760 1.545617
v -0.242572 -0.763734 1.544754
v -0.247909 -0.763369 1.545932
v -0.256349 -0.762881 1.545073
v -0.261570 -0.763027 1.546295
v -0.262195 -0.762308 1.546180
v -0.269642 -0.761763 1.545353
v -0.270419 -0.762441 1.545327
v -0.275558 -0.761557 1.546580
v -0.283433 -0.760718 1.545633
v -0.284230 -0.761356 1.545649
v -0.289184 -0.760859 1.546912
v -0.289789 -0.760150 1.546814
v -0.297139 -0.759424 1.546003
v -0.297999 -0.760062 1.545990
v -0.303093 -0.759035 1.547199
v -0.311498 -0.758111 1.546360
v -0.316730 -0.757900 1.547622
v -0.317309 -0.757180 1.547517
v -0.325232 -0.756364 1.546707
v -0.330552 -0.755675 1.547964
v -0.338902 -0.754358 1.547099
v -0.344331 -0.753533 1.548356
v -0.352675 -0.752299 1.547522
v -0.357923 -0.751281 1.548740
v -0.366247 -0.749718 1.547962
v -0.371383 -0.749062 1.549269
v -0.371801 -0.748313 1.549191
v -0.379698 -0.746664 1.548418
v -0.384931 -0.745483 1.549651
v -0.393169 -0.743372 1.548891
v -0.398343 -0.742112 1.550164
v -0.405824 -0.739644 1.549387
v -0.406869 -0.740146 1.549347
v -0.411727 -0.738187 1.550645
v -0.419790 -0.735709 1.549871
v -0.424852 -0.733904 1.551222
v -0.432802 -0.731150 1.550348
v -0.437831 -0.729732 1.551718
v -0.438277 -0.728830 1.551585
v -0.445753 -0.726231 1.550997
v -0.450715 -0.724661 1.552282
v -0.451113 -0.723669 1.552206
v -0.458557 -0.720903 1.551451
v -0.463535 -0.718743 1.552844
v -0.471564 -0.715630 1.552083
v -0.470700 -0.715325 1.552092
v -0.476037 -0.712977 1.553417
v -0.483563 -0.709204 1.552731
v -0.488467 -0.707229 1.554080
v -0.488707 -0.706363 1.554011
v -0.495303 -0.702757 1.553352
v -0.496267 -0.703032 1.553299
v -0.500619 -0.700546 1.554663
v -0.500849 -0.699643 1.554594
v -0.507358 -0.695877 1.553968
v -0.508361 -0.696163 1.553939
v -0.512560 -0.693086 1.555365
v -0.519794 -0.688656 1.554565
v -0.524386 -0.685832 1.555920
v -0.531507 -0.681272 1.555356
v -0.535954 -0.678267 1.556626
v -0.542892 -0.673395 1.556010
v -0.547476 -0.670815 1.557391
v -0.547637 -0.669873 1.557316
v -0.553567 -0.665509 1.556705
v -0.554653 -0.665616 1.556670
v -0.558551 -0.662200 1.558059
v -0.565216 -0.656993 1.557376
v -0.569523 -0.653737 1.558814
v -0.575468 -0.648495 1.558157
v -0.576533 -0.648550 1.558085
v -0.580155 -0.644777 1.559484
v -0.585994 -0.639436 1.558821
v -0.587042 -0.639455 1.558800
v -0.590776 -0.636214 1.560238
v -0.590804 -0.635215 1.560180
v -0.596007 -0.630111 1.559575
v -0.597232 -0.630061 1.559518
v -0.600878 -0.626632 1.560930
v -0.600906 -0.625684 1.560851
v -0.606763 -0.620256 1.560299
v -0.610765 -0.616941 1.561670
v -0.610744 -0.615913 1.561637
v -0.616437 -0.610284 1.560972
v -0.620172 -0.606520 1.562403
v -0.625292 -0.600456 1.561794
v -0.626381 -0.600338 1.561725
v -0.629711 -0.596607 1.563142
v -0.629643 -0.595641 1.563055
v -0.635054 -0.589738 1.562502
v -0.638608 -0.585693 1.563901
v -0.643827 -0.579104 1.563227
v -0.647240 -0.574818 1.564558
v -0.652388 -0.568071 1.563958
v -0.655725 -0.563912 1.565321
v -0.660006 -0.557309 1.564604
v -0.661146 -0.557025 1.564535
v -0.664107 -0.553019 1.565894
v -0.663963 -0.552101 1.565830
v -0.668708 -0.545644 1.565188
v -0.672061 -0.541651 1.566439
v -0.671843 -0.540764 1.566390
v -0.676297 -0.534060 1.565640
v -0.679362 -0.529566 1.566872
v -0.683831 -0.522396 1.566117
v -0.686690 -0.517808 1.567346
v -0.691000 -0.510439 1.566507
v -0.694148 -0.506239 1.567775
v -0.693932 -0.505284 1.567686
v -0.697463 -0.498765 1.566972
v -0.698457 -0.498475 1.566867
v -0.700898 -0.494113 1.568141
v -0.700622 -0.493077 1.568063
v -0.704140 -0.486612 1.567261
v -0.705130 -0.486247 1.567206
v -0.707265 -0.481545 1.568453
v -0.711074 -0.473902 1.567575
v -0.713948 -0.469499 1.568741
v -0.713652 -0.468596 1.568686
v -0.716930 -0.461933 1.567873
v -0.717947 -0.461528 1.567781
v -0.720227 -0.457095 1.569002
v -0.719915 -0.456157 1.568937
v -0.723038 -0.449412 1.568098
v -0.724039 -0.449009 1.568003
v -0.725910 -0.444110 1.569276
v -0.729566 -0.436429 1.568255
v -0.731920 -0.431572 1.569472
v -0.735377 -0.423770 1.568516
v -0.737753 -0.418882 1.569693
v -0.740696 -0.411587 1.568796
v -0.741728 -0.411107 1.568678
v -0.743507 -0.406222 1.569844
v -0.746901 -0.398396 1.568932
v -0.749169 -0.393451 1.570108
v -0.752571 -0.385629 1.569051
v -0.754830 -0.380693 1.570252
v -0.757692 -0.373282 1.569310
v -0.758687 -0.372850 1.569222
v -0.760759 -0.368288 1.570421
v -0.760410 -0.367351 1.570328
v -0.763706 -0.360088 1.569420
v -0.765999 -0.355159 1.570535
v -0.769320 -0.347266 1.569556
v -0.771509 -0.342332 1.570647
v -0.774862 -0.334457 1.569662
v -0.777113 -0.329560 1.570787
v -0.780435 -0.321658 1.569684
v -0.782973 -0.317072 1.570819
v -0.782595 -0.316123 1.570810
v -0.785461 -0.309297 1.569789
v -0.786425 -0.308831 1.569715
v -0.788088 -0.303855 1.570887
v -0.791024 -0.296397 1.569855
v -0.791911 -0.296004 1.569749
v -0.793956 -0.291416 1.570902
v -0.793603 -0.290615 1.570857
v -0.796395 -0.283614 1.569894
v -0.797378 -0.283164 1.569762
v -0.799385 -0.278576 1.570906
v -0.798993 -0.277607 1.570849
v -0.801844 -0.270655 1.569844
v -0.802721 -0.270283 1.569722
v -0.804311 -0.265235 1.570865
v -0.807561 -0.257396 1.569736
v -0.809596 -0.252427 1.570781
v -0.812650 -0.244447 1.569683
v -0.815129 -0.239802 1.570710
v -0.814722 -0.238841 1.570667
v -0.817857 -0.231422 1.569562
v -0.819763 -0.226449 1.570576
v -0.822692 -0.218412 1.569479
v -0.824618 -0.213409 1.570486
v -0.826853 -0.205791 1.569405
v -0.827849 -0.205240 1.569226
v -0.829191 -0.200298 1.570313
v -0.831208 -0.192692 1.569195
v -0.832208 -0.192037 1.569053
v -0.833852 -0.187339 1.570151
v -0.833354 -0.186358 1.570101
v -0.836391 -0.178758 1.568880
v -0.835608 -0.179176 1.568977
v -0.837973 -0.174033 1.569962
v -0.837524 -0.173212 1.569928
v -0.839553 -0.166027 1.568870
v -0.840478 -0.165445 1.568714
v -0.841621 -0.160463 1.569814
v -0.843673 -0.152163 1.568634
v -0.845265 -0.146976 1.569684
v -0.847332 -0.138684 1.568535
v -0.848751 -0.133424 1.569619
v -0.850821 -0.125165 1.568571
v -0.852297 -0.119955 1.569637
v -0.855515 -0.105970 1.568656
v 0.850767 -0.103439 1.572692
v 0.848924 -0.111721 1.571642
v 0.847826 -0.117013 1.572677
v 0.846404 -0.125528 1.571545
v 0.845915 -0.124827 1.571619
v 0.844966 -0.130520 1.572705
v 0.842894 -0.138135 1.571707
v 0.843422 -0.139070 1.571574
v 0.841847 -0.144061 1.572725
v 0.839821 -0.152222 1.571738
v 0.839191 -0.157478 1.572828
v 0.838374 -0.157972 1.572767
v 0.836559 -0.165114 1.571848
v 0.837076 -0.166049 1.571752
v 0.835427 -0.171023 1.572958
v 0.833359 -0.179227 1.571864
v 0.832631 -0.184421 1.573059
v 0.831699 -0.184995 1.572976
v 0.829947 -0.192661 1.572004
v 0.828457 -0.197935 1.573167
v 0.826379 -0.206121 1.572137
v 0.824961 -0.211270 1.573274
v 0.822543 -0.218808 1.572360
v 0.823031 -0.219746 1.572243
v 0.821196 -0.224665 1.573468
v 0.818893 -0.232775 1.572372
v 0.817423 -0.237992 1.573553
v 0.814879 -0.246026 1.572533
v 0.813466 -0.251304 1.573650
v 0.810820 -0.258742 1.572663
v 0.811284 -0.259715 1.572565
v 0.809215 -0.264594 1.573751
v 0.807054 -0.272955 1.572632
v 0.806633 -0.272011 1.572696
v 0.805135 -0.277778 1.573782
v 0.802378 -0.285230 1.572774
v 0.802823 -0.286188 1.572692
v 0.800767 -0.291034 1.573883
v 0.798089 -0.298513 1.572795
v 0.798510 -0.299410 1.572742
v 0.796392 -0.304248 1.573862
v 0.793764 -0.312239 1.572791
v 0.792504 -0.317337 1.573933
v 0.791528 -0.317825 1.573818
v 0.789183 -0.324951 1.572817
v 0.789573 -0.325724 1.572768
v 0.787978 -0.330491 1.573938
v 0.787166 -0.330864 1.573848
v 0.784611 -0.338461 1.572814
v 0.782871 -0.343613 1.573950
v 0.780008 -0.350969 1.572826
v 0.780412 -0.351969 1.572770
v 0.778238 -0.356668 1.573828
v 0.775201 -0.364627 1.572783
v 0.773871 -0.369732 1.573857
v 0.772952 -0.370171 1.573781
v 0.770414 -0.377698 1.572649
v 0.768970 -0.382727 1.573796
v 0.768007 -0.383168 1.573661
v 0.765526 -0.390753 1.572600
v 0.763495 -0.395764 1.573659
v 0.760473 -0.403623 1.572498
v 0.758962 -0.408643 1.573620
v 0.758042 -0.409039 1.573490
v 0.755379 -0.416597 1.572398
v 0.753300 -0.421533 1.573404
v 0.750024 -0.429307 1.572283
v 0.748035 -0.434337 1.573319
v 0.744719 -0.441506 1.572150
v 0.745060 -0.442547 1.572130
v 0.742496 -0.447108 1.573143
v 0.739127 -0.454379 1.571994
v 0.739486 -0.455267 1.571925
v 0.736986 -0.459827 1.572974
v 0.733448 -0.466911 1.571793
v 0.733786 -0.467893 1.571733
v 0.731144 -0.472376 1.572760
v 0.727500 -0.479335 1.571585
v 0.727827 -0.480455 1.571530
v 0.725616 -0.484959 1.572601
v 0.724612 -0.485350 1.572447
v 0.721376 -0.492524 1.571293
v 0.719337 -0.497305 1.572375
v 0.718339 -0.497651 1.572217
v 0.715057 -0.504880 1.571057
v 0.712424 -0.509517 1.572099
v 0.708338 -0.516916 1.570773
v 0.705540 -0.521650 1.571775
v 0.701501 -0.529023 1.570510
v 0.699181 -0.533696 1.571558
v 0.698183 -0.533944 1.571403
v 0.694448 -0.541000 1.570222
v 0.691642 -0.545564 1.571262
v 0.687381 -0.552118 1.569950
v 0.687529 -0.553136 1.569924
v 0.684673 -0.557269 1.570956
v 0.683658 -0.557507 1.570778
v 0.679607 -0.563538 1.569653
v 0.679758 -0.564653 1.569623
v 0.676917 -0.568786 1.570632
v 0.675907 -0.568988 1.570480
v 0.671852 -0.576007 1.569265
v 0.671712 -0.575093 1.569311
v 0.668310 -0.579954 1.570228
v 0.663582 -0.586965 1.568908
v 0.660372 -0.591125 1.569897
v 0.655211 -0.597054 1.568637
v 0.655272 -0.598160 1.568563
v 0.652092 -0.602043 1.569590
v 0.651165 -0.602146 1.569440
v 0.646527 -0.607846 1.568263
v 0.646587 -0.608966 1.568197
v 0.637197 -0.618827 1.567773
v 0.642747 -0.612483 1.569176
v 0.634003 -0.622988 1.568817
v 0.633085 -0.623018 1.568676
v 0.628105 -0.628432 1.567471
v 0.628075 -0.629474 1.567419
v 0.624100 -0.632836 1.568378
v 0.618415 -0.638175 1.567085
v 0.618339 -0.639333 1.567026
v 0.614263 -0.642660 1.567959
v 0.608285 -0.648576 1.566621
v 0.604733 -0.652326 1.567628
v 0.603774 -0.652291 1.567430
v 0.598126 -0.657860 1.566239
v 0.594583 -0.661708 1.567205
v 0.593690 -0.661576 1.567051
v 0.587887 -0.666194 1.565862
v 0.587763 -0.667236 1.565809
v 0.583344 -0.670075 1.566765
v 0.576925 -0.675819 1.565411
v 0.577073 -0.674836 1.565429
v 0.572591 -0.678627 1.566346
v 0.566115 -0.683107 1.565037
v 0.565915 -0.684172 1.564964
v 0.561918 -0.687187 1.565965
v 0.560940 -0.687055 1.565824
v 0.554773 -0.691899 1.564548
v 0.550176 -0.694744 1.565476
v 0.543112 -0.699226 1.564186
v 0.538573 -0.702137 1.565087
v 0.531359 -0.706573 1.563796
v 0.527098 -0.709532 1.564751
v 0.526078 -0.709293 1.564580
v 0.519446 -0.713584 1.563362
v 0.514206 -0.716229 1.564163
v 0.507399 -0.719983 1.563010
v 0.515188 -0.716527 1.564372
v 0.502481 -0.722500 1.563937
v 0.495103 -0.726346 1.562548
v 0.490259 -0.728677 1.563495
v 0.482653 -0.732181 1.562229
v 0.478080 -0.734839 1.563217
v 0.477177 -0.734473 1.563055
v 0.470063 -0.738039 1.561810
v 0.465117 -0.739949 1.562839
v 0.457673 -0.742693 1.561508
v 0.457269 -0.743594 1.561486
v 0.452574 -0.745383 1.562518
v 0.451898 -0.745014 1.562418
v 0.444438 -0.747874 1.561179
v 0.439636 -0.749932 1.562205
v 0.438708 -0.749462 1.562040
v 0.431296 -0.752033 1.560871
v 0.426450 -0.754112 1.561853
v 0.425588 -0.753642 1.561731
v 0.418078 -0.756162 1.560522
v 0.413234 -0.758018 1.561563
v 0.412263 -0.757513 1.561435
v 0.404876 -0.759970 1.560177
v 0.399688 -0.761305 1.561179
v 0.391475 -0.763153 1.559982
v 0.386263 -0.764366 1.560965
v 0.378634 -0.765746 1.559742
v 0.377940 -0.766653 1.559675
v 0.372780 -0.767141 1.560665
v 0.364464 -0.768676 1.559485
v 0.359453 -0.770081 1.560512
v 0.358635 -0.769499 1.560377
v 0.350796 -0.771526 1.559218
v 0.351382 -0.770780 1.559244
v 0.345538 -0.771747 1.560234
v 0.337223 -0.773152 1.559020
v 0.332187 -0.774285 1.560078
v 0.331326 -0.773659 1.559952
v 0.323590 -0.774924 1.558822
v 0.318260 -0.775473 1.559891
v 0.310382 -0.776190 1.558678
v 0.309742 -0.776950 1.558622
v 0.304567 -0.776996 1.559701
v 0.296171 -0.777687 1.558451
v 0.282399 -0.778760 1.558347
v 0.290749 -0.778022 1.559528
v 0.277018 -0.778945 1.559414
v 0.268653 -0.779430 1.558185
v 0.263275 -0.779707 1.559275
v 0.254898 -0.779997 1.558097
v 0.249704 -0.780578 1.559194
v 0.248946 -0.779850 1.559085
v 0.241039 -0.780374 1.557995
v 0.235708 -0.780397 1.559039
v 0.227799 -0.780226 1.557966
v 0.227077 -0.780952 1.557893
v 0.221901 -0.780512 1.558954
v 0.213508 -0.780564 1.557844
v 0.208084 -0.780522 1.558892
v 0.200147 -0.780274 1.557746
v 0.199483 -0.780930 1.557745
v 0.194271 -0.780281 1.558811
v 0.185667 -0.780688 1.557684
v 0.186365 -0.780011 1.557711
v 0.180475 -0.780022 1.558810
v 0.171876 -0.780335 1.557634
v 0.172539 -0.779698 1.557635
v 0.166721 -0.779787 1.558727
v 0.158886 -0.779267 1.557622
v 0.158073 -0.779973 1.557575
v 0.152872 -0.779249 1.558718
v 0.145040 -0.778799 1.557562
v 0.144254 -0.779448 1.557554
v 0.139132 -0.778823 1.558662
v 0.130749 -0.778396 1.557535
v 0.125302 -0.778190 1.558657
v 0.116840 -0.777892 1.557479
v 0.111679 -0.778070 1.558652
v 0.111011 -0.777355 1.558543
v 0.103716 -0.777001 1.557543
v 0.102859 -0.777712 1.557510
v 0.097656 -0.776917 1.558612
v 0.089299 -0.776634 1.557505
v 0.083865 -0.776287 1.558592
v 0.075480 -0.776031 1.557521
v 0.070264 -0.776208 1.558677
v 0.069556 -0.775442 1.558546
v 0.061618 -0.775461 1.557536
v 0.056333 -0.775174 1.558651
v 0.048513 -0.774542 1.557595
v 0.047635 -0.775262 1.557561
v 0.042439 -0.774487 1.558650
v 0.034084 -0.774167 1.557627
v 0.028851 -0.774387 1.558766
v 0.028110 -0.773618 1.558629
v 0.020198 -0.773671 1.557628
v 0.014873 -0.773337 1.558723
v 0.006395 -0.773041 1.557734
v 0.001231 -0.773244 1.558874
v 0.000458 -0.772462 1.558741
v -0.006854 -0.772259 1.557766
v -0.007603 -0.772907 1.557762
v -0.012725 -0.772238 1.558910
v -0.021122 -0.771811 1.557838
v -0.026390 -0.772103 1.559029
v -0.027058 -0.771382 1.558889
v -0.034349 -0.771076 1.557957
v -0.035223 -0.771789 1.557914
v -0.040454 -0.770988 1.559034
v -0.048339 -0.770594 1.558052
v -0.049045 -0.771240 1.558010
v -0.054033 -0.771014 1.559194
v -0.054689 -0.770280 1.559079
v -0.062620 -0.770237 1.558076
v -0.067858 -0.770481 1.559292
v -0.076414 -0.769666 1.558255
v -0.068420 -0.769805 1.559147
v -0.081846 -0.769490 1.559341
v -0.090243 -0.769159 1.558374
v -0.095492 -0.769432 1.559531
v -0.096096 -0.768755 1.559413
v -0.104070 -0.768643 1.558447
v -0.109535 -0.768433 1.559575
v -0.117923 -0.768153 1.558627
v -0.123334 -0.767954 1.559776
v -0.131130 -0.767429 1.558789
v -0.131984 -0.768124 1.558749
v -0.137100 -0.767489 1.559926
v -0.144972 -0.766914 1.558935
v -0.145805 -0.767635 1.558915
v -0.150908 -0.766992 1.560086
v -0.158865 -0.766426 1.559100
v -0.159633 -0.767135 1.559092
v -0.164777 -0.766489 1.560246
v -0.172654 -0.765928 1.559283
v -0.173468 -0.766644 1.559260
v -0.178451 -0.766410 1.560472
v -0.179067 -0.765714 1.560329
v -0.187029 -0.765627 1.559486
v -0.192521 -0.765338 1.560639
v -0.200903 -0.765186 1.559660
v -0.206242 -0.764905 1.560822
v -0.214725 -0.764563 1.559915
v -0.219919 -0.764781 1.561125
v -0.220613 -0.764021 1.560981
v -0.228612 -0.764063 1.560126
v -0.233923 -0.763655 1.561360
v -0.241919 -0.763096 1.560382
v -0.242603 -0.763729 1.560393
v -0.247565 -0.763439 1.561635
v -0.248163 -0.762726 1.561519
v -0.255574 -0.762269 1.560671
v -0.256407 -0.762971 1.560660
v -0.261374 -0.762575 1.561918
v -0.262019 -0.761814 1.561788
v -0.269471 -0.761384 1.560984
v -0.270225 -0.762013 1.560967
v -0.275194 -0.761644 1.562212
v -0.275867 -0.760868 1.562095
v -0.283293 -0.760320 1.561304
v -0.284009 -0.760929 1.561274
v -0.288960 -0.760419 1.562544
v -0.289601 -0.759666 1.562389
v -0.297534 -0.759169 1.561619
v -0.302891 -0.758604 1.562857
v -0.311281 -0.757692 1.561935
v -0.316613 -0.757084 1.563225
v -0.324409 -0.755860 1.562347
v -0.325287 -0.756476 1.562335
v -0.330359 -0.755200 1.563616
v -0.338218 -0.753925 1.562712
v -0.339013 -0.754506 1.562736
v -0.344058 -0.753338 1.563987
v -0.351781 -0.751838 1.563161
v -0.352666 -0.752398 1.563149
v -0.357568 -0.751420 1.564440
v -0.358184 -0.750553 1.564332
v -0.366009 -0.749407 1.563552
v -0.371291 -0.748332 1.564847
v -0.379526 -0.746539 1.563979
v -0.384691 -0.745232 1.565324
v -0.392921 -0.743150 1.564499
v -0.398201 -0.741785 1.565798
v -0.406204 -0.739507 1.564951
v -0.411441 -0.737928 1.566277
v -0.419917 -0.735996 1.565469
v -0.419033 -0.735536 1.565497
v -0.424632 -0.733876 1.566815
v -0.432002 -0.731037 1.566006
v -0.432963 -0.731416 1.566029
v -0.437686 -0.729183 1.567374
v -0.444969 -0.726308 1.566551
v -0.445951 -0.726658 1.566569
v -0.450553 -0.724709 1.567906
v -0.450973 -0.723729 1.567828
v -0.457848 -0.720952 1.567144
v -0.458759 -0.721302 1.567136
v -0.463355 -0.719354 1.568487
v -0.463681 -0.718501 1.568387
v -0.470496 -0.715426 1.567730
v -0.471407 -0.715736 1.567721
v -0.475906 -0.713548 1.569087
v -0.476252 -0.712572 1.569025
v -0.483509 -0.709318 1.568277
v -0.488382 -0.706902 1.569678
v -0.495782 -0.702899 1.568903
v -0.500524 -0.700770 1.570298
v -0.500803 -0.699810 1.570184
v -0.507858 -0.696134 1.569594
v -0.512604 -0.693981 1.570954
v -0.512815 -0.693071 1.570889
v -0.519700 -0.689006 1.570245
v -0.524464 -0.686701 1.571633
v -0.524740 -0.685674 1.571533
v -0.531624 -0.681798 1.570928
v -0.536094 -0.679191 1.572306
v -0.536269 -0.678273 1.572225
v -0.542940 -0.673825 1.571603
v -0.547547 -0.671290 1.572985
v -0.547691 -0.670408 1.572922
v -0.553682 -0.666002 1.572334
v -0.554743 -0.666122 1.572282
v -0.558607 -0.662546 1.573680
v -0.565449 -0.657500 1.572989
v -0.569714 -0.654221 1.574406
v -0.576211 -0.648859 1.573676
v -0.580525 -0.645884 1.575103
v -0.580596 -0.644859 1.575038
v -0.586340 -0.640087 1.574448
v -0.587333 -0.640145 1.574405
v -0.590970 -0.636448 1.575832
v -0.596504 -0.630838 1.575184
v -0.597596 -0.630804 1.575160
v -0.601084 -0.626905 1.576589
v -0.607232 -0.621053 1.575862
v -0.611203 -0.617725 1.577281
v -0.611190 -0.616769 1.577249
v -0.616242 -0.611372 1.576664
v -0.617378 -0.611280 1.576594
v -0.620910 -0.607723 1.577996
v -0.620889 -0.606791 1.577965
v -0.625903 -0.601327 1.577394
v -0.626937 -0.601215 1.577335
v -0.630033 -0.597095 1.578742
v -0.635022 -0.590762 1.578134
v -0.636040 -0.590684 1.578070
v -0.639360 -0.586950 1.579489
v -0.639299 -0.585908 1.579447
v -0.644881 -0.579999 1.578814
v -0.643992 -0.580101 1.578852
v -0.647764 -0.575620 1.580230
v -0.652981 -0.568944 1.579520
v -0.656390 -0.564755 1.580891
v -0.661313 -0.557779 1.580235
v -0.664576 -0.553546 1.581521
v -0.668944 -0.546845 1.580819
v -0.669999 -0.546646 1.580738
v -0.672523 -0.542110 1.582104
v -0.677647 -0.535041 1.581217
v -0.676674 -0.535278 1.581262
v -0.680455 -0.530895 1.582540
v -0.680235 -0.529984 1.582486
v -0.684678 -0.523294 1.581741
v -0.691442 -0.511619 1.582171
v -0.687480 -0.518628 1.582995
v -0.692329 -0.511396 1.582101
v -0.694972 -0.507133 1.583400
v -0.694706 -0.506177 1.583379
v -0.699284 -0.499348 1.582484
v -0.698395 -0.499614 1.582574
v -0.701454 -0.494610 1.583812
v -0.705538 -0.487084 1.582832
v -0.708110 -0.482316 1.584078
v -0.712016 -0.474761 1.583134
v -0.714506 -0.470024 1.584359
v -0.718221 -0.462335 1.583406
v -0.720748 -0.457578 1.584616
v -0.723841 -0.450255 1.583706
v -0.724874 -0.449805 1.583602
v -0.726803 -0.444968 1.584836
v -0.729898 -0.437681 1.583954
v -0.730897 -0.437222 1.583843
v -0.732735 -0.432339 1.585041
v -0.736194 -0.424525 1.584144
v -0.738887 -0.420011 1.585288
v -0.738545 -0.419090 1.585230
v -0.741992 -0.411826 1.584343
v -0.744641 -0.407289 1.585485
v -0.744278 -0.406380 1.585430
v -0.747746 -0.399096 1.584517
v -0.750042 -0.394167 1.585704
v -0.753455 -0.386365 1.584635
v -0.756031 -0.381803 1.585824
v -0.755665 -0.380859 1.585806
v -0.759103 -0.373563 1.584792
v -0.761361 -0.368695 1.585986
v -0.764671 -0.360794 1.585026
v -0.766972 -0.355941 1.586156
v -0.770197 -0.348022 1.585139
v -0.772901 -0.343459 1.586261
v -0.772513 -0.342499 1.586201
v -0.775976 -0.335231 1.585197
v -0.778247 -0.330367 1.586334
v -0.781483 -0.322489 1.585270
v -0.783841 -0.317560 1.586374
v -0.787065 -0.309657 1.585370
v -0.789353 -0.304789 1.586477
v -0.792556 -0.296861 1.585385
v -0.794879 -0.291915 1.586430
v -0.798175 -0.284044 1.585395
v -0.800421 -0.279127 1.586416
v -0.803548 -0.271208 1.585374
v -0.806088 -0.266599 1.586414
v -0.805689 -0.265578 1.586360
v -0.809408 -0.258312 1.585244
v -0.808611 -0.258618 1.585354
v -0.811023 -0.253346 1.586391
v -0.814093 -0.245408 1.585165
v -0.816608 -0.240761 1.586244
v -0.816224 -0.239991 1.586223
v -0.819203 -0.232449 1.585086
v -0.821598 -0.227775 1.586118
v -0.821157 -0.226740 1.586066
v -0.824152 -0.219400 1.584946
v -0.826096 -0.214362 1.586015
v -0.829291 -0.206284 1.584729
v -0.828473 -0.206680 1.584853
v -0.833158 -0.193177 1.584638
v -0.830673 -0.201283 1.585831
v -0.835461 -0.188429 1.585666
v -0.837415 -0.179935 1.584494
v -0.834983 -0.187635 1.585608
v -0.839153 -0.174839 1.585457
v -0.841529 -0.166661 1.584317
v -0.843508 -0.161841 1.585324
v -0.843028 -0.161003 1.585280
v -0.845272 -0.153299 1.584200
v -0.846894 -0.148157 1.585259
v -0.849479 -0.139829 1.583979
v -0.848612 -0.140406 1.584118
v -0.850525 -0.134774 1.585132
v -0.852130 -0.126934 1.584105
v -0.853013 -0.126363 1.583973
v -0.853980 -0.121150 1.585182
v -0.857936 -0.107122 1.584058
v -0.856998 -0.108038 1.584194
v 0.422854 -0.009740 -1.544540
v 0.424752 -0.016425 -1.549031
v 0.418483 0.001053 -1.537360
v 0.420143 -0.005713 -1.542361
v 0.413702 0.011702 -1.530392
v 0.415544 0.004944 -1.535276
v 0.408358 0.022109 -1.523367
v 0.410713 0.015553 -1.528216
v 0.403010 0.032633 -1.516392
v 0.405335 0.025950 -1.521274
v 0.397129 0.042731 -1.509365
v 0.399645 0.037017 -1.514132
v 0.399683 0.035910 -1.514050
v 0.390693 0.052774 -1.502027
v 0.391190 0.052706 -1.502947
v 0.393853 0.046460 -1.507359
v 0.384020 0.063146 -1.495185
v 0.384545 0.063083 -1.496039
v 0.387472 0.056639 -1.500486
v 0.377211 0.073660 -1.488780
v 0.380634 0.066752 -1.493377
v 0.380573 0.067664 -1.493477
v 0.369471 0.083557 -1.481369
v 0.369985 0.083522 -1.482152
v 0.373259 0.077994 -1.486547
v 0.373351 0.076867 -1.486535
v 0.361886 0.093867 -1.475140
v 0.365833 0.087474 -1.479876
v 0.353695 0.103846 -1.468647
v 0.357774 0.098142 -1.473109
v 0.357894 0.097126 -1.473081
v 0.345085 0.113557 -1.462191
v 0.349594 0.107525 -1.466851
v 0.336275 0.123153 -1.456031
v 0.340971 0.117214 -1.460601
v 0.327122 0.132547 -1.450146
v 0.332037 0.126631 -1.454481
v 0.317720 0.141848 -1.444406
v 0.322578 0.136585 -1.448466
v 0.322799 0.135518 -1.448442
v 0.307967 0.150819 -1.438716
v 0.313296 0.145206 -1.442974
v 0.297993 0.159671 -1.433174
v 0.303140 0.154719 -1.437278
v 0.303424 0.153571 -1.437271
v 0.287706 0.168272 -1.427926
v 0.293436 0.162824 -1.431975
v 0.276912 0.176477 -1.422519
v 0.277718 0.176576 -1.423253
v 0.283078 0.171294 -1.426714
v 0.266410 0.184795 -1.417718
v 0.272440 0.179610 -1.421680
v 0.255254 0.192382 -1.412763
v 0.261128 0.188076 -1.416522
v 0.261510 0.186984 -1.416518
v 0.243857 0.199791 -1.408147
v 0.249972 0.195564 -1.411762
v 0.250359 0.194564 -1.411717
v 0.232171 0.206854 -1.403764
v 0.238830 0.202308 -1.407299
v 0.220173 0.213532 -1.399396
v 0.227037 0.209205 -1.403002
v 0.207824 0.219961 -1.395524
v 0.214965 0.215763 -1.398878
v 0.195420 0.226031 -1.391858
v 0.202261 0.222532 -1.394909
v 0.202696 0.221615 -1.394865
v 0.182432 0.231450 -1.388203
v 0.183301 0.231733 -1.388773
v 0.190132 0.227484 -1.391355
v 0.189738 0.228334 -1.391397
v 0.169521 0.236717 -1.384966
v 0.170302 0.237092 -1.385479
v 0.177376 0.233736 -1.388225
v 0.156657 0.241832 -1.382178
v 0.164002 0.238997 -1.384819
v 0.164493 0.238053 -1.384798
v 0.143382 0.246318 -1.379327
v 0.151216 0.243496 -1.382138
v 0.137333 0.248097 -1.379204
v 0.129816 0.250235 -1.376491
v 0.137944 0.247109 -1.379225
v 0.116266 0.253746 -1.374138
v 0.124417 0.250866 -1.376508
v 0.123949 0.251636 -1.376542
v 0.102466 0.257001 -1.371827
v 0.110147 0.255196 -1.374181
v 0.110770 0.254330 -1.374147
v 0.088586 0.259821 -1.369795
v 0.096370 0.258237 -1.372110
v 0.096999 0.257439 -1.372093
v 0.074563 0.262134 -1.368075
v 0.083096 0.260060 -1.370137
v 0.082414 0.260883 -1.370195
v 0.060367 0.263981 -1.366621
v 0.068852 0.262616 -1.368532
v 0.046000 0.265205 -1.365251
v 0.046848 0.265831 -1.365595
v 0.054781 0.264433 -1.367238
v 0.031874 0.266638 -1.364911
v 0.040644 0.266036 -1.365711
v 0.017627 0.267319 -1.364076
v 0.026368 0.266851 -1.364976
v 0.000958 0.267950 -1.363597
v 0.011261 0.267791 -1.364491
v 0.012231 0.267014 -1.364384
v 0.439198 -0.013047 -1.540449
v 0.437397 -0.007091 -1.536036
v 0.439180 -0.014093 -1.540257
v 0.432771 0.003466 -1.529107
v 0.434545 -0.003106 -1.534034
v 0.427935 0.013885 -1.522269
v 0.429794 0.007294 -1.527081
v 0.422704 0.024191 -1.515420
v 0.424875 0.017643 -1.520132
v 0.416980 0.034249 -1.508282
v 0.419419 0.028643 -1.513088
v 0.419490 0.027505 -1.513002
v 0.411042 0.044229 -1.501285
v 0.413768 0.037913 -1.506211
v 0.404470 0.054074 -1.493888
v 0.405003 0.053972 -1.494861
v 0.407643 0.047376 -1.499006
v 0.407529 0.048369 -1.499114
v 0.397728 0.064101 -1.486995
v 0.398187 0.064083 -1.487881
v 0.401215 0.057827 -1.492205
v 0.390791 0.074174 -1.480473
v 0.394370 0.067872 -1.485364
v 0.383131 0.083881 -1.473286
v 0.383678 0.083791 -1.474231
v 0.387070 0.077813 -1.478485
v 0.375542 0.093902 -1.467016
v 0.379534 0.087529 -1.471699
v 0.367389 0.103687 -1.460393
v 0.371402 0.098014 -1.464984
v 0.371552 0.097006 -1.464889
v 0.358755 0.113096 -1.453482
v 0.359354 0.113041 -1.454364
v 0.363370 0.107217 -1.458586
v 0.350097 0.122614 -1.447603
v 0.354782 0.116677 -1.452166
v 0.341124 0.132000 -1.441540
v 0.345704 0.126693 -1.445825
v 0.345932 0.125594 -1.445779
v 0.331820 0.141276 -1.435636
v 0.336801 0.135460 -1.440049
v 0.322216 0.150213 -1.429868
v 0.327368 0.144570 -1.434251
v 0.312041 0.158863 -1.424007
v 0.312694 0.158917 -1.424727
v 0.317436 0.154053 -1.428393
v 0.317721 0.152970 -1.428326
v 0.302078 0.167558 -1.418842
v 0.307400 0.162706 -1.422850
v 0.307709 0.161632 -1.422820
v 0.291710 0.175940 -1.413555
v 0.297444 0.170575 -1.417613
v 0.281054 0.184158 -1.408512
v 0.286603 0.179401 -1.412346
v 0.286962 0.178371 -1.412261
v 0.269911 0.191761 -1.403416
v 0.276119 0.186895 -1.407300
v 0.258808 0.199375 -1.398619
v 0.265019 0.194402 -1.402451
v 0.247177 0.206452 -1.394018
v 0.253378 0.202298 -1.397606
v 0.253738 0.201361 -1.397560
v 0.235303 0.213346 -1.389639
v 0.241719 0.209416 -1.393032
v 0.242157 0.208380 -1.393017
v 0.223277 0.219679 -1.385383
v 0.230159 0.215460 -1.388805
v 0.210901 0.225758 -1.381389
v 0.218022 0.221726 -1.384688
v 0.198023 0.231154 -1.377359
v 0.198799 0.231450 -1.377965
v 0.205587 0.227740 -1.380781
v 0.185604 0.236827 -1.374012
v 0.192597 0.233601 -1.377069
v 0.193048 0.232725 -1.376991
v 0.172490 0.241702 -1.370534
v 0.180281 0.238630 -1.373734
v 0.173275 0.242013 -1.371070
v 0.159234 0.246075 -1.367437
v 0.160054 0.246495 -1.367969
v 0.167285 0.243421 -1.370556
v 0.145931 0.250190 -1.364550
v 0.146793 0.250623 -1.365053
v 0.154064 0.247678 -1.367464
v 0.132456 0.253765 -1.361678
v 0.133304 0.254228 -1.362131
v 0.140600 0.251720 -1.364731
v 0.119100 0.257541 -1.359465
v 0.127207 0.255162 -1.361957
v 0.105343 0.260440 -1.357180
v 0.113543 0.258356 -1.359518
v 0.091289 0.262663 -1.354869
v 0.091945 0.263161 -1.355211
v 0.099742 0.261253 -1.357399
v 0.077597 0.265259 -1.353373
v 0.085944 0.263571 -1.355400
v 0.063995 0.267237 -1.352008
v 0.071956 0.265823 -1.353744
v 0.063332 0.266717 -1.351658
v 0.049579 0.268836 -1.350514
v 0.057955 0.267543 -1.352353
v 0.035292 0.270044 -1.349966
v 0.043421 0.269586 -1.350880
v 0.044182 0.268775 -1.350718
v 0.021131 0.270650 -1.349059
v 0.029188 0.270399 -1.350005
v 0.029974 0.269690 -1.349856
v 0.001865 0.271272 -1.348271
v 0.014533 0.271061 -1.349254
v 0.015750 0.270290 -1.349126
v 0.421917 -0.011546 -1.542271
v 0.423723 -0.018168 -1.546932
v 0.417447 -0.000707 -1.535326
v 0.419290 -0.007427 -1.540277
v 0.412741 0.009964 -1.528345
v 0.414598 0.003206 -1.533164
v 0.407516 0.020266 -1.521315
v 0.409691 0.013771 -1.526233
v 0.402033 0.030816 -1.514457
v 0.404403 0.024172 -1.519140
v 0.396203 0.040835 -1.507378
v 0.399061 0.034660 -1.512760
v 0.398523 0.034759 -1.511927
v 0.389901 0.051077 -1.500614
v 0.392840 0.044633 -1.505458
v 0.383319 0.061879 -1.493925
v 0.383340 0.060747 -1.493907
v 0.386525 0.054824 -1.498657
v 0.376146 0.071684 -1.486912
v 0.379673 0.065333 -1.491714
v 0.368740 0.082219 -1.480200
v 0.368779 0.081155 -1.480202
v 0.372650 0.075575 -1.485358
v 0.372121 0.075584 -1.484625
v 0.360761 0.091844 -1.473391
v 0.365040 0.085711 -1.478560
v 0.364366 0.085779 -1.477782
v 0.352563 0.101760 -1.466950
v 0.356487 0.095850 -1.471187
v 0.357166 0.095822 -1.471953
v 0.343971 0.111595 -1.460642
v 0.348521 0.105406 -1.465203
v 0.335147 0.121059 -1.454513
v 0.339876 0.115134 -1.458986
v 0.326028 0.130425 -1.448536
v 0.330483 0.124771 -1.452623
v 0.331212 0.124775 -1.453305
v 0.316692 0.140257 -1.443012
v 0.316846 0.139188 -1.443014
v 0.321757 0.133918 -1.447124
v 0.306987 0.149189 -1.437348
v 0.307156 0.148194 -1.437350
v 0.312233 0.143025 -1.441481
v 0.297027 0.158027 -1.431896
v 0.297240 0.156934 -1.431916
v 0.302705 0.152141 -1.436263
v 0.302002 0.152095 -1.435604
v 0.286606 0.166148 -1.426514
v 0.292374 0.160659 -1.430516
v 0.276134 0.174528 -1.421428
v 0.281968 0.169172 -1.425389
v 0.265430 0.182457 -1.416368
v 0.270969 0.177509 -1.419966
v 0.271719 0.177609 -1.420625
v 0.254265 0.190146 -1.411497
v 0.260548 0.185220 -1.415301
v 0.242876 0.197483 -1.406887
v 0.248869 0.192896 -1.410205
v 0.249711 0.193045 -1.410831
v 0.231240 0.204479 -1.402510
v 0.238213 0.200220 -1.406312
v 0.237430 0.200034 -1.405779
v 0.219248 0.211164 -1.398296
v 0.226092 0.206835 -1.401830
v 0.206984 0.218050 -1.394563
v 0.207363 0.217023 -1.394522
v 0.214061 0.213392 -1.397747
v 0.194482 0.223632 -1.390819
v 0.201204 0.219693 -1.393625
v 0.202118 0.219962 -1.394152
v 0.181858 0.229782 -1.387475
v 0.182163 0.228973 -1.387458
v 0.188572 0.225566 -1.390081
v 0.189571 0.225830 -1.390653
v 0.169140 0.234556 -1.384175
v 0.176594 0.231179 -1.387208
v 0.155888 0.239800 -1.381392
v 0.156377 0.238840 -1.381430
v 0.163727 0.236033 -1.384010
v 0.142711 0.243735 -1.378527
v 0.149944 0.240838 -1.381014
v 0.150901 0.241273 -1.381486
v 0.129338 0.247610 -1.375758
v 0.136710 0.244949 -1.378288
v 0.137539 0.245370 -1.378656
v 0.115547 0.251505 -1.373423
v 0.115992 0.250736 -1.373461
v 0.123724 0.248665 -1.375836
v 0.101832 0.254745 -1.371259
v 0.102279 0.253996 -1.371283
v 0.109441 0.252076 -1.373304
v 0.110381 0.252542 -1.373661
v 0.088118 0.257099 -1.369182
v 0.096439 0.255204 -1.371453
v 0.074068 0.259824 -1.367533
v 0.074609 0.259095 -1.367571
v 0.081936 0.257736 -1.369383
v 0.082812 0.258254 -1.369693
v 0.060006 0.261302 -1.366018
v 0.067895 0.259703 -1.367725
v 0.068834 0.260301 -1.368032
v 0.045857 0.263361 -1.364845
v 0.046492 0.262616 -1.364857
v 0.053882 0.261617 -1.366481
v 0.054701 0.262190 -1.366746
v 0.031764 0.263894 -1.364442
v 0.040487 0.263249 -1.365124
v 0.017495 0.264559 -1.363611
v 0.025678 0.263860 -1.364419
v 0.026484 0.264565 -1.364568
v 0.000667 0.265673 -1.363117
v 0.001666 0.264875 -1.363073
v 0.011946 0.264757 -1.363919
v 0.436443 -0.008780 -1.533888
v 0.438434 -0.015370 -1.538378
v 0.431887 0.001718 -1.527063
v 0.433640 -0.004905 -1.531872
v 0.427041 0.012051 -1.520208
v 0.428953 0.005506 -1.524922
v 0.421881 0.022810 -1.513505
v 0.421803 0.021801 -1.513400
v 0.423885 0.016025 -1.517699
v 0.424263 0.016007 -1.518503
v 0.416176 0.032271 -1.506346
v 0.418932 0.026270 -1.511686
v 0.418429 0.026333 -1.510849
v 0.410239 0.042339 -1.499288
v 0.412831 0.036016 -1.504299
v 0.403792 0.052398 -1.492417
v 0.406740 0.045964 -1.497206
v 0.397142 0.062806 -1.485707
v 0.397186 0.061714 -1.485659
v 0.400373 0.056031 -1.490376
v 0.389908 0.072245 -1.478608
v 0.393447 0.065935 -1.483506
v 0.382552 0.082534 -1.472051
v 0.382595 0.081492 -1.471992
v 0.386208 0.075836 -1.476711
v 0.374663 0.092381 -1.465335
v 0.374729 0.091413 -1.465288
v 0.378567 0.085651 -1.469839
v 0.366569 0.102105 -1.458818
v 0.366691 0.101096 -1.458783
v 0.370279 0.095740 -1.462806
v 0.370926 0.095681 -1.463677
v 0.358094 0.111704 -1.452354
v 0.358190 0.110714 -1.452319
v 0.362035 0.105348 -1.456490
v 0.362631 0.105352 -1.457225
v 0.349196 0.121033 -1.446104
v 0.349354 0.119926 -1.446092
v 0.353811 0.114666 -1.450509
v 0.340159 0.129912 -1.439889
v 0.345225 0.124222 -1.444657
v 0.344595 0.124187 -1.443971
v 0.330888 0.139305 -1.434026
v 0.335768 0.133326 -1.438310
v 0.321249 0.148093 -1.428268
v 0.326738 0.142670 -1.432922
v 0.326062 0.142645 -1.432222
v 0.311393 0.157398 -1.422948
v 0.311614 0.156374 -1.422934
v 0.317053 0.151542 -1.427245
v 0.316400 0.151498 -1.426592
v 0.301161 0.165469 -1.417362
v 0.306722 0.159952 -1.421392
v 0.290799 0.174253 -1.412184
v 0.290988 0.173310 -1.412169
v 0.296428 0.168361 -1.416084
v 0.280086 0.182413 -1.407196
v 0.280288 0.181502 -1.407174
v 0.285964 0.176697 -1.410870
v 0.269046 0.190005 -1.402163
v 0.269295 0.189126 -1.402129
v 0.275209 0.184529 -1.405854
v 0.257805 0.197170 -1.397273
v 0.263559 0.192313 -1.400628
v 0.264429 0.192422 -1.401312
v 0.246299 0.204644 -1.392781
v 0.246646 0.203630 -1.392793
v 0.252405 0.199627 -1.396084
v 0.253154 0.199816 -1.396666
v 0.234580 0.211027 -1.388328
v 0.240755 0.206630 -1.391545
v 0.241581 0.206839 -1.392108
v 0.222413 0.217278 -1.384121
v 0.229414 0.213095 -1.387567
v 0.210128 0.223347 -1.380155
v 0.217175 0.219353 -1.383444
v 0.197583 0.228986 -1.376467
v 0.204886 0.225288 -1.379631
v 0.184787 0.234836 -1.373097
v 0.185355 0.233712 -1.373128
v 0.192336 0.230795 -1.376004
v 0.172064 0.239470 -1.369727
v 0.179049 0.236081 -1.372573
v 0.179825 0.236434 -1.372984
v 0.158952 0.243810 -1.366695
v 0.166594 0.240951 -1.369591
v 0.145618 0.247993 -1.363809
v 0.152870 0.245117 -1.366250
v 0.153766 0.245531 -1.366714
v 0.132199 0.251549 -1.361029
v 0.140153 0.249064 -1.363739
v 0.118578 0.254906 -1.358635
v 0.126616 0.252573 -1.361099
v 0.104916 0.257679 -1.356342
v 0.113376 0.256154 -1.358896
v 0.112675 0.255663 -1.358572
v 0.091052 0.260846 -1.354380
v 0.091635 0.260027 -1.354413
v 0.098887 0.258442 -1.356437
v 0.099631 0.258931 -1.356769
v 0.077111 0.263002 -1.352668
v 0.077675 0.262239 -1.352660
v 0.084991 0.260795 -1.354495
v 0.085852 0.261381 -1.354831
v 0.063297 0.264392 -1.351023
v 0.071680 0.263052 -1.353037
v 0.049113 0.266558 -1.349907
v 0.049765 0.265721 -1.349909
v 0.057133 0.264690 -1.351572
v 0.057926 0.265219 -1.351826
v 0.035136 0.267321 -1.349312
v 0.043210 0.266379 -1.350063
v 0.044011 0.266979 -1.350256
v 0.020975 0.267915 -1.348391
v 0.029116 0.267165 -1.349170
v 0.029925 0.267861 -1.349394
v 0.001602 0.269037 -1.347729
v 0.002567 0.268288 -1.347606
v 0.015457 0.268074 -1.348542
v -0.009387 0.267718 -1.363512
v -0.000548 0.267699 -1.364692
v -0.023682 0.267250 -1.364078
v -0.014845 0.267190 -1.365422
v -0.037909 0.266530 -1.365465
v -0.029663 0.266999 -1.365922
v -0.028945 0.266382 -1.365819
v -0.052147 0.265158 -1.366661
v -0.043391 0.265810 -1.366823
v -0.066337 0.263762 -1.368020
v -0.057507 0.264498 -1.368249
v -0.080360 0.261955 -1.369830
v -0.072242 0.263068 -1.369881
v -0.071411 0.262489 -1.369693
v -0.094412 0.259939 -1.371829
v -0.085686 0.261094 -1.371620
v -0.108222 0.257325 -1.373994
v -0.099633 0.258753 -1.373657
v -0.122122 0.253923 -1.376405
v -0.121439 0.254818 -1.376546
v -0.113166 0.255736 -1.375966
v -0.113881 0.256217 -1.376164
v -0.135550 0.251009 -1.379246
v -0.127065 0.252922 -1.378520
v -0.148929 0.246894 -1.381937
v -0.141070 0.249166 -1.381338
v -0.140269 0.248708 -1.381094
v -0.162271 0.242137 -1.384882
v -0.161765 0.242942 -1.385060
v -0.154548 0.245102 -1.384302
v -0.153512 0.244641 -1.383979
v -0.175346 0.237505 -1.388194
v -0.174778 0.238398 -1.388341
v -0.166984 0.240505 -1.387236
v -0.188175 0.232785 -1.391860
v -0.180636 0.235877 -1.390857
v -0.179710 0.235480 -1.390474
v -0.200798 0.227673 -1.395607
v -0.192426 0.230197 -1.394081
v -0.193138 0.230552 -1.394401
v -0.213159 0.221357 -1.399521
v -0.205750 0.224813 -1.398330
v -0.204956 0.224529 -1.397911
v -0.225213 0.214829 -1.403712
v -0.218105 0.218513 -1.402193
v -0.217183 0.218244 -1.401763
v -0.236983 0.208077 -1.408115
v -0.229949 0.211948 -1.406551
v -0.229067 0.211693 -1.406062
v -0.240983 0.205197 -1.410864
v -0.248548 0.201303 -1.412811
v -0.259890 0.193771 -1.417611
v -0.253087 0.197929 -1.415800
v -0.252167 0.197731 -1.415242
v -0.270893 0.186071 -1.422451
v -0.264219 0.190459 -1.420656
v -0.263374 0.190314 -1.420106
v -0.281641 0.178093 -1.427573
v -0.274534 0.182755 -1.425397
v -0.292017 0.169375 -1.432772
v -0.291630 0.170412 -1.432929
v -0.285101 0.174686 -1.430629
v -0.302075 0.161173 -1.438339
v -0.295926 0.166137 -1.436105
v -0.295065 0.166025 -1.435529
v -0.311886 0.152401 -1.443946
v -0.305250 0.157518 -1.441289
v -0.321354 0.142796 -1.449422
v -0.321056 0.143744 -1.449590
v -0.314901 0.148583 -1.446867
v -0.330481 0.133471 -1.455395
v -0.330260 0.134377 -1.455574
v -0.324254 0.139459 -1.452772
v -0.339435 0.124533 -1.461691
v -0.333801 0.129852 -1.459010
v -0.333035 0.129865 -1.458318
v -0.348059 0.114923 -1.467890
v -0.342537 0.120328 -1.465274
v -0.341736 0.120354 -1.464540
v -0.356339 0.105210 -1.474279
v -0.350495 0.110914 -1.471181
v -0.364190 0.095104 -1.480951
v -0.359111 0.100802 -1.478074
v -0.358292 0.100879 -1.477252
v -0.371654 0.084699 -1.487661
v -0.366868 0.090637 -1.484740
v -0.366044 0.090734 -1.483877
v -0.378762 0.074430 -1.494410
v -0.373666 0.080596 -1.491020
v -0.385464 0.063611 -1.501103
v -0.385281 0.064674 -1.501310
v -0.380530 0.070222 -1.497826
v -0.391923 0.053642 -1.508425
v -0.386912 0.059634 -1.504348
v -0.387537 0.059575 -1.505165
v -0.397573 0.042788 -1.515058
v -0.397429 0.043778 -1.515290
v -0.393297 0.049394 -1.511773
v -0.403003 0.032267 -1.522030
v -0.402889 0.033189 -1.522295
v -0.398895 0.039028 -1.518750
v -0.408031 0.021957 -1.529208
v -0.407925 0.022848 -1.529426
v -0.404437 0.028234 -1.526291
v -0.403774 0.028335 -1.525315
v -0.412764 0.011674 -1.536688
v -0.409406 0.017853 -1.533398
v -0.408804 0.017999 -1.532433
v -0.417123 0.000924 -1.543828
v -0.413812 0.007079 -1.540580
v -0.413276 0.007208 -1.539670
v -0.421240 -0.010043 -1.550919
v -0.417610 -0.003578 -1.547293
v -0.010500 0.271082 -1.348165
v -0.001772 0.270988 -1.349250
v -0.024724 0.270411 -1.348817
v -0.015954 0.270470 -1.350093
v -0.038819 0.269685 -1.350342
v -0.030082 0.269930 -1.350647
v -0.052942 0.268487 -1.351570
v -0.044293 0.269060 -1.351806
v -0.067155 0.266741 -1.352867
v -0.058253 0.267778 -1.353123
v -0.066410 0.267510 -1.353110
v -0.080990 0.265394 -1.354786
v -0.072935 0.266462 -1.354808
v -0.072051 0.265869 -1.354584
v -0.095040 0.262974 -1.356650
v -0.094453 0.263707 -1.356862
v -0.086278 0.264523 -1.356542
v -0.108792 0.260424 -1.358740
v -0.108127 0.261190 -1.358955
v -0.100051 0.262155 -1.358549
v -0.122320 0.258097 -1.361344
v -0.113753 0.259520 -1.360848
v -0.136035 0.254377 -1.363850
v -0.135383 0.255170 -1.364042
v -0.127471 0.256548 -1.363315
v -0.149343 0.251345 -1.366768
v -0.141538 0.253403 -1.366287
v -0.140627 0.252893 -1.365933
v -0.162733 0.246881 -1.369779
v -0.162228 0.247641 -1.369952
v -0.154857 0.249617 -1.369180
v -0.153947 0.249128 -1.368810
v -0.175871 0.242690 -1.373153
v -0.175295 0.243546 -1.373335
v -0.167499 0.245461 -1.372087
v -0.188833 0.238113 -1.376640
v -0.188250 0.238979 -1.376810
v -0.180212 0.240713 -1.375408
v -0.181019 0.241097 -1.375761
v -0.201556 0.232899 -1.380398
v -0.201024 0.233802 -1.380577
v -0.193320 0.236232 -1.379206
v -0.213972 0.228106 -1.384590
v -0.205965 0.230956 -1.382937
v -0.226203 0.221883 -1.388696
v -0.218350 0.225228 -1.387076
v -0.238211 0.215344 -1.393057
v -0.230538 0.219093 -1.391312
v -0.250003 0.208764 -1.397699
v -0.242317 0.212561 -1.395685
v -0.261553 0.201279 -1.402188
v -0.260999 0.202334 -1.402374
v -0.253960 0.205735 -1.400331
v -0.272771 0.194343 -1.407157
v -0.265919 0.198574 -1.405436
v -0.265068 0.198353 -1.404881
v -0.283626 0.186636 -1.412273
v -0.276452 0.191047 -1.410005
v -0.294332 0.178259 -1.417320
v -0.294080 0.179014 -1.417504
v -0.287875 0.183154 -1.415413
v -0.286928 0.183011 -1.414780
v -0.304690 0.169904 -1.422573
v -0.304340 0.170883 -1.422786
v -0.298283 0.175154 -1.420737
v -0.297467 0.175056 -1.420135
v -0.314643 0.161299 -1.428118
v -0.314302 0.162270 -1.428270
v -0.307897 0.166727 -1.425722
v -0.324389 0.152509 -1.433767
v -0.324024 0.153473 -1.433963
v -0.317864 0.158144 -1.431250
v -0.333847 0.143583 -1.439589
v -0.333552 0.144523 -1.439761
v -0.327439 0.149256 -1.436998
v -0.343064 0.134774 -1.445680
v -0.337288 0.140036 -1.443252
v -0.336420 0.140007 -1.442570
v -0.351846 0.125100 -1.451696
v -0.351570 0.126113 -1.451901
v -0.345727 0.130986 -1.448813
v -0.360442 0.116177 -1.458150
v -0.354429 0.121627 -1.454983
v -0.368719 0.106628 -1.464573
v -0.362842 0.112205 -1.461318
v -0.376619 0.096804 -1.471176
v -0.371401 0.102443 -1.468226
v -0.370686 0.102390 -1.467478
v -0.384040 0.086338 -1.477689
v -0.383841 0.087253 -1.477899
v -0.379235 0.092476 -1.474938
v -0.378479 0.092526 -1.474085
v -0.391222 0.076276 -1.484395
v -0.390982 0.077258 -1.484605
v -0.386068 0.082664 -1.481195
v -0.398026 0.066789 -1.491545
v -0.392755 0.072383 -1.487638
v -0.393389 0.072357 -1.488380
v -0.404448 0.056636 -1.498510
v -0.399748 0.062645 -1.494898
v -0.410366 0.046018 -1.505200
v -0.410188 0.047049 -1.505430
v -0.405966 0.052513 -1.501879
v -0.415993 0.035865 -1.512191
v -0.415841 0.036913 -1.512403
v -0.412004 0.042094 -1.509280
v -0.411416 0.042139 -1.508399
v -0.421162 0.025701 -1.519263
v -0.420979 0.026831 -1.519477
v -0.417393 0.031962 -1.516205
v -0.416879 0.032007 -1.515390
v -0.426099 0.015952 -1.526709
v -0.422152 0.021994 -1.522910
v -0.430520 0.005275 -1.533870
v -0.426550 0.011399 -1.529668
v -0.427032 0.011289 -1.530543
v -0.436451 -0.009833 -1.543621
v -0.431083 0.000829 -1.537268
v -0.009329 0.265162 -1.362930
v -0.000650 0.265101 -1.364223
v -0.023669 0.264787 -1.363705
v -0.014805 0.264631 -1.364880
v -0.037813 0.263679 -1.364853
v -0.029048 0.264084 -1.365434
v -0.051918 0.262405 -1.366154
v -0.043228 0.263013 -1.366330
v -0.066266 0.261467 -1.367615
v -0.065490 0.260800 -1.367471
v -0.057938 0.261416 -1.367697
v -0.057135 0.262219 -1.367817
v -0.080081 0.259225 -1.369313
v -0.071393 0.260142 -1.369242
v -0.093993 0.257211 -1.371286
v -0.085438 0.258314 -1.371041
v -0.107794 0.254550 -1.373483
v -0.099181 0.256067 -1.373213
v -0.121758 0.252107 -1.376007
v -0.121012 0.251592 -1.375875
v -0.112978 0.253398 -1.375453
v -0.135014 0.248293 -1.378488
v -0.126570 0.250255 -1.377944
v -0.148323 0.244203 -1.381233
v -0.139931 0.246448 -1.380470
v -0.161794 0.240389 -1.384295
v -0.160892 0.239949 -1.384050
v -0.153143 0.242455 -1.383421
v -0.174885 0.235732 -1.387605
v -0.173961 0.235302 -1.387316
v -0.166304 0.237998 -1.386406
v -0.187382 0.230370 -1.390892
v -0.179719 0.232872 -1.389721
v -0.179193 0.233781 -1.389824
v -0.200372 0.225419 -1.394801
v -0.199403 0.225031 -1.394460
v -0.191988 0.228046 -1.393318
v -0.212259 0.218860 -1.398355
v -0.204414 0.222410 -1.397048
v -0.224350 0.212485 -1.402584
v -0.217058 0.215649 -1.400895
v -0.216581 0.216608 -1.400993
v -0.236086 0.205809 -1.406977
v -0.228947 0.209074 -1.405149
v -0.228447 0.210091 -1.405275
v -0.247651 0.198860 -1.411460
v -0.240080 0.202869 -1.409727
v -0.259249 0.191798 -1.416564
v -0.258355 0.191554 -1.416054
v -0.251521 0.196189 -1.414379
v -0.251839 0.195333 -1.414281
v -0.270183 0.184052 -1.421401
v -0.269355 0.183845 -1.420934
v -0.262702 0.188319 -1.418975
v -0.280553 0.175885 -1.426272
v -0.273505 0.180449 -1.423996
v -0.291012 0.167658 -1.431566
v -0.284463 0.171911 -1.429242
v -0.284069 0.173002 -1.429346
v -0.300945 0.158993 -1.436959
v -0.294274 0.164104 -1.434400
v -0.311100 0.150425 -1.442700
v -0.310326 0.150311 -1.442204
v -0.304208 0.155304 -1.439894
v -0.320266 0.141129 -1.448088
v -0.313741 0.146428 -1.445511
v -0.329408 0.131863 -1.453952
v -0.323169 0.137852 -1.451462
v -0.323399 0.136789 -1.451331
v -0.338245 0.122390 -1.460066
v -0.332412 0.127556 -1.457160
v -0.332243 0.128484 -1.457293
v -0.346872 0.112840 -1.466313
v -0.340937 0.118518 -1.463242
v -0.355212 0.103195 -1.472660
v -0.349646 0.108314 -1.469602
v -0.349420 0.109381 -1.469722
v -0.363344 0.093271 -1.479597
v -0.362522 0.093303 -1.478872
v -0.357554 0.099558 -1.476131
v -0.357671 0.098636 -1.476026
v -0.370844 0.083038 -1.486274
v -0.370033 0.083067 -1.485503
v -0.365184 0.089033 -1.482582
v -0.377696 0.072507 -1.492661
v -0.372496 0.078614 -1.489193
v -0.384757 0.062352 -1.499872
v -0.383948 0.062381 -1.499084
v -0.379465 0.068418 -1.496062
v -0.390736 0.051689 -1.506504
v -0.386104 0.057982 -1.502920
v -0.396875 0.041556 -1.513782
v -0.396116 0.041636 -1.512941
v -0.392207 0.047594 -1.509870
v -0.402300 0.031065 -1.520734
v -0.401600 0.031135 -1.519923
v -0.397804 0.037197 -1.516717
v -0.407066 0.020536 -1.527428
v -0.403133 0.027111 -1.524009
v -0.403152 0.026176 -1.523848
v -0.412040 0.010079 -1.535093
v -0.411361 0.010221 -1.534167
v -0.408071 0.016394 -1.530850
v -0.416087 -0.000859 -1.541770
v -0.412626 0.004918 -1.538134
v -0.412598 0.006053 -1.538313
v -0.420415 -0.011618 -1.549245
v -0.419754 -0.011536 -1.548375
v -0.416574 -0.005244 -1.545219
v -0.010454 0.268527 -1.347526
v -0.001752 0.268453 -1.348713
v -0.024578 0.267901 -1.348308
v -0.015851 0.267965 -1.349451
v -0.038701 0.266933 -1.349590
v -0.030506 0.266922 -1.350023
v -0.029803 0.267620 -1.350139
v -0.052748 0.265797 -1.350885
v -0.044013 0.266297 -1.351056
v -0.066803 0.264511 -1.352271
v -0.058114 0.265031 -1.352543
v -0.080948 0.263167 -1.354160
v -0.080118 0.262517 -1.353998
v -0.071966 0.263643 -1.354081
v -0.094789 0.261169 -1.356115
v -0.093939 0.260607 -1.355962
v -0.085921 0.261790 -1.355816
v -0.108282 0.258236 -1.358105
v -0.099735 0.259384 -1.357862
v -0.121892 0.255374 -1.360492
v -0.113335 0.256894 -1.360191
v -0.135413 0.252164 -1.363176
v -0.126962 0.253864 -1.362437
v -0.148851 0.248735 -1.365912
v -0.140825 0.250349 -1.365261
v -0.140318 0.251121 -1.365369
v -0.161983 0.244727 -1.368977
v -0.153575 0.247388 -1.368235
v -0.154134 0.246594 -1.368134
v -0.175207 0.240697 -1.372343
v -0.167447 0.242391 -1.371192
v -0.166763 0.243343 -1.371292
v -0.188430 0.236394 -1.375945
v -0.187644 0.235981 -1.375633
v -0.180355 0.238111 -1.374600
v -0.179785 0.239020 -1.374745
v -0.201055 0.231201 -1.379676
v -0.200067 0.230816 -1.379300
v -0.192590 0.234266 -1.378312
v -0.193039 0.233475 -1.378199
v -0.213611 0.225854 -1.383696
v -0.212707 0.225491 -1.383347
v -0.205304 0.228490 -1.381870
v -0.225766 0.219715 -1.387698
v -0.224953 0.219406 -1.387318
v -0.218115 0.222330 -1.385951
v -0.217536 0.223350 -1.386073
v -0.237722 0.213336 -1.392028
v -0.236733 0.213031 -1.391556
v -0.229676 0.216695 -1.390058
v -0.249439 0.206695 -1.396616
v -0.248722 0.206434 -1.396171
v -0.241960 0.209765 -1.394465
v -0.241522 0.210675 -1.394575
v -0.260933 0.199727 -1.401302
v -0.260135 0.199495 -1.400875
v -0.253528 0.202973 -1.399093
v -0.253112 0.203906 -1.399228
v -0.271883 0.192104 -1.405925
v -0.264899 0.195779 -1.403897
v -0.264450 0.196795 -1.404018
v -0.282692 0.184340 -1.410896
v -0.275841 0.188322 -1.408693
v -0.275491 0.189340 -1.408850
v -0.293668 0.176750 -1.416354
v -0.292759 0.176566 -1.415787
v -0.286283 0.181079 -1.413705
v -0.303654 0.168196 -1.421279
v -0.296735 0.173162 -1.419049
v -0.313646 0.159613 -1.426804
v -0.306889 0.164559 -1.424271
v -0.323324 0.150834 -1.432411
v -0.316870 0.155961 -1.429715
v -0.332836 0.141903 -1.438243
v -0.326401 0.147116 -1.435411
v -0.342327 0.133019 -1.444419
v -0.341505 0.132926 -1.443805
v -0.335710 0.138068 -1.441260
v -0.351173 0.123727 -1.450586
v -0.350445 0.123641 -1.449989
v -0.345070 0.128297 -1.447305
v -0.344764 0.129405 -1.447415
v -0.359367 0.114066 -1.456393
v -0.353426 0.119649 -1.453392
v -0.368026 0.104747 -1.463174
v -0.367253 0.104697 -1.462505
v -0.362100 0.109655 -1.459759
v -0.361900 0.110639 -1.459916
v -0.375867 0.095079 -1.469774
v -0.375066 0.095093 -1.469024
v -0.369946 0.100682 -1.466149
v -0.383372 0.085047 -1.476440
v -0.382648 0.085020 -1.475701
v -0.377790 0.091235 -1.472899
v -0.377965 0.090211 -1.472801
v -0.390569 0.074991 -1.483166
v -0.389777 0.075032 -1.482318
v -0.385011 0.080709 -1.479396
v -0.397365 0.064972 -1.490011
v -0.396692 0.064949 -1.489275
v -0.391999 0.070555 -1.486173
v -0.403505 0.054737 -1.496585
v -0.398917 0.060129 -1.493081
v -0.398814 0.061144 -1.493186
v -0.409489 0.044589 -1.503528
v -0.405154 0.050054 -1.500073
v -0.405082 0.051136 -1.500227
v -0.415118 0.034460 -1.510535
v -0.410711 0.040366 -1.506858
v -0.420199 0.024303 -1.517454
v -0.416252 0.030776 -1.514101
v -0.416324 0.029766 -1.513944
v -0.425113 0.014064 -1.524632
v -0.421353 0.019607 -1.520993
v -0.421316 0.020616 -1.521142
v -0.429849 0.003592 -1.532208
v -0.429201 0.003666 -1.531358
v -0.425897 0.009788 -1.527991
v -0.435512 -0.011574 -1.541483
v -0.430366 -0.001679 -1.535387
v -0.430255 -0.000436 -1.535410
v 0.434296 -0.136674 -1.611163
v 0.434389 -0.137163 -1.611978
v 0.432189 -0.143693 -1.614328
v 0.431671 -0.144493 -1.613923
v 0.436457 -0.124129 -1.607051
v 0.436623 -0.124594 -1.607928
v 0.434345 -0.131740 -1.610691
v 0.437943 -0.111721 -1.602342
v 0.438123 -0.112112 -1.603252
v 0.436379 -0.119071 -1.606306
v 0.438536 -0.099333 -1.597703
v 0.437378 -0.106792 -1.601422
v 0.438146 -0.087411 -1.591529
v 0.437410 -0.094015 -1.595670
v 0.437127 -0.094972 -1.595444
v 0.437498 -0.075560 -1.585231
v 0.436859 -0.082642 -1.589566
v 0.435873 -0.063863 -1.578301
v 0.436116 -0.064052 -1.579228
v 0.435975 -0.070906 -1.583190
v 0.434014 -0.052446 -1.571456
v 0.434308 -0.052662 -1.572448
v 0.434153 -0.059760 -1.576371
v 0.434313 -0.058722 -1.576501
v 0.431749 -0.041121 -1.564397
v 0.432040 -0.041350 -1.565514
v 0.432323 -0.047950 -1.569667
v 0.428983 -0.030000 -1.557232
v 0.429299 -0.030182 -1.558247
v 0.429776 -0.036815 -1.562554
v 0.426410 -0.017950 -1.549556
v 0.426767 -0.025536 -1.555334
v 0.448791 -0.136496 -1.604043
v 0.446383 -0.144110 -1.606805
v 0.451080 -0.123902 -1.600013
v 0.448799 -0.130893 -1.602885
v 0.448403 -0.131690 -1.602504
v 0.450916 -0.118034 -1.598593
v 0.452233 -0.111209 -1.595060
v 0.450479 -0.118993 -1.598322
v 0.452793 -0.098544 -1.590073
v 0.451490 -0.106153 -1.593688
v 0.452336 -0.086525 -1.584005
v 0.451596 -0.093711 -1.588169
v 0.451368 -0.074556 -1.577162
v 0.451595 -0.074811 -1.578149
v 0.450925 -0.082086 -1.581745
v 0.451222 -0.081105 -1.581940
v 0.450058 -0.062686 -1.570837
v 0.450271 -0.062970 -1.571810
v 0.449957 -0.069827 -1.575595
v 0.448319 -0.050923 -1.564408
v 0.448512 -0.057915 -1.569049
v 0.446024 -0.039550 -1.556854
v 0.446257 -0.039718 -1.557892
v 0.446541 -0.046365 -1.562093
v 0.443704 -0.028220 -1.550245
v 0.444065 -0.035189 -1.555005
v 0.441618 -0.017670 -1.542784
v 0.441735 -0.023918 -1.547728
v 0.433186 -0.137220 -1.609171
v 0.430663 -0.144670 -1.611774
v 0.435187 -0.124805 -1.605142
v 0.433152 -0.132168 -1.608274
v 0.436739 -0.112608 -1.600517
v 0.435063 -0.119882 -1.603930
v 0.437356 -0.100464 -1.595319
v 0.436270 -0.107694 -1.599573
v 0.436001 -0.107328 -1.598808
v 0.437146 -0.088274 -1.589483
v 0.436763 -0.089179 -1.589300
v 0.436202 -0.095777 -1.593426
v 0.436278 -0.076901 -1.582987
v 0.435770 -0.083903 -1.587293
v 0.435166 -0.064844 -1.576810
v 0.434898 -0.065748 -1.576641
v 0.434818 -0.072246 -1.581042
v 0.433271 -0.053451 -1.570021
v 0.433027 -0.054310 -1.569882
v 0.433158 -0.060479 -1.573967
v 0.433466 -0.060710 -1.574923
v 0.430880 -0.042547 -1.562757
v 0.431330 -0.049413 -1.567557
v 0.428155 -0.031456 -1.555583
v 0.428783 -0.038325 -1.560412
v 0.425571 -0.019255 -1.547584
v 0.425250 -0.020403 -1.547549
v 0.425753 -0.026955 -1.552767
v 0.426135 -0.027142 -1.553701
v 0.447618 -0.137030 -1.601473
v 0.445181 -0.144469 -1.604314
v 0.450096 -0.124175 -1.597815
v 0.447461 -0.131983 -1.600361
v 0.449570 -0.124919 -1.597459
v 0.451314 -0.111806 -1.593012
v 0.450875 -0.112653 -1.592692
v 0.449518 -0.119577 -1.596350
v 0.451851 -0.099409 -1.588084
v 0.451463 -0.100370 -1.587871
v 0.450254 -0.106597 -1.590798
v 0.450474 -0.107144 -1.591744
v 0.451148 -0.087687 -1.581699
v 0.450478 -0.094961 -1.585851
v 0.450495 -0.075817 -1.575401
v 0.450021 -0.082935 -1.579758
v 0.449167 -0.064010 -1.569000
v 0.449127 -0.071112 -1.573830
v 0.448826 -0.070816 -1.572955
v 0.447354 -0.052348 -1.562191
v 0.447328 -0.059087 -1.566327
v 0.447657 -0.059377 -1.567337
v 0.445423 -0.040604 -1.555389
v 0.445203 -0.041582 -1.555218
v 0.445575 -0.047881 -1.560016
v 0.442920 -0.029409 -1.548239
v 0.442688 -0.030372 -1.548070
v 0.443232 -0.036679 -1.552878
v 0.440934 -0.018965 -1.540861
v 0.440664 -0.019893 -1.540750
v 0.440844 -0.025639 -1.545583
v -0.423874 -0.020913 -1.557778
v -0.423866 -0.019718 -1.557978
v -0.421552 -0.013919 -1.553828
v -0.426793 -0.031488 -1.565317
v -0.424073 -0.024805 -1.561490
v -0.429344 -0.042810 -1.572520
v -0.427075 -0.036213 -1.569142
v -0.426600 -0.036021 -1.568215
v -0.431179 -0.054546 -1.579276
v -0.431241 -0.053673 -1.579545
v -0.429400 -0.047509 -1.576302
v -0.428932 -0.047268 -1.575333
v -0.432964 -0.065524 -1.586319
v -0.431108 -0.058877 -1.583152
v -0.430723 -0.058635 -1.582245
v -0.434137 -0.077315 -1.592783
v -0.432616 -0.070544 -1.589764
v -0.432247 -0.070248 -1.588883
v -0.434636 -0.089660 -1.598736
v -0.434783 -0.088694 -1.599049
v -0.433521 -0.081943 -1.595762
v -0.435031 -0.101421 -1.604908
v -0.434184 -0.094268 -1.602468
v -0.433750 -0.093835 -1.601466
v -0.433674 -0.114122 -1.609395
v -0.433988 -0.113194 -1.609828
v -0.433759 -0.106101 -1.607262
v -0.432089 -0.126592 -1.614234
v -0.432422 -0.125662 -1.614625
v -0.432321 -0.118512 -1.612053
v -0.430362 -0.131232 -1.616565
v -0.429644 -0.139970 -1.618542
v -0.438696 -0.019904 -1.550666
v -0.436397 -0.013508 -1.546414
v -0.441214 -0.031163 -1.558015
v -0.438919 -0.024620 -1.554551
v -0.438437 -0.024438 -1.553591
v -0.443418 -0.042808 -1.565076
v -0.443441 -0.041845 -1.565318
v -0.441220 -0.035494 -1.561511
v -0.445394 -0.053807 -1.572294
v -0.443306 -0.046812 -1.568606
v -0.446949 -0.065601 -1.578998
v -0.445288 -0.058668 -1.575927
v -0.444886 -0.058387 -1.575005
v -0.448145 -0.077435 -1.585614
v -0.446751 -0.070476 -1.582595
v -0.446337 -0.070126 -1.581587
v -0.448806 -0.089361 -1.591787
v -0.447557 -0.082425 -1.588960
v -0.447210 -0.082038 -1.588024
v -0.448670 -0.101788 -1.597343
v -0.447999 -0.093983 -1.594549
v -0.447912 -0.114220 -1.602625
v -0.447444 -0.106556 -1.599712
v -0.446204 -0.126872 -1.607371
v -0.446285 -0.119127 -1.604928
v -0.444189 -0.139321 -1.611346
v -0.444520 -0.138417 -1.611724
v -0.444448 -0.131653 -1.609474
v -0.422952 -0.022119 -1.555996
v -0.420550 -0.016345 -1.551900
v -0.420674 -0.015198 -1.552045
v -0.425952 -0.033058 -1.563645
v -0.425346 -0.032849 -1.562723
v -0.423063 -0.026363 -1.559364
v -0.428227 -0.044288 -1.570422
v -0.425787 -0.037509 -1.566496
v -0.430202 -0.055604 -1.577367
v -0.428022 -0.048710 -1.573701
v -0.431724 -0.067022 -1.584141
v -0.429877 -0.060001 -1.580508
v -0.432960 -0.078674 -1.590484
v -0.431484 -0.071142 -1.587394
v -0.431288 -0.072103 -1.587171
v -0.433835 -0.090462 -1.597225
v -0.433383 -0.090112 -1.596358
v -0.432295 -0.083074 -1.593549
v -0.433634 -0.102205 -1.602667
v -0.432772 -0.095051 -1.599626
v -0.432770 -0.114616 -1.607817
v -0.432416 -0.114244 -1.607117
v -0.432266 -0.107517 -1.604977
v -0.432622 -0.106626 -1.605327
v -0.430929 -0.127005 -1.612116
v -0.431227 -0.118954 -1.610044
v -0.430873 -0.119750 -1.609709
v -0.428719 -0.140598 -1.616464
v -0.428454 -0.139931 -1.615613
v -0.429227 -0.131653 -1.614060
v -0.437695 -0.021699 -1.548568
v -0.435517 -0.015206 -1.544316
v -0.440470 -0.032618 -1.556375
v -0.439924 -0.032434 -1.555414
v -0.437676 -0.025888 -1.551937
v -0.442749 -0.043816 -1.563604
v -0.442275 -0.043638 -1.562770
v -0.440311 -0.036667 -1.559534
v -0.440217 -0.037537 -1.559345
v -0.444429 -0.055258 -1.570145
v -0.442278 -0.048946 -1.566366
v -0.442382 -0.047881 -1.566599
v -0.446146 -0.066866 -1.577237
v -0.445676 -0.066603 -1.576353
v -0.444201 -0.059281 -1.573503
v -0.444074 -0.060254 -1.573257
v -0.447048 -0.078681 -1.583310
v -0.445635 -0.071051 -1.580095
v -0.445479 -0.071931 -1.579876
v -0.447919 -0.090571 -1.589933
v -0.447517 -0.090235 -1.589049
v -0.446288 -0.083854 -1.586228
v -0.446484 -0.082867 -1.586472
v -0.447470 -0.102766 -1.594915
v -0.446915 -0.095195 -1.592259
v -0.446660 -0.115201 -1.600137
v -0.446195 -0.108062 -1.597376
v -0.446495 -0.107178 -1.597708
v -0.445049 -0.127657 -1.604886
v -0.445115 -0.119947 -1.602434
v -0.443219 -0.139851 -1.609378
v -0.443326 -0.132430 -1.606971
v -0.598107 0.374453 1.544099
v -0.591052 0.379503 1.542619
v -0.597951 0.375358 1.543938
v -0.586464 0.382484 1.543479
v -0.579303 0.386898 1.541972
v -0.574628 0.389324 1.542922
v -0.574388 0.390309 1.542736
v -0.567575 0.394309 1.541444
v -0.562941 0.397185 1.542321
v -0.555801 0.401634 1.540782
v -0.551069 0.404038 1.541731
v -0.550879 0.404962 1.541589
v -0.544630 0.408900 1.540299
v -0.543565 0.408697 1.540186
v -0.539337 0.411793 1.541092
v -0.532768 0.416154 1.539687
v -0.531709 0.415934 1.539599
v -0.527426 0.418586 1.540529
v -0.527157 0.419626 1.540363
v -0.520256 0.423428 1.539015
v -0.515628 0.426312 1.539842
v -0.508404 0.430667 1.538447
v -0.503753 0.433469 1.539324
v -0.496096 0.437487 1.537794
v -0.497114 0.437707 1.537851
v -0.491776 0.440071 1.538722
v -0.491532 0.441050 1.538564
v -0.484587 0.444889 1.537238
v -0.479851 0.447152 1.538123
v -0.479563 0.448199 1.537979
v -0.472613 0.451907 1.536617
v -0.467914 0.454227 1.537539
v -0.467626 0.455217 1.537380
v -0.460676 0.459000 1.536069
v -0.456043 0.461660 1.536924
v -0.449400 0.465952 1.535524
v -0.448350 0.465697 1.535431
v -0.444059 0.468756 1.536291
v -0.436795 0.473017 1.534917
v -0.432027 0.475231 1.535791
v -0.424867 0.480007 1.534335
v -0.431841 0.476126 1.535643
v -0.420051 0.482215 1.535221
v -0.419820 0.483183 1.535076
v -0.412865 0.486956 1.533770
v -0.408136 0.489734 1.534632
v -0.400426 0.493594 1.533144
v -0.401374 0.493835 1.533185
v -0.396132 0.496686 1.534045
v -0.389353 0.500758 1.532675
v -0.388429 0.500518 1.532590
v -0.384121 0.503548 1.533496
v -0.377390 0.507697 1.532139
v -0.376416 0.507425 1.532055
v -0.372121 0.510459 1.532922
v -0.364864 0.514682 1.531536
v -0.360068 0.516865 1.532463
v -0.359776 0.517876 1.532299
v -0.352760 0.521508 1.530988
v -0.348106 0.524181 1.531860
v -0.340757 0.528412 1.530498
v -0.336050 0.531139 1.531382
v -0.328724 0.535212 1.529912
v -0.324008 0.537951 1.530873
v -0.317221 0.541962 1.529464
v -0.316247 0.541703 1.529415
v -0.304535 0.548766 1.528961
v -0.311910 0.544739 1.530287
v -0.299829 0.551433 1.529806
v -0.292446 0.555457 1.528458
v -0.287681 0.557985 1.529369
v -0.280350 0.562071 1.527947
v -0.275494 0.564716 1.528836
v -0.267975 0.568541 1.527480
v -0.263253 0.571097 1.528396
v -0.256498 0.575016 1.527088
v -0.255394 0.574730 1.526979
v -0.250985 0.577519 1.527935
v -0.243477 0.581359 1.526550
v -0.238600 0.583820 1.527519
v -0.231609 0.587479 1.526125
v -0.230657 0.587182 1.526100
v -0.226171 0.589807 1.527060
v -0.219200 0.593458 1.525741
v -0.218185 0.593142 1.525684
v -0.206546 0.599233 1.525341
v -0.213634 0.595774 1.526576
v -0.205572 0.598874 1.525261
v -0.200994 0.600947 1.526288
v -0.200571 0.601955 1.526093
v -0.193245 0.604761 1.524901
v -0.188299 0.606961 1.525782
v -0.180508 0.610129 1.524581
v -0.175446 0.611598 1.525547
v -0.175081 0.612473 1.525362
v -0.167595 0.615164 1.524224
v -0.162490 0.617081 1.525166
v -0.155172 0.619883 1.523869
v -0.154212 0.619477 1.523849
v -0.149484 0.621597 1.524855
v -0.142159 0.624398 1.523557
v -0.141111 0.623914 1.523510
v -0.136266 0.625974 1.524554
v -0.128191 0.628255 1.523228
v -0.123058 0.629305 1.524304
v -0.122644 0.630082 1.524174
v -0.114873 0.632019 1.523005
v -0.109608 0.633337 1.524037
v -0.101076 0.634796 1.522765
v -0.101935 0.635322 1.522790
v -0.096080 0.636355 1.523750
v -0.087904 0.638049 1.522607
v -0.082646 0.638520 1.523685
v -0.082011 0.639393 1.523514
v -0.074185 0.640355 1.522386
v -0.069028 0.640776 1.523507
v -0.068373 0.641596 1.523334
v -0.060510 0.642135 1.522361
v -0.055305 0.642202 1.523451
v -0.054685 0.642942 1.523314
v -0.046491 0.642966 1.522273
v -0.047315 0.643614 1.522197
v -0.041536 0.643234 1.523403
v -0.040841 0.643982 1.523264
v -0.033388 0.644303 1.522279
v -0.032750 0.643670 1.522225
v -0.019123 0.644346 1.522164
v -0.027635 0.644380 1.523309
v -0.013714 0.644160 1.523290
v -0.005143 0.643268 1.522210
v -0.005825 0.643966 1.522248
v 0.000064 0.643617 1.523314
v 0.008500 0.642660 1.522268
v 0.013579 0.641741 1.523454
v 0.014298 0.642348 1.523355
v 0.022206 0.641134 1.522330
v 0.027291 0.639949 1.523551
v 0.028134 0.640544 1.523363
v 0.035897 0.639010 1.522535
v 0.040905 0.637621 1.523718
v 0.041744 0.638170 1.523559
v 0.048927 0.636796 1.522642
v 0.049584 0.635897 1.522620
v 0.054741 0.635206 1.523840
v 0.062886 0.633341 1.522842
v 0.067885 0.631574 1.524043
v 0.068702 0.632065 1.523947
v 0.075939 0.630221 1.523086
v 0.076437 0.629289 1.523055
v 0.081205 0.627944 1.524266
v 0.082236 0.628469 1.524155
v 0.089732 0.625430 1.523238
v 0.089268 0.626298 1.523252
v 0.094785 0.624291 1.524386
v 0.102852 0.621650 1.523502
v 0.107557 0.619453 1.524725
v 0.108595 0.619895 1.524587
v 0.115878 0.616420 1.523713
v 0.115502 0.617265 1.523740
v 0.120872 0.615053 1.524928
v 0.128738 0.612050 1.524012
v 0.141293 0.607246 1.524286
v 0.133816 0.610031 1.525196
v 0.141648 0.606322 1.524278
v 0.146555 0.604696 1.525476
v 0.154328 0.601399 1.524587
v 0.158907 0.598866 1.525788
v 0.159919 0.599219 1.525658
v 0.166993 0.595721 1.524884
v 0.171871 0.593410 1.526104
v 0.179480 0.589831 1.525113
v 0.183968 0.587141 1.526399
v 0.185018 0.587488 1.526299
v 0.191969 0.583756 1.525463
v 0.196415 0.581082 1.526718
v 0.197307 0.581394 1.526634
v 0.203962 0.578174 1.525829
v 0.204342 0.577100 1.525771
v 0.209114 0.575184 1.527000
v 0.216703 0.571471 1.526101
v 0.221506 0.568905 1.527289
v 0.229016 0.565079 1.526453
v 0.233408 0.562210 1.527710
v 0.234389 0.562520 1.527617
v 0.241279 0.558549 1.526783
v 0.246073 0.556092 1.528040
v 0.253484 0.552151 1.527090
v 0.257853 0.549248 1.528379
v 0.258806 0.549564 1.528302
v 0.265722 0.545532 1.527462
v 0.270482 0.543072 1.528725
v 0.277894 0.539017 1.527823
v 0.282593 0.536433 1.529084
v 0.290062 0.532571 1.528210
v 0.294805 0.529904 1.529502
v 0.301851 0.526401 1.528598
v 0.302239 0.525381 1.528577
v 0.307054 0.523340 1.529837
v 0.314427 0.519256 1.528969
v 0.318771 0.516416 1.530256
v 0.319823 0.516700 1.530153
v 0.326637 0.512605 1.529366
v 0.330941 0.509834 1.530654
v 0.331892 0.510112 1.530548
v 0.338781 0.506210 1.529809
v 0.343134 0.503272 1.531063
v 0.344147 0.503552 1.531004
v 0.350992 0.499558 1.530168
v 0.355309 0.496704 1.531480
v 0.356296 0.496980 1.531373
v 0.363183 0.493059 1.530653
v 0.367954 0.490493 1.531924
v 0.375006 0.486963 1.531054
v 0.375351 0.485990 1.531033
v 0.379711 0.483618 1.532344
v 0.380630 0.483913 1.532243
v 0.387613 0.479973 1.531523
v 0.391934 0.477094 1.532788
v 0.392922 0.477398 1.532709
v 0.399826 0.473367 1.531928
v 0.404598 0.470919 1.533217
v 0.412023 0.466864 1.532376
v 0.416375 0.464054 1.533693
v 0.417400 0.464339 1.533598
v 0.424236 0.460363 1.532843
v 0.428597 0.457537 1.534143
v 0.429596 0.457826 1.534054
v 0.436123 0.454311 1.533358
v 0.436437 0.453381 1.533293
v 0.441227 0.451343 1.534633
v 0.448344 0.447819 1.533788
v 0.448656 0.446842 1.533769
v 0.453439 0.444824 1.535092
v 0.460925 0.440786 1.534214
v 0.465257 0.437955 1.535560
v 0.466274 0.438240 1.535480
v 0.473131 0.434241 1.534731
v 0.485353 0.427706 1.535169
v 0.477896 0.431725 1.536050
v 0.490104 0.425172 1.536541
v 0.497516 0.421184 1.535643
v 0.501863 0.418259 1.536986
v 0.502856 0.418520 1.536883
v 0.509723 0.414571 1.536196
v 0.514057 0.411632 1.537471
v 0.514841 0.411922 1.537400
v 0.521482 0.408476 1.536671
v 0.521870 0.407417 1.536623
v 0.526586 0.405293 1.537876
v 0.534068 0.401258 1.537138
v 0.538698 0.398577 1.538408
v 0.545782 0.395039 1.537622
v 0.546149 0.394008 1.537561
v 0.550887 0.391858 1.538879
v 0.558293 0.387832 1.538033
v 0.563280 0.385018 1.539352
v 0.578368 0.376281 1.538837
v -0.597887 0.375219 1.559678
v -0.590823 0.379831 1.558217
v -0.586159 0.382703 1.559055
v -0.579011 0.387233 1.557645
v -0.574302 0.389611 1.558531
v -0.574044 0.390605 1.558347
v -0.567218 0.394600 1.557058
v -0.562568 0.397545 1.557876
v -0.555318 0.401848 1.556430
v -0.550769 0.404832 1.557328
v -0.543560 0.409167 1.555789
v -0.538867 0.411530 1.556744
v -0.538655 0.412490 1.556575
v -0.531775 0.416442 1.555256
v -0.527029 0.418777 1.556160
v -0.526720 0.419810 1.555927
v -0.519927 0.423654 1.554662
v -0.515212 0.426472 1.555447
v -0.508053 0.430810 1.554046
v -0.503318 0.433610 1.554870
v -0.496097 0.437942 1.553452
v -0.491336 0.440210 1.554340
v -0.491044 0.441276 1.554194
v -0.484089 0.444992 1.552818
v -0.479418 0.447313 1.553742
v -0.479204 0.448207 1.553626
v -0.472355 0.452117 1.552254
v -0.467576 0.454862 1.553148
v -0.460880 0.459064 1.551689
v -0.459867 0.458822 1.551627
v -0.455530 0.461375 1.552570
v -0.455261 0.462406 1.552414
v -0.448239 0.466112 1.551066
v -0.443583 0.468401 1.551985
v -0.443427 0.469263 1.551870
v -0.437062 0.473065 1.550563
v -0.435950 0.472839 1.550471
v -0.431664 0.476012 1.551348
v -0.424312 0.480092 1.549912
v -0.419713 0.482826 1.550794
v -0.412493 0.487122 1.549340
v -0.407675 0.489358 1.550275
v -0.407393 0.490374 1.550109
v -0.400940 0.494019 1.548839
v -0.400046 0.493776 1.548756
v -0.395745 0.496892 1.549659
v -0.388406 0.500967 1.548225
v -0.383733 0.503783 1.549159
v -0.376056 0.507638 1.547668
v -0.376985 0.507904 1.547721
v -0.371713 0.510171 1.548623
v -0.371446 0.511120 1.548470
v -0.364565 0.514898 1.547131
v -0.359717 0.517101 1.548072
v -0.359472 0.518019 1.547948
v -0.353063 0.521738 1.546659
v -0.352067 0.521479 1.546595
v -0.341054 0.528604 1.546141
v -0.347749 0.524479 1.547505
v -0.340051 0.528361 1.546072
v -0.335743 0.531315 1.546970
v -0.328509 0.535543 1.545560
v -0.323649 0.537699 1.546512
v -0.323370 0.538699 1.546357
v -0.316892 0.542269 1.545096
v -0.315964 0.542029 1.545025
v -0.311657 0.545014 1.545996
v -0.304257 0.549061 1.544511
v -0.299495 0.551235 1.545500
v -0.299191 0.552238 1.545317
v -0.292136 0.555781 1.544068
v -0.287419 0.558403 1.544991
v -0.279984 0.562376 1.543530
v -0.275254 0.564939 1.544505
v -0.268513 0.568900 1.543148
v -0.267393 0.568619 1.543080
v -0.263031 0.571469 1.544015
v -0.256270 0.575386 1.542694
v -0.255185 0.575124 1.542606
v -0.250729 0.577467 1.543593
v -0.250386 0.578489 1.543421
v -0.243199 0.581696 1.542183
v -0.238444 0.584171 1.543078
v -0.230943 0.588009 1.541768
v -0.225963 0.590391 1.542694
v -0.218909 0.593933 1.541358
v -0.218033 0.593600 1.541326
v -0.213515 0.596197 1.542256
v -0.206572 0.599738 1.540948
v -0.205438 0.599387 1.540885
v -0.200866 0.601961 1.541862
v -0.193711 0.605270 1.540528
v -0.192781 0.604920 1.540497
v -0.188207 0.607494 1.541412
v -0.180388 0.610598 1.540163
v -0.175343 0.612103 1.541144
v -0.175025 0.612963 1.540989
v -0.167514 0.615684 1.539801
v -0.162441 0.617131 1.540789
v -0.154408 0.620311 1.539431
v -0.161948 0.618081 1.540626
v -0.149388 0.622117 1.540437
v -0.142042 0.625012 1.539190
v -0.141030 0.624499 1.539132
v -0.136185 0.626535 1.540172
v -0.128143 0.628811 1.538818
v -0.122977 0.630428 1.539804
v -0.114808 0.632618 1.538633
v -0.109522 0.633878 1.539569
v -0.101366 0.635763 1.538419
v -0.096197 0.636534 1.539476
v -0.095696 0.637326 1.539326
v -0.087844 0.638555 1.538193
v -0.082615 0.639044 1.539297
v -0.074198 0.640940 1.538051
v -0.082017 0.639873 1.539136
v -0.068842 0.641762 1.539067
v -0.060510 0.642669 1.537965
v -0.055125 0.643332 1.538990
v -0.046499 0.643595 1.537845
v -0.047242 0.644252 1.537859
v -0.033685 0.644928 1.537824
v -0.041385 0.644307 1.538947
v -0.032757 0.644190 1.537779
v -0.027793 0.644475 1.538931
v -0.027236 0.645146 1.538787
v -0.019800 0.645229 1.537810
v -0.018939 0.644382 1.537774
v -0.013802 0.644638 1.538894
v -0.005949 0.644604 1.537837
v -0.005173 0.643816 1.537805
v -0.000198 0.643642 1.538996
v 0.008440 0.643164 1.537909
v 0.000588 0.644286 1.538836
v 0.013808 0.642609 1.539034
v 0.022141 0.641566 1.537940
v 0.027554 0.640816 1.539120
v 0.035795 0.639251 1.538104
v 0.040812 0.637933 1.539322
v 0.041649 0.638530 1.539191
v 0.048945 0.637117 1.538296
v 0.049525 0.636244 1.538250
v 0.054593 0.635441 1.539442
v 0.062261 0.633925 1.538486
v 0.062930 0.632976 1.538445
v 0.068029 0.632229 1.539634
v 0.076260 0.630010 1.538645
v 0.081068 0.628081 1.539874
v 0.081945 0.628571 1.539792
v 0.088996 0.626457 1.538878
v 0.089535 0.625549 1.538857
v 0.094608 0.624469 1.540071
v 0.102602 0.621795 1.539107
v 0.107730 0.619929 1.540323
v 0.115675 0.616578 1.539348
v 0.115229 0.617467 1.539361
v 0.120679 0.615158 1.540557
v 0.128554 0.612146 1.539606
v 0.133218 0.609769 1.540854
v 0.134258 0.610186 1.540727
v 0.141458 0.606874 1.539886
v 0.146435 0.604850 1.541098
v 0.154098 0.601316 1.540164
v 0.158649 0.598910 1.541421
v 0.159527 0.599259 1.541331
v 0.166298 0.596251 1.540504
v 0.166715 0.595221 1.540452
v 0.171596 0.593437 1.541643
v 0.179232 0.589882 1.540800
v 0.183734 0.587216 1.542018
v 0.184712 0.587534 1.541955
v 0.191279 0.584252 1.541099
v 0.191663 0.583264 1.541063
v 0.196107 0.581048 1.542323
v 0.197036 0.581386 1.542234
v 0.204035 0.577593 1.541381
v 0.208831 0.575142 1.542590
v 0.216406 0.571286 1.541748
v 0.220769 0.568508 1.542981
v 0.228697 0.564857 1.542057
v 0.221790 0.568821 1.542880
v 0.233405 0.562425 1.543260
v 0.240914 0.558499 1.542435
v 0.245265 0.555655 1.543651
v 0.246297 0.555958 1.543561
v 0.253114 0.551985 1.542724
v 0.257866 0.549460 1.544025
v 0.264976 0.545906 1.543114
v 0.265284 0.544953 1.543083
v 0.269646 0.542575 1.544357
v 0.270646 0.542880 1.544254
v 0.277497 0.538905 1.543487
v 0.281824 0.535999 1.544721
v 0.282780 0.536317 1.544642
v 0.289662 0.532259 1.543829
v 0.294414 0.529754 1.545106
v 0.301466 0.526169 1.544226
v 0.301803 0.525221 1.544198
v 0.306606 0.523154 1.545503
v 0.313701 0.519498 1.544585
v 0.313946 0.518611 1.544574
v 0.318725 0.516558 1.545815
v 0.326160 0.512539 1.545031
v 0.330487 0.509643 1.546268
v 0.331469 0.509939 1.546184
v 0.338336 0.505887 1.545395
v 0.343036 0.503371 1.546629
v 0.350510 0.499402 1.545839
v 0.354842 0.496483 1.547103
v 0.355660 0.496780 1.547034
v 0.362703 0.492891 1.546234
v 0.367491 0.490283 1.547541
v 0.374868 0.485822 1.546655
v 0.374637 0.486668 1.546678
v 0.379231 0.483390 1.547961
v 0.380139 0.483694 1.547862
v 0.387106 0.479756 1.547125
v 0.391441 0.476861 1.548400
v 0.392370 0.477144 1.548286
v 0.398882 0.473745 1.547621
v 0.399274 0.472694 1.547526
v 0.404007 0.470628 1.548830
v 0.411147 0.467180 1.548050
v 0.411486 0.466177 1.547979
v 0.416212 0.464104 1.549286
v 0.423732 0.460214 1.548463
v 0.428073 0.457281 1.549758
v 0.429023 0.457574 1.549657
v 0.435990 0.453633 1.548959
v 0.440700 0.451108 1.550228
v 0.448153 0.447155 1.549368
v 0.452527 0.444255 1.550701
v 0.453537 0.444534 1.550621
v 0.460414 0.440522 1.549858
v 0.464734 0.437715 1.551176
v 0.465684 0.438016 1.551118
v 0.472255 0.434519 1.550361
v 0.472587 0.433561 1.550331
v 0.477410 0.431540 1.551618
v 0.484781 0.426989 1.550802
v 0.484503 0.427899 1.550834
v 0.489159 0.424612 1.552122
v 0.490112 0.424906 1.552033
v 0.497047 0.420947 1.551322
v 0.501356 0.418046 1.552600
v 0.502330 0.418321 1.552488
v 0.509260 0.414337 1.551804
v 0.513994 0.411764 1.553098
v 0.521411 0.407711 1.552215
v 0.526091 0.405108 1.553528
v 0.533206 0.401564 1.552767
v 0.533529 0.400549 1.552709
v 0.538226 0.398428 1.554008
v 0.545350 0.394899 1.553236
v 0.545693 0.393883 1.553177
v 0.550032 0.391441 1.554490
v 0.551089 0.391708 1.554416
v 0.557850 0.387556 1.553650
v 0.562216 0.384632 1.554958
v 0.563675 0.384611 1.554961
v 0.577071 0.377133 1.554471
v 0.577954 0.375721 1.554405
v -0.596692 0.372594 1.544078
v -0.589946 0.376511 1.542701
v -0.589636 0.377607 1.542591
v -0.585365 0.380307 1.543538
v -0.584364 0.380071 1.543394
v -0.577888 0.385020 1.542001
v -0.578065 0.384158 1.542059
v -0.573626 0.387713 1.542932
v -0.572662 0.387492 1.542781
v -0.566073 0.391853 1.541442
v -0.561458 0.394782 1.542257
v -0.554288 0.399208 1.540854
v -0.549689 0.402149 1.541672
v -0.542473 0.406568 1.540205
v -0.538268 0.409708 1.541119
v -0.537351 0.409472 1.540945
v -0.530666 0.413813 1.539637
v -0.526427 0.416956 1.540522
v -0.525450 0.416703 1.540371
v -0.518836 0.421092 1.538987
v -0.514561 0.424154 1.539918
v -0.513667 0.423933 1.539769
v -0.506970 0.428135 1.538402
v -0.502702 0.431328 1.539323
v -0.501785 0.431081 1.539153
v -0.495047 0.435375 1.537819
v -0.490392 0.438135 1.538650
v -0.483135 0.442475 1.537232
v -0.478885 0.445518 1.538120
v -0.477869 0.445277 1.537969
v -0.471603 0.449019 1.536643
v -0.471283 0.450026 1.536584
v -0.459293 0.456591 1.535975
v -0.466516 0.452245 1.537493
v -0.454618 0.459294 1.536867
v -0.447341 0.463524 1.535453
v -0.443040 0.466609 1.536359
v -0.442001 0.466351 1.536184
v -0.435357 0.470571 1.534883
v -0.430693 0.473296 1.535707
v -0.423387 0.477522 1.534303
v -0.419092 0.480568 1.535213
v -0.418244 0.480296 1.535045
v -0.411408 0.484487 1.533756
v -0.406780 0.487249 1.534604
v -0.399423 0.491424 1.533156
v -0.394672 0.494113 1.534040
v -0.387432 0.498459 1.532587
v -0.382723 0.501061 1.533535
v -0.375767 0.504840 1.532096
v -0.375489 0.505799 1.532040
v -0.370747 0.508011 1.532964
v -0.363434 0.512140 1.531515
v -0.358713 0.514894 1.532457
v -0.351400 0.519113 1.530951
v -0.346647 0.521753 1.531922
v -0.339384 0.525931 1.530447
v -0.334687 0.528628 1.531340
v -0.327317 0.532772 1.529983
v -0.322645 0.535473 1.530872
v -0.315712 0.538992 1.529542
v -0.315330 0.540082 1.529416
v -0.310561 0.542201 1.530383
v -0.303209 0.546298 1.528922
v -0.298849 0.549241 1.529900
v -0.297857 0.548994 1.529733
v -0.291078 0.552957 1.528498
v -0.286318 0.555549 1.529405
v -0.278931 0.559574 1.527933
v -0.274183 0.562192 1.528902
v -0.267135 0.565555 1.527583
v -0.266751 0.566596 1.527475
v -0.261950 0.568654 1.528419
v -0.254905 0.572030 1.527137
v -0.254519 0.573050 1.527022
v -0.250065 0.575364 1.528019
v -0.249208 0.575062 1.527853
v -0.242182 0.578769 1.526615
v -0.237721 0.581560 1.527555
v -0.236820 0.581247 1.527453
v -0.230245 0.584457 1.526249
v -0.229843 0.585474 1.526125
v -0.224920 0.587299 1.527061
v -0.217338 0.590901 1.525767
v -0.212834 0.593538 1.526729
v -0.211865 0.593172 1.526617
v -0.204770 0.596727 1.525337
v -0.200232 0.599202 1.526328
v -0.199250 0.598852 1.526203
v -0.192493 0.601837 1.524970
v -0.192160 0.602715 1.524920
v -0.187208 0.604339 1.525959
v -0.179848 0.607075 1.524609
v -0.179416 0.607990 1.524536
v -0.174419 0.609467 1.525503
v -0.166567 0.612483 1.524233
v -0.161889 0.614760 1.525238
v -0.161033 0.614344 1.525118
v -0.153629 0.617123 1.523896
v -0.148875 0.619365 1.524909
v -0.147948 0.618924 1.524780
v -0.140533 0.622139 1.523591
v -0.140913 0.621337 1.523670
v -0.135452 0.623211 1.524530
v -0.127419 0.625522 1.523340
v -0.122262 0.627062 1.524350
v -0.114066 0.629732 1.523042
v -0.114591 0.628912 1.523102
v -0.108929 0.630565 1.524091
v -0.100812 0.632415 1.522879
v -0.095822 0.634015 1.523927
v -0.094896 0.633411 1.523828
v -0.087293 0.635323 1.522664
v -0.082043 0.636263 1.523717
v -0.074274 0.637308 1.522607
v -0.073663 0.638100 1.522518
v -0.068540 0.638539 1.523617
v -0.060834 0.638948 1.522446
v -0.060057 0.639804 1.522360
v -0.055106 0.640294 1.523488
v -0.054368 0.639668 1.523395
v -0.046569 0.640611 1.522305
v -0.041229 0.640895 1.523352
v -0.033416 0.641018 1.522275
v -0.032656 0.641804 1.522205
v -0.027687 0.642008 1.523336
v -0.026880 0.641346 1.523220
v -0.019223 0.641435 1.522292
v -0.013812 0.641240 1.523323
v -0.005442 0.640915 1.522306
v -0.000249 0.641230 1.523428
v 0.000381 0.640445 1.523272
v 0.008198 0.639885 1.522355
v 0.013388 0.639849 1.523484
v 0.014055 0.639045 1.523371
v 0.022098 0.638714 1.522423
v 0.021376 0.638171 1.522478
v 0.027143 0.637530 1.523617
v 0.035441 0.636238 1.522509
v 0.040570 0.635750 1.523727
v 0.041142 0.634923 1.523627
v 0.049200 0.634055 1.522690
v 0.048378 0.633543 1.522749
v 0.054023 0.632994 1.523863
v 0.054499 0.632145 1.523742
v 0.062289 0.630500 1.522876
v 0.067494 0.629187 1.524022
v 0.075661 0.627155 1.523013
v 0.080779 0.625606 1.524201
v 0.088819 0.623268 1.523259
v 0.093953 0.621530 1.524486
v 0.102242 0.619352 1.523460
v 0.101362 0.618957 1.523482
v 0.106939 0.617176 1.524638
v 0.114849 0.614279 1.523779
v 0.119873 0.612929 1.524978
v 0.120247 0.612075 1.524876
v 0.127632 0.609299 1.523978
v 0.132716 0.607410 1.525201
v 0.139989 0.604223 1.524289
v 0.140906 0.604602 1.524249
v 0.145454 0.602608 1.525493
v 0.145827 0.601655 1.525358
v 0.153262 0.598819 1.524512
v 0.158128 0.596640 1.525724
v 0.165768 0.593129 1.524856
v 0.170635 0.590881 1.526046
v 0.178301 0.587225 1.525122
v 0.183168 0.585446 1.526395
v 0.183483 0.584535 1.526235
v 0.190719 0.581230 1.525451
v 0.195528 0.578831 1.526661
v 0.203206 0.575150 1.525745
v 0.207936 0.573182 1.527010
v 0.208284 0.572184 1.526893
v 0.215535 0.568904 1.526047
v 0.220196 0.566408 1.527242
v 0.227781 0.562525 1.526427
v 0.232517 0.560534 1.527658
v 0.239425 0.556144 1.526753
v 0.232869 0.559491 1.527518
v 0.240366 0.556418 1.526714
v 0.244748 0.554074 1.528012
v 0.245078 0.553065 1.527873
v 0.252590 0.549937 1.527079
v 0.251737 0.549672 1.527084
v 0.256966 0.547590 1.528346
v 0.257231 0.546652 1.528222
v 0.264304 0.543080 1.527445
v 0.269155 0.541040 1.528697
v 0.269389 0.540148 1.528556
v 0.276579 0.536534 1.527815
v 0.281288 0.534002 1.528992
v 0.288720 0.529956 1.528180
v 0.293519 0.527900 1.529420
v 0.293870 0.526856 1.529320
v 0.300924 0.523441 1.528520
v 0.305686 0.521313 1.529819
v 0.305955 0.520400 1.529670
v 0.313131 0.516802 1.528946
v 0.317865 0.514742 1.530209
v 0.318183 0.513738 1.530080
v 0.325294 0.510274 1.529305
v 0.329996 0.507576 1.530560
v 0.336979 0.503700 1.529723
v 0.337874 0.503975 1.529725
v 0.342177 0.501137 1.530993
v 0.348945 0.497165 1.530154
v 0.350054 0.497431 1.530125
v 0.354369 0.494445 1.531370
v 0.361898 0.490593 1.530552
v 0.366590 0.487975 1.531814
v 0.373379 0.484056 1.530998
v 0.374462 0.484335 1.530985
v 0.378777 0.481388 1.532219
v 0.386284 0.477493 1.531410
v 0.390998 0.474901 1.532647
v 0.398491 0.470929 1.531893
v 0.403215 0.468359 1.533095
v 0.410689 0.464415 1.532337
v 0.415471 0.462369 1.533632
v 0.415757 0.461440 1.533516
v 0.422822 0.457883 1.532763
v 0.427638 0.455317 1.534049
v 0.435178 0.451425 1.533233
v 0.439869 0.448891 1.534514
v 0.447303 0.444834 1.533700
v 0.452083 0.442281 1.535019
v 0.459579 0.438360 1.534141
v 0.464315 0.435813 1.535465
v 0.471118 0.431842 1.534677
v 0.472202 0.432120 1.534653
v 0.476563 0.429730 1.535977
v 0.476831 0.428836 1.535874
v 0.483921 0.425216 1.535124
v 0.488774 0.423158 1.536452
v 0.489053 0.422236 1.536313
v 0.495574 0.418706 1.535649
v 0.496605 0.418975 1.535621
v 0.500928 0.416058 1.536864
v 0.508344 0.412051 1.536105
v 0.513089 0.409390 1.537356
v 0.520582 0.405465 1.536557
v 0.525246 0.402863 1.537862
v 0.532059 0.398788 1.537067
v 0.533098 0.399066 1.537046
v 0.537373 0.396191 1.538321
v 0.544728 0.392024 1.537515
v 0.549562 0.389906 1.538833
v 0.549798 0.389017 1.538736
v 0.556288 0.385333 1.537991
v 0.557331 0.385610 1.537987
v 0.561732 0.383107 1.539299
v 0.562440 0.381932 1.539276
v 0.575749 0.374248 1.538808
v 0.577451 0.374168 1.538764
v -0.596387 0.372910 1.559710
v -0.589610 0.376862 1.558312
v -0.589327 0.377936 1.558203
v -0.585062 0.380639 1.559156
v -0.584142 0.380399 1.559022
v -0.577797 0.384337 1.557687
v -0.577568 0.385330 1.557616
v -0.572905 0.387715 1.558469
v -0.565710 0.392182 1.557056
v -0.561131 0.395033 1.557873
v -0.553931 0.399450 1.556473
v -0.549706 0.402647 1.557348
v -0.548751 0.402433 1.557176
v -0.542110 0.406767 1.555864
v -0.537872 0.409911 1.556751
v -0.536823 0.409674 1.556589
v -0.530333 0.414541 1.555206
v -0.530553 0.413628 1.555283
v -0.525661 0.416880 1.556086
v -0.518768 0.420697 1.554688
v -0.518489 0.421735 1.554602
v -0.513743 0.424016 1.555523
v -0.506542 0.428422 1.553988
v -0.501827 0.431143 1.554915
v -0.494982 0.435051 1.553444
v -0.494702 0.436000 1.553396
v -0.489926 0.438262 1.554309
v -0.483092 0.442122 1.552854
v -0.482804 0.443118 1.552794
v -0.478028 0.445346 1.553714
v -0.470816 0.449671 1.552188
v -0.466504 0.452709 1.553153
v -0.465542 0.452449 1.552989
v -0.458859 0.456773 1.551631
v -0.454564 0.459730 1.552554
v -0.453619 0.459493 1.552397
v -0.446891 0.463703 1.551086
v -0.442247 0.466471 1.551925
v -0.434966 0.470627 1.550483
v -0.430279 0.473438 1.551314
v -0.422990 0.477659 1.549944
v -0.418687 0.480724 1.550828
v -0.417716 0.480445 1.550686
v -0.411016 0.484714 1.549337
v -0.406708 0.487686 1.550264
v -0.405719 0.487455 1.550094
v -0.399411 0.491114 1.548873
v -0.399097 0.492140 1.548759
v -0.394359 0.494364 1.549671
v -0.387448 0.498015 1.548305
v -0.387109 0.499079 1.548206
v -0.382327 0.501266 1.549149
v -0.375066 0.505575 1.547667
v -0.370770 0.508530 1.548624
v -0.369838 0.508284 1.548489
v -0.363085 0.512355 1.547152
v -0.358347 0.515136 1.548011
v -0.351467 0.518804 1.546700
v -0.351128 0.519833 1.546593
v -0.346298 0.522013 1.547547
v -0.339084 0.526192 1.546063
v -0.334377 0.528887 1.546960
v -0.327008 0.533068 1.545622
v -0.322326 0.535747 1.546485
v -0.315372 0.539352 1.545132
v -0.315050 0.540385 1.545050
v -0.310326 0.542539 1.545945
v -0.302932 0.546554 1.544609
v -0.298573 0.549568 1.545522
v -0.297665 0.549313 1.545393
v -0.291220 0.552778 1.544157
v -0.290855 0.553821 1.544050
v -0.285969 0.555865 1.544978
v -0.278678 0.559953 1.543610
v -0.274292 0.562818 1.544561
v -0.273257 0.562535 1.544420
v -0.266480 0.566530 1.543117
v -0.261738 0.569039 1.544064
v -0.254644 0.572441 1.542732
v -0.254314 0.573456 1.542639
v -0.249471 0.575419 1.543627
v -0.241994 0.579231 1.542170
v -0.237159 0.581691 1.543148
v -0.229660 0.585390 1.541792
v -0.225164 0.588115 1.542762
v -0.224152 0.587746 1.542626
v -0.217157 0.591453 1.541355
v -0.212674 0.594026 1.542342
v -0.211718 0.593677 1.542253
v -0.204700 0.597172 1.540937
v -0.199733 0.599335 1.541884
v -0.191993 0.602692 1.540612
v -0.187072 0.604876 1.541488
v -0.179313 0.607934 1.540237
v -0.174340 0.610007 1.541182
v -0.166462 0.613014 1.539848
v -0.161800 0.615325 1.540869
v -0.160839 0.614862 1.540745
v -0.153534 0.617742 1.539514
v -0.148770 0.619879 1.540552
v -0.147748 0.619432 1.540407
v -0.140503 0.622308 1.539226
v -0.135356 0.623708 1.540217
v -0.127336 0.626203 1.538932
v -0.122479 0.628107 1.539976
v -0.121597 0.627635 1.539868
v -0.114033 0.630330 1.538675
v -0.114540 0.629546 1.538737
v -0.108880 0.631117 1.539722
v -0.100729 0.632959 1.538502
v -0.095786 0.634664 1.539526
v -0.095002 0.634116 1.539426
v -0.087743 0.635445 1.538347
v -0.087172 0.636236 1.538273
v -0.082286 0.637157 1.539363
v -0.081551 0.636590 1.539255
v -0.073718 0.638189 1.538154
v -0.068555 0.639003 1.539189
v -0.060766 0.639490 1.538079
v -0.060031 0.640330 1.537996
v -0.054880 0.640488 1.539108
v -0.046615 0.641199 1.537920
v -0.041446 0.641977 1.539036
v -0.040693 0.641296 1.538936
v -0.032854 0.641887 1.537901
v -0.027715 0.642573 1.539022
v -0.026968 0.641901 1.538906
v -0.019768 0.641863 1.537946
v -0.019005 0.642497 1.537859
v -0.013899 0.641893 1.539005
v -0.006038 0.641233 1.537976
v -0.005252 0.641943 1.537896
v -0.000207 0.641355 1.539022
v 0.007473 0.640127 1.538019
v 0.008397 0.640777 1.537938
v 0.013505 0.639679 1.539109
v 0.022077 0.639233 1.538036
v 0.021385 0.638647 1.538093
v 0.026920 0.638485 1.539220
v 0.027527 0.637648 1.539083
v 0.035292 0.636480 1.538200
v 0.040583 0.635590 1.539328
v 0.048754 0.634003 1.538304
v 0.054016 0.632667 1.539477
v 0.062191 0.630789 1.538486
v 0.067385 0.629510 1.539623
v 0.075439 0.627267 1.538705
v 0.080606 0.625742 1.539821
v 0.088689 0.623346 1.538936
v 0.093733 0.622310 1.540087
v 0.094208 0.621393 1.539974
v 0.101701 0.619075 1.539123
v 0.106782 0.617172 1.540343
v 0.114657 0.614443 1.539328
v 0.119681 0.612568 1.540571
v 0.126916 0.609410 1.539657
v 0.127879 0.609820 1.539614
v 0.132520 0.607995 1.540865
v 0.132857 0.607151 1.540779
v 0.139672 0.604368 1.539934
v 0.140692 0.604720 1.539877
v 0.145213 0.602266 1.541095
v 0.152871 0.598780 1.540177
v 0.157886 0.597155 1.541409
v 0.158210 0.596235 1.541302
v 0.165912 0.593502 1.540444
v 0.165030 0.593197 1.540483
v 0.170403 0.591380 1.541713
v 0.170784 0.590399 1.541577
v 0.177987 0.587262 1.540784
v 0.182882 0.585507 1.542016
v 0.183209 0.584525 1.541896
v 0.190817 0.581569 1.541048
v 0.189885 0.581272 1.541082
v 0.195256 0.579334 1.542323
v 0.195509 0.578500 1.542216
v 0.202154 0.575080 1.541414
v 0.203198 0.575409 1.541375
v 0.207546 0.572694 1.542579
v 0.214477 0.568798 1.541707
v 0.215482 0.569104 1.541696
v 0.219864 0.566320 1.542868
v 0.226764 0.562468 1.542059
v 0.227756 0.562766 1.542018
v 0.232092 0.559954 1.543235
v 0.238955 0.556036 1.542381
v 0.240002 0.556318 1.542349
v 0.244322 0.553463 1.543609
v 0.252204 0.549825 1.542702
v 0.251272 0.549564 1.542683
v 0.256516 0.547007 1.543899
v 0.263916 0.542952 1.543041
v 0.268746 0.540901 1.544311
v 0.269046 0.539912 1.544199
v 0.276189 0.536450 1.543386
v 0.280918 0.534332 1.544699
v 0.281219 0.533364 1.544562
v 0.288342 0.529853 1.543763
v 0.293025 0.527275 1.544971
v 0.300530 0.523213 1.544186
v 0.305252 0.521145 1.545436
v 0.305575 0.520142 1.545308
v 0.312698 0.516670 1.544514
v 0.317356 0.514108 1.545785
v 0.324198 0.510073 1.544949
v 0.325225 0.510365 1.544929
v 0.329520 0.507401 1.546171
v 0.337031 0.503496 1.545331
v 0.341709 0.500943 1.546590
v 0.349116 0.496854 1.545748
v 0.353935 0.494812 1.547051
v 0.354254 0.493830 1.546946
v 0.361367 0.490344 1.546135
v 0.366084 0.487737 1.547468
v 0.373022 0.483826 1.546579
v 0.373969 0.484092 1.546600
v 0.378279 0.481243 1.547811
v 0.385715 0.477232 1.547053
v 0.390540 0.475174 1.548351
v 0.390882 0.474171 1.548220
v 0.398046 0.470739 1.547475
v 0.402713 0.468178 1.548740
v 0.409579 0.464235 1.547949
v 0.410602 0.464511 1.547931
v 0.414957 0.462134 1.549255
v 0.415203 0.461227 1.549106
v 0.421878 0.457691 1.548426
v 0.422823 0.457993 1.548401
v 0.427188 0.455611 1.549708
v 0.427423 0.454753 1.549603
v 0.433945 0.451201 1.548868
v 0.435038 0.451472 1.548854
v 0.439346 0.448636 1.550135
v 0.446194 0.444675 1.549340
v 0.447264 0.444951 1.549328
v 0.451582 0.442044 1.550628
v 0.459058 0.438121 1.549746
v 0.463785 0.435488 1.551055
v 0.471376 0.431602 1.550257
v 0.476060 0.429521 1.551593
v 0.476353 0.428565 1.551482
v 0.483403 0.424993 1.550736
v 0.488262 0.422936 1.552057
v 0.488548 0.422017 1.551962
v 0.495088 0.418457 1.551238
v 0.496101 0.418772 1.551231
v 0.500472 0.416372 1.552545
v 0.500749 0.415377 1.552443
v 0.507405 0.411903 1.551709
v 0.508291 0.412175 1.551714
v 0.512653 0.409755 1.553023
v 0.520046 0.405223 1.552204
v 0.512907 0.408823 1.552893
v 0.524764 0.402678 1.553479
v 0.532206 0.398553 1.552642
v 0.536925 0.395948 1.553898
v 0.544325 0.391891 1.553151
v 0.549049 0.389326 1.554425
v 0.555830 0.385206 1.553631
v 0.556881 0.385459 1.553605
v 0.561290 0.382972 1.554919
v 0.562186 0.381588 1.554898
v 0.577018 0.374081 1.554384
v 0.575631 0.374091 1.554437
v 0.578936 0.376066 1.539953
v 0.585973 0.372231 1.539096
v 0.586210 0.371305 1.539082
v 0.590502 0.368785 1.540394
v 0.591415 0.369022 1.540305
v 0.598189 0.364821 1.539546
v 0.602822 0.361969 1.540845
v 0.609747 0.358098 1.539944
v 0.610052 0.357114 1.539941
v 0.614684 0.354769 1.541228
v 0.621565 0.350893 1.540409
v 0.621866 0.349836 1.540355
v 0.626100 0.347209 1.541658
v 0.627048 0.347444 1.541587
v 0.633709 0.343067 1.540768
v 0.637844 0.339775 1.542072
v 0.638805 0.339997 1.541971
v 0.645361 0.335378 1.541184
v 0.649798 0.332460 1.542440
v 0.656556 0.328332 1.541589
v 0.656828 0.327219 1.541540
v 0.661286 0.324662 1.542807
v 0.668085 0.320425 1.541926
v 0.668278 0.319386 1.541896
v 0.672357 0.316505 1.543177
v 0.673352 0.316653 1.543036
v 0.679675 0.311736 1.542315
v 0.683949 0.308513 1.543533
v 0.690790 0.303503 1.542599
v 0.694626 0.299911 1.543889
v 0.695686 0.300022 1.543784
v 0.701720 0.294866 1.542957
v 0.705937 0.291515 1.544116
v 0.712418 0.285980 1.543281
v 0.716077 0.282260 1.544541
v 0.717055 0.282299 1.544419
v 0.722794 0.276788 1.543623
v 0.726906 0.273131 1.544827
v 0.732731 0.267712 1.543918
v 0.732709 0.266698 1.543944
v 0.736630 0.263333 1.545188
v 0.742406 0.257856 1.544297
v 0.742391 0.256821 1.544252
v 0.745928 0.253253 1.545500
v 0.746907 0.253202 1.545428
v 0.752001 0.247015 1.544589
v 0.755117 0.242913 1.545851
v 0.756252 0.242812 1.545737
v 0.761147 0.236572 1.544847
v 0.764617 0.232512 1.546091
v 0.769762 0.225740 1.545240
v 0.773061 0.221407 1.546463
v 0.778078 0.214587 1.545469
v 0.780596 0.210031 1.546770
v 0.781625 0.209852 1.546660
v 0.785821 0.203060 1.545803
v 0.788257 0.198455 1.547021
v 0.789257 0.198193 1.546885
v 0.793168 0.191265 1.546081
v 0.795952 0.186655 1.547290
v 0.800023 0.179810 1.546389
v 0.799773 0.178840 1.546378
v 0.802672 0.174500 1.547513
v 0.806539 0.166934 1.546732
v 0.808830 0.162094 1.547918
v 0.812594 0.154495 1.546967
v 0.814347 0.149521 1.548249
v 0.815277 0.149168 1.548158
v 0.818232 0.141706 1.547257
v 0.820434 0.136854 1.548561
v 0.823438 0.128874 1.547532
v 0.824914 0.123873 1.548871
v 0.825925 0.123358 1.548733
v 0.828182 0.115796 1.547944
v 0.830073 0.110739 1.549199
v 0.832572 0.102559 1.548238
v 0.834123 0.097378 1.549535
v 0.836329 0.089139 1.548677
v 0.837377 0.084135 1.549930
v 0.838273 0.083570 1.549792
v 0.839985 0.076339 1.549092
v 0.839463 0.075429 1.549043
v 0.841240 0.070494 1.550331
v 0.842655 0.061898 1.549405
v 0.843191 0.062803 1.549362
v 0.843718 0.057051 1.550704
v 0.844522 0.056508 1.550543
v 0.845702 0.048565 1.549867
v 0.846125 0.043368 1.551150
v 0.846934 0.042801 1.551021
v 0.848161 0.035322 1.550239
v 0.847591 0.034542 1.550240
v 0.848286 0.029632 1.551570
v 0.849088 0.028974 1.551411
v 0.849850 0.021032 1.550696
v 0.850172 0.015894 1.552031
v 0.850973 0.015289 1.551879
v 0.851548 0.007284 1.551124
v 0.851516 0.002020 1.552516
v 0.852274 0.001377 1.552422
v 0.852817 -0.006006 1.551720
v 0.852115 -0.006888 1.551700
v 0.853045 -0.011974 1.552899
v 0.853372 -0.020566 1.552243
v 0.853659 -0.025897 1.553540
v 0.853490 -0.034627 1.552791
v 0.854126 -0.033898 1.552748
v 0.853651 -0.039590 1.554135
v 0.854372 -0.040273 1.554003
v 0.854030 -0.048347 1.553365
v 0.853734 -0.053481 1.554768
v 0.854379 -0.054109 1.554632
v 0.854366 -0.061643 1.553976
v 0.853579 -0.062457 1.554026
v 0.853634 -0.067405 1.555398
v 0.854378 -0.068237 1.555240
v 0.853388 -0.076376 1.554680
v 0.854046 -0.075730 1.554623
v 0.853716 -0.081672 1.556058
v 0.853324 -0.097533 1.555816
v 0.852486 -0.098957 1.555869
v 0.578065 0.375652 1.555558
v 0.579132 0.375911 1.555472
v 0.585861 0.371675 1.554697
v 0.590547 0.369079 1.555996
v 0.597474 0.365216 1.555149
v 0.597769 0.364247 1.555128
v 0.602509 0.362022 1.556437
v 0.609754 0.357683 1.555528
v 0.614365 0.354873 1.556822
v 0.621621 0.350528 1.555968
v 0.625830 0.347362 1.557255
v 0.626867 0.347598 1.557170
v 0.633113 0.343602 1.556384
v 0.633370 0.342633 1.556383
v 0.637964 0.340217 1.557596
v 0.645127 0.335682 1.556814
v 0.649664 0.332786 1.557974
v 0.656771 0.328033 1.557178
v 0.661218 0.325002 1.558345
v 0.668193 0.320205 1.557527
v 0.672669 0.317111 1.558704
v 0.679525 0.312120 1.557909
v 0.683864 0.308918 1.559103
v 0.690384 0.304491 1.558266
v 0.690610 0.303425 1.558215
v 0.694591 0.300366 1.559483
v 0.695531 0.300474 1.559336
v 0.701313 0.295910 1.558579
v 0.701501 0.294785 1.558548
v 0.705894 0.291957 1.559725
v 0.712484 0.286550 1.558906
v 0.716024 0.282715 1.560141
v 0.717113 0.282745 1.560007
v 0.722766 0.277184 1.559206
v 0.726767 0.273681 1.560440
v 0.732730 0.268350 1.559558
v 0.732732 0.267250 1.559534
v 0.736809 0.263933 1.560722
v 0.742711 0.257911 1.559878
v 0.746057 0.253899 1.561131
v 0.747143 0.253820 1.560966
v 0.752099 0.247599 1.560171
v 0.755632 0.243695 1.561410
v 0.761312 0.237315 1.560481
v 0.764700 0.233074 1.561715
v 0.769719 0.227021 1.560828
v 0.769624 0.225899 1.560808
v 0.772696 0.221999 1.562089
v 0.773742 0.221868 1.561956
v 0.778256 0.215192 1.561115
v 0.781192 0.210753 1.562290
v 0.785855 0.203679 1.561414
v 0.788294 0.199051 1.562643
v 0.793145 0.192521 1.561695
v 0.789232 0.198865 1.562513
v 0.792892 0.191399 1.561666
v 0.795423 0.187148 1.562934
v 0.796345 0.186916 1.562783
v 0.800154 0.179896 1.561982
v 0.802939 0.175206 1.563176
v 0.806639 0.167514 1.562246
v 0.809117 0.162781 1.563500
v 0.812836 0.155725 1.562556
v 0.812561 0.154783 1.562554
v 0.815138 0.150236 1.563778
v 0.818483 0.142416 1.562862
v 0.820652 0.137458 1.564083
v 0.823753 0.129485 1.563209
v 0.825635 0.124522 1.564407
v 0.828524 0.116554 1.563545
v 0.829822 0.111484 1.564819
v 0.830682 0.111058 1.564693
v 0.833054 0.104090 1.563922
v 0.832556 0.102957 1.563885
v 0.834000 0.098218 1.565165
v 0.836878 0.090022 1.564263
v 0.834857 0.097738 1.565013
v 0.838374 0.084841 1.565508
v 0.840550 0.077237 1.564628
v 0.840000 0.076206 1.564608
v 0.841688 0.071329 1.565805
v 0.843656 0.063059 1.564993
v 0.844832 0.057745 1.566204
v 0.846336 0.049376 1.565407
v 0.846873 0.044228 1.566703
v 0.847693 0.043627 1.566540
v 0.848878 0.035711 1.565842
v 0.849669 0.030375 1.567024
v 0.850719 0.021933 1.566250
v 0.851607 0.016581 1.567487
v 0.852366 0.008085 1.566695
v 0.852890 0.002788 1.568002
v 0.853608 -0.005664 1.567198
v 0.853649 -0.010887 1.568562
v 0.854362 -0.011526 1.568445
v 0.854705 -0.018983 1.567730
v 0.853981 -0.019818 1.567763
v 0.854761 -0.024925 1.569025
v 0.855035 -0.033429 1.568321
v 0.855268 -0.038830 1.569592
v 0.855238 -0.047346 1.568948
v 0.854872 -0.052496 1.570316
v 0.855603 -0.053207 1.570173
v 0.855493 -0.060738 1.569531
v 0.854838 -0.061416 1.569565
v 0.854957 -0.066340 1.570942
v 0.855710 -0.067171 1.570779
v 0.854708 -0.075323 1.570225
v 0.855374 -0.074691 1.570162
v 0.855084 -0.080612 1.571582
v 0.854822 -0.096476 1.571373
v 0.853979 -0.097923 1.571404
v 0.577546 0.374089 1.539929
v 0.577831 0.373117 1.539780
v 0.584817 0.369363 1.539084
v 0.589528 0.367125 1.540375
v 0.589831 0.366084 1.540246
v 0.597178 0.362616 1.539491
v 0.596264 0.362393 1.539496
v 0.601365 0.359602 1.540749
v 0.608577 0.355189 1.539940
v 0.613235 0.352415 1.541205
v 0.619784 0.348019 1.540377
v 0.620872 0.348227 1.540341
v 0.625111 0.345597 1.541652
v 0.625357 0.344593 1.541534
v 0.631690 0.340670 1.540795
v 0.632630 0.340891 1.540762
v 0.636693 0.337658 1.542032
v 0.643808 0.333090 1.541110
v 0.648294 0.330113 1.542441
v 0.655355 0.325421 1.541512
v 0.659771 0.322361 1.542740
v 0.666773 0.317566 1.541982
v 0.671252 0.314959 1.543217
v 0.671433 0.313979 1.543084
v 0.677930 0.309472 1.542293
v 0.682408 0.306752 1.543542
v 0.682557 0.305705 1.543435
v 0.688494 0.301349 1.542710
v 0.689523 0.301472 1.542648
v 0.693445 0.298409 1.543903
v 0.693525 0.297475 1.543791
v 0.699363 0.292842 1.543039
v 0.700434 0.292935 1.542977
v 0.704303 0.289852 1.544258
v 0.704358 0.288893 1.544161
v 0.710553 0.283814 1.543397
v 0.714600 0.280354 1.544583
v 0.720361 0.274871 1.543662
v 0.721364 0.274881 1.543643
v 0.724845 0.271065 1.544890
v 0.730930 0.265197 1.544007
v 0.740584 0.255325 1.544259
v 0.734648 0.261362 1.545230
v 0.744276 0.251525 1.545506
v 0.749858 0.245203 1.544633
v 0.753702 0.241643 1.545853
v 0.753631 0.240773 1.545773
v 0.758463 0.235108 1.545008
v 0.759482 0.234982 1.544949
v 0.762422 0.230792 1.546190
v 0.767040 0.224276 1.545236
v 0.768006 0.224125 1.545214
v 0.770985 0.220154 1.546486
v 0.770831 0.219207 1.546407
v 0.775741 0.212963 1.545548
v 0.779024 0.208961 1.546764
v 0.778868 0.207931 1.546666
v 0.782986 0.201862 1.545844
v 0.784014 0.201630 1.545790
v 0.786360 0.197118 1.547060
v 0.790215 0.190182 1.546175
v 0.791252 0.189876 1.546121
v 0.793490 0.185294 1.547332
v 0.797073 0.178268 1.546439
v 0.798162 0.177922 1.546381
v 0.800162 0.173178 1.547694
v 0.803551 0.166033 1.546717
v 0.804492 0.165680 1.546693
v 0.806300 0.160828 1.547956
v 0.810564 0.153237 1.547005
v 0.809589 0.153590 1.547013
v 0.812601 0.148768 1.548276
v 0.812239 0.147764 1.548166
v 0.815715 0.140630 1.547329
v 0.818197 0.136099 1.548583
v 0.817777 0.135167 1.548507
v 0.820822 0.127823 1.547733
v 0.822821 0.122908 1.548938
v 0.825067 0.115406 1.548045
v 0.826071 0.114817 1.547999
v 0.827419 0.109873 1.549270
v 0.829770 0.101869 1.548378
v 0.831728 0.096930 1.549631
v 0.831228 0.096042 1.549532
v 0.833686 0.088437 1.548723
v 0.835211 0.083359 1.550022
v 0.837061 0.075123 1.549100
v 0.838446 0.069899 1.550372
v 0.840319 0.061625 1.549527
v 0.841838 0.056675 1.550813
v 0.841280 0.055782 1.550747
v 0.843391 0.047920 1.549892
v 0.842613 0.048486 1.549944
v 0.843809 0.042765 1.551232
v 0.845279 0.034413 1.550333
v 0.845936 0.029114 1.551685
v 0.846807 0.021205 1.550814
v 0.847600 0.020544 1.550789
v 0.847833 0.015366 1.552095
v 0.848776 0.006935 1.551301
v 0.849612 0.001874 1.552589
v 0.848957 0.001079 1.552509
v 0.849517 -0.006385 1.551836
v 0.850243 -0.007036 1.551781
v 0.850671 -0.011957 1.553138
v 0.850071 -0.012596 1.553070
v 0.850508 -0.020616 1.552386
v 0.851226 -0.025778 1.553697
v 0.850588 -0.026491 1.553630
v 0.851068 -0.034435 1.552976
v 0.851324 -0.039785 1.554303
v 0.850993 -0.047729 1.553608
v 0.851734 -0.048551 1.553524
v 0.851838 -0.053482 1.554909
v 0.851111 -0.054192 1.554875
v 0.851700 -0.062417 1.554173
v 0.851064 -0.061771 1.554246
v 0.851307 -0.067556 1.555566
v 0.850799 -0.075510 1.554922
v 0.851510 -0.076329 1.554844
v 0.850966 -0.081603 1.556264
v 0.849910 -0.097419 1.556172
v 0.850587 -0.098867 1.556053
v 0.577070 0.373529 1.555445
v 0.584406 0.369297 1.554711
v 0.589085 0.366586 1.555972
v 0.596413 0.362349 1.555065
v 0.601025 0.359590 1.556327
v 0.608351 0.355256 1.555583
v 0.612993 0.352968 1.556852
v 0.613289 0.351932 1.556742
v 0.620171 0.348077 1.555986
v 0.624823 0.345724 1.557277
v 0.625035 0.344827 1.557193
v 0.631909 0.340724 1.556381
v 0.636461 0.337902 1.557613
v 0.643630 0.333282 1.556811
v 0.648235 0.330893 1.558078
v 0.648490 0.329872 1.557965
v 0.655596 0.325960 1.557162
v 0.654685 0.325785 1.557194
v 0.659722 0.323158 1.558458
v 0.659921 0.322119 1.558358
v 0.666667 0.317881 1.557550
v 0.670987 0.314834 1.558839
v 0.677823 0.309834 1.557864
v 0.682213 0.306654 1.559116
v 0.689039 0.301631 1.558295
v 0.693403 0.298872 1.559541
v 0.699819 0.293058 1.558672
v 0.693463 0.297962 1.559428
v 0.704092 0.289746 1.559891
v 0.711045 0.284613 1.558946
v 0.710092 0.284589 1.558957
v 0.714763 0.281315 1.560216
v 0.714793 0.280385 1.560146
v 0.720799 0.275129 1.559299
v 0.725074 0.272055 1.560538
v 0.725142 0.271057 1.560446
v 0.730981 0.265767 1.559605
v 0.734741 0.261948 1.560799
v 0.740704 0.255908 1.559978
v 0.744640 0.252638 1.561191
v 0.744581 0.251616 1.561102
v 0.750040 0.245834 1.560251
v 0.753566 0.241820 1.561533
v 0.759180 0.235461 1.560538
v 0.762735 0.231794 1.561813
v 0.762626 0.230736 1.561757
v 0.767632 0.224658 1.560858
v 0.771186 0.220830 1.562146
v 0.771059 0.219879 1.562076
v 0.775467 0.213988 1.561249
v 0.776432 0.213766 1.561201
v 0.778898 0.209242 1.562409
v 0.783419 0.202083 1.561485
v 0.786442 0.197632 1.562690
v 0.790218 0.190827 1.561814
v 0.791272 0.190469 1.561725
v 0.793428 0.185749 1.562973
v 0.797789 0.178438 1.562043
v 0.800396 0.173773 1.563207
v 0.804121 0.166301 1.562386
v 0.806605 0.161550 1.563573
v 0.810292 0.153905 1.562666
v 0.812584 0.149156 1.563857
v 0.815871 0.141271 1.563029
v 0.817983 0.136423 1.564182
v 0.821168 0.128530 1.563305
v 0.823350 0.123877 1.564528
v 0.822939 0.122913 1.564470
v 0.825888 0.115529 1.563622
v 0.828044 0.110838 1.564888
v 0.827610 0.109968 1.564823
v 0.830731 0.102424 1.563958
v 0.829917 0.102884 1.564027
v 0.831774 0.097348 1.565191
v 0.834126 0.089208 1.564391
v 0.836092 0.084418 1.565588
v 0.835572 0.083493 1.565518
v 0.837770 0.075821 1.564732
v 0.838982 0.070668 1.565985
v 0.840479 0.062926 1.565178
v 0.841390 0.062290 1.565093
v 0.842463 0.057503 1.566383
v 0.841863 0.056647 1.566331
v 0.843618 0.048835 1.565528
v 0.845012 0.043883 1.566803
v 0.844419 0.043082 1.566783
v 0.846122 0.035270 1.565891
v 0.846827 0.029965 1.567275
v 0.847961 0.021528 1.566382
v 0.849155 0.016520 1.567691
v 0.848577 0.015775 1.567640
v 0.849315 0.008337 1.566917
v 0.850063 0.007699 1.566847
v 0.850052 0.002527 1.568172
v 0.851248 -0.006112 1.567342
v 0.850479 -0.005366 1.567438
v 0.851747 -0.011020 1.568681
v 0.851068 -0.011787 1.568632
v 0.852126 -0.019896 1.567896
v 0.851427 -0.019201 1.567967
v 0.852382 -0.024834 1.569253
v 0.851690 -0.025561 1.569210
v 0.852274 -0.033575 1.568511
v 0.852900 -0.038639 1.569830
v 0.852172 -0.039327 1.569808
v 0.852177 -0.046821 1.569152
v 0.852866 -0.047566 1.569078
v 0.852489 -0.061209 1.569705
v 0.852497 -0.052702 1.570483
v 0.853053 -0.066356 1.571078
v 0.852413 -0.066984 1.571075
v 0.852120 -0.074386 1.570459
v 0.852840 -0.075267 1.570378
v 0.852811 -0.080259 1.571769
v 0.852006 -0.081631 1.571846
v 0.852077 -0.097837 1.571574
v 0.851464 -0.096670 1.571662
v -0.859102 -0.098809 1.569234
v -0.859782 -0.091169 1.567624
v -0.859090 -0.090268 1.567590
v -0.859603 -0.085169 1.568359
v -0.860760 -0.077139 1.566642
v -0.860365 -0.084508 1.568092
v -0.860090 -0.076421 1.566608
v -0.861013 -0.071140 1.567321
v -0.861445 -0.063297 1.565702
v -0.860796 -0.062556 1.565700
v -0.861166 -0.057447 1.566511
v -0.861907 -0.056766 1.566244
v -0.862027 -0.049441 1.564927
v -0.861282 -0.048636 1.564835
v -0.861967 -0.043319 1.565647
v -0.861922 -0.034948 1.564000
v -0.861427 -0.029605 1.564908
v -0.862164 -0.028851 1.564685
v -0.861870 -0.021473 1.563317
v -0.861177 -0.020797 1.563277
v -0.861560 -0.015496 1.564094
v -0.861151 -0.007052 1.562517
v -0.860827 -0.001523 1.563326
v -0.860120 0.006828 1.561895
v -0.859651 0.012257 1.562704
v -0.858835 0.020701 1.561260
v -0.858011 0.026127 1.562116
v -0.857209 0.033934 1.560707
v -0.856296 0.034679 1.560621
v -0.855905 0.039916 1.561535
v -0.854839 0.047723 1.560129
v -0.853966 0.048389 1.560059
v -0.853410 0.053649 1.560916
v -0.851818 0.061932 1.559482
v -0.850600 0.067273 1.560362
v -0.848703 0.075542 1.558899
v -0.847337 0.080853 1.559745
v -0.845282 0.089104 1.558385
v -0.843323 0.094042 1.559289
v -0.843830 0.094959 1.559103
v -0.841108 0.102420 1.557770
v -0.839183 0.107336 1.558738
v -0.839615 0.108302 1.558532
v -0.836681 0.115604 1.557237
v -0.834927 0.120852 1.558063
v -0.831891 0.128635 1.556694
v -0.829953 0.133858 1.557606
v -0.826623 0.141580 1.556094
v -0.824205 0.146272 1.557057
v -0.824571 0.147355 1.556825
v -0.820938 0.154325 1.555593
v -0.818638 0.159237 1.556495
v -0.815382 0.166350 1.555069
v -0.814310 0.166761 1.555004
v -0.812001 0.171266 1.555956
v -0.812312 0.172287 1.555768
v -0.807733 0.179023 1.554464
v -0.808628 0.178768 1.554517
v -0.805243 0.183426 1.555420
v -0.805512 0.184432 1.555236
v -0.801219 0.191091 1.553906
v -0.798370 0.195735 1.554830
v -0.794444 0.202497 1.553458
v -0.793372 0.202802 1.553370
v -0.790671 0.207080 1.554314
v -0.790901 0.208117 1.554121
v -0.786078 0.214421 1.552768
v -0.782962 0.218934 1.553737
v -0.777385 0.225560 1.552226
v -0.778402 0.225390 1.552238
v -0.774571 0.229985 1.553116
v -0.769444 0.236656 1.551681
v -0.765814 0.240876 1.552644
v -0.759759 0.247045 1.551121
v -0.760785 0.246963 1.551144
v -0.756583 0.251208 1.552066
v -0.750888 0.257415 1.550610
v -0.746882 0.260932 1.551551
v -0.746921 0.261850 1.551406
v -0.741767 0.267156 1.550077
v -0.740632 0.267206 1.550015
v -0.737020 0.270772 1.550978
v -0.736968 0.271778 1.550786
v -0.731071 0.277014 1.549533
v -0.726866 0.280259 1.550426
v -0.726787 0.281298 1.550251
v -0.721278 0.286139 1.548965
v -0.720246 0.286121 1.548940
v -0.716602 0.289904 1.549872
v -0.710678 0.295177 1.548466
v -0.709601 0.295097 1.548425
v -0.705872 0.298796 1.549269
v -0.699339 0.304154 1.547926
v -0.694889 0.307059 1.548848
v -0.694719 0.308147 1.548678
v -0.688230 0.312662 1.547344
v -0.684002 0.316042 1.548288
v -0.677831 0.320904 1.546856
v -0.676754 0.320805 1.546807
v -0.672706 0.323848 1.547762
v -0.665928 0.329232 1.546258
v -0.672511 0.324899 1.547552
v -0.661516 0.332471 1.547125
v -0.655250 0.337125 1.545811
v -0.654117 0.336986 1.545700
v -0.649997 0.339890 1.546651
v -0.649794 0.340941 1.546476
v -0.643619 0.345047 1.545204
v -0.642680 0.344888 1.545158
v -0.638531 0.347752 1.546101
v -0.638379 0.348619 1.545954
v -0.632235 0.352872 1.544672
v -0.631166 0.352669 1.544595
v -0.626998 0.355495 1.545533
v -0.626822 0.356500 1.545366
v -0.619606 0.360365 1.544022
v -0.620461 0.360559 1.544073
v -0.615392 0.363147 1.544962
v -0.615205 0.364127 1.544808
v -0.608398 0.368232 1.543452
v -0.603817 0.370761 1.544393
v -0.603761 0.371651 1.544225
v -0.598572 0.374680 1.542956
v -0.861113 -0.097412 1.584723
v -0.861379 -0.089104 1.582991
v -0.861839 -0.083644 1.583719
v -0.862169 -0.075338 1.582109
v -0.862088 -0.070014 1.582908
v -0.862858 -0.069311 1.582646
v -0.862747 -0.061449 1.581167
v -0.863041 -0.055984 1.581956
v -0.863265 -0.048157 1.580365
v -0.862588 -0.047402 1.580364
v -0.863334 -0.042084 1.581146
v -0.863114 -0.033692 1.579486
v -0.863047 -0.028239 1.580292
v -0.862736 -0.019815 1.578805
v -0.862654 -0.014292 1.579542
v -0.862025 -0.005888 1.578088
v -0.861789 -0.000402 1.578909
v -0.860593 0.008102 1.577384
v -0.861317 0.007442 1.577388
v -0.860138 0.013196 1.578330
v -0.860714 0.013849 1.578141
v -0.859506 0.021774 1.576789
v -0.858852 0.027285 1.577605
v -0.857660 0.035595 1.576202
v -0.856251 0.040769 1.577120
v -0.856805 0.041506 1.576903
v -0.855444 0.048796 1.575693
v -0.854564 0.049426 1.575598
v -0.853714 0.054436 1.576551
v -0.852695 0.062521 1.575111
v -0.854261 0.055265 1.576349
v -0.851825 0.063066 1.575058
v -0.850789 0.068041 1.575999
v -0.851287 0.068784 1.575833
v -0.849628 0.076029 1.574543
v -0.848705 0.076621 1.574497
v -0.848060 0.082448 1.575213
v -0.846098 0.089443 1.574023
v -0.847563 0.081574 1.575421
v -0.845093 0.090087 1.573935
v -0.844070 0.095239 1.574816
v -0.841735 0.103323 1.573380
v -0.839956 0.108629 1.574271
v -0.837068 0.116507 1.572779
v -0.835396 0.121767 1.573684
v -0.831783 0.129634 1.572266
v -0.832619 0.129315 1.572313
v -0.829901 0.134336 1.573224
v -0.830285 0.135258 1.573039
v -0.826897 0.142461 1.571720
v -0.824906 0.147465 1.572616
v -0.821732 0.154804 1.571215
v -0.820717 0.155158 1.571159
v -0.818540 0.159735 1.572117
v -0.818859 0.160589 1.571924
v -0.815127 0.167651 1.570634
v -0.812610 0.172585 1.571550
v -0.808864 0.179536 1.570075
v -0.807897 0.179837 1.570055
v -0.805746 0.184596 1.570948
v -0.801590 0.192021 1.569496
v -0.798323 0.196239 1.570447
v -0.798526 0.197172 1.570246
v -0.794075 0.203709 1.568970
v -0.790820 0.207907 1.569886
v -0.791004 0.209109 1.569686
v -0.785731 0.215180 1.568376
v -0.786662 0.215037 1.568421
v -0.783025 0.219739 1.569219
v -0.778012 0.226441 1.567852
v -0.774472 0.230426 1.568806
v -0.774572 0.231360 1.568624
v -0.769928 0.237041 1.567342
v -0.768770 0.237187 1.567280
v -0.760784 0.247725 1.566777
v -0.765825 0.241586 1.568149
v -0.759849 0.247805 1.566711
v -0.756667 0.252026 1.567604
v -0.751482 0.257936 1.566234
v -0.750377 0.258010 1.566158
v -0.746950 0.261718 1.567122
v -0.746990 0.262770 1.566940
v -0.741213 0.268245 1.565604
v -0.737278 0.272038 1.566465
v -0.731061 0.277771 1.565106
v -0.726929 0.281035 1.566043
v -0.726897 0.282022 1.565894
v -0.721360 0.286917 1.564631
v -0.720226 0.286866 1.564568
v -0.716396 0.290146 1.565517
v -0.716296 0.291109 1.565348
v -0.710626 0.295861 1.564082
v -0.709555 0.295759 1.564017
v -0.705707 0.299025 1.564966
v -0.705634 0.299962 1.564817
v -0.699844 0.304605 1.563530
v -0.698749 0.304521 1.563489
v -0.694955 0.308114 1.564342
v -0.688307 0.313371 1.562976
v -0.683802 0.316215 1.563899
v -0.683663 0.317222 1.563704
v -0.677059 0.321653 1.562402
v -0.672763 0.324996 1.563339
v -0.665917 0.329902 1.561841
v -0.661283 0.332534 1.562807
v -0.661050 0.333599 1.562627
v -0.654362 0.337786 1.561315
v -0.649858 0.340439 1.562259
v -0.649706 0.341345 1.562103
v -0.643016 0.345698 1.560780
v -0.638438 0.348699 1.561655
v -0.631474 0.353480 1.560206
v -0.619832 0.361084 1.559607
v -0.626907 0.356548 1.561123
v -0.615282 0.364034 1.560539
v -0.608829 0.368587 1.559154
v -0.607753 0.368400 1.559058
v -0.603656 0.371659 1.559983
v -0.598266 0.375000 1.558536
v -0.856301 -0.098531 1.569589
v -0.856735 -0.090279 1.567819
v -0.857287 -0.084805 1.568553
v -0.857488 -0.077024 1.566965
v -0.858238 -0.076326 1.566774
v -0.858132 -0.071033 1.567619
v -0.858198 -0.063137 1.566023
v -0.858932 -0.062455 1.565885
v -0.858775 -0.057091 1.566673
v -0.859002 -0.048750 1.565054
v -0.859083 -0.034932 1.564260
v -0.859117 -0.043280 1.565784
v -0.859117 -0.029471 1.565008
v -0.858591 -0.021650 1.563568
v -0.859294 -0.020860 1.563414
v -0.858763 -0.015618 1.564276
v -0.858304 -0.007247 1.562734
v -0.858461 -0.001918 1.563569
v -0.857700 -0.001257 1.563483
v -0.857318 0.006622 1.561995
v -0.856888 0.012120 1.562889
v -0.855974 0.020393 1.561316
v -0.855286 0.025806 1.562184
v -0.853988 0.034093 1.560809
v -0.853659 0.039389 1.561665
v -0.852845 0.039957 1.561515
v -0.851658 0.047781 1.560217
v -0.850719 0.053126 1.561080
v -0.848838 0.060743 1.559699
v -0.849398 0.061690 1.559589
v -0.848403 0.066646 1.560511
v -0.847495 0.067239 1.560382
v -0.846293 0.075180 1.559010
v -0.845834 0.074343 1.559119
v -0.845111 0.080128 1.559947
v -0.844232 0.080643 1.559840
v -0.842582 0.088366 1.558452
v -0.841057 0.093524 1.559359
v -0.838421 0.100951 1.558009
v -0.838882 0.101890 1.557888
v -0.837377 0.106714 1.558814
v -0.836381 0.107241 1.558668
v -0.834456 0.115030 1.557314
v -0.834044 0.114173 1.557400
v -0.832777 0.119785 1.558266
v -0.831800 0.120253 1.558138
v -0.829239 0.127655 1.556816
v -0.827819 0.132724 1.557716
v -0.826834 0.133122 1.557576
v -0.824075 0.140534 1.556239
v -0.821977 0.145489 1.557135
v -0.818457 0.153104 1.555688
v -0.816159 0.158014 1.556524
v -0.812300 0.165470 1.555168
v -0.809868 0.170330 1.556021
v -0.805828 0.177092 1.554637
v -0.806084 0.178081 1.554527
v -0.803148 0.182421 1.555441
v -0.798910 0.189039 1.554085
v -0.799142 0.190072 1.553986
v -0.796507 0.194354 1.554900
v -0.795548 0.194550 1.554751
v -0.791477 0.201364 1.553438
v -0.788594 0.205985 1.554278
v -0.783794 0.212843 1.552941
v -0.780694 0.217257 1.553762
v -0.775784 0.223415 1.552403
v -0.775907 0.224418 1.552306
v -0.772290 0.228289 1.553247
v -0.767228 0.234828 1.551721
v -0.763639 0.239001 1.552597
v -0.758136 0.245349 1.551273
v -0.754514 0.249348 1.552109
v -0.748746 0.255561 1.550595
v -0.745482 0.259618 1.551573
v -0.744475 0.259647 1.551438
v -0.739293 0.265874 1.550115
v -0.739285 0.264957 1.550217
v -0.735274 0.269196 1.551024
v -0.729288 0.274460 1.549655
v -0.729271 0.275447 1.549553
v -0.725580 0.278846 1.550525
v -0.724464 0.278829 1.550389
v -0.719029 0.283799 1.549128
v -0.718984 0.284716 1.549026
v -0.715214 0.288030 1.549969
v -0.714126 0.287982 1.549827
v -0.708401 0.293644 1.548478
v -0.708475 0.292765 1.548557
v -0.704064 0.296604 1.549441
v -0.697558 0.301976 1.547927
v -0.693319 0.305327 1.548853
v -0.686594 0.310375 1.547449
v -0.682348 0.313786 1.548332
v -0.675500 0.318729 1.546895
v -0.671150 0.322044 1.547768
v -0.664268 0.326969 1.546394
v -0.659900 0.330132 1.547269
v -0.652937 0.334997 1.545741
v -0.648540 0.338077 1.546682
v -0.641508 0.342786 1.545224
v -0.637453 0.346172 1.546134
v -0.636667 0.345954 1.546021
v -0.630368 0.350038 1.544743
v -0.630120 0.351102 1.544631
v -0.625944 0.353927 1.545587
v -0.625069 0.353715 1.545467
v -0.618854 0.357705 1.544158
v -0.618561 0.358779 1.544049
v -0.613954 0.361287 1.544978
v -0.606854 0.365844 1.543491
v -0.602435 0.368885 1.544371
v -0.597074 0.372213 1.542984
v -0.858307 -0.097295 1.584976
v -0.858578 -0.088915 1.583375
v -0.859039 -0.083498 1.584041
v -0.859073 -0.075757 1.582500
v -0.859839 -0.074998 1.582292
v -0.859792 -0.069723 1.583099
v -0.859926 -0.061420 1.581445
v -0.860163 -0.055868 1.582244
v -0.859996 -0.048077 1.580668
v -0.860715 -0.047352 1.580527
v -0.860913 -0.042272 1.581353
v -0.860176 -0.041480 1.581263
v -0.860790 -0.033553 1.579712
v -0.860145 -0.034291 1.579848
v -0.860317 -0.028286 1.580587
v -0.859849 -0.019950 1.579035
v -0.859829 -0.014462 1.579841
v -0.859016 -0.006561 1.578357
v -0.859648 -0.005855 1.578232
v -0.859396 -0.000781 1.579122
v -0.858654 -0.000130 1.579011
v -0.858025 0.007184 1.577711
v -0.858708 0.007985 1.577543
v -0.858248 0.013006 1.578434
v -0.857447 0.013660 1.578326
v -0.856519 0.020951 1.577037
v -0.857083 0.021710 1.576914
v -0.856058 0.026899 1.577810
v -0.854686 0.034620 1.576434
v -0.855240 0.035420 1.576306
v -0.853958 0.040520 1.577234
v -0.852138 0.048107 1.575887
v -0.852708 0.049086 1.575734
v -0.851844 0.054095 1.576670
v -0.850985 0.054711 1.576551
v -0.849616 0.062411 1.575183
v -0.848397 0.067735 1.576093
v -0.846377 0.075289 1.574681
v -0.846859 0.076179 1.574579
v -0.845717 0.081129 1.575522
v -0.844906 0.081552 1.575430
v -0.842948 0.089293 1.574037
v -0.841893 0.094431 1.574959
v -0.840998 0.094912 1.574813
v -0.838967 0.102554 1.573516
v -0.837264 0.107658 1.574355
v -0.834416 0.115610 1.572976
v -0.832633 0.120770 1.573861
v -0.829690 0.128545 1.572364
v -0.827618 0.133593 1.573323
v -0.824377 0.141411 1.571806
v -0.822315 0.146418 1.572730
v -0.818732 0.153987 1.571276
v -0.816262 0.158897 1.572177
v -0.812589 0.166393 1.570703
v -0.810132 0.171165 1.571636
v -0.805952 0.178503 1.570142
v -0.803786 0.183327 1.571076
v -0.802745 0.183661 1.570961
v -0.799178 0.190616 1.569603
v -0.796307 0.195107 1.570508
v -0.791614 0.202139 1.569057
v -0.789212 0.206881 1.569969
v -0.788307 0.207055 1.569860
v -0.783961 0.213617 1.568527
v -0.780779 0.218020 1.569396
v -0.775678 0.224689 1.567952
v -0.772995 0.229234 1.568838
v -0.771951 0.229348 1.568700
v -0.767327 0.235975 1.567353
v -0.767226 0.235158 1.567420
v -0.764104 0.239861 1.568296
v -0.763022 0.239986 1.568169
v -0.758200 0.246177 1.566816
v -0.754672 0.250154 1.567716
v -0.749020 0.255611 1.566390
v -0.749004 0.256726 1.566244
v -0.745125 0.260263 1.567202
v -0.739509 0.265685 1.565825
v -0.739452 0.266702 1.565703
v -0.735371 0.269986 1.566595
v -0.729139 0.275664 1.565243
v -0.725129 0.279428 1.566072
v -0.718891 0.285009 1.564629
v -0.714650 0.288439 1.565530
v -0.708229 0.293903 1.564102
v -0.703994 0.297313 1.565008
v -0.697577 0.303038 1.563546
v -0.697712 0.302105 1.563646
v -0.693194 0.305936 1.564439
v -0.686541 0.311126 1.563074
v -0.682246 0.314430 1.563890
v -0.675415 0.319423 1.562547
v -0.671118 0.322714 1.563410
v -0.664527 0.327066 1.562031
v -0.664327 0.328092 1.561929
v -0.659838 0.330731 1.562845
v -0.652836 0.335416 1.561383
v -0.648316 0.338591 1.562269
v -0.641666 0.342889 1.560893
v -0.641459 0.343836 1.560802
v -0.636903 0.346424 1.561722
v -0.629871 0.351033 1.560274
v -0.625769 0.354419 1.561176
v -0.624699 0.354235 1.561030
v -0.618273 0.358851 1.559673
v -0.613644 0.361695 1.560559
v -0.606655 0.366364 1.559103
v -0.602181 0.369257 1.560005
v -0.596742 0.372611 1.558584
vn 0.7202 -0.6604 0.2125
vn 0.7044 -0.5212 0.4819
vn 0.7026 -0.6574 0.2723
vn -0.6860 -0.6297 0.3646
vn -0.6645 -0.5673 0.4865
vn -0.6562 -0.4708 0.5897
vn -0.1094 -0.9423 -0.3163
vn 0.1419 -0.9356 -0.3234
vn 0.1351 -0.9478 -0.2887
vn 0.6313 -0.7755 -0.0054
vn 0.4568 -0.8802 -0.1286
vn 0.4056 -0.8915 -0.2019
vn -0.3919 -0.8950 -0.2132
vn -0.4226 -0.8932 -0.1538
vn -0.6275 -0.7764 0.0591
vn -0.6915 -0.6754 0.2564
vn -0.6309 -0.7729 0.0684
vn -0.6382 -0.3389 0.6912
vn -0.6483 -0.3324 0.6850
vn 0.6781 -0.3832 0.6272
vn 0.6549 -0.2506 0.7129
vn 0.6714 -0.3672 0.6437
vn 0.6298 -0.2289 0.7422
vn -0.6492 -0.3959 0.6494
vn -0.6618 -0.7256 0.1884
vn 0.6385 -0.7673 0.0593
vn -0.1406 -0.9492 -0.2815
vn 0.6943 -0.5083 0.5095
vn -0.6323 0.7743 -0.0240
vn -0.6568 0.7504 -0.0740
vn -0.4779 0.8693 0.1260
vn 0.5852 0.1949 -0.7871
vn 0.6504 0.3242 -0.6869
vn 0.6480 0.2921 -0.7034
vn 0.1080 0.9448 0.3094
vn -0.1357 0.9457 0.2954
vn -0.1833 0.9392 0.2903
vn 0.6797 0.5668 -0.4655
vn 0.6642 0.4614 -0.5882
vn 0.3942 0.8944 0.2113
vn 0.6267 0.7768 -0.0625
vn 0.4246 0.8916 0.1572
vn 0.7383 0.6370 -0.2216
vn 0.6320 0.7724 -0.0636
vn -0.7068 0.4659 -0.5323
vn -0.6893 0.3479 -0.6355
vn -0.6861 0.2917 -0.6665
vn -0.6316 0.2316 -0.7399
vn -0.7208 0.6290 -0.2913
vn -0.7239 0.5372 -0.4329
vn -0.7285 0.6345 -0.2582
vn 0.6637 0.7000 -0.2635
vn 0.6085 0.6754 -0.4166
vn -0.4401 0.8842 0.1565
vn 0.1382 0.9480 0.2867
vn -0.0038 0.6603 -0.7510
vn 0.0141 0.6764 -0.7364
vn 0.0532 0.6699 -0.7405
vn 0.0230 0.7699 -0.6377
vn 0.0487 0.7900 -0.6111
vn -0.0354 0.7660 -0.6419
vn 0.1732 0.3704 -0.9126
vn 0.1893 0.3351 -0.9230
vn 0.1393 0.3314 -0.9332
vn -0.0222 0.3440 -0.9387
vn -0.0676 0.3549 -0.9325
vn -0.0685 0.3598 -0.9305
vn -0.1601 0.2965 -0.9415
vn -0.1830 0.3056 -0.9344
vn -0.1807 0.3186 -0.9305
vn 0.7077 -0.5231 0.4749
vn 0.7487 -0.5152 0.4171
vn 0.7011 -0.6953 0.1581
vn 0.5294 -0.8477 0.0328
vn 0.7034 -0.6720 0.2318
vn 0.6040 -0.7969 0.0093
vn -0.6916 -0.6470 0.3212
vn -0.6559 -0.5361 0.5314
vn -0.6145 -0.6498 0.4474
vn -0.6440 -0.5367 0.5452
vn -0.6391 -0.3592 0.6801
vn -0.6212 -0.3484 0.7020
vn -0.6226 -0.2536 0.7403
vn 0.3616 -0.9039 -0.2286
vn 0.1752 -0.9440 -0.2796
vn -0.0157 -0.9446 -0.3278
vn -0.6078 -0.2380 0.7575
vn -0.6660 -0.7185 0.2006
vn -0.4578 -0.8779 -0.1401
vn -0.6507 -0.7551 0.0802
vn -0.5709 -0.8181 -0.0690
vn 0.6820 -0.3820 0.6237
vn 0.6625 -0.2340 0.7116
vn 0.6686 -0.3399 0.6614
vn 0.5785 -0.6569 0.4836
vn 0.6378 -0.1856 0.7475
vn -0.7606 -0.6025 0.2417
vn 0.4980 -0.8525 -0.1590
vn -0.1132 -0.9542 -0.2771
vn -0.3302 -0.9100 -0.2506
vn -0.7057 0.5211 -0.4801
vn -0.7095 0.6941 -0.1217
vn -0.7445 0.5136 -0.4265
vn -0.6630 0.5702 -0.4851
vn -0.6968 0.6342 -0.3352
vn 0.6732 0.6644 -0.3247
vn 0.6062 0.6465 -0.4632
vn 0.6618 0.5324 -0.5278
vn 0.6404 0.5338 -0.5522
vn 0.6359 0.3604 -0.6824
vn 0.6215 0.2558 -0.7405
vn 0.6270 0.3461 -0.6979
vn -0.3649 0.9078 0.2066
vn -0.0549 0.9460 0.3195
vn -0.1670 0.9477 0.2721
vn 0.6084 0.2382 -0.7570
vn 0.4916 0.8641 0.1078
vn 0.1391 0.9469 0.2898
vn 0.2470 0.9331 0.2613
vn 0.5545 0.7548 -0.3505
vn 0.4781 0.8589 0.1839
vn 0.6563 0.7520 -0.0607
vn -0.6765 0.3796 -0.6311
vn -0.6729 0.3392 -0.6574
vn -0.6620 0.2341 -0.7120
vn -0.5943 0.7315 -0.3343
vn -0.4769 0.8782 -0.0363
vn -0.6019 0.7983 -0.0196
vn -0.6383 0.1850 -0.7472
vn 0.5818 0.8052 -0.1145
vn 0.7597 0.6055 -0.2372
vn -0.4931 0.8533 0.1695
vn -0.7444 0.4467 -0.4964
vn -0.7344 0.4505 -0.5077
vn -0.7201 0.4679 -0.5124
vn 0.1721 0.3934 -0.9031
vn 0.1346 0.3750 -0.9172
vn 0.1394 0.3547 -0.9245
vn -0.1841 0.4023 -0.8968
vn -0.1570 0.3482 -0.9242
vn -0.1287 0.3190 -0.9390
vn -0.9403 0.2121 0.2662
vn -0.9436 0.2397 0.2283
vn -0.9743 0.1181 0.1920
vn -0.9739 0.1261 0.1886
vn 0.7506 -0.2940 -0.5918
vn 0.6980 -0.2093 -0.6849
vn 0.8314 0.0141 -0.5555
vn -0.5893 -0.2342 0.7732
vn -0.4291 -0.4081 0.8058
vn -0.9308 -0.1414 0.3371
vn 0.0680 -0.3073 0.9492
vn 0.1766 -0.3288 0.9277
vn -0.6220 0.2244 0.7502
vn -0.0856 0.2209 0.9715
vn -0.1262 0.1796 0.9756
vn 0.3618 -0.9303 0.0604
vn 0.5629 -0.8264 0.0145
vn 0.5059 -0.8626 -0.0066
vn -0.4638 -0.8509 0.2466
vn -0.1477 -0.9746 0.1686
vn -0.2118 -0.9523 0.2197
vn -0.9667 -0.0366 0.2531
vn -0.9850 -0.0042 0.1725
vn -0.9610 -0.1601 0.2254
vn -0.8693 -0.4603 0.1801
vn -0.9477 -0.1991 0.2494
vn 0.4573 -0.3063 0.8349
vn -0.6177 -0.5840 0.5267
vn 0.6308 -0.6317 -0.4507
vn 0.5018 -0.6142 -0.6091
vn 0.4737 -0.7928 -0.3836
vn 0.0446 -0.2568 0.9654
vn 0.9288 -0.0800 -0.3618
vn 0.8937 0.0498 -0.4460
vn -0.2368 0.9605 0.1463
vn -0.2461 0.9610 0.1257
vn -0.0243 0.9987 0.0449
vn -0.5199 -0.8376 0.1678
vn -0.2756 -0.9281 0.2504
vn -0.7252 -0.6692 0.1621
vn 0.8907 -0.2523 -0.3781
vn 0.8362 -0.4896 -0.2470
vn 0.5834 -0.7597 -0.2873
vn -0.8862 0.3640 0.2865
vn -0.9095 -0.2746 0.3121
vn -0.9184 -0.3619 0.1599
vn 0.0537 -0.9760 0.2109
vn -0.5508 0.8169 0.1710
vn -0.4924 0.8426 0.2183
vn -0.7558 0.6057 0.2488
vn 0.4013 0.9140 -0.0593
vn 0.4800 0.8724 -0.0921
vn -0.7997 -0.5353 0.2719
vn -0.6538 -0.6838 0.3240
vn 0.8253 0.2831 -0.4886
vn 0.8218 0.1552 -0.5482
vn 0.7472 0.3966 -0.5333
vn -0.8199 0.4893 0.2971
vn -0.5791 0.3098 0.7541
vn -0.3539 0.7338 0.5798
vn 0.0158 0.3602 0.9327
vn 0.0382 0.9859 0.1630
vn -0.4526 0.8479 0.2760
vn 0.9499 -0.1994 -0.2409
vn 0.9568 -0.1886 -0.2213
vn 0.9609 -0.0535 -0.2715
vn 0.8737 -0.4628 -0.1500
vn 0.9473 -0.2686 -0.1747
vn -0.9791 -0.0380 0.1996
vn -0.7018 -0.7117 0.0307
vn -0.2682 0.9114 0.3122
vn -0.5679 0.7494 0.3404
vn -0.0334 0.9952 0.0916
vn 0.8858 0.3953 -0.2429
vn 0.8890 0.3902 -0.2395
vn -0.9311 0.2087 0.2991
vn 0.6946 -0.7115 -0.1061
vn 0.7089 -0.7028 -0.0591
vn 0.1719 -0.9785 0.1140
vn 0.0565 -0.9715 -0.2301
vn 0.4840 -0.8410 -0.2419
vn 0.3265 -0.9384 -0.1129
vn 0.9559 -0.1893 -0.2246
vn 0.0558 -0.9902 0.1283
vn -0.8354 0.4733 0.2795
vn -0.8927 0.3307 0.3062
vn 0.1546 0.9676 0.1997
vn 0.3882 0.9205 0.0440
vn 0.3064 -0.8820 -0.3579
vn -0.3599 -0.9270 -0.1054
vn -0.1926 -0.9751 0.1103
vn 0.5922 0.6841 -0.4258
vn 0.3779 0.9168 -0.1289
vn 0.6373 0.6958 -0.3311
vn -0.2191 0.9228 0.3170
vn -0.6560 -0.7155 0.2403
vn 0.0631 -0.9979 0.0138
vn 0.3276 -0.9396 0.0989
vn -0.6621 0.6169 0.4255
vn 0.9705 -0.0904 -0.2236
vn 0.6445 0.7488 -0.1548
vn 0.8163 -0.5560 -0.1564
vn 0.9637 0.0505 -0.2621
vn 0.5989 -0.7883 -0.1410
vn 0.2148 0.9755 -0.0477
vn 0.8906 0.3747 -0.2577
vn 0.9237 -0.3347 -0.1866
vn 0.3260 -0.9432 0.0647
vn 0.3394 0.9385 0.0628
vn 0.4601 -0.8866 -0.0473
vn 0.2770 0.9468 0.1637
vn -0.5619 0.7662 0.3118
vn -0.1819 0.9833 0.0025
vn 0.0855 0.9688 0.2326
vn 0.9712 0.0106 -0.2379
vn 0.6272 -0.7779 -0.0380
vn 0.0219 0.9990 0.0394
vn -0.0472 0.9981 0.0405
vn 0.5545 0.8174 -0.1563
vn -0.0604 0.9978 -0.0274
vn 0.1600 0.9846 -0.0701
vn 0.8548 -0.5049 -0.1200
vn 0.9007 -0.4121 -0.1375
vn 0.9254 -0.3221 -0.1999
vn 0.2954 0.9529 -0.0689
vn 0.8828 0.3310 -0.3332
vn 0.6775 0.7002 -0.2253
vn 0.9305 0.1164 -0.3473
vn 0.9683 -0.1131 -0.2227
vn 0.9493 -0.0540 -0.3097
vn 0.6645 0.7470 -0.0203
vn -0.8513 -0.1752 -0.4946
vn 0.6036 0.5969 -0.5286
vn 0.3901 0.3731 -0.8418
vn -0.2257 0.3469 -0.9104
vn -0.0240 0.3156 -0.9486
vn 0.6337 0.2555 -0.7302
vn 0.6184 -0.1817 -0.7645
vn 0.1515 -0.1600 -0.9754
vn 0.0818 -0.2130 -0.9736
vn 0.9460 -0.2262 -0.2321
vn 0.9488 -0.1884 -0.2536
vn 0.9685 -0.1165 -0.2203
vn 0.6423 -0.3454 -0.6842
vn 0.1850 -0.4305 -0.8834
vn 0.5182 0.8171 -0.2526
vn 0.4156 0.8744 -0.2505
vn 0.6766 0.6902 -0.2566
vn -0.9219 0.3594 0.1449
vn -0.9413 0.1785 0.2864
vn -0.9540 0.2063 0.2175
vn -0.5919 -0.6935 0.4107
vn -0.7301 -0.4204 0.5387
vn -0.8261 -0.2832 0.4872
vn 0.2655 0.9364 -0.2296
vn -0.5592 -0.6963 0.4501
vn 0.9682 0.0273 -0.2486
vn 0.9618 0.1523 -0.2275
vn 0.9838 0.0224 -0.1777
vn -0.8194 0.0019 0.5732
vn -0.7310 0.1955 0.6538
vn -0.7531 0.3381 0.5644
vn -0.6650 0.6391 0.3865
vn -0.4971 0.6373 0.5888
vn -0.4779 0.7850 0.3943
vn 0.0171 0.2591 -0.9657
vn -0.9171 0.0485 0.3957
vn -0.8420 -0.0902 0.5319
vn 0.5215 -0.8224 -0.2274
vn 0.2396 -0.9605 -0.1412
vn 0.5145 -0.8379 -0.1822
vn -0.9112 0.2590 0.3204
vn -0.5752 0.7661 0.2867
vn 0.8919 -0.3518 -0.2840
vn 0.9121 0.2647 -0.3132
vn 0.9420 0.1787 -0.2841
vn 0.9593 0.1461 -0.2418
vn -0.0733 0.9812 -0.1784
vn 0.5394 0.8240 -0.1734
vn 0.1371 0.9683 -0.2086
vn -0.7793 -0.2144 0.5888
vn 0.7702 -0.5900 -0.2422
vn 0.7505 -0.5910 -0.2957
vn -0.5423 -0.8387 0.0508
vn -0.8891 -0.3964 0.2288
vn -0.9632 -0.1572 0.2179
vn 0.0170 -0.9987 -0.0480
vn -0.4696 -0.8781 0.0915
vn 0.8114 0.5153 -0.2760
vn 0.6813 0.6494 -0.3378
vn 0.8716 0.4362 -0.2237
vn 0.9206 0.3549 -0.1632
vn 0.2094 -0.9703 -0.1213
vn 0.5188 -0.6777 -0.5211
vn -0.9499 0.2430 0.1964
vn -0.8726 0.4675 0.1414
vn -0.9539 0.1606 0.2536
vn 0.5523 -0.7630 -0.3358
vn 0.2655 -0.9112 -0.3150
vn 0.0211 -0.9951 -0.0969
vn -0.9618 0.0486 0.2695
vn -0.8763 0.4544 0.1604
vn -0.7141 0.6958 0.0768
vn -0.3349 0.9389 -0.0792
vn -0.6209 0.7832 0.0336
vn -0.6119 0.7906 -0.0215
vn -0.0541 0.9720 0.2288
vn -0.3247 0.9373 0.1267
vn -0.4767 0.8436 0.2470
vn -0.0672 0.9897 -0.1266
vn -0.0463 0.9877 -0.1496
vn 0.8337 -0.4749 -0.2818
vn 0.8861 -0.3492 -0.3048
vn 0.6249 -0.6827 -0.3786
vn 0.2988 -0.9224 -0.2447
vn 0.9498 -0.1978 -0.2425
vn -0.3013 0.8856 0.3534
vn 0.2004 0.9730 -0.1141
vn 0.3485 0.9309 0.1097
vn -0.1139 -0.9744 -0.1938
vn 0.2360 -0.9216 -0.3081
vn -0.0770 0.9970 -0.0053
vn -0.3402 0.9372 -0.0775
vn -0.3672 -0.9202 0.1358
vn -0.4799 -0.8491 0.2206
vn -0.3079 -0.9485 -0.0740
vn -0.7093 -0.6838 0.1711
vn -0.6062 0.7813 0.1488
vn -0.4907 0.8693 0.0587
vn -0.8167 0.5486 0.1790
vn -0.2005 -0.9795 0.0210
vn -0.9611 -0.1376 0.2396
vn -0.9728 0.0814 0.2168
vn -0.5492 0.8357 0.0012
vn -0.2974 0.9531 -0.0557
vn -0.2037 -0.9772 -0.0599
vn -0.2477 -0.9560 -0.1572
vn 0.5713 -0.7389 -0.3573
vn -0.6885 0.7219 0.0689
vn 0.0075 -0.9995 -0.0316
vn 0.1069 -0.9933 -0.0446
vn -0.0537 -0.9677 -0.2464
vn 0.8080 0.5743 -0.1318
vn -0.8980 0.0092 0.4399
vn -0.5910 -0.7900 0.1632
vn -0.9034 -0.3654 0.2244
vn -0.1990 -0.9787 0.0511
vn 0.1444 -0.9895 0.0061
vn -0.7958 0.6023 0.0634
vn -0.8002 -0.4628 0.3814
vn -0.6759 -0.7022 0.2237
vn -0.9283 -0.0643 0.3663
vn -0.9152 -0.2585 0.3092
vn -0.9709 0.0465 0.2348
vn -0.9613 -0.0616 0.2686
vn -0.9561 0.2173 0.1965
vn -0.3302 0.5066 -0.7964
vn -0.3602 0.4992 -0.7881
vn -0.3520 0.5133 -0.7827
vn 0.3102 0.0721 0.9479
vn 0.2705 0.0680 0.9603
vn 0.2919 0.0606 0.9545
vn 0.2861 -0.0454 0.9571
vn 0.3076 -0.0372 0.9508
vn 0.2627 -0.0365 0.9642
vn 0.5817 0.0391 0.8125
vn 0.5811 0.0389 0.8129
vn 0.5557 0.0639 0.8289
vn 0.9850 0.0397 0.1681
vn 0.9794 0.0648 0.1910
vn 0.9672 -0.0586 0.2473
vn 0.9694 -0.0969 0.2255
vn -0.6628 0.6173 -0.4239
vn -0.5497 0.7057 -0.4470
vn -0.7303 0.3235 -0.6017
vn 0.5023 -0.8200 0.2744
vn 0.3569 -0.9032 0.2384
vn 0.6518 -0.7023 0.2863
vn 0.0520 -0.5831 0.8107
vn 0.2090 -0.4047 0.8903
vn 0.4378 -0.5658 0.6987
vn 0.8977 -0.4407 0.0016
vn 0.9402 -0.3072 0.1470
vn 0.7601 -0.2160 0.6128
vn -0.8466 -0.2696 -0.4589
vn -0.5762 -0.6746 -0.4615
vn -0.6963 -0.5087 -0.5063
vn 0.2915 -0.3782 0.8786
vn -0.6397 -0.1984 0.7426
vn 0.9347 0.2402 0.2619
vn 0.9715 0.1402 0.1910
vn 0.9056 0.3440 0.2480
vn 0.8545 0.4050 0.3254
vn -0.7924 0.2618 -0.5509
vn 0.6860 0.4488 0.5727
vn 0.6835 0.3939 0.6145
vn 0.2741 0.3073 0.9113
vn -0.3639 0.9141 -0.1791
vn -0.4665 0.8835 -0.0417
vn -0.1455 0.9807 0.1306
vn -0.2284 0.9689 0.0955
vn -0.0390 0.9684 0.2463
vn 0.9767 -0.1709 0.1297
vn 0.7922 0.2261 0.5668
vn 0.3272 0.3019 0.8954
vn 0.5978 0.2307 0.7678
vn 0.6317 -0.7179 0.2926
vn 0.6891 -0.7067 0.1601
vn 0.9102 -0.4005 0.1057
vn 0.8663 0.4324 0.2503
vn 0.8264 -0.1563 0.5410
vn 0.1898 -0.9623 0.1949
vn -0.3838 -0.9227 0.0371
vn -0.5278 -0.8493 0.0082
vn -0.6242 -0.7788 -0.0613
vn -0.8102 -0.5323 -0.2453
vn -0.7796 -0.6144 -0.1213
vn -0.9008 -0.3766 -0.2162
vn -0.9294 -0.2179 -0.2978
vn 0.8681 0.3770 0.3229
vn 0.6877 0.6057 0.4002
vn 0.6613 0.6894 0.2956
vn 0.9559 0.1743 0.2362
vn 0.8120 -0.4966 0.3066
vn -0.8339 0.0547 -0.5492
vn 0.8869 -0.3799 0.2628
vn -0.1445 -0.9820 0.1216
vn 0.1644 0.9766 0.1388
vn 0.3349 0.9213 0.1975
vn -0.0654 0.9964 0.0531
vn -0.6344 -0.7008 -0.3262
vn -0.3712 -0.8541 -0.3643
vn -0.4639 -0.8834 -0.0665
vn -0.3382 -0.9299 0.1446
vn -0.5441 -0.8381 0.0387
vn 0.6543 0.7161 0.2431
vn -0.4771 0.8587 -0.1870
vn -0.7851 0.5079 -0.3545
vn 0.8092 -0.5873 0.0186
vn -0.8735 0.4241 -0.2390
vn -0.5429 0.8252 -0.1560
vn -0.8998 0.3107 -0.3063
vn -0.9441 -0.1278 -0.3039
vn -0.2339 0.9720 -0.0220
vn -0.1291 0.9810 0.1450
vn 0.0640 -0.9797 0.1898
vn 0.2361 -0.9546 0.1818
vn 0.2708 -0.9325 0.2388
vn -0.1602 -0.9813 0.1066
vn 0.7216 0.5987 0.3477
vn -0.8741 -0.3619 -0.3241
vn 0.5205 0.7894 0.3255
vn -0.6311 -0.7639 -0.1349
vn -0.0131 -0.9966 0.0816
vn 0.1407 -0.9464 0.2909
vn 0.5207 0.7341 0.4358
vn 0.2590 0.9129 0.3154
vn -0.2911 -0.9538 0.0738
vn -0.5682 0.8106 -0.1419
vn -0.8236 -0.5471 -0.1497
vn -0.9254 -0.3206 -0.2019
vn -0.8224 0.5148 -0.2424
vn -0.3306 0.9379 -0.1053
vn -0.4640 0.8728 -0.1512
vn -0.3108 -0.9253 0.2175
vn -0.4432 -0.8964 0.0094
vn -0.1882 0.9816 -0.0336
vn -0.3752 0.9232 0.0833
vn -0.4359 0.8998 -0.0201
vn -0.6830 -0.7248 -0.0898
vn -0.7973 -0.5745 -0.1851
vn -0.9096 0.2975 -0.2899
vn -0.9607 -0.1658 -0.2227
vn -0.9340 -0.2661 -0.2384
vn -0.8856 0.0813 -0.4573
vn -0.6511 0.7322 -0.2000
vn -0.9233 -0.1289 -0.3618
vn -0.8752 -0.0952 -0.4743
vn -0.8538 -0.0845 -0.5137
vn -0.9105 0.2362 -0.3395
vn -0.8494 -0.4693 -0.2413
vn 0.2539 0.9344 0.2497
vn 0.0492 0.9853 0.1638
vn -0.2571 0.9617 0.0947
vn -0.0341 0.9828 0.1816
vn -0.4356 0.8989 0.0468
vn -0.9534 -0.0950 -0.2864
vn 0.6999 -0.5305 0.4782
vn 0.6232 -0.5465 0.5594
vn 0.5215 -0.7670 0.3739
vn -0.4261 0.8628 -0.2720
vn -0.2725 0.9342 -0.2304
vn 0.0501 0.9850 -0.1654
vn -0.9855 -0.0257 -0.1675
vn -0.9677 0.0419 -0.2485
vn -0.9773 -0.0674 -0.2009
vn -0.9904 0.0181 -0.1370
vn -0.0407 0.5793 -0.8141
vn -0.4869 0.5540 -0.6753
vn -0.2503 0.3974 -0.8829
vn -0.9090 0.4167 0.0007
vn -0.9418 0.3027 -0.1461
vn -0.7698 0.2552 -0.5851
vn 0.8467 0.2407 0.4746
vn 0.6678 0.5073 0.5447
vn 0.5791 0.6730 0.4601
vn -0.3505 0.3055 -0.8853
vn 0.6432 0.1977 -0.7397
vn -0.8508 -0.4203 -0.3154
vn -0.9109 -0.3129 -0.2691
vn -0.9324 -0.2384 -0.2718
vn 0.8483 0.0702 0.5249
vn 0.7981 -0.0615 0.5994
vn 0.8280 -0.1596 0.5376
vn 0.7525 -0.2373 0.6143
vn -0.9669 -0.1323 -0.2182
vn -0.9730 -0.1289 -0.1916
vn 0.3948 -0.9051 0.1578
vn 0.1421 -0.9820 -0.1241
vn 0.4577 -0.8876 0.0513
vn 0.1892 -0.9761 -0.1069
vn -0.0705 -0.9622 -0.2630
vn -0.9685 0.2181 -0.1201
vn 0.8907 0.3961 0.2231
vn 0.9027 0.3706 0.2187
vn 0.9295 0.2283 0.2898
vn -0.0715 -0.2181 -0.9733
vn -0.6139 -0.1931 -0.7654
vn -0.1361 -0.2519 -0.9581
vn -0.6308 0.7223 -0.2835
vn -0.9008 0.4205 -0.1085
vn -0.6689 0.7121 -0.2130
vn -0.8669 -0.4285 -0.2548
vn -0.8445 0.1172 -0.5225
vn 0.4285 0.9030 -0.0319
vn 0.6307 0.7738 0.0583
vn 0.5182 0.8551 -0.0174
vn -0.1560 -0.9799 -0.1240
vn 0.1809 -0.9833 0.0194
vn 0.0704 -0.9964 -0.0469
vn -0.5703 -0.2638 -0.7779
vn -0.3577 -0.4352 -0.8262
vn 0.9460 -0.1030 0.3075
vn 0.9412 0.1873 0.2813
vn -0.9522 0.1881 -0.2405
vn -0.9015 0.3274 -0.2829
vn -0.6288 0.7225 -0.2875
vn -0.8676 0.4202 -0.2659
vn 0.2361 0.9665 -0.1009
vn 0.4373 -0.8920 0.1142
vn 0.6157 -0.7730 0.1528
vn -0.2103 -0.9581 -0.1943
vn 0.5028 0.7696 0.3936
vn 0.3703 0.8625 0.3449
vn -0.7603 0.5778 -0.2968
vn 0.4368 0.8990 0.0310
vn 0.4584 0.8835 -0.0964
vn 0.3150 0.9377 -0.1465
vn -0.6446 -0.7213 -0.2534
vn 0.5365 -0.7982 0.2741
vn -0.8790 0.4736 0.0547
vn -0.0302 0.9880 -0.1514
vn 0.7845 0.6065 0.1292
vn 0.7468 -0.6144 0.2545
vn 0.9344 -0.2132 0.2853
vn -0.4724 -0.8546 -0.2157
vn 0.1682 -0.9714 -0.1676
vn 0.6247 0.7715 0.1207
vn 0.7231 0.6396 0.2609
vn -0.1360 0.9859 -0.0980
vn -0.1820 0.9536 -0.2398
vn 0.7718 -0.5208 0.3648
vn -0.6765 -0.6532 -0.3401
vn -0.9476 -0.2033 -0.2463
vn -0.8490 -0.4514 -0.2748
vn -0.6283 -0.4617 -0.6261
vn -0.8411 -0.4393 -0.3154
vn -0.4117 -0.8607 -0.2994
vn -0.1625 -0.8192 -0.5500
vn 0.8400 0.5223 0.1470
vn -0.1767 0.9423 -0.2843
vn 0.9509 -0.1203 0.2851
vn -0.6007 -0.7435 -0.2938
vn 0.5311 -0.8333 0.1534
vn 0.2176 0.9466 -0.2379
vn 0.7245 0.6818 0.1013
vn 0.9339 0.2944 0.2030
vn 0.9222 -0.2959 0.2490
vn -0.3265 -0.9057 -0.2704
vn 0.2683 -0.9599 0.0809
vn 0.3693 -0.9293 0.0061
vn 0.4438 -0.8927 -0.0785
vn 0.4738 -0.8656 0.1619
vn 0.7293 -0.6430 0.2339
vn 0.9080 0.3739 0.1889
vn 0.8900 -0.3060 0.3379
vn 0.8887 0.0006 0.4585
vn 0.9597 0.1057 0.2605
vn 0.5647 -0.7885 0.2437
vn 0.5852 0.8095 0.0477
vn 0.8003 0.5707 0.1837
vn 0.9181 0.1292 0.3747
vn 0.9521 0.1653 0.2572
vn 0.8876 0.3551 0.2932
vn 0.8329 0.5063 0.2233
vn 0.9475 -0.0647 0.3132
vn 0.8446 0.4533 0.2849
vn 0.1374 -0.9754 -0.1726
vn 0.2817 -0.9556 -0.0860
vn -0.1006 -0.9643 -0.2450
vn 0.8210 0.4576 0.3413
vn 0.8170 0.4164 0.3989
vn 0.8267 0.4412 0.3492
vn 0.8121 0.1162 -0.5718
vn 0.8191 0.1168 -0.5617
vn 0.8139 0.0796 -0.5756
vn -0.5402 -0.0042 0.8415
vn -0.5252 -0.0078 0.8510
vn -0.5448 -0.0170 0.8384
vn -0.3143 0.1027 0.9438
vn -0.3502 0.1019 0.9311
vn -0.3561 0.0839 0.9307
vn 0.9540 -0.2998 0.0013
vn 0.9732 -0.2240 -0.0510
vn 0.9608 -0.2716 -0.0546
vn 0.9115 -0.4108 0.0192
vn 0.9173 -0.3978 0.0167
vn -0.0994 -0.7016 -0.7056
vn -0.1500 -0.8048 -0.5743
vn -0.2056 -0.5558 -0.8055
vn -0.0375 -0.7689 -0.6383
vn 0.0575 -0.7921 -0.6076
vn -0.0423 -0.7420 -0.6691
vn -0.4087 -0.0886 -0.9083
vn -0.3668 0.0661 -0.9279
vn -0.3655 -0.1289 -0.9218
vn -0.9332 0.2284 0.2775
vn -0.9672 -0.1251 0.2209
vn -0.8837 0.3309 0.3310
vn 0.4299 -0.8769 -0.2150
vn 0.3944 -0.8487 -0.3524
vn 0.2087 -0.9778 -0.0195
vn 0.6925 -0.7211 0.0217
vn 0.5787 -0.8154 0.0173
vn 0.7132 -0.7006 0.0230
vn 0.2046 -0.9788 -0.0103
vn 0.4065 -0.9136 0.0102
vn 0.3815 -0.9244 -0.0022
vn 0.9958 0.0476 -0.0779
vn 0.9932 0.1075 0.0444
vn 0.9990 0.0436 -0.0090
vn -0.9802 0.1917 0.0497
vn -0.9847 0.1060 0.1382
vn 0.0474 -0.8443 -0.5337
vn 0.0339 -0.8201 -0.5712
vn -0.0316 -0.8429 -0.5372
vn -0.0611 -0.7975 -0.6002
vn 0.9692 0.1621 0.1852
vn 0.5030 -0.6159 0.6063
vn -0.1353 0.3332 -0.9331
vn -0.9637 -0.2514 -0.0905
vn -0.9449 -0.3136 -0.0940
vn -0.9513 -0.2830 -0.1222
vn 0.0611 -0.9085 0.4133
vn 0.5235 -0.7546 0.3956
vn 0.0188 -0.7482 -0.6632
vn 0.0008 -0.7697 -0.6384
vn 0.3992 -0.7223 -0.5647
vn 0.4470 -0.7695 -0.4562
vn 0.4312 -0.1269 -0.8933
vn 0.5866 -0.1809 -0.7894
vn 0.4982 -0.2642 -0.8258
vn 0.9646 0.2566 0.0605
vn 0.3392 -0.2241 -0.9136
vn 0.3794 -0.1357 -0.9152
vn 0.3693 -0.4195 -0.8292
vn 0.9764 0.1391 0.1651
vn 0.9906 0.0189 0.1355
vn 0.9215 -0.0813 0.3798
vn -0.7632 -0.6457 -0.0253
vn -0.6405 -0.7675 -0.0256
vn -0.8451 -0.5319 -0.0540
vn -0.9004 -0.4344 -0.0229
vn -0.9273 -0.3559 -0.1163
vn -0.9744 -0.2205 -0.0427
vn 0.6216 -0.2468 -0.7434
vn 0.6716 -0.0895 -0.7355
vn -0.3843 0.0114 -0.9231
vn -0.0556 -0.8556 -0.5146
vn -0.8933 -0.1584 0.4206
vn -0.9886 0.0778 0.1288
vn -0.9413 0.1990 0.2727
vn -0.3624 -0.2928 -0.8848
vn -0.2967 -0.3880 -0.8726
vn 0.3891 -0.9197 0.0525
vn 0.9779 -0.1874 0.0930
vn -0.9193 -0.1172 0.3758
vn -0.3663 -0.9304 -0.0083
vn -0.6136 -0.7891 -0.0307
vn -0.9703 -0.2419 0.0036
vn -0.9181 -0.3942 0.0420
vn -0.9431 -0.3326 0.0039
vn 0.3809 0.0013 -0.9246
vn 0.3918 0.0632 -0.9179
vn 0.9977 -0.0050 0.0678
vn 0.4697 -0.6197 -0.6287
vn 0.5567 -0.8011 -0.2199
vn 0.9701 0.1365 0.2008
vn 0.9320 -0.3112 0.1859
vn -0.0464 -0.9983 0.0338
vn -0.1654 -0.9857 0.0318
vn -0.1283 -0.9917 -0.0015
vn -0.3785 -0.9254 0.0209
vn -0.9709 -0.1987 -0.1335
vn -0.9633 -0.1870 -0.1927
vn -0.9779 -0.0904 -0.1883
vn -0.6743 -0.2323 0.7010
vn -0.5975 -0.1485 -0.7880
vn -0.6659 -0.0524 -0.7442
vn -0.5317 -0.0928 -0.8418
vn -0.5949 -0.2699 -0.7571
vn 0.5489 -0.4609 -0.6973
vn 0.4761 -0.5913 -0.6509
vn 0.8918 -0.2804 0.3551
vn 0.7336 -0.6791 -0.0235
vn 0.0648 -0.9979 -0.0069
vn 0.0917 -0.9956 -0.0173
vn 0.2186 -0.9758 0.0009
vn -0.9954 -0.0561 0.0779
vn -0.9821 -0.0506 0.1813
vn 0.9961 0.0548 -0.0696
vn -0.4524 -0.1805 -0.8733
vn 0.2776 -0.4427 -0.8526
vn 0.5107 -0.4309 -0.7440
vn 0.0911 -0.8522 -0.5153
vn 0.0665 -0.9104 -0.4083
vn 0.9820 -0.1884 -0.0121
vn 0.0452 -0.9990 -0.0008
vn -0.8398 -0.5427 -0.0164
vn -0.9893 -0.1364 -0.0527
vn 0.4048 -0.1405 -0.9035
vn 0.3897 -0.0109 -0.9209
vn -0.9900 -0.0946 0.1050
vn -0.9553 -0.2094 0.2087
vn -0.9517 -0.2880 0.1064
vn -0.3214 -0.7700 0.5512
vn 0.0763 -0.7181 0.6918
vn 0.3347 -0.8872 0.3176
vn -0.2982 -0.8465 -0.4411
vn -0.3834 -0.7295 -0.5664
vn -0.4426 -0.7121 -0.5450
vn -0.4829 -0.5305 -0.6967
vn 0.2512 -0.6012 -0.7586
vn 0.1932 -0.5721 -0.7971
vn 0.1427 -0.7495 -0.6464
vn 0.0938 -0.6733 -0.7334
vn 0.7155 -0.6818 0.1521
vn 0.8407 -0.5412 0.0207
vn 0.8126 -0.5821 0.0275
vn -0.4765 -0.8785 -0.0331
vn -0.9909 -0.1279 -0.0427
vn 0.9935 -0.0278 0.1100
vn 0.3929 -0.9062 -0.1564
vn 0.4705 -0.8109 0.3479
vn 0.9931 -0.1068 -0.0488
vn 0.9964 -0.0655 -0.0538
vn 0.9934 -0.1066 -0.0422
vn 0.5515 -0.8341 0.0138
vn -0.9978 0.0005 -0.0658
vn 0.4418 -0.3656 -0.8192
vn -0.9361 -0.2212 0.2735
vn 0.0854 -0.9498 0.3010
vn -0.7280 -0.6430 0.2379
vn -0.9275 -0.3711 0.0461
vn 0.0580 -0.9850 0.1626
vn -0.4780 -0.8188 -0.3181
vn -0.3584 -0.9025 -0.2390
vn -0.4974 -0.3552 -0.7914
vn 0.4864 -0.8736 0.0135
vn 0.1603 -0.9827 0.0926
vn 0.9992 -0.0372 0.0156
vn -0.9977 0.0323 -0.0595
vn -0.9999 -0.0004 -0.0107
vn -0.9445 -0.3285 -0.0058
vn -0.1239 -0.9909 -0.0532
vn -0.1922 -0.9765 0.0972
vn 0.9695 -0.2216 -0.1045
vn 0.9895 -0.1404 -0.0339
vn -0.4143 -0.3327 -0.8471
vn -0.3759 -0.8202 -0.4312
vn 0.9925 -0.1082 0.0575
vn -0.1893 -0.9813 -0.0337
vn -0.9469 -0.3097 -0.0865
vn -0.9771 -0.1753 -0.1208
vn -0.8932 -0.4495 0.0123
vn -0.9687 -0.0484 0.2437
vn 0.3257 -0.9350 0.1402
vn -0.4411 -0.5066 -0.7408
vn -0.0274 -0.9996 -0.0114
vn -0.9931 -0.1106 -0.0403
vn -0.8255 -0.5075 0.2469
vn 0.9525 -0.2295 0.2004
vn 0.9468 -0.1674 -0.2750
vn 0.4185 -0.7301 -0.5402
vn -0.6861 -0.7275 -0.0069
vn -0.5880 -0.8053 0.0761
vn 0.9703 -0.1969 0.1403
vn 0.9926 -0.1196 -0.0228
vn -0.9102 -0.3353 0.2433
vn 0.9565 -0.1572 -0.2459
vn -0.7334 -0.6797 0.0079
vn -0.6059 -0.7725 0.1900
vn 0.9439 -0.3302 0.0103
vn -0.6398 -0.7685 -0.0101
vn -0.2782 -0.9494 0.1458
vn -0.3525 -0.8906 0.2874
vn -0.8940 -0.4468 0.0338
vn 0.9785 -0.2052 -0.0209
vn -0.6998 -0.7139 0.0263
vn -0.8457 -0.5330 0.0255
vn -0.9589 -0.2830 -0.0202
vn -0.1718 -0.7019 -0.6912
vn -0.2766 -0.5682 -0.7750
vn -0.2184 -0.8042 -0.5528
vn 0.3579 -0.8729 -0.3315
vn 0.3795 -0.6000 -0.7043
vn 0.9347 -0.3531 0.0401
vn 0.2995 -0.9357 -0.1864
vn 0.2412 -0.8959 -0.3731
vn 0.0498 -0.9585 -0.2806
vn 0.1616 -0.9285 -0.3344
vn 0.9108 -0.0960 0.4016
vn 0.9735 -0.2285 -0.0089
vn 0.2404 -0.9707 0.0026
vn 0.4026 -0.9153 0.0095
vn -0.0292 -0.9990 -0.0347
vn 0.5587 -0.8291 0.0213
vn 0.8199 -0.5713 0.0360
vn -0.0916 -0.9935 -0.0674
vn 0.8885 -0.4578 0.0314
vn -0.9848 -0.1495 -0.0882
vn -0.3406 -0.9395 -0.0366
vn -0.9123 -0.4087 -0.0264
vn -0.6884 -0.7253 0.0025
vn -0.5469 -0.8372 -0.0021
vn -0.9201 -0.3854 -0.0692
vn -0.4087 -0.6406 -0.6500
vn -0.3629 -0.7545 -0.5468
vn -0.3617 -0.5301 -0.7669
vn 0.1624 -0.9807 -0.1086
vn -0.0737 -0.9962 -0.0460
vn 0.9794 -0.1988 0.0340
vn 0.9676 -0.2508 0.0306
vn 0.7260 -0.6866 0.0386
vn 0.9356 -0.3525 0.0213
vn 0.8122 -0.5815 0.0464
vn -0.4102 -0.8990 -0.1537
vn -0.3183 -0.9285 -0.1915
vn -0.4269 -0.9038 -0.0295
vn -0.3197 -0.6917 -0.6476
vn -0.7406 -0.5458 0.3920
vn -0.9055 -0.3174 0.2818
vn -0.8005 -0.5686 0.1896
vn -0.8568 -0.4460 0.2587
vn -0.5338 -0.7424 0.4048
vn -0.5933 -0.7809 0.1951
vn -0.6921 -0.6997 0.1770
vn -0.8259 -0.5568 0.0886
vn -0.7609 -0.6488 -0.0096
vn -0.6253 -0.7804 0.0030
vn -0.4168 -0.9073 0.0549
vn -0.7385 -0.6740 -0.0181
vn -0.3727 -0.9263 -0.0549
vn 0.6255 -0.6380 0.4492
vn 0.4841 -0.8737 0.0475
vn 0.7434 -0.3616 0.5626
vn 0.8652 -0.3506 0.3584
vn 0.8533 -0.4671 0.2316
vn 0.9475 -0.2745 -0.1641
vn 0.8813 -0.4723 -0.0178
vn -0.0596 -0.8768 -0.4771
vn 0.9235 -0.3122 -0.2228
vn 0.0631 -0.8936 -0.4443
vn -0.0763 -0.8901 -0.4493
vn 0.2143 -0.9530 -0.2141
vn -0.1055 -0.9284 -0.3562
vn -0.1243 -0.9676 -0.2196
vn -0.0445 -0.9882 -0.1469
vn -0.0320 -0.9986 -0.0419
vn 0.8047 -0.5924 0.0389
vn 0.9189 -0.3940 0.0210
vn -0.3136 -0.8739 -0.3715
vn -0.2185 -0.8984 -0.3811
vn 0.3239 -0.9449 -0.0481
vn 0.2954 -0.8246 -0.4825
vn 0.6107 -0.7542 0.2413
vn 0.4234 -0.6250 -0.6558
vn 0.6430 -0.7649 0.0389
vn 0.5021 -0.8645 0.0234
vn 0.9342 -0.3537 0.0470
vn 0.8106 -0.5853 0.0196
vn 0.9238 -0.3773 -0.0648
vn -0.5700 -0.8212 -0.0249
vn -0.9227 -0.2664 0.2787
vn -0.8631 -0.4815 0.1521
vn -0.9098 -0.3736 0.1809
vn -0.3521 -0.9354 -0.0324
vn 0.0911 -0.9918 0.0899
vn 0.0245 -0.9997 0.0093
vn -0.2994 -0.9520 0.0629
vn 0.1169 -0.9922 0.0439
vn 0.0871 -0.9923 0.0876
vn -0.0440 -0.9094 -0.4135
vn -0.2523 -0.9586 -0.1318
vn -0.1238 -0.9372 -0.3260
vn -0.1872 -0.9547 -0.2314
vn 0.1215 -0.8727 -0.4730
vn -0.0434 -0.9989 -0.0169
vn 0.0346 -0.9990 -0.0292
vn 0.1911 -0.9578 -0.2148
vn 0.0392 -0.9456 -0.3230
vn -0.3614 -0.9315 -0.0407
vn 0.3361 -0.9418 -0.0042
vn 0.5151 -0.8571 0.0026
vn 0.6773 -0.7354 -0.0228
vn 0.5709 -0.8204 0.0327
vn 0.3148 -0.9488 0.0252
vn 0.3560 -0.9345 0.0013
vn 0.8249 -0.5447 -0.1508
vn 0.1479 -0.9890 -0.0025
vn 0.4425 -0.8955 -0.0482
vn -0.1846 -0.9827 -0.0130
vn -0.8150 -0.5792 0.0180
vn -0.9745 -0.1944 -0.1118
vn 0.0546 -0.9918 -0.1153
vn -0.1713 -0.9832 -0.0636
vn 0.1313 -0.9904 -0.0434
vn -0.2400 -0.9671 0.0843
vn -0.7530 -0.6579 -0.0101
vn -0.0629 -0.9931 0.0989
vn -0.0277 -0.9728 0.2300
vn -0.8739 -0.4813 -0.0683
vn -0.7070 -0.7069 -0.0212
vn -0.9403 -0.3096 -0.1416
vn 0.2769 -0.7795 -0.5619
vn -0.0953 -0.9722 -0.2139
vn -0.0089 -0.9460 -0.3240
vn 0.1521 -0.9408 -0.3028
vn -0.1263 -0.9738 -0.1888
vn -0.1668 -0.9701 -0.1761
vn -0.0694 -0.9948 -0.0743
vn 0.7284 -0.6839 -0.0408
vn 0.3839 -0.9155 -0.1203
vn 0.4231 -0.9037 -0.0659
vn 0.1121 -0.9902 -0.0836
vn 0.8125 -0.5658 -0.1405
vn 0.2545 -0.9339 -0.2511
vn 0.1001 -0.9698 -0.2225
vn 0.2496 -0.9531 -0.1712
vn -0.9679 -0.1121 -0.2249
vn -0.3904 -0.9200 0.0346
vn -0.4632 -0.8862 -0.0108
vn -0.4366 -0.8989 -0.0372
vn -0.0295 -0.9887 -0.1470
vn -0.9878 -0.0942 -0.1243
vn -0.4310 -0.8993 0.0741
vn 0.2160 -0.9763 -0.0163
vn 0.0249 -0.9976 -0.0649
vn 0.2289 -0.9624 -0.1462
vn 0.2461 -0.9545 -0.1687
vn 0.0944 -0.9829 -0.1582
vn -0.1926 -0.9812 -0.0110
vn -0.2439 -0.9605 -0.1336
vn -0.1501 -0.9864 -0.0666
vn -0.1627 -0.9840 -0.0722
vn -0.2633 -0.9642 0.0305
vn -0.3667 -0.9288 -0.0543
vn -0.1869 -0.9817 -0.0368
vn 0.1457 -0.9891 -0.0229
vn 0.2449 -0.9695 -0.0008
vn 0.0942 -0.9948 -0.0392
vn -0.0613 -0.9973 -0.0394
vn -0.2296 -0.9700 -0.0797
vn -0.0687 -0.9956 -0.0637
vn -0.1608 -0.9857 -0.0513
vn -0.0911 -0.9954 -0.0301
vn -0.2864 -0.9576 -0.0325
vn 0.0166 -0.9996 -0.0229
vn -0.3940 -0.9179 -0.0466
vn -0.2766 -0.9595 -0.0538
vn 0.0656 -0.9968 -0.0467
vn -0.2988 -0.9506 -0.0841
vn -0.2798 -0.9579 -0.0636
vn -0.1974 -0.9771 -0.0791
vn -0.1427 -0.9837 -0.1095
vn 0.0337 -0.9939 -0.1048
vn 0.1491 -0.9783 -0.1438
vn 0.2106 -0.9718 -0.1059
vn 0.1754 -0.9777 -0.1158
vn 0.0238 -0.9964 -0.0815
vn -0.1545 -0.9866 -0.0521
vn -0.0416 -0.9967 -0.0693
vn 0.0686 -0.9955 -0.0657
vn -0.1348 -0.9901 -0.0397
vn 0.0570 -0.9977 -0.0366
vn -0.0433 -0.9982 -0.0416
vn -0.2017 -0.9776 -0.0594
vn 0.1934 -0.9783 -0.0738
vn 0.1607 -0.9852 -0.0592
vn 0.4177 0.0938 0.9037
vn 0.3786 0.1437 0.9143
vn 0.3815 -0.0015 0.9244
vn -0.4558 0.8628 0.2188
vn -0.2367 0.9714 0.0173
vn -0.2943 0.8515 0.4340
vn -0.6369 0.7703 -0.0310
vn -0.7140 0.6998 -0.0228
vn -0.5628 0.8258 -0.0351
vn -0.9954 -0.0621 0.0724
vn -0.9998 -0.0158 0.0085
vn -0.9958 -0.0567 -0.0723
vn 0.9395 -0.2333 -0.2510
vn 0.9712 -0.2341 -0.0435
vn 0.9800 -0.1285 -0.1517
vn -0.6917 0.1352 0.7094
vn -0.5893 0.1833 0.7869
vn -0.6120 0.3480 0.7102
vn -0.9670 -0.2025 -0.1548
vn 0.1781 -0.3248 0.9289
vn -0.5065 0.5811 -0.6370
vn -0.5263 0.5122 0.6788
vn -0.4907 0.6261 0.6060
vn -0.0627 0.9081 -0.4140
vn -0.4930 0.7346 -0.4661
vn -0.4390 0.1471 0.8864
vn -0.5162 0.3203 0.7943
vn -0.9645 -0.2639 -0.0100
vn 0.1284 0.6716 0.7297
vn 0.2364 0.5096 0.8273
vn 0.1221 0.6439 0.7553
vn -0.4044 -0.0374 0.9138
vn -0.3787 0.0995 0.9202
vn -0.4032 -0.0211 0.9149
vn -0.9798 -0.1323 -0.1500
vn -0.9918 -0.1141 -0.0581
vn 0.0438 0.7688 0.6380
vn -0.0684 0.7904 0.6088
vn -0.0729 0.6405 0.7645
vn 0.8928 0.4503 0.0115
vn 0.9300 0.3576 0.0844
vn 0.9306 0.3464 0.1180
vn 0.9884 0.1062 0.1087
vn 0.9875 0.1518 0.0428
vn 0.9956 0.0778 0.0529
vn 0.9614 0.2618 0.0846
vn 0.9341 0.3571 -0.0030
vn 0.9782 0.2073 0.0093
vn -0.6380 0.7674 0.0630
vn -0.5625 0.7450 -0.3585
vn -0.1745 0.9198 -0.3514
vn -0.4015 0.8312 0.3847
vn -0.0355 0.8248 0.5643
vn 0.9916 -0.0899 -0.0926
vn 0.8960 0.1610 -0.4138
vn 0.9883 -0.0332 -0.1489
vn 0.9861 -0.1113 -0.1235
vn 0.9377 -0.1906 -0.2905
vn 0.9652 0.2552 0.0575
vn -0.4845 0.8700 -0.0916
vn 0.0291 0.8441 0.5354
vn -0.0540 0.8353 0.5471
vn -0.9484 0.2899 -0.1284
vn 0.9093 0.4153 0.0266
vn 0.9537 0.2821 -0.1041
vn 0.9275 0.1415 -0.3461
vn 0.5920 0.1898 0.7833
vn 0.6512 0.0307 0.7583
vn 0.6348 0.2084 0.7440
vn -0.9984 -0.0545 -0.0169
vn -0.4527 0.7706 0.4485
vn -0.4035 0.7681 0.4971
vn 0.3576 0.0522 0.9324
vn 0.3199 0.2861 0.9032
vn -0.5256 0.7907 0.3139
vn -0.9918 -0.1277 -0.0021
vn -0.9762 -0.1113 -0.1863
vn 0.2704 0.9611 -0.0557
vn 0.1086 0.9939 -0.0176
vn 0.2531 0.9674 0.0028
vn 0.4288 0.9034 0.0010
vn 0.5574 0.8300 0.0178
vn 0.7161 0.2149 -0.6641
vn -0.4126 0.1746 0.8940
vn 0.9482 0.2925 0.1242
vn 0.5298 0.0956 0.8427
vn -0.3240 0.2890 0.9008
vn -0.3579 0.2987 0.8847
vn -0.4460 0.6285 0.6372
vn -0.6872 0.7236 0.0643
vn -0.8984 0.2706 -0.3458
vn -0.9680 0.2195 0.1214
vn -0.9760 0.2083 0.0635
vn -0.9607 0.2771 0.0156
vn -0.9376 0.3475 0.0117
vn -0.9634 0.2565 0.0773
vn 0.0577 0.9970 -0.0512
vn 0.6940 0.7180 0.0536
vn 0.7515 0.6595 0.0159
vn 0.8479 0.5279 0.0492
vn 0.9963 0.0080 -0.0853
vn 0.0486 0.7289 -0.6829
vn 0.5587 0.6662 -0.4940
vn 0.9856 0.0377 -0.1648
vn 0.4520 0.2138 0.8660
vn -0.2409 0.4776 0.8449
vn -0.0996 0.8466 0.5229
vn -0.0182 0.8031 0.5956
vn -0.3905 0.9205 -0.0175
vn -0.2880 0.9576 -0.0007
vn -0.1681 0.9858 0.0001
vn 0.8269 0.5622 0.0115
vn 0.9979 -0.0341 0.0559
vn 0.9975 0.0329 0.0622
vn 0.9852 0.1207 -0.1220
vn 0.9422 0.2469 -0.2264
vn -0.9957 0.0304 0.0872
vn 0.5007 0.5390 0.6774
vn 0.3596 0.7756 0.5188
vn 0.4441 0.7117 0.5443
vn -0.1237 0.7445 0.6561
vn -0.1158 0.6464 0.7542
vn -0.0130 0.7551 0.6555
vn 0.1058 0.8477 0.5198
vn -0.5951 0.7988 -0.0882
vn -0.2758 0.9601 0.0460
vn -0.4416 0.8721 0.2110
vn -0.7974 0.5791 -0.1698
vn -0.9332 0.3592 -0.0114
vn -0.8750 0.4836 -0.0238
vn -0.4517 0.8920 -0.0179
vn -0.0283 0.9996 -0.0023
vn 0.4786 0.8776 0.0271
vn 0.7160 0.3821 0.5842
vn 0.9612 0.2322 0.1491
vn 0.9581 0.1793 -0.2233
vn 0.5171 0.7901 0.3293
vn 0.5462 0.7116 0.4419
vn -0.4684 0.8175 -0.3351
vn -0.9952 0.0840 0.0498
vn -0.9889 0.1440 0.0366
vn 0.9905 0.1197 0.0682
vn 0.9412 0.2327 -0.2451
vn 0.9091 0.3869 -0.1544
vn -0.0727 0.9940 -0.0815
vn -0.9923 0.0693 -0.1024
vn 0.4807 0.3979 0.7814
vn -0.2076 0.9709 -0.1195
vn -0.9698 0.2441 -0.0016
vn -0.8244 0.5657 -0.0189
vn -0.7750 0.6313 -0.0279
vn 0.6098 0.7752 -0.1650
vn -0.9720 0.2083 0.1087
vn -0.9842 0.1770 0.0006
vn -0.9873 0.1102 -0.1143
vn -0.9956 0.0903 -0.0255
vn 0.9295 0.3675 -0.0295
vn 0.2356 0.9648 -0.1165
vn 0.3534 0.9129 0.2043
vn -0.9530 0.2865 -0.0987
vn -0.3487 0.9279 -0.1322
vn -0.9402 0.2415 0.2404
vn 0.4479 0.5785 0.6817
vn 0.0223 0.9997 0.0119
vn -0.9572 0.2065 0.2027
vn -0.3964 0.4244 0.8141
vn -0.9557 0.2943 -0.0074
vn 0.9801 0.1398 0.1412
vn 0.3584 0.9281 0.1012
vn -0.3996 0.7310 0.5531
vn -0.9927 0.1160 -0.0323
vn -0.9958 0.0676 0.0620
vn 0.5760 0.8132 -0.0832
vn 0.1790 0.9834 0.0306
vn -0.9949 0.0807 0.0608
vn -0.9921 0.1224 0.0271
vn -0.8654 0.3548 -0.3539
vn 0.6846 0.7288 -0.0113
vn 0.6142 0.7641 -0.1973
vn 0.8575 0.4480 -0.2530
vn 0.3621 0.8855 -0.2912
vn 0.2830 0.9465 -0.1550
vn 0.8702 0.4905 -0.0459
vn 0.9385 0.3438 -0.0305
vn 0.7915 0.6101 -0.0376
vn 0.9240 0.3822 -0.0129
vn 0.1134 0.7703 0.6275
vn 0.2340 0.5901 0.7726
vn 0.3624 0.3896 0.8467
vn -0.4375 0.7905 0.4286
vn -0.2830 0.8958 0.3427
vn 0.9732 0.0693 -0.2192
vn -0.2444 0.5648 0.7882
vn -0.2623 0.7376 0.6223
vn -0.3445 0.6154 0.7089
vn -0.9550 0.1806 0.2351
vn -0.1190 0.9139 0.3881
vn -0.1526 0.9534 0.2602
vn 0.0131 0.9509 0.3093
vn -0.9080 0.0818 -0.4109
vn -0.0553 0.9984 0.0126
vn -0.1483 0.9889 0.0036
vn 0.0290 0.9990 0.0349
vn -0.5913 0.8061 -0.0232
vn -0.3716 0.9283 -0.0109
vn -0.2482 0.9687 -0.0029
vn 0.0628 0.9976 0.0308
vn -0.5227 0.8523 -0.0201
vn 0.0782 0.9948 0.0645
vn -0.8994 0.4364 -0.0255
vn -0.8225 0.5677 -0.0350
vn 0.9648 0.0980 0.2440
vn 0.3335 0.9421 0.0340
vn 0.9862 0.1590 0.0461
vn 0.9817 0.1726 0.0804
vn 0.9123 0.4089 0.0206
vn 0.6431 0.7657 -0.0106
vn 0.5228 0.8524 0.0080
vn 0.7249 0.6884 -0.0244
vn 0.9285 0.3650 0.0680
vn 0.3703 0.7072 0.6023
vn 0.3684 0.5606 0.7416
vn -0.1849 0.9734 0.1355
vn -0.4547 0.5196 0.7234
vn 0.0726 0.9966 0.0387
vn -0.9650 0.2413 -0.1030
vn -0.9835 0.1729 -0.0536
vn -0.9336 0.3573 -0.0265
vn -0.7362 0.6752 -0.0455
vn -0.8314 0.5541 -0.0421
vn 0.6241 0.7744 0.1037
vn 0.3225 0.9352 0.1465
vn 0.4001 0.9148 0.0553
vn 0.3191 0.8845 0.3402
vn 0.2707 0.7135 0.6462
vn 0.8613 0.4721 -0.1880
vn 0.7765 0.4806 -0.4075
vn 0.6862 0.6740 -0.2737
vn 0.8692 0.4160 -0.2671
vn 0.5350 0.7503 -0.3884
vn 0.8079 0.5883 -0.0345
vn 0.4759 0.8630 -0.1695
vn 0.7135 0.6985 -0.0546
vn 0.5980 0.8007 -0.0357
vn 0.8573 0.5134 -0.0386
vn 0.7071 0.7050 0.0552
vn 0.4857 0.8735 0.0327
vn 0.8003 0.5995 -0.0070
vn -0.6409 0.6272 -0.4426
vn -0.7424 0.3654 -0.5616
vn -0.7123 0.6368 -0.2951
vn 0.0574 0.8885 0.4552
vn -0.8995 0.4227 -0.1106
vn -0.8709 0.4898 -0.0401
vn -0.0397 0.8887 0.4567
vn -0.2255 0.9364 0.2689
vn -0.0702 0.9822 0.1742
vn 0.0946 0.9934 0.0644
vn 0.1201 0.9899 0.0747
vn -0.6934 0.7198 -0.0333
vn -0.9008 0.4331 -0.0329
vn -0.9620 0.2728 0.0074
vn -0.8966 0.4424 -0.0196
vn 0.3747 0.8147 0.4426
vn 0.2169 0.8396 0.4980
vn -0.3606 0.9286 0.0873
vn -0.2487 0.9408 0.2304
vn -0.0821 0.9433 0.3215
vn -0.6140 0.7497 -0.2470
vn -0.5342 0.8352 -0.1305
vn -0.2631 0.8483 0.4596
vn -0.5265 0.8498 -0.0258
vn -0.5699 0.8212 -0.0289
vn -0.7316 0.6807 -0.0379
vn -0.9436 0.3265 -0.0557
vn -0.8223 0.5676 -0.0404
vn -0.9308 0.3591 0.0681
vn 0.5852 0.8107 0.0186
vn 0.8949 0.4062 -0.1848
vn 0.3935 0.9186 -0.0355
vn 0.0580 0.9981 0.0194
vn 0.3200 0.9469 0.0312
vn -0.0395 0.9977 -0.0549
vn 0.2636 0.9637 -0.0421
vn -0.2515 0.9512 0.1789
vn -0.2527 0.9429 0.2168
vn -0.0823 0.9891 -0.1219
vn -0.1261 0.9899 -0.0645
vn -0.9433 0.1947 0.2688
vn 0.0177 0.8277 0.5610
vn 0.1540 0.9381 0.3104
vn 0.0499 0.9127 0.4056
vn 0.2197 0.9557 0.1957
vn 0.1783 0.9567 0.2300
vn 0.0876 0.9498 0.3005
vn -0.1304 0.8613 0.4911
vn 0.2099 0.9677 0.1394
vn 0.0069 0.9989 0.0471
vn 0.2587 0.8929 0.3686
vn -0.2202 0.9509 0.2174
vn -0.4345 0.8965 0.0866
vn -0.8161 0.5767 -0.0380
vn -0.6450 0.7634 -0.0333
vn -0.4071 0.9133 -0.0140
vn -0.7370 0.6757 0.0170
vn -0.4105 0.9116 -0.0205
vn -0.3767 0.9263 -0.0045
vn -0.7800 0.6146 0.1181
vn -0.8810 0.4436 0.1645
vn -0.1574 0.9875 0.0031
vn -0.4469 0.8915 0.0742
vn 0.2111 0.9766 -0.0408
vn 0.1848 0.9808 0.0625
vn 0.1521 0.9727 0.1751
vn 0.9552 0.2957 -0.0109
vn -0.1347 0.9908 -0.0102
vn 0.3738 0.9219 -0.1015
vn 0.6324 0.7745 -0.0119
vn 0.9496 0.2749 0.1506
vn -0.0553 0.9962 -0.0676
vn 0.0061 0.9933 -0.1158
vn 0.2008 0.9698 -0.1385
vn 0.7349 0.6777 0.0247
vn 0.9542 0.2585 0.1507
vn 0.0391 0.9852 0.1669
vn 0.0774 0.9000 0.4290
vn -0.0686 0.9425 0.3271
vn 0.0676 0.9576 0.2800
vn -0.0601 0.9979 0.0230
vn -0.7021 0.7103 0.0505
vn 0.8864 0.3763 -0.2696
vn -0.2679 0.9633 0.0159
vn -0.3216 0.9433 0.0822
vn -0.0118 0.9988 0.0466
vn 0.2436 0.9593 0.1430
vn -0.0929 0.9714 0.2184
vn -0.0550 0.9919 0.1143
vn -0.2311 0.9569 0.1761
vn 0.1433 0.9757 0.1660
vn 0.5076 0.8616 0.0045
vn 0.4124 0.9100 0.0418
vn 0.4328 0.9013 -0.0174
vn 0.3500 0.9361 0.0339
vn 0.9616 0.2638 -0.0757
vn 0.9828 0.0811 0.1662
vn 0.7543 0.6543 0.0541
vn 0.9613 0.1391 0.2376
vn 0.1139 0.9933 0.0173
vn -0.2302 0.9731 0.0108
vn -0.0963 0.9947 0.0355
vn 0.1417 0.9854 0.0945
vn 0.0445 0.9985 0.0322
vn -0.1207 0.9894 0.0801
vn 0.0624 0.9977 0.0261
vn -0.0413 0.9955 0.0849
vn -0.1939 0.9741 0.1164
vn -0.2800 0.9464 0.1611
vn 0.2197 0.9751 0.0309
vn 0.1192 0.9852 0.1233
vn 0.0869 0.9952 0.0451
vn 0.1864 0.9803 0.0654
vn 0.3818 0.9213 -0.0743
vn 0.3819 0.9234 0.0376
vn 0.3257 0.9455 0.0038
vn 0.1495 0.9860 0.0732
vn 0.2990 0.9509 0.0801
vn -0.0056 0.9985 0.0537
vn 0.2074 0.9765 0.0583
vn -0.0725 0.9855 0.1535
vn 0.1467 0.9875 -0.0584
vn -0.0103 0.9979 0.0638
vn 0.0350 0.9991 0.0236
vn 0.2574 0.9654 0.0411
vn -0.0047 0.9998 0.0202
vn -0.0828 0.9961 0.0292
vn 0.3033 0.9495 0.0800
vn 0.2409 0.9668 0.0853
vn -0.1759 0.9730 0.1496
vn 0.0954 0.9883 0.1191
vn -0.1790 0.9802 0.0844
vn 0.1739 0.9817 0.0774
vn -0.1224 0.9916 0.0413
vn 0.0937 0.9947 0.0432
vn -0.0808 0.9962 0.0328
vn 0.3711 0.9273 0.0493
vn 0.1998 0.9791 0.0388
vn 0.1317 0.9901 0.0492
vn 0.2354 0.9691 0.0730
vn -0.1682 0.9843 0.0533
vn 0.1340 0.9876 0.0814
vn -0.0168 0.9972 0.0729
vn -0.0028 0.9979 0.0648
vn 0.2588 0.9647 0.0484
vn 0.9332 0.0355 0.3577
vn 0.9226 0.0262 0.3849
vn 0.9466 0.0728 0.3142
vn 0.8092 0.3497 0.4722
vn 0.7929 0.3784 0.4776
vn 0.8129 0.3361 0.4756
vn 0.8763 0.3663 0.3129
vn 0.8663 0.3775 0.3271
vn 0.8771 0.3647 0.3124
vn 0.7098 0.3464 -0.6133
vn 0.7450 0.3112 -0.5900
vn 0.7916 0.2849 -0.5406
vn 0.1024 0.9947 0.0031
vn 0.1271 0.9919 -0.0017
vn 0.0689 0.9968 -0.0408
vn 0.4803 -0.1785 -0.8588
vn 0.4839 -0.1848 -0.8554
vn 0.4679 -0.1735 -0.8666
vn -0.1108 0.0752 0.9910
vn -0.1063 0.0365 0.9937
vn -0.0944 0.0547 0.9940
vn -0.0636 0.0309 0.9975
vn -0.0120 0.0379 0.9992
vn -0.0199 0.0374 0.9991
vn 0.0742 0.0663 0.9950
vn 0.0781 0.0502 0.9957
vn 0.0942 0.0409 0.9947
vn -0.4033 -0.1918 -0.8947
vn -0.3422 -0.2437 -0.9075
vn -0.3912 -0.2340 -0.8901
vn -0.3985 0.9171 0.0109
vn -0.4524 0.8918 -0.0006
vn -0.4298 0.9029 -0.0009
vn -0.2087 0.9763 -0.0569
vn -0.2338 0.9702 -0.0634
vn -0.2262 0.9730 -0.0463
vn -0.9963 0.0642 -0.0580
vn -0.9401 0.3404 -0.0192
vn -0.9935 0.1040 -0.0455
vn -0.1492 0.3729 0.9158
vn -0.5211 0.4397 0.7315
vn -0.2455 0.4692 0.8483
vn 0.6655 0.3269 -0.6710
vn 0.5101 0.4586 -0.7277
vn 0.5217 0.6046 -0.6019
vn -0.2742 0.8130 0.5137
vn 0.7064 0.3108 0.6359
vn 0.6976 0.1987 0.6884
vn 0.3224 0.5370 0.7796
vn -0.9927 0.1119 -0.0452
vn -0.9931 -0.0240 -0.1144
vn -0.9899 0.1212 -0.0737
vn -0.3100 0.8836 -0.3510
vn -0.4329 0.8028 -0.4100
vn -0.3522 0.9176 -0.1842
vn -0.4245 0.9052 -0.0194
vn -0.3404 0.9399 -0.0249
vn -0.4434 0.8963 -0.0105
vn -0.8269 0.1642 0.5379
vn -0.6935 0.1547 0.7036
vn -0.5490 0.5938 -0.5882
vn -0.4224 0.7086 -0.5652
vn -0.2879 0.8817 -0.3739
vn -0.3486 0.7909 -0.5030
vn -0.1698 0.8835 -0.4366
vn -0.2736 0.7959 -0.5401
vn -0.3364 0.7165 -0.6111
vn -0.6037 0.1388 -0.7850
vn -0.4469 0.1395 -0.8836
vn -0.6897 0.1375 -0.7109
vn -0.3681 0.9248 0.0965
vn -0.4823 0.8733 0.0686
vn -0.3610 0.9321 -0.0302
vn -0.2196 0.6453 -0.7316
vn -0.2368 0.7024 -0.6713
vn -0.3096 0.6250 -0.7166
vn -0.5006 0.7835 0.3681
vn -0.8330 0.3474 0.4306
vn 0.3630 0.3612 -0.8589
vn 0.2302 0.5547 -0.7995
vn 0.2928 0.3701 -0.8816
vn 0.3946 0.6248 0.6737
vn 0.2941 0.7773 0.5561
vn -0.5533 0.4485 -0.7019
vn -0.6507 0.3490 -0.6744
vn 0.3437 0.7686 -0.5395
vn 0.2818 0.7532 -0.5943
vn 0.4902 0.6897 -0.5330
vn 0.5308 0.7405 0.4123
vn 0.3258 0.4649 -0.8232
vn 0.5547 0.0647 -0.8295
vn 0.3800 0.0539 -0.9234
vn 0.4309 0.1851 -0.8832
vn 0.9033 0.0192 0.4286
vn 0.8347 0.1087 0.5399
vn 0.9570 0.1044 0.2706
vn 0.7108 0.1246 -0.6923
vn 0.6214 0.1759 -0.7635
vn 0.3745 0.3411 -0.8622
vn 0.3507 0.2373 -0.9059
vn -0.2992 0.4866 -0.8208
vn -0.3149 0.3079 -0.8978
vn -0.2371 0.5506 -0.8004
vn -0.9395 -0.0090 0.3424
vn -0.9717 0.0866 0.2199
vn -0.8708 0.1059 0.4801
vn 0.9888 0.1460 -0.0308
vn 0.9862 0.1617 0.0364
vn -0.8798 0.1289 0.4576
vn -0.9479 0.3154 -0.0452
vn -0.8619 0.5061 -0.0323
vn -0.7650 0.6434 -0.0282
vn -0.1990 0.9791 -0.0414
vn 0.9092 0.0981 0.4046
vn 0.2661 0.6438 -0.7174
vn 0.2116 0.6832 -0.6989
vn -0.9892 0.0717 -0.1282
vn 0.5092 0.8602 0.0268
vn 0.6455 0.7636 -0.0152
vn 0.5847 0.8113 0.0006
vn -0.4277 0.2933 -0.8550
vn -0.3110 0.3228 -0.8939
vn -0.3625 0.4329 -0.8253
vn 0.2526 0.8734 -0.4164
vn 0.3389 0.9145 -0.2212
vn 0.3880 0.8092 -0.4411
vn -0.2169 0.9757 -0.0328
vn -0.1692 0.9845 -0.0454
vn -0.6321 0.7743 -0.0320
vn -0.5259 0.8505 -0.0017
vn -0.5940 0.8040 -0.0284
vn 0.2080 0.9776 -0.0306
vn 0.0973 0.9946 -0.0371
vn 0.3591 0.9333 0.0013
vn 0.5174 0.8556 0.0176
vn 0.4507 0.8922 0.0286
vn 0.8762 0.4799 -0.0437
vn 0.7873 0.6159 -0.0306
vn 0.9199 0.3901 -0.0407
vn 0.9880 0.1444 -0.0545
vn 0.9632 0.2635 -0.0537
vn -0.9934 -0.0353 -0.1094
vn -0.9992 0.0381 -0.0111
vn -0.9911 0.1295 -0.0320
vn 0.2052 0.8530 -0.4799
vn 0.1847 0.8177 -0.5453
vn 0.3901 0.9157 -0.0966
vn 0.3583 0.9194 0.1622
vn 0.9895 0.1283 -0.0662
vn 0.9757 0.2131 -0.0512
vn 0.9540 0.1432 0.2635
vn 0.1777 0.7360 -0.6533
vn -0.3514 0.9125 -0.2096
vn -0.9857 0.1592 -0.0544
vn 0.9983 0.0087 -0.0573
vn 0.8136 -0.5803 -0.0355
vn 0.9962 0.0495 -0.0720
vn -0.9981 0.0428 0.0438
vn -0.9992 0.0187 0.0344
vn -0.9894 -0.1423 0.0292
vn -0.0678 0.9361 -0.3452
vn -0.1609 0.9582 -0.2364
vn 0.3019 0.8160 -0.4930
vn 0.9584 0.2757 0.0734
vn 0.9823 0.1840 0.0356
vn 0.7802 0.5257 0.3390
vn 0.3434 0.4219 -0.8391
vn -0.9833 -0.1395 -0.1167
vn -0.9940 0.0479 -0.0982
vn 0.9960 0.0651 -0.0619
vn -0.9807 0.1951 0.0086
vn 0.0502 0.9378 -0.3435
vn -0.0104 0.9748 -0.2229
vn 0.9758 0.2161 -0.0332
vn 0.9882 0.1494 -0.0349
vn 0.9428 0.3232 0.0814
vn -0.1929 0.7688 -0.6097
vn -0.1997 0.8592 -0.4710
vn -0.2820 0.7386 -0.6123
vn -0.9959 0.0886 -0.0181
vn 0.1519 0.9291 -0.3372
vn -0.9944 0.1034 0.0197
vn 0.4618 0.8756 0.1415
vn -0.9731 0.2266 -0.0411
vn 0.9192 0.2902 0.2662
vn 0.1377 0.9080 -0.3958
vn -0.3930 0.5029 -0.7698
vn 0.9890 0.1110 -0.0981
vn -0.9762 0.1946 0.0957
vn 0.9819 0.1773 -0.0660
vn 0.9296 0.3653 -0.0487
vn -0.1960 0.8422 -0.5023
vn 0.9724 0.1856 -0.1417
vn 0.7941 0.5594 0.2375
vn -0.9763 0.1815 -0.1175
vn -0.9630 0.2408 -0.1211
vn 0.9331 0.3304 0.1418
vn 0.6012 0.7933 0.0959
vn 0.7305 0.6320 0.2588
vn 0.0156 0.9989 -0.0435
vn -0.9614 0.2656 0.0716
vn 0.9356 0.3503 0.0434
vn -0.9384 0.3437 0.0357
vn 0.8959 0.4303 0.1109
vn -0.9728 0.2314 -0.0080
vn 0.8232 0.5669 -0.0319
vn 0.7052 0.7088 -0.0164
vn -0.8900 0.4503 0.0712
vn 0.0686 0.9211 -0.3831
vn -0.0646 0.9228 -0.3797
vn -0.9650 0.2342 -0.1178
vn -0.9215 0.3792 0.0838
vn 0.0097 0.9421 -0.3351
vn -0.1721 0.8762 -0.4501
vn -0.9234 0.2327 0.3052
vn -0.7259 0.6341 0.2665
vn -0.8495 0.4471 0.2802
vn -0.7440 0.6433 0.1809
vn -0.5910 0.8048 0.0553
vn -0.4658 0.8768 -0.1191
vn -0.3074 0.9056 -0.2922
vn -0.1732 0.8881 -0.4257
vn -0.1387 0.7921 -0.5944
vn -0.1578 0.8719 -0.4635
vn 0.1978 0.7821 -0.5910
vn -0.9285 0.3278 0.1745
vn 0.3777 0.7063 -0.5987
vn 0.2621 0.6291 -0.7318
vn 0.7633 0.6313 0.1373
vn -0.5242 0.8516 -0.0054
vn -0.9111 0.4104 -0.0386
vn 0.9696 0.2198 -0.1077
vn 0.8882 0.4575 -0.0418
vn 0.8082 0.5887 -0.0130
vn 0.2791 0.9129 -0.2979
vn -0.2069 0.8997 -0.3843
vn -0.9600 0.2595 -0.1051
vn -0.1955 0.6925 -0.6944
vn 0.3629 0.9317 0.0154
vn 0.9059 0.4218 0.0383
vn 0.9455 0.3101 -0.0998
vn 0.9164 0.3689 -0.1553
vn -0.8364 0.5362 0.1132
vn -0.9221 0.3867 -0.0177
vn -0.9767 0.1850 -0.1090
vn -0.3080 0.9297 -0.2017
vn -0.4401 0.8969 -0.0442
vn -0.7336 0.6411 0.2254
vn -0.1244 0.9200 -0.3717
vn -0.1956 0.9036 -0.3812
vn 0.5620 0.8270 -0.0164
vn 0.6567 0.7445 0.1206
vn 0.6675 0.7446 0.0069
vn 0.7469 0.6649 0.0079
vn 0.9475 0.2851 -0.1448
vn -0.4473 0.8943 -0.0067
vn -0.5749 0.8179 -0.0227
vn -0.9433 0.2921 -0.1575
vn -0.7431 0.6688 -0.0239
vn 0.4751 0.8796 0.0243
vn 0.8061 0.5534 0.2097
vn 0.8209 0.5571 0.1256
vn -0.8494 0.5272 -0.0250
vn -0.6369 0.7707 0.0206
vn -0.6353 0.7721 -0.0131
vn -0.7328 0.6800 0.0249
vn -0.4965 0.8643 0.0809
vn -0.3914 0.9189 0.0491
vn -0.2246 0.9668 -0.1216
vn -0.7448 0.6544 0.1305
vn -0.8282 0.5255 0.1950
vn 0.6093 0.7918 0.0418
vn 0.5560 0.8311 -0.0059
vn 0.5633 0.8262 0.0118
vn 0.8235 0.5663 -0.0341
vn -0.4966 0.8677 -0.0220
vn 0.1164 0.9926 -0.0348
vn 0.1785 0.8866 -0.4267
vn 0.8541 0.5134 -0.0835
vn -0.8483 0.5275 -0.0457
vn -0.6979 0.7159 -0.0189
vn -0.4716 0.8771 0.0908
vn -0.9064 0.4068 -0.1141
vn -0.8601 0.5038 0.0808
vn -0.8269 0.5620 -0.0213
vn -0.6431 0.7658 0.0058
vn -0.2863 0.9550 0.0779
vn -0.1714 0.9759 0.1347
vn -0.5748 0.8182 0.0100
vn -0.3216 0.9428 0.0876
vn -0.3838 0.9224 0.0427
vn -0.2233 0.9721 0.0713
vn -0.2858 0.9582 -0.0148
vn -0.1758 0.9840 0.0278
vn -0.8799 0.4715 -0.0588
vn -0.0477 0.9480 -0.3146
vn -0.1224 0.9925 -0.0042
vn -0.0587 0.9920 -0.1122
vn -0.0843 0.9957 -0.0371
vn -0.0233 0.9762 -0.2157
vn -0.1221 0.9612 -0.2473
vn 0.0076 0.9946 -0.1040
vn -0.0017 0.9690 -0.2469
vn -0.1766 0.9381 -0.2980
vn 0.1891 0.8686 -0.4581
vn 0.3745 0.9212 -0.1058
vn 0.4118 0.9112 0.0091
vn 0.3179 0.9256 -0.2055
vn 0.2477 0.9191 -0.3063
vn 0.1488 0.9578 -0.2459
vn 0.2131 0.9755 -0.0550
vn 0.7412 0.6600 0.1223
vn 0.7515 0.5538 0.3586
vn 0.0725 0.9882 -0.1347
vn 0.0209 0.9760 -0.2168
vn 0.4272 0.9041 0.0067
vn 0.2784 0.9605 -0.0034
vn 0.6429 0.7647 0.0434
vn -0.5332 0.8458 0.0162
vn -0.6060 0.7910 0.0845
vn 0.8462 0.5320 0.0324
vn 0.6515 0.7583 0.0211
vn 0.8932 0.4430 -0.0767
vn 0.7445 0.6664 -0.0404
vn -0.4141 0.9060 0.0873
vn 0.6668 0.7445 0.0327
vn 0.3286 0.9427 0.0573
vn 0.1513 0.9884 -0.0118
vn 0.2668 0.9626 0.0477
vn 0.4496 0.8909 0.0643
vn 0.2252 0.9740 -0.0242
vn 0.3772 0.9261 0.0094
vn 0.4425 0.8953 0.0522
vn 0.4807 0.8769 0.0018
vn 0.1289 0.9907 -0.0441
vn 0.2307 0.9728 -0.0222
vn 0.5018 0.8632 0.0561
vn 0.3854 0.9227 -0.0076
vn 0.0518 0.9978 -0.0403
vn 0.0416 0.9971 -0.0644
vn -0.0507 0.9974 -0.0505
vn -0.1044 0.9936 -0.0437
vn -0.3515 0.9358 -0.0266
vn 0.0092 0.9992 -0.0397
vn -0.1858 0.9819 -0.0371
vn 0.0385 0.9488 -0.3134
vn -0.0244 0.9971 -0.0718
vn -0.4600 0.8878 -0.0175
vn -0.1612 0.9862 -0.0372
vn -0.4951 0.8688 0.0113
vn -0.0065 0.9908 -0.1350
vn 0.1657 0.9154 -0.3668
vn -0.0189 0.9947 -0.1007
vn 0.6561 -0.1897 -0.7305
vn 0.3126 -0.5079 -0.8027
vn 0.5357 -0.3268 -0.7786
vn 0.3538 -0.9252 -0.1370
vn 0.4450 -0.8949 -0.0337
vn 0.3097 -0.8190 -0.4830
vn 0.5772 -0.4719 -0.6664
vn 0.9957 0.0079 0.0921
vn 0.9952 0.0398 0.0889
vn 0.9952 -0.0732 0.0654
vn 0.8739 -0.4856 0.0220
vn 0.8968 -0.4417 0.0259
vn 0.9570 -0.2872 0.0402
vn 0.3341 -0.9050 0.2632
vn 0.3355 -0.9277 0.1637
vn 0.4402 -0.8008 0.4061
vn -0.2880 -0.5565 0.7793
vn -0.2356 -0.6519 0.7208
vn -0.2933 -0.6338 0.7157
vn -0.6438 -0.1816 0.7433
vn -0.7163 -0.1388 0.6839
vn -0.6478 -0.3576 0.6727
vn 0.9651 -0.0674 -0.2531
vn 0.8181 -0.0160 -0.5748
vn 0.9606 -0.0974 -0.2602
vn 0.5367 -0.5869 0.6063
vn 0.3998 -0.7664 0.5028
vn -0.9955 -0.0709 0.0629
vn -0.9978 -0.0030 0.0664
vn -0.9969 -0.0189 0.0764
vn 0.3497 -0.3953 0.8494
vn 0.3393 -0.5686 0.7494
vn 0.2406 -0.6094 0.7555
vn 0.2642 -0.8823 0.3895
vn 0.2710 -0.8257 0.4947
vn 0.3968 -0.7900 0.4673
vn 0.6166 -0.1270 0.7770
vn 0.6891 -0.1301 0.7129
vn 0.4379 -0.1391 0.8882
vn 0.3473 -0.6449 0.6808
vn 0.2481 -0.6948 0.6751
vn 0.4907 -0.7881 -0.3717
vn 0.8456 -0.2905 -0.4478
vn 0.3299 -0.3412 0.8802
vn 0.3603 -0.2913 0.8862
vn -0.5486 -0.5468 0.6325
vn -0.4956 -0.4923 0.7156
vn -0.6499 -0.7599 0.0156
vn -0.7778 -0.6285 0.0094
vn -0.5798 -0.8148 -0.0000
vn -0.4682 -0.8832 -0.0272
vn -0.5194 -0.8543 -0.0193
vn -0.9643 -0.1061 -0.2427
vn -0.9896 -0.1367 -0.0455
vn -0.9031 -0.1071 -0.4159
vn 0.2684 -0.4700 0.8409
vn -0.9956 -0.0624 0.0704
vn -0.9966 -0.0462 0.0683
vn 0.8366 -0.1363 -0.5306
vn -0.3638 -0.7839 -0.5031
vn -0.3662 -0.5542 -0.7475
vn -0.4919 -0.5952 -0.6354
vn -0.5648 -0.0588 0.8231
vn -0.4696 -0.2350 0.8510
vn -0.3612 -0.1771 0.9155
vn -0.3244 -0.3799 0.8663
vn -0.3528 -0.3920 0.8497
vn -0.6820 -0.0275 -0.7308
vn -0.7011 -0.1932 -0.6864
vn -0.7101 -0.2851 -0.6438
vn -0.3278 -0.3113 -0.8920
vn -0.3807 -0.3099 0.8712
vn -0.3387 -0.2536 0.9061
vn -0.9622 -0.2682 -0.0476
vn -0.9503 -0.2966 0.0950
vn -0.9212 -0.3831 -0.0672
vn -0.9898 -0.1240 0.0702
vn -0.9907 -0.1357 0.0040
vn 0.6429 -0.3491 0.6818
vn 0.4858 -0.5062 0.7126
vn 0.9880 -0.1433 0.0580
vn 0.7373 -0.6753 0.0186
vn -0.3827 -0.9238 -0.0145
vn -0.1329 -0.9909 0.0211
vn -0.2983 -0.9544 0.0084
vn -0.8381 -0.5441 0.0393
vn -0.9128 -0.4070 0.0335
vn 0.9969 -0.0769 -0.0141
vn 0.9952 -0.0687 -0.0699
vn 0.2985 -0.7312 0.6133
vn -0.2242 -0.5540 0.8018
vn -0.4369 -0.7620 0.4781
vn -0.3670 -0.9086 0.1993
vn -0.3054 -0.8859 0.3491
vn 0.9998 0.0173 0.0010
vn 0.4435 -0.2556 0.8591
vn 0.3075 -0.3242 0.8946
vn -0.1262 -0.9128 0.3884
vn -0.2358 -0.8744 0.4241
vn -0.2419 -0.8331 0.4974
vn -0.2687 -0.7153 0.6451
vn 0.9963 0.0190 0.0841
vn -0.3476 -0.9221 -0.1700
vn -0.5494 -0.7580 -0.3516
vn -0.9800 -0.1918 0.0536
vn -0.9705 -0.1910 -0.1471
vn 0.2334 -0.8759 0.4223
vn 0.3721 -0.9075 0.1948
vn -0.3276 -0.3862 0.8623
vn -0.9352 -0.1727 -0.3091
vn 0.9918 0.0397 0.1213
vn 0.3720 -0.9281 0.0183
vn 0.5012 -0.8653 -0.0094
vn 0.4659 -0.8849 0.0025
vn 0.3391 -0.5044 0.7941
vn 0.1338 -0.9084 0.3962
vn -0.0121 -0.9398 0.3416
vn 0.1023 -0.9497 0.2961
vn -0.0271 -0.9663 0.2562
vn 0.2261 -0.5624 0.7954
vn -0.5136 -0.7727 0.3730
vn -0.4212 -0.8775 -0.2295
vn -0.8004 -0.4830 -0.3551
vn 0.1939 -0.9801 0.0434
vn 0.1376 -0.9898 0.0359
vn -0.1678 -0.9853 0.0318
vn -0.9470 -0.3182 0.0444
vn -0.9738 -0.2215 0.0514
vn 0.9657 -0.2597 0.0008
vn 0.9857 -0.1686 -0.0086
vn -0.9693 -0.2421 0.0418
vn -0.9475 -0.3093 -0.0809
vn -0.9425 -0.3311 -0.0461
vn 0.9777 -0.2052 0.0440
vn 0.3655 -0.9306 0.0207
vn 0.9970 -0.0692 -0.0349
vn 0.9955 0.0883 -0.0330
vn 0.9813 -0.1908 0.0247
vn 0.9968 0.0796 -0.0045
vn 0.9955 -0.0942 -0.0077
vn -0.9826 -0.1834 -0.0280
vn 0.1933 -0.7933 0.5773
vn 0.9720 -0.2176 0.0882
vn 0.9794 -0.1724 0.1052
vn -0.0128 -0.9991 0.0415
vn -0.4490 -0.8930 -0.0303
vn -0.8587 -0.5115 0.0325
vn -0.9813 -0.1818 0.0625
vn -0.1236 -0.9022 0.4133
vn -0.9664 -0.2406 -0.0907
vn -0.9855 -0.1667 0.0306
vn -0.8483 -0.4467 -0.2842
vn -0.9113 -0.3640 -0.1922
vn 0.2328 -0.7419 0.6288
vn 0.9843 -0.1680 0.0532
vn 0.9922 -0.0468 0.1156
vn 0.9947 -0.0622 0.0815
vn 0.1986 -0.8543 0.4803
vn -0.9618 -0.2199 0.1631
vn 0.9919 -0.1127 0.0583
vn 0.9439 -0.3279 -0.0383
vn 0.9463 -0.3131 -0.0810
vn -0.8157 -0.5185 -0.2563
vn -0.6839 -0.7152 -0.1442
vn -0.7152 -0.6501 -0.2565
vn -0.5631 -0.8204 -0.0995
vn -0.7885 -0.5805 -0.2031
vn -0.0356 -0.9353 0.3521
vn 0.9913 -0.0753 0.1075
vn -0.9185 -0.3940 0.0342
vn -0.7343 -0.6782 0.0278
vn -0.7815 -0.6236 0.0197
vn -0.6243 -0.7811 0.0082
vn -0.9127 -0.4063 0.0440
vn -0.8667 -0.4857 -0.1136
vn -0.5602 -0.8283 -0.0045
vn 0.0281 -0.9342 0.3555
vn 0.0973 -0.9086 0.4061
vn 0.9294 -0.2249 -0.2926
vn 0.7205 -0.6023 -0.3437
vn 0.8531 -0.4510 -0.2623
vn 0.2516 -0.9114 0.3255
vn 0.2799 -0.9144 0.2925
vn 0.7516 -0.6306 -0.1933
vn 0.7110 -0.6762 -0.1928
vn 0.5953 -0.8035 -0.0100
vn 0.4380 -0.8867 0.1480
vn 0.1742 -0.8555 0.4877
vn 0.1681 -0.8936 0.4162
vn 0.5792 -0.8152 0.0065
vn 0.6301 -0.7758 0.0335
vn -0.1818 -0.7931 0.5813
vn -0.1969 -0.8521 0.4849
vn -0.1800 -0.7330 0.6560
vn -0.3742 -0.7288 0.5735
vn -0.2632 -0.6674 0.6966
vn -0.4692 -0.8828 -0.0215
vn -0.7697 -0.6085 -0.1932
vn -0.4323 -0.8910 0.1390
vn 0.9107 -0.4115 0.0347
vn 0.5012 -0.8653 0.0085
vn -0.9885 -0.1136 0.0994
vn -0.9721 -0.2154 0.0926
vn -0.8165 -0.5774 0.0048
vn 0.9798 -0.1573 0.1234
vn 0.9640 -0.2389 0.1168
vn -0.9572 -0.2404 0.1612
vn -0.9050 -0.4177 0.0803
vn 0.9556 -0.2729 -0.1113
vn 0.9124 -0.4087 -0.0202
vn -0.6669 -0.7452 0.0035
vn 0.9777 -0.1852 0.0987
vn 0.5669 -0.8230 -0.0350
vn 0.3987 -0.9158 0.0484
vn 0.7308 -0.6494 -0.2104
vn 0.1741 -0.9101 0.3760
vn -0.1895 -0.8517 0.4886
vn -0.1732 -0.8887 0.4245
vn -0.2132 -0.8631 0.4579
vn -0.5352 -0.8435 0.0457
vn 0.5765 -0.8169 0.0198
vn -0.6717 -0.7406 -0.0204
vn -0.9107 -0.4065 0.0729
vn 0.9335 -0.3507 0.0752
vn 0.9644 -0.2188 0.1487
vn 0.9044 -0.4212 0.0681
vn 0.6101 -0.7888 -0.0743
vn 0.6554 -0.7534 -0.0537
vn 0.7592 -0.6504 0.0253
vn -0.4029 -0.9150 -0.0206
vn -0.9283 -0.3386 0.1539
vn -0.8977 -0.4258 0.1128
vn -0.7556 -0.6550 0.0066
vn 0.8650 -0.4692 -0.1780
vn 0.8831 -0.4586 -0.0989
vn 0.8814 -0.4721 0.0157
vn 0.7234 -0.6900 -0.0256
vn 0.7437 -0.6681 -0.0243
vn 0.6278 -0.7784 0.0030
vn 0.5188 -0.8531 -0.0560
vn 0.2865 -0.9402 0.1843
vn 0.6430 -0.7584 -0.1068
vn 0.1497 -0.9839 0.0978
vn -0.5719 -0.8202 -0.0145
vn 0.5054 -0.8626 0.0233
vn 0.3686 -0.9294 0.0188
vn 0.2779 -0.9582 -0.0673
vn 0.2118 -0.9773 0.0067
vn 0.3788 -0.9255 -0.0026
vn 0.8632 -0.5008 0.0641
vn 0.7808 -0.6233 0.0429
vn 0.5100 -0.8559 -0.0857
vn 0.3424 -0.9328 -0.1123
vn 0.7967 -0.5969 0.0946
vn 0.5239 -0.8507 -0.0439
vn 0.7995 -0.4714 0.3723
vn 0.9308 -0.3598 0.0651
vn 0.8619 -0.4997 -0.0861
vn 0.8245 -0.5655 0.0189
vn 0.3491 -0.9359 -0.0463
vn 0.6132 -0.7896 0.0237
vn 0.2065 -0.9737 -0.0962
vn 0.3137 -0.9444 -0.0988
vn 0.1182 -0.9930 -0.0063
vn 0.0761 -0.9390 0.3354
vn 0.0195 -0.9589 0.2830
vn -0.0033 -0.9562 0.2927
vn 0.2624 -0.9648 -0.0169
vn 0.7697 -0.6192 -0.1555
vn 0.0175 -0.9974 0.0700
vn 0.0535 -0.9970 0.0559
vn 0.1633 -0.9495 0.2680
vn 0.0920 -0.9698 0.2258
vn 0.0061 -0.9860 0.1667
vn 0.0020 -0.9754 0.2206
vn -0.1441 -0.8568 0.4951
vn -0.2899 -0.9077 0.3034
vn -0.5739 -0.8147 -0.0833
vn -0.4260 -0.9001 0.0913
vn -0.2851 -0.9283 0.2388
vn -0.2564 -0.9507 0.1747
vn -0.2126 -0.9065 0.3648
vn -0.3527 -0.9351 0.0356
vn -0.7026 -0.6832 -0.1989
vn -0.1642 -0.9836 0.0743
vn -0.1297 -0.9637 0.2335
vn -0.5463 -0.8352 -0.0631
vn -0.5210 -0.8535 0.0082
vn -0.4166 -0.9091 -0.0063
vn -0.5714 -0.8190 -0.0520
vn 0.4623 -0.8830 -0.0810
vn 0.5310 -0.8472 -0.0170
vn -0.7503 -0.6606 0.0253
vn -0.7477 -0.6633 0.0328
vn 0.3972 -0.9139 -0.0838
vn 0.0021 -0.9922 0.1247
vn 0.0167 -0.9974 0.0708
vn -0.1852 -0.8971 0.4012
vn -0.3203 -0.9456 -0.0570
vn -0.0897 -0.9950 0.0450
vn -0.2347 -0.9716 -0.0315
vn -0.7246 -0.6892 0.0021
vn -0.4555 -0.8890 -0.0460
vn -0.3414 -0.9394 -0.0317
vn -0.3566 -0.9210 0.1569
vn -0.5289 -0.8458 -0.0700
vn -0.4750 -0.8800 -0.0086
vn -0.3510 -0.9362 0.0161
vn -0.0860 -0.9955 0.0398
vn -0.2113 -0.9771 0.0241
vn -0.2332 -0.9722 0.0207
vn -0.0288 -0.9976 0.0625
vn 0.0314 -0.9984 0.0461
vn -0.1084 -0.9937 0.0282
vn -0.2877 -0.9577 0.0050
vn -0.3894 -0.9210 0.0087
vn 0.0501 -0.9977 0.0457
vn -0.1870 -0.9821 0.0226
vn 0.1918 -0.9808 0.0360
vn 0.1890 -0.9813 0.0358
vn -0.8513 -0.5212 -0.0612
vn 0.3140 -0.9491 0.0265
vn -0.7787 -0.6240 -0.0651
vn 0.4953 -0.8687 0.0083
vn 0.4455 -0.8948 0.0288
vn -0.1151 -0.9167 0.3827
vn -0.1295 -0.9286 0.3478
vn -0.0268 -0.9886 0.1482
vn -0.0362 -0.9620 0.2706
vn 0.1652 -0.9855 0.0391
vn 0.2278 -0.9695 0.0903
vn 0.2018 -0.9759 0.0827
vn 0.2185 -0.9742 0.0564
vn -0.0289 -0.9994 -0.0205
vn -0.0550 -0.9984 -0.0120
vn -0.0341 -0.9979 0.0549
vn -0.0014 0.1162 0.9932
vn -0.0177 0.1074 0.9941
vn -0.0466 0.1131 0.9925
vn 0.0372 0.1013 -0.9942
vn 0.0631 0.1018 -0.9928
vn 0.0691 0.1099 -0.9915
vn 0.9222 -0.1700 0.3472
vn 0.9313 -0.1574 0.3285
vn 0.9261 -0.1546 0.3442
vn 0.2229 0.6155 0.7559
vn 0.1062 0.7236 0.6820
vn 0.1988 0.6046 0.7713
vn 0.0092 0.8062 0.5915
vn 0.0067 0.8328 0.5536
vn -0.0356 0.7971 0.6028
vn -0.1134 0.7221 0.6825
vn 0.3401 0.4697 0.8147
vn 0.4379 0.3959 0.8071
vn 0.5043 0.2284 0.8328
vn 0.5525 0.1843 0.8129
vn 0.5437 0.0893 0.8345
vn 0.0617 0.7806 0.6220
vn -0.4933 0.1946 0.8478
vn -0.4655 0.2476 0.8497
vn -0.3181 0.5180 0.7940
vn -0.2323 0.6336 0.7380
vn -0.3850 0.4433 0.8095
vn 0.1015 0.7080 0.6989
vn -0.5183 0.0677 0.8525
vn -0.5272 0.0634 0.8474
vn -0.0746 0.7396 0.6688
vn -0.1611 0.6686 0.7260
vn -0.0107 -0.8154 -0.5788
vn 0.0317 -0.8013 -0.5975
vn -0.0038 -0.8397 -0.5431
vn 0.1328 -0.6878 -0.7136
vn -0.4227 -0.4060 -0.8102
vn -0.5115 -0.2377 -0.8257
vn -0.3536 -0.4865 -0.7989
vn -0.5468 -0.1954 -0.8141
vn -0.5434 -0.0891 -0.8347
vn 0.2222 -0.6174 -0.7546
vn 0.3146 -0.5381 -0.7820
vn 0.4817 -0.1917 -0.8551
vn 0.4754 -0.2422 -0.8458
vn -0.2478 -0.6192 -0.7451
vn -0.2205 -0.6505 -0.7268
vn -0.1240 -0.7183 -0.6846
vn 0.3836 -0.4472 -0.8080
vn -0.0586 -0.7763 -0.6277
vn -0.1003 -0.7420 -0.6628
vn 0.5182 -0.0789 -0.8516
vn 0.5253 -0.0663 -0.8483
vn 0.1814 -0.6647 -0.7247
vn 0.0764 -0.7329 -0.6760
vn -0.1648 -0.5407 0.8249
vn -0.1904 -0.5717 0.7980
vn -0.0983 -0.8746 -0.4747
vn -0.1015 0.0006 0.9948
vn -0.0396 -0.9972 0.0632
vn -0.0414 -0.9979 0.0504
vn -0.0399 -0.9982 0.0445
vn 0.1418 0.9344 0.3267
vn 0.1849 0.9155 0.3574
vn 0.1590 0.9318 0.3263
vn -0.0994 0.7239 0.6827
vn -0.0426 0.7799 0.6244
vn -0.0923 0.7306 0.6766
vn -0.5196 0.1049 0.8479
vn -0.4558 0.2662 0.8493
vn -0.4640 0.2746 0.8422
vn 0.0283 0.8099 0.5859
vn 0.0428 0.7912 0.6101
vn -0.0254 0.8000 0.5994
vn 0.5224 0.0888 0.8481
vn 0.4452 0.3074 0.8410
vn 0.5515 0.1511 0.8204
vn -0.3378 0.4808 0.8092
vn -0.2728 0.5415 0.7952
vn 0.5336 0.1402 0.8341
vn 0.2341 0.6136 0.7541
vn 0.4319 0.3719 0.8217
vn 0.0944 0.7331 0.6736
vn 0.2080 0.6326 0.7460
vn -0.5329 0.1034 0.8399
vn -0.5117 0.0443 0.8580
vn 0.0063 0.6820 0.7313
vn 0.1210 0.7468 0.6540
vn -0.1987 0.6478 0.7354
vn 0.3344 -0.4815 -0.8101
vn 0.2678 -0.5682 -0.7781
vn 0.4638 -0.2687 -0.8442
vn 0.5205 -0.1050 -0.8474
vn 0.4644 -0.2753 -0.8417
vn -0.0066 -0.5364 -0.8439
vn 0.1039 -0.7032 -0.7033
vn -0.0359 -0.2100 -0.9770
vn -0.0350 -0.8153 -0.5780
vn 0.0277 -0.8204 -0.5711
vn -0.0283 -0.7990 -0.6006
vn -0.5222 -0.0901 -0.8480
vn -0.5512 -0.1515 -0.8205
vn -0.4470 -0.3089 -0.8395
vn -0.5295 -0.1417 -0.8364
vn -0.2317 -0.6217 -0.7482
vn -0.4275 -0.3692 -0.8252
vn -0.0759 -0.7341 -0.6748
vn -0.2037 -0.6302 -0.7492
vn 0.5342 -0.1015 -0.8392
vn 0.5107 -0.0434 -0.8587
vn 0.1391 -0.7131 -0.6872
vn -0.1215 -0.7564 -0.6427
vn 0.1514 -0.6336 -0.7587
vn 0.1685 -0.6886 0.7053
vn 0.1283 -0.6950 0.7075
vn 0.0953 -0.8940 -0.4377
vn 0.0974 -0.1593 0.9824
vn 0.2093 0.9463 0.2463
vn 0.2469 0.9299 0.2726
vn 0.2298 0.9409 0.2487
vn -0.0260 0.2266 -0.9736
vn 0.0008 0.2444 -0.9697
vn 0.0314 0.2311 -0.9724
vn 0.0363 0.3963 -0.9174
vn 0.0421 0.3998 -0.9156
vn 0.0758 0.3912 -0.9172
vn 1.0000 0.0001 0.0001
vn -0.0000 -0.0000 -1.0000
vn 1.0000 -0.0000 -0.0000
vn 0.9703 -0.2354 -0.0548
vn 0.9998 0.0180 0.0026
vn 0.9996 0.0204 0.0178
vn 0.9444 -0.3105 -0.1079
vn -0.0000 -0.0000 1.0000
vn 0.9437 -0.3273 0.0480
vn 0.9476 -0.3134 0.0618
vn 0.9461 -0.2958 -0.1320
vn 0.9996 0.0247 0.0100
vn 0.9912 -0.1297 -0.0269
vn 0.9959 0.0755 -0.0508
vn 1.0000 0.0085 -0.0033
vn 0.9866 -0.1501 -0.0638
vn 0.9986 -0.0519 -0.0129
vn 0.9371 -0.3425 0.0679
vn 0.9353 -0.3231 -0.1440
vn 0.8875 -0.3584 -0.2896
vn 0.9953 -0.0923 -0.0306
vn 0.9328 -0.3463 0.0997
vn 0.9246 -0.3223 -0.2031
vn -0.2500 -0.9198 0.3023
vn 0.9545 0.1275 -0.2694
vn 0.9309 -0.3617 0.0521
vn 0.9319 -0.3434 -0.1167
vn 0.9191 -0.3834 0.0903
vn 0.9142 -0.3598 -0.1863
vn 0.8760 -0.3675 -0.3124
vn -0.6452 0.1467 -0.7498
vn 0.5592 -0.0992 -0.8231
vn 0.8555 -0.5027 -0.1238
vn 0.5502 -0.6612 0.5100
vn 0.2655 -0.5981 0.7561
vn -0.0458 -0.9696 0.2402
vn 0.9403 -0.3348 -0.0615
vn -0.2303 -0.1210 -0.9656
vn 0.9998 -0.0188 0.0073
vn 0.9994 0.0112 0.0328
vn -0.5043 0.6384 0.5815
vn 0.9190 -0.3914 -0.0466
vn 0.9118 -0.4049 0.0685
vn 0.9998 -0.0205 0.0083
vn 0.9896 -0.1323 0.0562
vn 0.9117 -0.4038 -0.0755
vn 0.8994 -0.4171 0.1309
vn 0.8843 -0.4145 -0.2148
vn 0.1626 -0.3592 0.9190
vn 0.8853 -0.3384 -0.3190
vn 0.9999 -0.0095 0.0052
vn 0.9999 -0.0129 0.0031
vn 0.9314 -0.3482 0.1057
vn 0.9402 -0.3349 -0.0619
vn 0.9456 -0.3168 -0.0733
vn 0.9347 -0.3300 0.1320
vn 0.9999 -0.0165 0.0043
vn -0.9504 0.1398 0.2778
vn 0.9998 -0.0100 -0.0146
vn 1.0000 0.0045 -0.0017
vn 0.8724 -0.3760 -0.3124
vn 0.9998 0.0162 -0.0075
vn 0.9403 -0.3316 -0.0768
vn 0.9285 -0.3448 0.1382
vn 0.9913 -0.1290 0.0254
vn 1.0000 0.0026 -0.0012
vn 0.9399 -0.3390 -0.0407
vn 0.9340 -0.3523 0.0591
vn 0.0648 -0.9508 0.3029
vn 0.9530 -0.2998 -0.0430
vn 0.9341 -0.3513 -0.0635
vn 0.9247 -0.3648 0.1085
vn 0.9232 -0.3715 -0.0983
vn 0.9050 -0.3843 0.1824
vn 0.8807 0.1733 -0.4409
vn 0.0939 0.2634 0.9601
vn 0.0054 0.0406 0.9992
vn 0.9342 0.3052 0.1849
vn -0.0716 0.7134 0.6971
vn 0.2542 0.6932 0.6744
vn -0.2465 0.7053 0.6646
vn -0.1230 0.0529 0.9910
vn -0.1356 0.0794 0.9876
vn -0.0528 0.9878 -0.1465
vn 0.8796 0.1296 0.4578
vn 0.3244 -0.7751 0.5422
vn -0.1045 0.0106 0.9945
vn 0.9324 0.3292 -0.1490
vn 1.0000 -0.0086 0.0025
vn 0.7137 -0.5226 -0.4665
vn 0.9120 0.4030 0.0768
vn 0.8987 0.4207 -0.1239
vn 0.9998 -0.0213 0.0019
vn 0.9991 -0.0380 0.0168
vn 0.8070 0.5806 0.1078
vn 0.9874 0.1032 0.1197
vn 0.9412 0.3227 0.0999
vn 0.9646 0.1639 0.2064
vn -0.0334 0.9989 0.0318
vn 0.0027 1.0000 0.0014
vn 0.9999 0.0113 0.0016
vn 1.0000 -0.0040 0.0017
vn 0.9967 0.0334 -0.0742
vn 0.9591 0.2797 -0.0442
vn 0.9632 0.2667 0.0328
vn 0.9519 0.3049 0.0292
vn -0.1565 -0.0367 0.9870
vn 0.9999 0.0121 -0.0068
vn -0.1242 0.9876 0.0964
vn 0.8243 -0.3209 -0.4665
vn 0.9999 0.0089 -0.0054
vn -0.0137 -0.3533 0.9354
vn 1.0000 0.0006 -0.0015
vn 0.9422 0.3335 0.0321
vn 0.9364 0.3489 -0.0366
vn 0.9975 -0.0680 0.0171
vn 0.9999 -0.0101 0.0097
vn 0.9617 0.2739 0.0068
vn 0.9584 0.2851 0.0101
vn 0.2120 -0.6451 0.7341
vn 0.9753 0.0989 0.1976
vn 0.9697 0.2440 0.0079
vn 0.9671 0.2544 0.0058
vn 0.9574 0.2841 0.0526
vn 0.9506 0.2988 -0.0843
vn 0.9949 0.0989 -0.0210
vn 0.1642 -0.1158 0.9796
vn 0.0531 -0.0848 0.9950
vn -0.0590 0.9979 -0.0279
vn -0.0712 0.9958 -0.0570
vn -0.0440 0.9936 -0.1036
vn 0.4305 0.6305 0.6459
vn 0.9368 0.3464 -0.0494
vn -0.1182 0.0437 0.9920
vn 0.9999 0.0111 0.0018
vn 0.8626 0.2218 0.4547
vn -0.8056 -0.0287 0.5918
vn 0.9405 0.3310 -0.0771
vn 0.9367 0.3074 0.1678
vn 0.9999 -0.0043 -0.0110
vn 0.7764 0.1330 0.6161
vn 0.8756 0.4779 -0.0706
vn 0.8775 0.4491 0.1682
vn 0.8683 0.4935 -0.0499
vn 0.8067 0.4089 -0.4266
vn 0.8855 0.4088 0.2207
vn 0.8525 0.0259 0.5220
vn 0.8517 0.3759 0.3651
vn 0.9997 0.0233 0.0099
vn 0.9423 0.3346 0.0118
vn 0.9370 0.3492 0.0083
vn 0.9443 0.3288 -0.0148
vn 0.1819 0.0475 -0.9822
vn 0.9998 0.0166 0.0094
vn 0.0585 -0.9887 0.1380
vn 0.9844 -0.1248 -0.1240
vn 1.0000 -0.0039 0.0034
vn 0.6202 -0.3528 0.7006
vn 0.9999 -0.0118 0.0005
vn 0.9388 0.3442 -0.0155
vn 0.9431 0.3280 0.0555
vn -0.2549 -0.9637 -0.0789
vn -0.0405 -0.5722 -0.8191
vn 0.1612 0.1320 -0.9781
vn 0.9582 0.2859 0.0069
vn 0.9619 0.2734 0.0095
vn 0.4520 -0.4604 0.7640
vn 0.9759 0.0279 0.2165
vn 0.9901 -0.0924 0.1060
vn 0.9583 0.2856 0.0072
vn 0.9618 0.2737 0.0100
vn 0.9529 0.3003 -0.0437
vn 0.9537 0.2820 0.1046
vn 0.9783 -0.1419 0.1507
vn 0.4489 -0.4453 0.7747
vn 0.8526 0.0258 0.5220
vn 0.4489 -0.4453 0.7748
vn 0.9894 -0.0938 0.1104
vt 0.466191 0.706743
vt 0.449575 0.706767
vt 0.469330 0.691370
vt 0.589667 0.706566
vt 0.594006 0.691500
vt 0.604717 0.706675
vt 0.530602 0.706644
vt 0.517238 0.706627
vt 0.517696 0.691669
vt 0.484452 0.706665
vt 0.499814 0.692235
vt 0.500485 0.706428
vt 0.546510 0.706659
vt 0.546778 0.691386
vt 0.566159 0.706685
vt 0.579368 0.691278
vt 0.563000 0.691472
vt 0.622106 0.706709
vt 0.622114 0.691313
vt 0.438637 0.706487
vt 0.428053 0.706714
vt 0.439423 0.691381
vt 0.428050 0.691294
vt 0.606269 0.691332
vt 0.579477 0.706675
vt 0.487269 0.691331
vt 0.530705 0.691456
vt 0.454439 0.691313
vt 0.486270 0.691234
vt 0.479309 0.706754
vt 0.496344 0.706434
vt 0.622127 0.691304
vt 0.612801 0.691494
vt 0.530599 0.706655
vt 0.517908 0.691693
vt 0.515151 0.706543
vt 0.595687 0.691477
vt 0.605800 0.706646
vt 0.546495 0.706657
vt 0.566148 0.706690
vt 0.546839 0.691376
vt 0.579403 0.691278
vt 0.563026 0.691463
vt 0.445837 0.706716
vt 0.439476 0.691377
vt 0.462351 0.706712
vt 0.455390 0.692347
vt 0.468096 0.691351
vt 0.579471 0.706677
vt 0.591435 0.706723
vt 0.500781 0.691691
vt 0.530693 0.691454
vt 0.535626 0.706717
vt 0.538770 0.706717
vt 0.532126 0.706717
vt 0.525127 0.706717
vt 0.528361 0.706717
vt 0.521624 0.706717
vt 0.473715 0.691272
vt 0.477521 0.691272
vt 0.480379 0.691272
vt 0.538587 0.691272
vt 0.542213 0.691272
vt 0.546018 0.691272
vt 0.565045 0.691272
vt 0.568851 0.691272
vt 0.571818 0.691272
vt 0.451832 0.667062
vt 0.454177 0.659758
vt 0.475781 0.659839
vt 0.488493 0.675000
vt 0.470275 0.674883
vt 0.486335 0.666548
vt 0.583985 0.668403
vt 0.600868 0.660146
vt 0.591102 0.675190
vt 0.603135 0.675189
vt 0.613996 0.675281
vt 0.612897 0.660184
vt 0.622127 0.675166
vt 0.504473 0.675054
vt 0.516728 0.659930
vt 0.525850 0.674917
vt 0.622121 0.659746
vt 0.577021 0.675118
vt 0.550016 0.659877
vt 0.565919 0.660347
vt 0.558428 0.674747
vt 0.437665 0.675139
vt 0.428051 0.675152
vt 0.437050 0.659899
vt 0.456038 0.675189
vt 0.428050 0.659745
vt 0.581900 0.659886
vt 0.498372 0.660014
vt 0.528431 0.659996
vt 0.545166 0.675208
vt 0.452057 0.667067
vt 0.475798 0.659837
vt 0.454202 0.659758
vt 0.450222 0.675188
vt 0.462171 0.675230
vt 0.583983 0.668408
vt 0.591098 0.675190
vt 0.600874 0.660146
vt 0.603156 0.675188
vt 0.613985 0.675287
vt 0.612891 0.660191
vt 0.522186 0.674882
vt 0.516746 0.659924
vt 0.551635 0.674857
vt 0.530519 0.661228
vt 0.537281 0.675081
vt 0.579924 0.675189
vt 0.550011 0.659881
vt 0.565908 0.660353
vt 0.437649 0.675145
vt 0.437002 0.659899
vt 0.428051 0.675153
vt 0.475872 0.675181
vt 0.490200 0.674902
vt 0.486353 0.666540
vt 0.565719 0.675059
vt 0.581924 0.659888
vt 0.498389 0.660013
vt 0.443801 0.675189
vt 0.439201 0.675189
vt 0.441176 0.675189
vt 0.473715 0.659745
vt 0.477521 0.659745
vt 0.480246 0.659745
vt 0.566240 0.659745
vt 0.572656 0.659745
vt 0.576366 0.659745
vt 0.672031 0.636033
vt 0.682081 0.663932
vt 0.667621 0.652025
vt 0.662011 0.674037
vt 0.829854 0.779844
vt 0.823182 0.791506
vt 0.805086 0.792525
vt 0.959514 0.691565
vt 0.942304 0.703094
vt 0.953071 0.693399
vt 0.956115 0.698509
vt 0.942535 0.706405
vt 0.656831 0.690823
vt 0.663497 0.698968
vt 0.655071 0.695900
vt 0.871740 0.661016
vt 0.863890 0.674880
vt 0.862947 0.638676
vt 0.904522 0.657141
vt 0.894800 0.666584
vt 0.894393 0.636751
vt 0.944057 0.636042
vt 0.948783 0.653152
vt 0.930737 0.656101
vt 0.925088 0.709004
vt 0.938270 0.694241
vt 0.934275 0.711932
vt 0.929613 0.714913
vt 0.843536 0.772086
vt 0.842240 0.785964
vt 0.858752 0.776866
vt 0.960998 0.695904
vt 0.820372 0.764605
vt 0.800442 0.761145
vt 0.722450 0.658605
vt 0.724793 0.636401
vt 0.750060 0.662397
vt 0.909850 0.713903
vt 0.904771 0.689593
vt 0.914479 0.700571
vt 0.837469 0.762145
vt 0.843729 0.749681
vt 0.857391 0.755405
vt 0.684746 0.636283
vt 0.923130 0.637505
vt 0.924258 0.691308
vt 0.898529 0.708576
vt 0.713307 0.636486
vt 0.711670 0.655683
vt 0.701984 0.636382
vt 0.768866 0.636481
vt 0.768396 0.654847
vt 0.917346 0.655830
vt 0.910104 0.636887
vt 0.783106 0.766397
vt 0.793259 0.789432
vt 0.776507 0.783988
vt 0.693664 0.655035
vt 0.672074 0.697813
vt 0.696382 0.716497
vt 0.683782 0.708917
vt 0.716377 0.732941
vt 0.707090 0.718066
vt 0.812067 0.636088
vt 0.819186 0.658140
vt 0.791683 0.636600
vt 0.836164 0.637579
vt 0.831069 0.657090
vt 0.953446 0.672870
vt 0.914119 0.727062
vt 0.712168 0.682082
vt 0.704168 0.672244
vt 0.752728 0.636125
vt 0.777279 0.636773
vt 0.776861 0.654292
vt 0.675314 0.687352
vt 0.850496 0.636886
vt 0.851072 0.662650
vt 0.877131 0.638661
vt 0.891844 0.748688
vt 0.874206 0.747585
vt 0.884457 0.739834
vt 0.831847 0.736024
vt 0.887707 0.689117
vt 0.694229 0.679464
vt 0.688658 0.696504
vt 0.718976 0.720140
vt 0.728577 0.742731
vt 0.876977 0.762728
vt 0.902929 0.737741
vt 0.903642 0.722933
vt 0.760197 0.774302
vt 0.746614 0.762502
vt 0.765107 0.745281
vt 0.711150 0.706759
vt 0.915052 0.682075
vt 0.894291 0.732333
vt 0.888131 0.718018
vt 0.698017 0.707317
vt 0.802812 0.675918
vt 0.769526 0.678094
vt 0.851158 0.728422
vt 0.781897 0.687528
vt 0.862543 0.732033
vt 0.760610 0.685061
vt 0.773492 0.693142
vt 0.829963 0.686956
vt 0.877260 0.688495
vt 0.742287 0.727998
vt 0.873126 0.714911
vt 0.728389 0.706412
vt 0.703800 0.694030
vt 0.733947 0.675860
vt 0.719419 0.693288
vt 0.795604 0.705929
vt 0.862745 0.701144
vt 0.747208 0.710386
vt 0.738968 0.689205
vt 0.766618 0.701661
vt 0.754897 0.695000
vt 0.761780 0.716846
vt 0.856100 0.694940
vt 0.844481 0.704366
vt 0.829604 0.708671
vt 0.756479 0.742628
vt 0.772964 0.727249
vt 0.767664 0.719727
vt 0.793185 0.740892
vt 0.813767 0.713128
vt 0.808726 0.736289
vt 0.911734 0.728481
vt 0.920049 0.722665
vt 0.931877 0.713083
vt 0.942310 0.703086
vt 0.940971 0.707425
vt 0.956038 0.698550
vt 0.959523 0.691551
vt 0.656743 0.691422
vt 0.662994 0.698763
vt 0.682479 0.662706
vt 0.672021 0.636071
vt 0.661123 0.675999
vt 0.674301 0.699432
vt 0.681198 0.707515
vt 0.906643 0.652378
vt 0.907856 0.683592
vt 0.915861 0.681669
vt 0.840348 0.706913
vt 0.816588 0.733056
vt 0.832879 0.736782
vt 0.764379 0.760101
vt 0.774737 0.783217
vt 0.783140 0.766415
vt 0.898293 0.637868
vt 0.761338 0.775129
vt 0.930822 0.656354
vt 0.949241 0.656824
vt 0.805232 0.792521
vt 0.823108 0.791520
vt 0.834240 0.777903
vt 0.844382 0.765920
vt 0.842233 0.785970
vt 0.858817 0.776837
vt 0.820228 0.765635
vt 0.796222 0.778105
vt 0.711668 0.655682
vt 0.722337 0.660122
vt 0.714357 0.636482
vt 0.838056 0.759731
vt 0.857395 0.755403
vt 0.684801 0.636282
vt 0.923124 0.637486
vt 0.938810 0.695040
vt 0.949097 0.687843
vt 0.897086 0.707300
vt 0.910242 0.712907
vt 0.901128 0.691926
vt 0.790055 0.789523
vt 0.701640 0.636185
vt 0.697345 0.655074
vt 0.770228 0.636508
vt 0.776554 0.652939
vt 0.783826 0.636477
vt 0.751261 0.662959
vt 0.768522 0.654689
vt 0.918340 0.655622
vt 0.912365 0.636547
vt 0.927399 0.706085
vt 0.924161 0.690004
vt 0.726963 0.636789
vt 0.694834 0.715669
vt 0.827347 0.659041
vt 0.837052 0.637066
vt 0.803247 0.636239
vt 0.704172 0.672235
vt 0.711989 0.682599
vt 0.752412 0.636174
vt 0.788798 0.656198
vt 0.838728 0.671883
vt 0.852091 0.660824
vt 0.872723 0.636734
vt 0.856870 0.637217
vt 0.865036 0.663179
vt 0.891864 0.748668
vt 0.884457 0.739830
vt 0.874757 0.747482
vt 0.886721 0.687828
vt 0.889178 0.637632
vt 0.694224 0.679449
vt 0.689222 0.697188
vt 0.700175 0.708935
vt 0.708357 0.724239
vt 0.679394 0.685326
vt 0.877004 0.762740
vt 0.903644 0.722950
vt 0.902951 0.737720
vt 0.718305 0.719648
vt 0.711149 0.706746
vt 0.894280 0.732342
vt 0.887501 0.716952
vt 0.745206 0.762032
vt 0.761763 0.743289
vt 0.725747 0.739584
vt 0.769524 0.678129
vt 0.860698 0.734526
vt 0.871199 0.717086
vt 0.849573 0.731710
vt 0.760612 0.685056
vt 0.779219 0.684067
vt 0.802613 0.677162
vt 0.865494 0.687349
vt 0.877242 0.688493
vt 0.747250 0.725504
vt 0.728119 0.703734
vt 0.703804 0.694030
vt 0.859748 0.707701
vt 0.746842 0.707396
vt 0.736177 0.681472
vt 0.719224 0.692157
vt 0.916902 0.701538
vt 0.803681 0.760187
vt 0.766623 0.701644
vt 0.773431 0.694611
vt 0.760363 0.723441
vt 0.752968 0.689681
vt 0.855067 0.693906
vt 0.770497 0.738980
vt 0.767672 0.719712
vt 0.796115 0.746953
vt 0.774925 0.720487
vt 0.808726 0.714551
vt 0.793949 0.718596
vt 0.819897 0.698348
vt 0.725666 0.636037
vt 0.730370 0.636037
vt 0.733743 0.636037
vt 0.742499 0.636037
vt 0.752495 0.636037
vt 0.746868 0.636037
vt 0.760146 0.636037
vt 0.756762 0.636037
vt 0.763977 0.636037
vt 0.803294 0.636037
vt 0.819498 0.636037
vt 0.811419 0.636037
vt 0.082366 0.682256
vt 0.088643 0.659744
vt 0.096493 0.660134
vt 0.099315 0.680076
vt 0.263011 0.791228
vt 0.270847 0.799509
vt 0.248179 0.811168
vt 0.130848 0.661397
vt 0.129182 0.690969
vt 0.120604 0.688227
vt 0.100252 0.736970
vt 0.089122 0.729360
vt 0.101530 0.733322
vt 0.112301 0.747811
vt 0.103505 0.727608
vt 0.086118 0.719241
vt 0.200597 0.813606
vt 0.180450 0.804786
vt 0.190467 0.803707
vt 0.071726 0.719496
vt 0.076955 0.722432
vt 0.360651 0.659747
vt 0.365854 0.678942
vt 0.346325 0.695937
vt 0.346401 0.676387
vt 0.247539 0.798102
vt 0.349490 0.731879
vt 0.355636 0.723755
vt 0.368629 0.722969
vt 0.289599 0.783581
vt 0.286835 0.756238
vt 0.314163 0.758600
vt 0.300101 0.749199
vt 0.315688 0.743373
vt 0.103530 0.712148
vt 0.374864 0.710866
vt 0.377606 0.719600
vt 0.369244 0.716298
vt 0.120521 0.708740
vt 0.123505 0.732259
vt 0.114190 0.720031
vt 0.342263 0.659863
vt 0.074610 0.711597
vt 0.142425 0.661126
vt 0.163897 0.677343
vt 0.170757 0.660670
vt 0.174690 0.692476
vt 0.201328 0.676110
vt 0.186228 0.660562
vt 0.207630 0.659939
vt 0.233906 0.661216
vt 0.342800 0.719680
vt 0.331988 0.731000
vt 0.330017 0.717407
vt 0.359662 0.708848
vt 0.116178 0.660611
vt 0.229995 0.816024
vt 0.111126 0.683463
vt 0.152898 0.661822
vt 0.307878 0.660000
vt 0.312233 0.675583
vt 0.296114 0.674242
vt 0.171350 0.785120
vt 0.156389 0.787287
vt 0.143284 0.771084
vt 0.137481 0.756524
vt 0.150011 0.754445
vt 0.323709 0.661071
vt 0.281321 0.776792
vt 0.256478 0.765701
vt 0.122544 0.754776
vt 0.250888 0.660376
vt 0.258587 0.677892
vt 0.250090 0.675852
vt 0.241383 0.685857
vt 0.269800 0.661857
vt 0.302791 0.688691
vt 0.139235 0.710900
vt 0.132255 0.749638
vt 0.129209 0.743876
vt 0.150888 0.694300
vt 0.337769 0.688955
vt 0.199158 0.771789
vt 0.324154 0.694958
vt 0.161382 0.767593
vt 0.134157 0.765613
vt 0.128269 0.717749
vt 0.334601 0.741682
vt 0.323332 0.729442
vt 0.154074 0.719655
vt 0.269758 0.762436
vt 0.184720 0.709700
vt 0.204344 0.699743
vt 0.253581 0.699908
vt 0.263618 0.700474
vt 0.259950 0.723907
vt 0.142414 0.736866
vt 0.162344 0.712964
vt 0.273421 0.713014
vt 0.285485 0.704014
vt 0.277219 0.728438
vt 0.167854 0.742007
vt 0.176041 0.756894
vt 0.252547 0.713905
vt 0.234764 0.723297
vt 0.210878 0.743109
vt 0.236788 0.782325
vt 0.257148 0.733649
vt 0.222374 0.771166
vt 0.222511 0.790119
vt 0.215124 0.815001
vt 0.252244 0.743433
vt 0.192957 0.749885
vt 0.316717 0.707333
vt 0.304521 0.705907
vt 0.296828 0.718895
vt 0.307234 0.732041
vt 0.290804 0.732074
vt 0.224771 0.751442
vt 0.260129 0.792873
vt 0.262362 0.804934
vt 0.275081 0.796531
vt 0.130606 0.660442
vt 0.131929 0.688681
vt 0.148122 0.660372
vt 0.082700 0.681636
vt 0.096508 0.660133
vt 0.088644 0.659744
vt 0.095444 0.678067
vt 0.100335 0.737029
vt 0.101519 0.733313
vt 0.089071 0.729329
vt 0.114961 0.748983
vt 0.103503 0.727614
vt 0.086119 0.719250
vt 0.202417 0.813747
vt 0.190399 0.803732
vt 0.180507 0.804818
vt 0.071725 0.719500
vt 0.076965 0.722436
vt 0.346387 0.676376
vt 0.347471 0.690567
vt 0.360651 0.659750
vt 0.217467 0.816304
vt 0.229479 0.816156
vt 0.240892 0.797235
vt 0.243645 0.812879
vt 0.371043 0.701402
vt 0.365167 0.677028
vt 0.288977 0.783996
vt 0.314662 0.758209
vt 0.287661 0.757005
vt 0.301417 0.745949
vt 0.318187 0.738028
vt 0.104388 0.714260
vt 0.205349 0.659815
vt 0.203226 0.677944
vt 0.234246 0.661366
vt 0.377609 0.719609
vt 0.375344 0.714248
vt 0.370218 0.722262
vt 0.120525 0.708737
vt 0.114187 0.720034
vt 0.123510 0.732249
vt 0.342255 0.659859
vt 0.074704 0.711575
vt 0.163720 0.694294
vt 0.174192 0.688540
vt 0.170749 0.660671
vt 0.306926 0.660369
vt 0.269408 0.660537
vt 0.296656 0.677788
vt 0.365715 0.718381
vt 0.350838 0.731464
vt 0.247552 0.675830
vt 0.234141 0.700304
vt 0.104575 0.681962
vt 0.110128 0.661143
vt 0.120613 0.688217
vt 0.110380 0.689729
vt 0.155087 0.687351
vt 0.259503 0.677713
vt 0.254662 0.660088
vt 0.310666 0.674921
vt 0.169560 0.788854
vt 0.156324 0.787227
vt 0.120422 0.660701
vt 0.138937 0.770273
vt 0.149927 0.747993
vt 0.137873 0.755908
vt 0.323728 0.661107
vt 0.274787 0.785927
vt 0.124685 0.756669
vt 0.143799 0.680281
vt 0.186387 0.661008
vt 0.252969 0.676788
vt 0.248884 0.660560
vt 0.315530 0.680687
vt 0.302488 0.688737
vt 0.161151 0.765917
vt 0.172668 0.781794
vt 0.132274 0.764792
vt 0.130338 0.746043
vt 0.256612 0.767108
vt 0.334462 0.689746
vt 0.355350 0.710496
vt 0.340210 0.702645
vt 0.346040 0.728717
vt 0.337412 0.725352
vt 0.330877 0.744970
vt 0.334804 0.741541
vt 0.189833 0.703590
vt 0.128264 0.717760
vt 0.249988 0.692959
vt 0.328966 0.719114
vt 0.271350 0.758200
vt 0.137264 0.732207
vt 0.180146 0.709743
vt 0.206802 0.701890
vt 0.252211 0.709532
vt 0.317854 0.703412
vt 0.264274 0.702091
vt 0.280134 0.721829
vt 0.287948 0.699316
vt 0.261558 0.735344
vt 0.256770 0.724897
vt 0.199783 0.728553
vt 0.253989 0.748417
vt 0.230951 0.786815
vt 0.233057 0.732745
vt 0.260703 0.757208
vt 0.165260 0.738295
vt 0.177266 0.760061
vt 0.221815 0.773397
vt 0.218358 0.747992
vt 0.203204 0.759251
vt 0.189112 0.749037
vt 0.249919 0.734557
vt 0.191215 0.781132
vt 0.301230 0.707337
vt 0.294366 0.727915
vt 0.314155 0.720512
vt 0.352009 0.730793
vt 0.349260 0.732348
vt 0.341241 0.737256
vt 0.083192 0.725864
vt 0.087107 0.728204
vt 0.078462 0.723222
vt 0.229098 0.659745
vt 0.219949 0.659745
vt 0.232858 0.659745
vt 0.277563 0.659745
vt 0.299295 0.659745
vt 0.289062 0.659745
vt 0.630883 0.095107
vt 0.597508 0.093151
vt 0.597181 0.070891
vt 0.655227 0.111546
vt 0.650950 0.071272
vt 0.837434 0.591029
vt 0.850152 0.577411
vt 0.847812 0.595713
vt 0.826020 0.588583
vt 0.816163 0.569658
vt 0.831097 0.574163
vt 0.936620 0.596492
vt 0.889129 0.612135
vt 0.864022 0.610512
vt 0.962621 0.435428
vt 0.949286 0.435789
vt 0.967011 0.417687
vt 0.628223 0.503211
vt 0.617671 0.515303
vt 0.620768 0.486617
vt 0.691202 0.071420
vt 0.699742 0.116765
vt 0.688922 0.148281
vt 0.732247 0.073413
vt 0.715418 0.123735
vt 0.722848 0.072953
vt 0.595774 0.382011
vt 0.597747 0.340508
vt 0.607414 0.348775
vt 0.974975 0.425656
vt 0.979284 0.422135
vt 0.794501 0.567327
vt 0.811082 0.587156
vt 0.783170 0.585081
vt 0.853079 0.548175
vt 0.622282 0.445662
vt 0.618508 0.453829
vt 0.612889 0.439050
vt 0.984385 0.090758
vt 0.969425 0.085837
vt 0.984649 0.070882
vt 0.620376 0.468095
vt 0.627644 0.467385
vt 0.757325 0.588260
vt 0.759951 0.571713
vt 0.613910 0.531938
vt 0.635026 0.527109
vt 0.643027 0.596079
vt 0.624330 0.586726
vt 0.637269 0.582594
vt 0.604402 0.425964
vt 0.719906 0.607809
vt 0.694503 0.598168
vt 0.696803 0.584460
vt 0.614102 0.415143
vt 0.593920 0.411744
vt 0.593387 0.417781
vt 0.902476 0.096195
vt 0.888901 0.071654
vt 0.916377 0.071205
vt 0.929063 0.093230
vt 0.962300 0.071495
vt 0.975531 0.110135
vt 0.604186 0.567026
vt 0.600638 0.578656
vt 0.869104 0.618401
vt 0.744331 0.551313
vt 0.988458 0.417759
vt 0.987999 0.411138
vt 0.967721 0.435552
vt 0.885043 0.592391
vt 0.857180 0.602499
vt 0.630074 0.484106
vt 0.635652 0.465328
vt 0.949547 0.420030
vt 0.864339 0.087954
vt 0.885986 0.095131
vt 0.952945 0.144769
vt 0.937307 0.142823
vt 0.960594 0.102110
vt 0.712731 0.618407
vt 0.695895 0.613144
vt 0.615391 0.400412
vt 0.611044 0.541029
vt 0.638982 0.501549
vt 0.627068 0.431076
vt 0.638512 0.455040
vt 0.812754 0.071741
vt 0.847754 0.071631
vt 0.837691 0.093695
vt 0.865639 0.071846
vt 0.956027 0.289940
vt 0.946113 0.319457
vt 0.937449 0.291655
vt 0.964887 0.440802
vt 0.960341 0.575951
vt 0.981204 0.578640
vt 0.953818 0.591028
vt 0.974902 0.562066
vt 0.609153 0.555891
vt 0.642416 0.556216
vt 0.637527 0.440303
vt 0.638771 0.483072
vt 0.751132 0.133004
vt 0.738892 0.202929
vt 0.732852 0.121663
vt 0.985052 0.381556
vt 0.956697 0.442959
vt 0.603665 0.368325
vt 0.939602 0.585581
vt 0.727508 0.599886
vt 0.636619 0.569893
vt 0.816041 0.549776
vt 0.797150 0.545131
vt 0.609521 0.112945
vt 0.755044 0.072019
vt 0.914725 0.097961
vt 0.983450 0.125386
vt 0.665932 0.594280
vt 0.667492 0.604230
vt 0.974403 0.375422
vt 0.961609 0.358312
vt 0.982456 0.352091
vt 0.957795 0.452554
vt 0.963637 0.450788
vt 0.962037 0.464555
vt 0.963386 0.516762
vt 0.967167 0.538768
vt 0.949044 0.537671
vt 0.971008 0.544999
vt 0.711215 0.574769
vt 0.734886 0.595127
vt 0.722382 0.561843
vt 0.744895 0.590926
vt 0.643817 0.461258
vt 0.672094 0.097904
vt 0.675414 0.072947
vt 0.871517 0.155145
vt 0.970913 0.155362
vt 0.606908 0.309665
vt 0.654992 0.486665
vt 0.651188 0.441161
vt 0.625393 0.187403
vt 0.610900 0.254823
vt 0.594253 0.143980
vt 0.703579 0.071528
vt 0.970193 0.186811
vt 0.667855 0.581667
vt 0.970962 0.342033
vt 0.954462 0.468859
vt 0.949285 0.461393
vt 0.947378 0.453907
vt 0.961463 0.482931
vt 0.959443 0.501433
vt 0.941665 0.498838
vt 0.945103 0.569850
vt 0.649352 0.470035
vt 0.656712 0.460878
vt 0.600652 0.275891
vt 0.981691 0.191066
vt 0.981560 0.265743
vt 0.953325 0.325284
vt 0.946596 0.490139
vt 0.938665 0.484418
vt 0.616660 0.370559
vt 0.622660 0.346842
vt 0.905592 0.579682
vt 0.927830 0.512611
vt 0.615964 0.283609
vt 0.849106 0.143945
vt 0.978680 0.295479
vt 0.967291 0.253861
vt 0.982046 0.315713
vt 0.956847 0.404723
vt 0.658748 0.449423
vt 0.930664 0.561720
vt 0.778723 0.115434
vt 0.952020 0.209218
vt 0.942759 0.442751
vt 0.631486 0.393875
vt 0.645703 0.373000
vt 0.661800 0.542304
vt 0.936822 0.474635
vt 0.933536 0.460040
vt 0.623434 0.318154
vt 0.647377 0.282705
vt 0.950575 0.338350
vt 0.646008 0.360527
vt 0.905287 0.138654
vt 0.937042 0.449092
vt 0.650866 0.189546
vt 0.896088 0.142821
vt 0.918849 0.450516
vt 0.925261 0.438687
vt 0.932180 0.187520
vt 0.650890 0.254308
vt 0.911328 0.208070
vt 0.920930 0.207209
vt 0.936185 0.219784
vt 0.862385 0.560260
vt 0.873077 0.572436
vt 0.880777 0.538464
vt 0.660751 0.500059
vt 0.690577 0.568401
vt 0.647382 0.379905
vt 0.685013 0.488301
vt 0.685960 0.511141
vt 0.804610 0.530144
vt 0.821284 0.522494
vt 0.631188 0.414579
vt 0.628763 0.156832
vt 0.726411 0.171359
vt 0.711362 0.199337
vt 0.763181 0.157344
vt 0.700969 0.163302
vt 0.675322 0.161299
vt 0.779723 0.173143
vt 0.663809 0.192636
vt 0.940164 0.242452
vt 0.861788 0.137223
vt 0.921966 0.249107
vt 0.910577 0.255106
vt 0.896612 0.212595
vt 0.916114 0.281268
vt 0.916989 0.550134
vt 0.912672 0.534307
vt 0.893689 0.570547
vt 0.667443 0.486928
vt 0.832861 0.144932
vt 0.656774 0.321702
vt 0.634940 0.344345
vt 0.682296 0.312886
vt 0.669514 0.305834
vt 0.677756 0.290859
vt 0.928733 0.489681
vt 0.917536 0.485945
vt 0.926286 0.471982
vt 0.893560 0.550482
vt 0.937814 0.419499
vt 0.944425 0.397849
vt 0.930012 0.385733
vt 0.934899 0.364515
vt 0.930957 0.429295
vt 0.912710 0.413354
vt 0.916308 0.397574
vt 0.915531 0.381077
vt 0.901449 0.401186
vt 0.889050 0.415363
vt 0.893198 0.436955
vt 0.895082 0.386875
vt 0.882389 0.409968
vt 0.651370 0.424611
vt 0.685976 0.441110
vt 0.641646 0.425905
vt 0.643641 0.410839
vt 0.649352 0.391704
vt 0.664476 0.389973
vt 0.674076 0.407984
vt 0.781926 0.545556
vt 0.673379 0.379439
vt 0.847253 0.530687
vt 0.865971 0.523869
vt 0.809169 0.499534
vt 0.772899 0.534776
vt 0.780251 0.519121
vt 0.791446 0.476762
vt 0.743441 0.242759
vt 0.676886 0.241248
vt 0.667100 0.256101
vt 0.917036 0.506272
vt 0.897063 0.508301
vt 0.672716 0.463407
vt 0.686142 0.525562
vt 0.669294 0.416706
vt 0.669438 0.558231
vt 0.688381 0.239994
vt 0.693822 0.287050
vt 0.668067 0.338429
vt 0.678634 0.349626
vt 0.669862 0.362487
vt 0.882228 0.141885
vt 0.947405 0.360870
vt 0.910822 0.368530
vt 0.921456 0.351533
vt 0.880506 0.429128
vt 0.880138 0.391764
vt 0.873879 0.425826
vt 0.887121 0.383906
vt 0.858530 0.416612
vt 0.869205 0.376667
vt 0.733834 0.530323
vt 0.782622 0.469113
vt 0.737976 0.512810
vt 0.742780 0.487725
vt 0.717150 0.535658
vt 0.836033 0.201961
vt 0.820462 0.181486
vt 0.704040 0.471058
vt 0.716369 0.497109
vt 0.861360 0.187385
vt 0.708092 0.270722
vt 0.699528 0.205705
vt 0.685315 0.376028
vt 0.685208 0.342294
vt 0.693821 0.371983
vt 0.699598 0.322736
vt 0.686030 0.397286
vt 0.709582 0.378874
vt 0.693276 0.403445
vt 0.908787 0.465386
vt 0.898534 0.365310
vt 0.911224 0.351439
vt 0.862625 0.457947
vt 0.874912 0.448925
vt 0.845408 0.439697
vt 0.889242 0.361966
vt 0.897330 0.346781
vt 0.876145 0.347791
vt 0.889915 0.339403
vt 0.902885 0.332342
vt 0.908358 0.292538
vt 0.915140 0.302773
vt 0.699051 0.546693
vt 0.723478 0.477246
vt 0.864383 0.496621
vt 0.846335 0.496968
vt 0.877842 0.473012
vt 0.895121 0.488507
vt 0.789957 0.225811
vt 0.688806 0.430399
vt 0.695437 0.452269
vt 0.696729 0.418473
vt 0.704055 0.435404
vt 0.689794 0.421551
vt 0.828980 0.489634
vt 0.857850 0.474565
vt 0.827782 0.463392
vt 0.912507 0.320435
vt 0.902456 0.287722
vt 0.896110 0.257990
vt 0.872739 0.232165
vt 0.711260 0.459248
vt 0.927424 0.330343
vt 0.897074 0.326089
vt 0.712698 0.332515
vt 0.837528 0.425360
vt 0.814853 0.430239
vt 0.798867 0.459869
vt 0.791572 0.436146
vt 0.858381 0.373493
vt 0.750237 0.458574
vt 0.757434 0.249289
vt 0.774524 0.294555
vt 0.880273 0.308108
vt 0.856826 0.264380
vt 0.844354 0.221222
vt 0.726834 0.267945
vt 0.721646 0.227752
vt 0.725257 0.338650
vt 0.718121 0.416557
vt 0.744825 0.417850
vt 0.732795 0.388537
vt 0.742262 0.356137
vt 0.847767 0.405363
vt 0.863510 0.337254
vt 0.825169 0.244627
vt 0.876518 0.285628
vt 0.847182 0.284126
vt 0.799835 0.258676
vt 0.771693 0.415235
vt 0.750612 0.375994
vt 0.774325 0.354376
vt 0.782337 0.406125
vt 0.782872 0.364257
vt 0.790250 0.407622
vt 0.796172 0.371887
vt 0.812813 0.399573
vt 0.825702 0.376038
vt 0.835729 0.349197
vt 0.784902 0.287135
vt 0.784923 0.321085
vt 0.838441 0.276087
vt 0.822718 0.306644
vt 0.736245 0.307124
vt 0.750245 0.298709
vt 0.794041 0.340537
vt 0.814074 0.347316
vt 0.936581 0.596448
vt 0.884170 0.601402
vt 0.888991 0.612347
vt 0.628410 0.503140
vt 0.620766 0.486585
vt 0.617670 0.515319
vt 0.698289 0.073566
vt 0.690285 0.128979
vt 0.700319 0.092625
vt 0.596396 0.371228
vt 0.608989 0.348879
vt 0.598589 0.336175
vt 0.962609 0.435405
vt 0.974986 0.425644
vt 0.956727 0.430214
vt 0.600620 0.578627
vt 0.624303 0.586731
vt 0.606040 0.560662
vt 0.622300 0.445650
vt 0.612833 0.438927
vt 0.618557 0.453844
vt 0.623101 0.553684
vt 0.611113 0.540892
vt 0.620334 0.468064
vt 0.627634 0.467381
vt 0.643140 0.596108
vt 0.636238 0.578063
vt 0.604416 0.425985
vt 0.840686 0.592307
vt 0.851501 0.597628
vt 0.847743 0.577466
vt 0.715470 0.613915
vt 0.692639 0.612194
vt 0.614104 0.415145
vt 0.593398 0.417672
vt 0.825991 0.588578
vt 0.831185 0.576423
vt 0.815915 0.568559
vt 0.924690 0.095155
vt 0.959073 0.084381
vt 0.961831 0.071484
vt 0.962716 0.248696
vt 0.973409 0.272566
vt 0.981839 0.255230
vt 0.984143 0.090876
vt 0.954195 0.099583
vt 0.963331 0.135945
vt 0.961298 0.474627
vt 0.962279 0.461419
vt 0.955210 0.466628
vt 0.610161 0.583363
vt 0.810291 0.586162
vt 0.973097 0.409487
vt 0.988457 0.417760
vt 0.988000 0.411138
vt 0.979316 0.422258
vt 0.967704 0.435583
vt 0.982691 0.295423
vt 0.632275 0.482601
vt 0.783033 0.585401
vt 0.792994 0.565357
vt 0.635399 0.467688
vt 0.975818 0.313515
vt 0.982671 0.351471
vt 0.948289 0.416061
vt 0.961225 0.574927
vt 0.981203 0.578637
vt 0.976691 0.564563
vt 0.599134 0.397700
vt 0.633270 0.527625
vt 0.614522 0.529231
vt 0.869136 0.618454
vt 0.859535 0.605047
vt 0.644215 0.506004
vt 0.634225 0.452028
vt 0.627070 0.431075
vt 0.857914 0.071631
vt 0.838792 0.088733
vt 0.855096 0.088995
vt 0.868925 0.086718
vt 0.879440 0.072680
vt 0.964886 0.440803
vt 0.665137 0.591522
vt 0.984649 0.070884
vt 0.953602 0.591129
vt 0.720936 0.606454
vt 0.699705 0.593260
vt 0.660054 0.553729
vt 0.638839 0.487782
vt 0.637747 0.440466
vt 0.597440 0.084324
vt 0.596536 0.089910
vt 0.620273 0.090993
vt 0.637865 0.071112
vt 0.597145 0.070890
vt 0.820682 0.071028
vt 0.894845 0.071990
vt 0.901110 0.100994
vt 0.916313 0.071436
vt 0.983211 0.382203
vt 0.963627 0.450638
vt 0.956568 0.451644
vt 0.956469 0.443326
vt 0.937028 0.585116
vt 0.729466 0.598579
vt 0.810655 0.552601
vt 0.849135 0.550941
vt 0.719290 0.072255
vt 0.727448 0.100550
vt 0.736899 0.072051
vt 0.912876 0.100332
vt 0.982477 0.180004
vt 0.972665 0.171414
vt 0.972777 0.370947
vt 0.956505 0.353771
vt 0.603672 0.368329
vt 0.971325 0.543850
vt 0.966401 0.533379
vt 0.949405 0.535820
vt 0.724806 0.562992
vt 0.741478 0.592198
vt 0.757473 0.588399
vt 0.755835 0.551846
vt 0.647082 0.469089
vt 0.654667 0.478422
vt 0.652812 0.491959
vt 0.641152 0.456030
vt 0.645659 0.096439
vt 0.665834 0.072897
vt 0.711187 0.103914
vt 0.758200 0.071176
vt 0.871370 0.142789
vt 0.968618 0.293982
vt 0.947457 0.318350
vt 0.947762 0.436706
vt 0.961666 0.502898
vt 0.947560 0.519722
vt 0.651525 0.440793
vt 0.599336 0.150198
vt 0.618504 0.164763
vt 0.983355 0.121142
vt 0.971007 0.342268
vt 0.946068 0.459166
vt 0.961519 0.484002
vt 0.621116 0.396325
vt 0.940233 0.568784
vt 0.657138 0.460334
vt 0.625590 0.140997
vt 0.674784 0.114893
vt 0.684159 0.071581
vt 0.947891 0.468244
vt 0.615514 0.369747
vt 0.625897 0.344855
vt 0.612843 0.306197
vt 0.600104 0.276214
vt 0.957544 0.323925
vt 0.940915 0.482885
vt 0.943182 0.499872
vt 0.628432 0.380235
vt 0.659103 0.449861
vt 0.638474 0.370225
vt 0.931545 0.553610
vt 0.774571 0.116157
vt 0.643077 0.358762
vt 0.691901 0.581977
vt 0.644965 0.181789
vt 0.946546 0.283955
vt 0.932547 0.493139
vt 0.666033 0.541318
vt 0.628118 0.286314
vt 0.603486 0.247722
vt 0.933529 0.460043
vt 0.848559 0.139556
vt 0.621122 0.217238
vt 0.647174 0.274897
vt 0.642268 0.407958
vt 0.900537 0.141507
vt 0.937035 0.449082
vt 0.942863 0.443175
vt 0.926644 0.439751
vt 0.921127 0.449829
vt 0.927325 0.158214
vt 0.945895 0.142780
vt 0.918065 0.206370
vt 0.930295 0.210137
vt 0.861222 0.552722
vt 0.869724 0.574357
vt 0.887960 0.582538
vt 0.656792 0.515553
vt 0.676817 0.506135
vt 0.956865 0.404946
vt 0.713124 0.579753
vt 0.706531 0.558538
vt 0.697051 0.569404
vt 0.651734 0.378004
vt 0.815503 0.536960
vt 0.813251 0.519639
vt 0.788184 0.531345
vt 0.631183 0.414573
vt 0.748124 0.154498
vt 0.737258 0.140714
vt 0.754739 0.181105
vt 0.699908 0.147201
vt 0.714074 0.190845
vt 0.725335 0.157222
vt 0.825588 0.106198
vt 0.703860 0.187514
vt 0.806056 0.147851
vt 0.659671 0.145710
vt 0.675807 0.165789
vt 0.940996 0.300094
vt 0.860406 0.131981
vt 0.948148 0.219565
vt 0.934842 0.245981
vt 0.922026 0.249199
vt 0.903421 0.196063
vt 0.894641 0.213599
vt 0.913358 0.253526
vt 0.916127 0.281247
vt 0.910674 0.540418
vt 0.895046 0.564803
vt 0.674622 0.485956
vt 0.661303 0.564702
vt 0.835313 0.148224
vt 0.654245 0.327578
vt 0.645168 0.310152
vt 0.670029 0.310711
vt 0.681730 0.312485
vt 0.677768 0.290903
vt 0.931169 0.482175
vt 0.918897 0.484480
vt 0.925453 0.472872
vt 0.918228 0.505133
vt 0.879020 0.552237
vt 0.935561 0.384717
vt 0.938148 0.418987
vt 0.923783 0.405394
vt 0.935151 0.364773
vt 0.931204 0.431067
vt 0.915468 0.387628
vt 0.904337 0.422810
vt 0.904728 0.401846
vt 0.891171 0.424279
vt 0.905854 0.377535
vt 0.892031 0.390054
vt 0.885533 0.411338
vt 0.896076 0.364967
vt 0.651365 0.424447
vt 0.641646 0.425903
vt 0.658123 0.397165
vt 0.780020 0.544491
vt 0.649226 0.385083
vt 0.671939 0.406302
vt 0.847779 0.530897
vt 0.833701 0.492259
vt 0.797154 0.494052
vt 0.761629 0.214376
vt 0.778493 0.259366
vt 0.687683 0.179192
vt 0.664578 0.207452
vt 0.660529 0.274052
vt 0.667816 0.254758
vt 0.926747 0.515414
vt 0.888333 0.525416
vt 0.674753 0.464877
vt 0.690919 0.491188
vt 0.713184 0.497461
vt 0.666928 0.413925
vt 0.679860 0.431837
vt 0.689315 0.524834
vt 0.694315 0.286578
vt 0.685600 0.335496
vt 0.683914 0.255781
vt 0.663893 0.339802
vt 0.677744 0.342354
vt 0.667775 0.364620
vt 0.881840 0.142385
vt 0.919622 0.353990
vt 0.891252 0.441518
vt 0.872546 0.439111
vt 0.879601 0.421494
vt 0.877841 0.405173
vt 0.886013 0.389876
vt 0.827789 0.468232
vt 0.808686 0.492579
vt 0.883769 0.369448
vt 0.860813 0.411189
vt 0.668170 0.375894
vt 0.738253 0.554325
vt 0.768395 0.523303
vt 0.735405 0.529573
vt 0.775899 0.507645
vt 0.739024 0.488747
vt 0.728314 0.498408
vt 0.718095 0.538647
vt 0.786829 0.484197
vt 0.810906 0.195485
vt 0.904109 0.502987
vt 0.703364 0.469032
vt 0.692769 0.452917
vt 0.674399 0.231646
vt 0.690928 0.232057
vt 0.705250 0.266972
vt 0.681786 0.369531
vt 0.691171 0.381666
vt 0.694024 0.342362
vt 0.686359 0.393760
vt 0.686713 0.408096
vt 0.709290 0.373281
vt 0.695429 0.413799
vt 0.912112 0.458821
vt 0.904835 0.472477
vt 0.894830 0.488951
vt 0.906542 0.359851
vt 0.851712 0.439629
vt 0.890079 0.365136
vt 0.897256 0.343252
vt 0.902744 0.339306
vt 0.867579 0.377761
vt 0.878377 0.349249
vt 0.892449 0.335323
vt 0.908755 0.286395
vt 0.914878 0.306462
vt 0.714056 0.462401
vt 0.870884 0.518302
vt 0.855270 0.497698
vt 0.871881 0.486505
vt 0.735886 0.235916
vt 0.689718 0.428013
vt 0.945955 0.342340
vt 0.707951 0.331431
vt 0.701714 0.437273
vt 0.706603 0.428884
vt 0.750168 0.463215
vt 0.857740 0.474663
vt 0.863858 0.456923
vt 0.799390 0.463144
vt 0.879352 0.469670
vt 0.900723 0.252310
vt 0.872881 0.236102
vt 0.903747 0.282195
vt 0.860149 0.178563
vt 0.931619 0.337653
vt 0.926425 0.331328
vt 0.902600 0.326054
vt 0.910106 0.326313
vt 0.844465 0.196496
vt 0.722338 0.249859
vt 0.726800 0.308684
vt 0.724266 0.442377
vt 0.716250 0.409737
vt 0.839716 0.442984
vt 0.844268 0.414896
vt 0.823863 0.388290
vt 0.816230 0.404635
vt 0.813195 0.430898
vt 0.855984 0.373025
vt 0.786151 0.462435
vt 0.744251 0.273704
vt 0.763809 0.263020
vt 0.898378 0.308417
vt 0.879303 0.284580
vt 0.875788 0.310355
vt 0.737306 0.405018
vt 0.754179 0.412186
vt 0.730690 0.354310
vt 0.745405 0.367575
vt 0.790211 0.435551
vt 0.876635 0.328980
vt 0.788293 0.277791
vt 0.835470 0.227631
vt 0.848303 0.230443
vt 0.829723 0.263306
vt 0.810477 0.235141
vt 0.773784 0.421644
vt 0.772194 0.376155
vt 0.790799 0.405715
vt 0.781054 0.388812
vt 0.792058 0.360348
vt 0.837191 0.367252
vt 0.800232 0.283087
vt 0.833201 0.318236
vt 0.821353 0.306881
vt 0.857910 0.291742
vt 0.841539 0.274581
vt 0.741616 0.324269
vt 0.766123 0.315026
vt 0.813069 0.344330
vt 0.774656 0.335975
vt 0.783316 0.345189
vt 0.828065 0.357242
vt 0.843578 0.328129
vt 0.615624 0.524843
vt 0.615105 0.526917
vt 0.616359 0.521689
vt 0.617036 0.518554
vt 0.617671 0.515345
vt 0.617939 0.513863
vt 0.618487 0.457378
vt 0.618887 0.459723
vt 0.617863 0.454200
vt 0.606516 0.428920
vt 0.608870 0.431977
vt 0.602598 0.424766
vt 0.597558 0.344936
vt 0.598498 0.322685
vt 0.597887 0.337343
vt 0.623549 0.070889
vt 0.635541 0.070888
vt 0.642884 0.070888
vt 0.671181 0.070887
vt 0.666722 0.070887
vt 0.675920 0.070887
vt 0.735990 0.070885
vt 0.746691 0.070885
vt 0.739949 0.070885
vt 0.874846 0.070881
vt 0.871881 0.070881
vt 0.878633 0.070881
vt 0.901350 0.070880
vt 0.905137 0.070880
vt 0.908501 0.070880
vt 0.983367 0.324008
vt 0.983135 0.318204
vt 0.983710 0.332325
vt 0.986019 0.380595
vt 0.987089 0.398055
vt 0.987464 0.403712
vt 0.134236 0.055422
vt 0.168283 0.056023
vt 0.153663 0.076606
vt 0.153397 0.417265
vt 0.167523 0.427020
vt 0.161210 0.428570
vt 0.506149 0.538494
vt 0.484009 0.542714
vt 0.499237 0.524026
vt 0.165990 0.445067
vt 0.487818 0.420609
vt 0.504680 0.414672
vt 0.494366 0.429286
vt 0.137363 0.206244
vt 0.136688 0.140977
vt 0.158986 0.203841
vt 0.176371 0.504100
vt 0.158246 0.510766
vt 0.163123 0.490364
vt 0.290412 0.056267
vt 0.298985 0.100163
vt 0.285564 0.088926
vt 0.169154 0.418061
vt 0.145761 0.410385
vt 0.154163 0.524099
vt 0.168726 0.523170
vt 0.297930 0.536785
vt 0.284731 0.544065
vt 0.296570 0.526033
vt 0.279004 0.536248
vt 0.271828 0.555191
vt 0.163382 0.556798
vt 0.178049 0.570538
vt 0.144233 0.554400
vt 0.166898 0.467939
vt 0.187427 0.454934
vt 0.178440 0.468919
vt 0.247475 0.569028
vt 0.254996 0.551898
vt 0.261907 0.569495
vt 0.176236 0.444158
vt 0.178948 0.426665
vt 0.401074 0.592586
vt 0.422043 0.568241
vt 0.431689 0.576812
vt 0.486560 0.431169
vt 0.489616 0.442363
vt 0.164675 0.541010
vt 0.150371 0.537181
vt 0.374017 0.546168
vt 0.383246 0.540581
vt 0.383898 0.555461
vt 0.479794 0.442882
vt 0.399138 0.583567
vt 0.486109 0.566983
vt 0.468454 0.574398
vt 0.474239 0.565562
vt 0.525539 0.402342
vt 0.518713 0.405392
vt 0.525121 0.397847
vt 0.511750 0.554398
vt 0.491763 0.555797
vt 0.401759 0.598458
vt 0.426576 0.589569
vt 0.256989 0.583807
vt 0.217678 0.576513
vt 0.210212 0.559996
vt 0.130453 0.402331
vt 0.131219 0.396914
vt 0.136346 0.404734
vt 0.524203 0.384897
vt 0.495559 0.386442
vt 0.156956 0.404463
vt 0.168521 0.078404
vt 0.181628 0.083947
vt 0.193435 0.055929
vt 0.315387 0.056151
vt 0.498625 0.404600
vt 0.394146 0.570023
vt 0.404090 0.557471
vt 0.168599 0.194834
vt 0.429827 0.078391
vt 0.456195 0.055754
vt 0.430150 0.120876
vt 0.180851 0.561367
vt 0.235777 0.591881
vt 0.254222 0.598396
vt 0.467677 0.508101
vt 0.493779 0.494017
vt 0.498072 0.512637
vt 0.304881 0.151804
vt 0.313389 0.084774
vt 0.208728 0.057055
vt 0.239948 0.056416
vt 0.221298 0.090998
vt 0.338528 0.093893
vt 0.334197 0.057743
vt 0.354580 0.058913
vt 0.434024 0.055818
vt 0.381020 0.103483
vt 0.473874 0.087327
vt 0.470719 0.056937
vt 0.482734 0.057285
vt 0.502805 0.056585
vt 0.487882 0.110071
vt 0.134378 0.069503
vt 0.133462 0.369447
vt 0.149086 0.381041
vt 0.366769 0.524768
vt 0.409814 0.523913
vt 0.467731 0.466989
vt 0.489000 0.462915
vt 0.522815 0.360291
vt 0.496576 0.362041
vt 0.474660 0.392976
vt 0.411222 0.542104
vt 0.199672 0.466281
vt 0.151853 0.240618
vt 0.521767 0.055437
vt 0.521454 0.075400
vt 0.517202 0.220571
vt 0.135184 0.287731
vt 0.144164 0.314321
vt 0.134466 0.330244
vt 0.314128 0.520907
vt 0.312824 0.532112
vt 0.362988 0.539042
vt 0.498117 0.331148
vt 0.521052 0.329647
vt 0.474029 0.434708
vt 0.466913 0.555781
vt 0.134552 0.074902
vt 0.157706 0.128144
vt 0.506144 0.127127
vt 0.148230 0.265206
vt 0.337446 0.519496
vt 0.329444 0.530094
vt 0.505028 0.265638
vt 0.516495 0.258063
vt 0.501970 0.281148
vt 0.250149 0.533213
vt 0.194372 0.513583
vt 0.185823 0.528000
vt 0.137518 0.255155
vt 0.347127 0.532798
vt 0.152946 0.350240
vt 0.473227 0.457699
vt 0.163940 0.111786
vt 0.463121 0.394895
vt 0.360694 0.505201
vt 0.180750 0.547132
vt 0.499297 0.226442
vt 0.174534 0.383883
vt 0.488643 0.165089
vt 0.476812 0.166950
vt 0.250378 0.517250
vt 0.498937 0.252775
vt 0.446631 0.402351
vt 0.176798 0.239987
vt 0.196759 0.235750
vt 0.465461 0.373816
vt 0.427633 0.393401
vt 0.436998 0.379715
vt 0.328501 0.128546
vt 0.157038 0.319933
vt 0.482729 0.357518
vt 0.169397 0.276067
vt 0.481884 0.328592
vt 0.166013 0.362363
vt 0.469636 0.147251
vt 0.447855 0.145518
vt 0.178440 0.304841
vt 0.349053 0.492028
vt 0.304278 0.494668
vt 0.184801 0.275654
vt 0.172076 0.344446
vt 0.335792 0.474285
vt 0.282346 0.509481
vt 0.186758 0.398251
vt 0.184131 0.440182
vt 0.201021 0.392528
vt 0.200571 0.423029
vt 0.219553 0.409160
vt 0.214695 0.437234
vt 0.222395 0.452937
vt 0.264355 0.488688
vt 0.214857 0.529348
vt 0.230296 0.510455
vt 0.461728 0.524749
vt 0.189325 0.380375
vt 0.478038 0.526453
vt 0.463939 0.542069
vt 0.459056 0.431488
vt 0.249893 0.114652
vt 0.178162 0.136477
vt 0.481708 0.227840
vt 0.460830 0.217674
vt 0.462483 0.169132
vt 0.447920 0.469262
vt 0.218495 0.486036
vt 0.189796 0.199834
vt 0.199666 0.538769
vt 0.360713 0.134800
vt 0.468325 0.300817
vt 0.461763 0.289697
vt 0.443151 0.280319
vt 0.186597 0.336681
vt 0.191872 0.297197
vt 0.178496 0.163422
vt 0.236370 0.427324
vt 0.237969 0.399833
vt 0.217137 0.385474
vt 0.260555 0.461687
vt 0.242549 0.462834
vt 0.456457 0.445084
vt 0.442830 0.414502
vt 0.445265 0.184256
vt 0.455112 0.207661
vt 0.467718 0.238100
vt 0.277563 0.141781
vt 0.253350 0.171716
vt 0.211529 0.279608
vt 0.189610 0.132753
vt 0.398551 0.158325
vt 0.459795 0.357651
vt 0.459074 0.337967
vt 0.186816 0.170124
vt 0.199274 0.171561
vt 0.202162 0.146355
vt 0.201209 0.205660
vt 0.211514 0.199599
vt 0.250277 0.373790
vt 0.256799 0.397515
vt 0.227832 0.362825
vt 0.193814 0.362072
vt 0.436035 0.222098
vt 0.407752 0.188105
vt 0.417764 0.222798
vt 0.452629 0.243110
vt 0.269778 0.201969
vt 0.344509 0.187395
vt 0.428602 0.493535
vt 0.441675 0.266011
vt 0.214095 0.267281
vt 0.227637 0.297825
vt 0.227603 0.277232
vt 0.225523 0.316489
vt 0.208753 0.343290
vt 0.232666 0.346007
vt 0.236231 0.325118
vt 0.247156 0.335240
vt 0.254086 0.303437
vt 0.243403 0.352237
vt 0.247882 0.272486
vt 0.271078 0.300984
vt 0.266998 0.325528
vt 0.288241 0.297254
vt 0.279677 0.357208
vt 0.202514 0.227178
vt 0.286582 0.439804
vt 0.267206 0.377785
vt 0.278130 0.391795
vt 0.295773 0.336189
vt 0.284743 0.408413
vt 0.267157 0.415296
vt 0.300980 0.386370
vt 0.328839 0.420076
vt 0.250653 0.436052
vt 0.397590 0.501255
vt 0.414594 0.409847
vt 0.411286 0.386817
vt 0.421537 0.430434
vt 0.416575 0.446379
vt 0.394026 0.419353
vt 0.395316 0.386062
vt 0.420717 0.358846
vt 0.428181 0.367400
vt 0.380230 0.394353
vt 0.370271 0.406755
vt 0.380086 0.193527
vt 0.365954 0.204613
vt 0.433962 0.261268
vt 0.237525 0.205610
vt 0.214234 0.244217
vt 0.428905 0.339440
vt 0.427038 0.287142
vt 0.429807 0.311269
vt 0.422072 0.315958
vt 0.230191 0.229452
vt 0.413071 0.347582
vt 0.402090 0.355030
vt 0.376641 0.361310
vt 0.390020 0.337439
vt 0.412806 0.322125
vt 0.373730 0.333053
vt 0.384895 0.306545
vt 0.407124 0.278016
vt 0.388407 0.262367
vt 0.359989 0.298343
vt 0.364289 0.262315
vt 0.422309 0.250021
vt 0.374337 0.251257
vt 0.342831 0.258154
vt 0.355233 0.336113
vt 0.317912 0.256666
vt 0.315369 0.157989
vt 0.286656 0.203829
vt 0.334730 0.201854
vt 0.301831 0.202096
vt 0.366922 0.439884
vt 0.327835 0.323058
vt 0.274986 0.262408
vt 0.301099 0.259817
vt 0.245686 0.231658
vt 0.332280 0.388790
vt 0.406966 0.463114
vt 0.355224 0.381965
vt 0.151042 0.415068
vt 0.161191 0.428525
vt 0.165728 0.421031
vt 0.166635 0.466622
vt 0.181865 0.461275
vt 0.165987 0.445031
vt 0.170810 0.431120
vt 0.134243 0.055422
vt 0.134542 0.074746
vt 0.153459 0.076693
vt 0.179343 0.081865
vt 0.175817 0.055897
vt 0.165375 0.078635
vt 0.172737 0.496576
vt 0.163540 0.488657
vt 0.158247 0.510767
vt 0.397647 0.577423
vt 0.404561 0.558038
vt 0.392627 0.567232
vt 0.492035 0.555460
vt 0.511742 0.554412
vt 0.505775 0.537012
vt 0.130447 0.402385
vt 0.136868 0.405182
vt 0.150223 0.400565
vt 0.154571 0.524627
vt 0.170993 0.517438
vt 0.507680 0.056428
vt 0.521431 0.076414
vt 0.521768 0.055433
vt 0.255390 0.590798
vt 0.258731 0.576329
vt 0.245878 0.569915
vt 0.297908 0.536792
vt 0.286121 0.532608
vt 0.287493 0.542131
vt 0.163383 0.556801
vt 0.178027 0.570541
vt 0.264966 0.564068
vt 0.253009 0.551435
vt 0.175049 0.443893
vt 0.179427 0.424499
vt 0.236514 0.591890
vt 0.254219 0.598454
vt 0.501923 0.525002
vt 0.482813 0.542279
vt 0.453875 0.072132
vt 0.468423 0.055830
vt 0.444967 0.055867
vt 0.384640 0.066374
vt 0.430139 0.075928
vt 0.525544 0.402378
vt 0.507176 0.388294
vt 0.500768 0.404479
vt 0.241120 0.579394
vt 0.502525 0.156838
vt 0.520290 0.229085
vt 0.157501 0.409340
vt 0.489655 0.442307
vt 0.492818 0.432059
vt 0.481747 0.433969
vt 0.488369 0.565971
vt 0.479330 0.559691
vt 0.468477 0.574553
vt 0.415937 0.580081
vt 0.400841 0.590642
vt 0.518676 0.405410
vt 0.505430 0.413849
vt 0.487356 0.421078
vt 0.497324 0.423797
vt 0.427016 0.589178
vt 0.503818 0.273901
vt 0.468961 0.277268
vt 0.479045 0.291800
vt 0.522857 0.362002
vt 0.524238 0.385996
vt 0.150365 0.537184
vt 0.171786 0.543167
vt 0.152299 0.056281
vt 0.193436 0.055889
vt 0.356364 0.055867
vt 0.334545 0.057051
vt 0.347411 0.089218
vt 0.473809 0.076333
vt 0.483636 0.055691
vt 0.144052 0.380465
vt 0.131709 0.388326
vt 0.275814 0.550793
vt 0.427088 0.565634
vt 0.497632 0.512876
vt 0.493372 0.493253
vt 0.474875 0.503461
vt 0.132614 0.359997
vt 0.179299 0.562203
vt 0.214788 0.574569
vt 0.344817 0.532056
vt 0.358035 0.536633
vt 0.366407 0.531024
vt 0.383875 0.555580
vt 0.149890 0.116117
vt 0.488997 0.462909
vt 0.472660 0.471259
vt 0.499862 0.359781
vt 0.476335 0.384687
vt 0.189263 0.507851
vt 0.197540 0.465023
vt 0.466474 0.558135
vt 0.470256 0.399643
vt 0.140541 0.136250
vt 0.299573 0.056288
vt 0.259408 0.056164
vt 0.278598 0.083894
vt 0.185349 0.550933
vt 0.301761 0.522593
vt 0.331215 0.517655
vt 0.312544 0.532099
vt 0.329448 0.530091
vt 0.206146 0.557820
vt 0.370477 0.543698
vt 0.478181 0.455719
vt 0.474275 0.434483
vt 0.313263 0.089590
vt 0.317290 0.056190
vt 0.337528 0.106199
vt 0.483537 0.131021
vt 0.496896 0.056366
vt 0.166885 0.362974
vt 0.160959 0.381530
vt 0.480783 0.374918
vt 0.498973 0.324347
vt 0.485524 0.355243
vt 0.163902 0.111813
vt 0.294921 0.113303
vt 0.146521 0.303697
vt 0.135071 0.329289
vt 0.137411 0.258066
vt 0.136663 0.298327
vt 0.153407 0.348970
vt 0.521284 0.331123
vt 0.248515 0.527760
vt 0.155804 0.257171
vt 0.170592 0.238866
vt 0.328394 0.125263
vt 0.384571 0.111893
vt 0.473217 0.123238
vt 0.491108 0.148548
vt 0.362077 0.505397
vt 0.522107 0.296758
vt 0.515801 0.260656
vt 0.457971 0.407871
vt 0.464260 0.378962
vt 0.193611 0.530528
vt 0.147638 0.229366
vt 0.165014 0.188356
vt 0.136764 0.173956
vt 0.276385 0.514653
vt 0.492712 0.254729
vt 0.155455 0.201240
vt 0.165609 0.274896
vt 0.161085 0.322175
vt 0.450225 0.387092
vt 0.446430 0.416405
vt 0.437010 0.379984
vt 0.468521 0.452789
vt 0.457564 0.355521
vt 0.349351 0.484936
vt 0.168018 0.147453
vt 0.474431 0.171061
vt 0.452381 0.124281
vt 0.461635 0.155391
vt 0.438003 0.117192
vt 0.462234 0.306851
vt 0.476521 0.332606
vt 0.419918 0.132484
vt 0.312716 0.487479
vt 0.295944 0.503975
vt 0.185898 0.395955
vt 0.182448 0.438626
vt 0.200947 0.391235
vt 0.210328 0.476244
vt 0.228391 0.447725
vt 0.200665 0.422809
vt 0.185498 0.449222
vt 0.204484 0.434844
vt 0.215094 0.438422
vt 0.239538 0.511896
vt 0.222817 0.492726
vt 0.211302 0.056800
vt 0.203788 0.086239
vt 0.409731 0.526006
vt 0.378816 0.516151
vt 0.412501 0.543517
vt 0.477419 0.523443
vt 0.463570 0.537920
vt 0.396769 0.159675
vt 0.459375 0.428300
vt 0.456562 0.459568
vt 0.180071 0.137142
vt 0.260319 0.124642
vt 0.498839 0.224191
vt 0.478862 0.222143
vt 0.460221 0.201161
vt 0.183592 0.217998
vt 0.193889 0.283805
vt 0.471913 0.242168
vt 0.430878 0.314129
vt 0.183497 0.380388
vt 0.188674 0.298764
vt 0.445335 0.168091
vt 0.178481 0.161241
vt 0.226627 0.402325
vt 0.241226 0.397853
vt 0.218594 0.387633
vt 0.250870 0.460794
vt 0.405903 0.508595
vt 0.396455 0.485115
vt 0.458442 0.509082
vt 0.451614 0.442418
vt 0.246253 0.168578
vt 0.449862 0.199914
vt 0.462331 0.225200
vt 0.192690 0.199883
vt 0.201003 0.261792
vt 0.202862 0.235256
vt 0.213385 0.241920
vt 0.208269 0.221844
vt 0.187136 0.116404
vt 0.365456 0.134098
vt 0.442209 0.281507
vt 0.447484 0.259269
vt 0.443546 0.251275
vt 0.194547 0.369466
vt 0.178033 0.343326
vt 0.185887 0.167926
vt 0.190351 0.152599
vt 0.198770 0.198564
vt 0.202422 0.150874
vt 0.209286 0.185576
vt 0.246074 0.413130
vt 0.235671 0.375127
vt 0.264647 0.391152
vt 0.423604 0.215140
vt 0.269643 0.211228
vt 0.288117 0.197867
vt 0.264821 0.311796
vt 0.286892 0.323520
vt 0.278285 0.292340
vt 0.214212 0.267449
vt 0.223267 0.289177
vt 0.222033 0.265199
vt 0.236071 0.296709
vt 0.228283 0.308623
vt 0.236268 0.316442
vt 0.220559 0.312416
vt 0.212729 0.321488
vt 0.208650 0.343160
vt 0.231379 0.338260
vt 0.248402 0.345879
vt 0.241043 0.343317
vt 0.260900 0.326764
vt 0.252500 0.281090
vt 0.279546 0.358447
vt 0.279072 0.445638
vt 0.291724 0.427222
vt 0.328615 0.439237
vt 0.254607 0.372767
vt 0.229412 0.363039
vt 0.295581 0.379139
vt 0.306647 0.306658
vt 0.258248 0.421470
vt 0.273909 0.409681
vt 0.290450 0.399124
vt 0.330259 0.411468
vt 0.426743 0.510858
vt 0.442894 0.463625
vt 0.426696 0.393409
vt 0.422482 0.412647
vt 0.418792 0.434594
vt 0.405854 0.410113
vt 0.415225 0.457628
vt 0.406224 0.388686
vt 0.418587 0.369919
vt 0.389959 0.387061
vt 0.390085 0.412958
vt 0.408818 0.362392
vt 0.396572 0.216982
vt 0.384115 0.203842
vt 0.435313 0.237849
vt 0.226051 0.212968
vt 0.238342 0.211347
vt 0.423290 0.312017
vt 0.429831 0.287765
vt 0.236486 0.246360
vt 0.331143 0.388464
vt 0.333054 0.338171
vt 0.433454 0.486373
vt 0.400977 0.356786
vt 0.371154 0.367982
vt 0.386162 0.344348
vt 0.417533 0.340643
vt 0.412799 0.322149
vt 0.390589 0.314062
vt 0.410191 0.276551
vt 0.425707 0.279582
vt 0.402416 0.268889
vt 0.373714 0.291970
vt 0.353729 0.264526
vt 0.368862 0.324537
vt 0.364337 0.260275
vt 0.356483 0.337984
vt 0.326018 0.252090
vt 0.344714 0.203414
vt 0.363834 0.190419
vt 0.376925 0.242529
vt 0.321658 0.175573
vt 0.349529 0.174078
vt 0.308593 0.152929
vt 0.302618 0.200568
vt 0.443325 0.342724
vt 0.289875 0.263759
vt 0.422146 0.356734
vt 0.262928 0.248758
vt 0.278723 0.249849
vt 0.373166 0.478031
vt 0.393816 0.449639
vt 0.371311 0.395961
vt 0.371082 0.422093
vt 0.301617 0.246306
vt 0.131407 0.388273
vt 0.131777 0.382715
vt 0.132864 0.365049
vt 0.136168 0.177937
vt 0.135949 0.164011
vt 0.135711 0.148907
vt 0.274009 0.055429
vt 0.250142 0.055428
vt 0.282546 0.055429
vt 0.347843 0.055431
vt 0.351033 0.055431
vt 0.357188 0.055432
vt 0.490956 0.479250
vt 0.490143 0.472723
vt 0.491978 0.485846
vt 0.564462 0.778678
vt 0.551972 0.763406
vt 0.561591 0.763406
vt 0.527987 0.764765
vt 0.530384 0.778849
vt 0.507969 0.778849
vt 0.495915 0.778825
vt 0.569965 0.763460
vt 0.574406 0.778820
vt 0.581143 0.763546
vt 0.589315 0.778834
vt 0.589298 0.763490
vt 0.548006 0.778946
vt 0.467615 0.778486
vt 0.471349 0.763467
vt 0.482256 0.763346
vt 0.486721 0.778845
vt 0.477054 0.778848
vt 0.556945 0.778849
vt 0.460879 0.763444
vt 0.460879 0.778837
vt 0.506103 0.763407
vt 0.492501 0.763394
vt 0.528272 0.764583
vt 0.507960 0.778849
vt 0.526791 0.778851
vt 0.495915 0.779005
vt 0.574414 0.778818
vt 0.581160 0.763552
vt 0.569982 0.763460
vt 0.589298 0.763487
vt 0.486685 0.778851
vt 0.482252 0.763447
vt 0.467751 0.778593
vt 0.471360 0.763467
vt 0.564532 0.778848
vt 0.561582 0.763373
vt 0.556967 0.778849
vt 0.477100 0.778851
vt 0.546039 0.778889
vt 0.551786 0.763409
vt 0.460879 0.763406
vt 0.460879 0.778700
vt 0.492403 0.763406
vt 0.506062 0.763407
vt 0.555285 0.778851
vt 0.548710 0.778851
vt 0.551457 0.778851
vt 0.551551 0.778851
vt 0.540568 0.778851
vt 0.543398 0.778851
vt 0.536518 0.778851
vt 0.460879 0.772673
vt 0.460879 0.767662
vt 0.460879 0.769584
vt 0.498925 0.739579
vt 0.509905 0.754997
vt 0.495875 0.755071
vt 0.460877 0.755076
vt 0.471246 0.739691
vt 0.470893 0.755078
vt 0.535238 0.739776
vt 0.542600 0.755219
vt 0.516798 0.739767
vt 0.589295 0.749701
vt 0.577004 0.739809
vt 0.589298 0.739631
vt 0.479876 0.755051
vt 0.484750 0.739687
vt 0.589302 0.755076
vt 0.563068 0.739667
vt 0.575854 0.755000
vt 0.553590 0.755010
vt 0.563253 0.755063
vt 0.460879 0.739631
vt 0.460886 0.750053
vt 0.529780 0.755076
vt 0.551623 0.739631
vt 0.488277 0.755065
vt 0.479879 0.755051
vt 0.484616 0.739681
vt 0.471469 0.739631
vt 0.470899 0.755078
vt 0.522734 0.755077
vt 0.496032 0.754776
vt 0.506658 0.755076
vt 0.535307 0.739774
vt 0.516860 0.739774
vt 0.537084 0.755543
vt 0.589295 0.749694
vt 0.577000 0.739810
vt 0.563054 0.739667
vt 0.575857 0.755000
vt 0.551531 0.755041
vt 0.563245 0.755063
vt 0.460886 0.750034
vt 0.498920 0.739640
vt 0.551647 0.739632
vt 0.488283 0.755066
vt 0.503023 0.755076
vt 0.498022 0.755076
vt 0.500265 0.755076
vt 0.460879 0.748898
vt 0.460879 0.744676
vt 0.460879 0.745809
vt 0.506336 0.739631
vt 0.512386 0.739631
vt 0.516763 0.739631
vt 0.536965 0.739631
vt 0.540197 0.739631
vt 0.543974 0.739631
vt 0.011583 0.017676
vt 0.011949 0.018380
vt 0.011781 0.018651
vt 0.012084 0.017330
vt 0.012058 0.017585
vt 0.012009 0.017844
vt 0.011987 0.018112
vt 0.012478 0.019084
vt 0.012665 0.018596
vt 0.012806 0.018048
vt 0.012821 0.017450
vt 0.012755 0.016902
vt 0.011880 0.016770
vt 0.012076 0.017047
vt 0.012668 0.016455
vt 0.024254 0.013416
vt 0.075362 0.017676
vt 0.074861 0.017329
vt 0.074887 0.017585
vt 0.024991 0.019092
vt 0.074124 0.017450
vt 0.074190 0.016902
vt 0.075066 0.016770
vt 0.074869 0.017047
vt 0.074278 0.016455
vt 0.059792 0.012749
vt 0.019341 0.018415
vt 0.027602 0.019725
vt 0.074504 0.015968
vt 0.059947 0.012554
vt 0.068186 0.015092
vt 0.038040 0.024196
vt 0.023475 0.013456
vt 0.023372 0.012688
vt 0.067321 0.015420
vt 0.025279 0.012064
s 1
usemtl Self_mesh_FRONT_2709.001
f 12/1/1 13/2/2 18/3/3
f 5/4/4 25/5/5 4/6/6
f 8/7/7 9/8/8 21/9/9
f 11/10/10 20/11/11 10/12/12
f 7/13/13 23/14/14 6/15/15
f 24/16/16 6/15/15 28/17/17
f 3/18/18 4/6/6 2/19/19
f 21/9/9 9/8/8 10/12/12
f 14/20/20 15/21/21 17/22/22
f 17/22/22 15/21/21 16/23/23
f 2/19/19 4/6/6 29/24/24
f 29/24/24 4/6/6 25/5/5
f 5/4/4 27/25/25 24/16/16
f 24/16/16 25/5/5 5/4/4
f 11/10/10 12/1/1 19/26/26
f 23/14/14 7/13/13 22/27/27
f 14/20/20 17/22/22 13/2/2
f 26/28/28 13/2/2 17/22/22
f 18/3/3 13/2/2 26/28/28
f 21/9/9 10/12/12 20/11/11
f 24/16/16 27/25/25 6/15/15
f 18/3/3 19/26/26 12/1/1
f 23/14/14 28/17/17 6/15/15
f 22/27/27 8/7/7 21/9/9
f 7/13/13 8/7/7 22/27/27
f 19/26/26 20/11/11 11/10/10
f 53/29/29 39/30/30 38/31/31
f 30/32/32 51/33/33 31/18/34
f 36/34/35 47/35/36 37/36/37
f 51/33/33 52/37/38 32/38/39
f 35/39/40 34/40/41 49/41/42
f 50/42/43 56/43/44 34/40/41
f 31/18/34 51/33/33 32/38/39
f 41/44/45 44/45/46 42/21/47
f 44/45/46 43/23/48 42/21/47
f 40/46/49 39/30/30 53/29/29
f 38/31/31 37/36/37 47/35/36
f 54/47/50 40/46/49 45/48/51
f 52/37/38 55/49/52 33/50/53
f 52/37/38 50/42/43 55/49/52
f 46/51/54 53/29/29 38/31/31
f 49/41/42 48/52/55 35/39/40
f 54/47/50 44/45/46 41/44/45
f 52/37/38 33/50/53 32/38/39
f 41/44/45 40/46/49 54/47/50
f 50/42/43 34/40/41 55/49/52
f 53/29/29 45/48/51 40/46/49
f 46/51/54 38/31/31 47/35/36
f 49/41/42 34/40/41 56/43/44
f 48/52/55 47/35/36 36/34/35
f 35/39/40 48/52/55 36/34/35
f 87/53/56 86/54/57 88/55/58
f 90/56/59 89/57/60 91/58/61
f 136/59/62 174/60/63 137/61/64
f 152/62/65 173/63/66 153/64/67
f 158/65/68 175/66/69 159/67/70
f 466/68/71 453/69/72 454/70/73
f 447/71/74 461/72/75 467/73/76
f 463/74/77 459/75/78 441/76/79
f 459/75/78 440/77/80 441/76/79
f 464/78/81 460/79/82 439/80/83
f 446/81/84 462/82/85 445/83/86
f 460/79/82 438/84/87 439/80/83
f 463/74/77 441/76/79 442/85/88
f 457/86/89 465/87/90 443/88/91
f 449/89/92 450/90/93 452/91/94
f 442/85/88 443/88/91 465/87/90
f 466/68/71 461/72/75 448/92/95
f 451/93/96 452/91/94 450/90/93
f 454/70/73 461/72/75 466/68/71
f 459/75/78 463/74/77 458/94/97
f 449/89/92 452/91/94 466/68/71
f 448/92/95 449/89/92 466/68/71
f 452/91/94 453/69/72 466/68/71
f 459/75/78 460/79/82 464/78/81
f 440/77/80 459/75/78 464/78/81
f 462/82/85 446/81/84 455/95/98
f 445/83/86 462/82/85 456/96/99
f 444/97/100 456/96/99 457/86/89
f 465/87/90 458/94/97 463/74/77
f 454/70/73 467/73/76 461/72/75
f 446/81/84 447/71/74 467/73/76
f 444/97/100 457/86/89 443/88/91
f 442/85/88 465/87/90 463/74/77
f 444/97/100 445/83/86 456/96/99
f 467/73/76 454/70/73 455/95/98
f 446/81/84 467/73/76 455/95/98
f 498/98/101 486/99/102 485/100/103
f 480/101/104 479/102/105 498/98/101
f 495/103/106 471/104/107 492/105/108
f 492/105/108 471/104/107 470/106/109
f 496/107/110 469/80/111 493/108/112
f 476/81/113 475/109/114 488/110/115
f 493/108/112 469/80/111 468/84/116
f 494/111/117 489/112/118 474/113/119
f 495/103/106 472/114/120 471/104/107
f 490/115/121 494/111/117 497/116/122
f 481/117/123 484/118/124 482/119/125
f 478/120/126 477/121/127 499/122/128
f 483/93/129 482/119/125 484/118/124
f 474/113/119 489/112/118 475/109/114
f 497/116/122 494/111/117 473/123/130
f 498/98/101 479/102/105 486/99/102
f 492/105/108 491/124/131 495/103/106
f 481/117/123 498/98/101 484/118/124
f 480/101/104 498/98/101 481/117/123
f 484/118/124 498/98/101 485/100/103
f 492/105/108 496/107/110 493/108/112
f 470/106/109 496/107/110 492/105/108
f 488/110/115 487/125/132 476/81/113
f 475/109/114 489/112/118 488/110/115
f 497/116/122 495/103/106 491/124/131
f 473/123/130 472/114/120 495/103/106
f 486/99/102 479/102/105 499/122/128
f 478/120/126 499/122/128 479/102/105
f 476/81/113 499/122/128 477/121/127
f 489/112/118 494/111/117 490/115/121
f 473/123/130 495/103/106 497/116/122
f 499/122/128 487/125/132 486/99/102
f 476/81/113 487/125/132 499/122/128
f 555/126/133 557/127/134 556/128/135
f 577/129/136 615/130/137 578/131/138
f 600/132/139 614/133/140 601/134/141
f 661/135/142 666/136/143 641/137/144
f 641/137/144 666/136/143 640/138/145
f 660/139/146 629/140/147 630/141/148
f 617/142/149 663/143/150 659/144/151
f 663/143/150 619/145/152 620/146/153
f 663/143/150 617/142/149 619/145/152
f 639/147/154 637/148/155 638/149/156
f 687/150/157 698/151/158 650/152/159
f 657/153/160 656/154/161 667/155/162
f 669/156/163 616/157/164 658/158/165
f 672/159/166 671/160/167 663/143/150
f 663/143/150 621/161/168 622/162/169
f 660/139/146 681/163/170 628/164/171
f 681/163/170 627/165/172 628/164/171
f 618/166/173 619/145/152 617/142/149
f 621/161/168 663/143/150 620/146/153
f 686/167/174 660/139/146 664/168/175
f 665/169/176 645/170/177 653/171/178
f 682/172/179 716/173/180 718/174/181
f 681/163/170 694/175/182 689/176/183
f 690/177/184 627/165/172 681/163/170
f 642/178/185 666/136/143 661/135/142
f 658/158/165 679/179/186 669/156/163
f 660/139/146 628/164/171 629/140/147
f 671/160/167 659/144/151 663/143/150
f 719/180/187 672/159/166 718/174/181
f 670/181/188 716/173/180 682/172/179
f 644/182/189 652/183/190 643/184/191
f 653/171/178 646/185/192 693/186/193
f 680/187/194 657/153/160 651/188/195
f 672/159/166 663/143/150 622/162/169
f 662/189/196 631/190/197 632/191/198
f 642/178/185 643/184/191 683/192/199
f 684/193/200 635/194/201 636/195/202
f 634/196/203 635/194/201 721/197/204
f 637/148/155 639/147/154 684/193/200
f 648/198/205 744/199/206 654/200/207
f 648/198/205 649/201/208 677/202/209
f 667/155/162 651/188/195 657/153/160
f 651/188/195 679/179/186 680/187/194
f 671/160/167 658/158/165 691/203/210
f 672/159/166 622/162/169 623/204/211
f 642/178/185 683/192/199 666/136/143
f 665/169/176 652/183/190 644/182/189
f 644/182/189 645/170/177 665/169/176
f 652/183/190 726/205/212 707/206/213
f 653/171/178 673/207/214 646/185/192
f 673/207/214 653/171/178 645/170/177
f 647/208/215 674/209/216 693/186/193
f 647/208/215 693/186/193 646/185/192
f 654/200/207 674/209/216 647/208/215
f 684/193/200 636/195/202 637/148/155
f 676/210/217 684/193/200 639/147/154
f 744/199/206 648/198/205 677/202/209
f 678/211/218 699/212/219 649/201/208
f 699/212/219 678/211/218 650/152/159
f 687/150/157 650/152/159 655/213/220
f 667/155/162 656/154/161 655/213/220
f 680/187/194 679/179/186 658/158/165
f 625/214/221 688/215/222 700/216/223
f 686/167/174 739/217/224 694/175/182
f 705/218/225 655/213/220 656/154/161
f 659/144/151 671/160/167 691/203/210
f 707/206/213 712/219/226 683/192/199
f 635/194/201 684/193/200 697/220/227
f 707/206/213 683/192/199 643/184/191
f 707/206/213 643/184/191 652/183/190
f 703/221/228 633/222/229 634/196/203
f 640/138/145 676/210/217 639/147/154
f 691/203/210 658/158/165 616/157/164
f 625/214/221 626/223/230 688/215/222
f 627/165/172 690/177/184 688/215/222
f 623/204/211 624/224/231 696/225/232
f 659/144/151 691/203/210 617/142/149
f 692/226/233 685/227/234 736/228/235
f 694/175/182 681/163/170 660/139/146
f 666/136/143 683/192/199 712/219/226
f 703/221/228 634/196/203 720/229/236
f 717/230/237 657/153/160 680/187/194
f 695/231/238 625/214/221 700/216/223
f 624/224/231 625/214/221 695/231/238
f 688/215/222 626/223/230 627/165/172
f 690/177/184 681/163/170 689/176/183
f 696/225/232 682/172/179 623/204/211
f 715/232/239 670/181/188 696/225/232
f 715/232/239 696/225/232 695/231/238
f 660/139/146 686/167/174 694/175/182
f 711/233/240 635/194/201 697/220/227
f 635/194/201 711/233/240 721/197/204
f 744/199/206 708/234/241 654/200/207
f 674/209/216 729/235/242 693/186/193
f 696/225/232 624/224/231 695/231/238
f 731/236/243 690/177/184 689/176/183
f 658/158/165 671/160/167 719/180/187
f 666/136/143 676/210/217 640/138/145
f 676/210/217 697/220/227 684/193/200
f 728/237/244 674/209/216 654/200/207
f 698/151/158 699/212/219 650/152/159
f 687/150/157 655/213/220 705/218/225
f 690/177/184 706/238/245 688/215/222
f 690/177/184 731/236/243 706/238/245
f 653/171/178 693/186/193 704/239/246
f 729/235/242 674/209/216 701/240/247
f 743/241/248 677/202/209 649/201/208
f 687/150/157 705/218/225 702/242/249
f 703/221/228 675/243/250 633/222/229
f 666/136/143 697/220/227 676/210/217
f 688/215/222 713/244/251 700/216/223
f 706/238/245 713/244/251 688/215/222
f 695/231/238 700/216/223 713/244/251
f 693/186/193 729/235/242 704/239/246
f 674/209/216 728/237/244 701/240/247
f 675/243/250 703/221/228 722/245/252
f 666/136/143 712/219/226 697/220/227
f 710/246/253 712/219/226 707/206/213
f 708/234/241 728/237/244 654/200/207
f 712/219/226 710/246/253 711/233/240
f 726/205/212 720/229/236 710/246/253
f 710/246/253 707/206/213 726/205/212
f 665/169/176 709/247/254 724/248/255
f 724/248/255 726/205/212 665/169/176
f 726/205/212 652/183/190 665/169/176
f 712/219/226 711/233/240 697/220/227
f 728/237/244 708/234/241 741/249/256
f 713/244/251 715/232/239 695/231/238
f 715/232/239 702/242/249 705/218/225
f 714/250/257 713/244/251 706/238/245
f 670/181/188 715/232/239 705/218/225
f 705/218/225 656/154/161 716/173/180
f 717/230/237 716/173/180 657/153/160
f 716/173/180 670/181/188 705/218/225
f 656/154/161 657/153/160 716/173/180
f 717/230/237 680/187/194 719/180/187
f 658/158/165 719/180/187 680/187/194
f 716/173/180 717/230/237 718/174/181
f 719/180/187 671/160/167 672/159/166
f 718/174/181 672/159/166 682/172/179
f 718/174/181 717/230/237 719/180/187
f 623/204/211 682/172/179 672/159/166
f 739/217/224 689/176/183 694/175/182
f 696/225/232 670/181/188 682/172/179
f 720/229/236 634/196/203 721/197/204
f 720/229/236 724/248/255 703/221/228
f 703/221/228 724/248/255 722/245/252
f 721/197/204 711/233/240 710/246/253
f 721/197/204 710/246/253 720/229/236
f 723/251/258 675/243/250 722/245/252
f 722/245/252 724/248/255 725/252/259
f 722/245/252 725/252/259 723/251/258
f 709/247/254 725/252/259 724/248/255
f 729/235/242 701/240/247 727/253/260
f 723/251/258 730/254/261 737/255/262
f 730/254/261 704/239/246 727/253/260
f 737/255/262 730/254/261 727/253/260
f 729/235/242 727/253/260 704/239/246
f 730/254/261 653/171/178 704/239/246
f 665/169/176 730/254/261 709/247/254
f 699/212/219 668/256/263 649/201/208
f 649/201/208 668/256/263 732/257/264
f 649/201/208 732/257/264 743/241/248
f 699/212/219 698/151/158 714/250/257
f 714/250/257 668/256/263 699/212/219
f 698/151/158 687/150/157 714/250/257
f 714/250/257 687/150/157 702/242/249
f 715/232/239 714/250/257 702/242/249
f 714/250/257 706/238/245 731/236/243
f 732/257/264 731/236/243 739/217/224
f 731/236/243 732/257/264 668/256/263
f 714/250/257 731/236/243 668/256/263
f 713/244/251 714/250/257 715/232/239
f 732/257/264 739/217/224 733/258/265
f 744/199/206 677/202/209 743/241/248
f 685/227/234 734/259/266 736/228/235
f 735/260/267 662/189/196 736/228/235
f 736/228/235 734/259/266 745/261/268
f 736/228/235 745/261/268 735/260/267
f 734/259/266 675/243/250 723/251/258
f 685/227/234 675/243/250 734/259/266
f 675/243/250 685/227/234 633/222/229
f 737/255/262 727/253/260 745/261/268
f 737/255/262 734/259/266 723/251/258
f 738/262/269 662/189/196 735/260/267
f 731/236/243 689/176/183 739/217/224
f 739/217/224 740/263/270 733/258/265
f 742/264/271 740/263/270 739/217/224
f 740/263/270 742/264/271 741/249/256
f 744/199/206 743/241/248 740/263/270
f 740/263/270 743/241/248 733/258/265
f 708/234/241 744/199/206 740/263/270
f 741/249/256 708/234/241 740/263/270
f 742/264/271 738/262/269 741/249/256
f 738/262/269 664/168/175 662/189/196
f 738/262/269 742/264/271 664/168/175
f 664/168/175 742/264/271 686/167/174
f 739/217/224 686/167/174 742/264/271
f 631/190/197 662/189/196 664/168/175
f 664/168/175 630/141/148 631/190/197
f 660/139/146 630/141/148 664/168/175
f 653/171/178 730/254/261 665/169/176
f 632/191/198 692/226/233 736/228/235
f 726/205/212 724/248/255 720/229/236
f 709/247/254 730/254/261 725/252/259
f 723/251/258 725/252/259 730/254/261
f 733/258/265 743/241/248 732/257/264
f 736/228/235 662/189/196 632/191/198
f 734/259/266 737/255/262 745/261/268
f 741/249/256 738/262/269 728/237/244
f 727/253/260 701/240/247 745/261/268
f 735/260/267 701/240/247 728/237/244
f 745/261/268 701/240/247 735/260/267
f 738/262/269 735/260/267 728/237/244
f 753/265/272 752/266/273 751/267/274
f 792/268/275 750/269/276 749/270/277
f 792/268/275 749/270/277 747/271/278
f 770/272/279 769/149/280 768/273/281
f 793/274/282 772/275/283 771/276/284
f 805/277/285 768/273/281 767/278/286
f 806/279/287 841/280/288 817/281/289
f 855/282/290 862/283/291 861/284/292
f 799/285/293 762/286/294 791/287/295
f 781/288/296 841/280/288 806/279/287
f 762/286/294 799/285/293 763/289/297
f 797/156/298 788/290/299 746/291/300
f 792/268/275 751/267/274 750/269/276
f 760/292/301 759/293/302 789/294/303
f 816/295/304 758/296/305 757/297/306
f 748/166/307 747/271/278 749/270/277
f 870/298/308 790/299/309 789/294/303
f 789/294/303 790/299/309 760/292/301
f 783/300/310 832/301/311 775/302/312
f 789/294/303 816/295/304 815/303/313
f 812/304/314 816/295/304 757/297/306
f 773/305/315 772/275/283 793/274/282
f 788/290/299 797/156/298 801/306/316
f 789/294/303 759/293/302 758/296/305
f 820/307/317 747/271/278 813/308/318
f 820/307/317 792/268/275 747/271/278
f 798/309/319 842/310/320 839/311/321
f 761/312/322 760/292/301 790/299/309
f 774/313/323 809/314/324 775/302/312
f 775/302/312 809/314/324 783/300/310
f 777/315/325 800/316/326 794/317/327
f 804/318/328 814/319/329 777/315/325
f 802/320/330 782/321/331 806/279/287
f 844/322/332 751/267/274 792/268/275
f 820/307/317 844/322/332 792/268/275
f 820/307/317 843/323/333 844/322/332
f 791/287/295 762/286/294 761/312/322
f 784/324/334 775/302/312 832/301/311
f 805/277/285 767/278/286 766/325/335
f 768/273/281 805/277/285 770/272/279
f 810/326/336 779/327/337 778/328/338
f 782/321/331 802/320/330 801/306/316
f 746/291/300 813/308/318 747/271/278
f 816/295/304 789/294/303 758/296/305
f 844/322/332 753/265/272 751/267/274
f 774/313/323 793/274/282 809/314/324
f 773/305/315 793/274/282 774/313/323
f 783/300/310 831/329/339 850/330/340
f 804/318/328 777/315/325 776/331/341
f 784/324/334 804/318/328 776/331/341
f 777/315/325 814/319/329 800/316/326
f 785/332/342 794/317/327 800/316/326
f 779/327/337 803/333/343 822/334/344
f 779/327/337 810/326/336 803/333/343
f 780/335/345 795/336/346 786/337/347
f 822/334/344 795/336/346 779/327/337
f 795/336/346 822/334/344 786/337/347
f 781/288/296 806/279/287 782/321/331
f 802/320/330 788/290/299 801/306/316
f 755/338/348 823/339/349 811/340/350
f 781/288/296 839/311/321 841/280/288
f 830/341/351 781/288/296 787/342/352
f 831/329/339 809/314/324 835/343/353
f 766/325/335 821/344/354 805/277/285
f 834/345/355 766/325/335 765/346/356
f 831/329/339 783/300/310 809/314/324
f 785/332/342 778/328/338 794/317/327
f 784/324/334 832/301/311 804/318/328
f 829/347/357 771/276/284 770/272/279
f 813/308/318 746/291/300 820/307/317
f 820/307/317 746/291/300 788/290/299
f 755/338/348 811/340/350 756/348/358
f 757/297/306 811/340/350 812/304/314
f 753/265/272 819/349/359 754/350/360
f 793/274/282 835/343/353 809/314/324
f 827/351/361 846/352/362 765/346/356
f 802/320/330 806/279/287 817/281/289
f 778/328/338 785/332/342 810/326/336
f 818/353/363 823/339/349 755/338/348
f 754/350/360 818/353/363 755/338/348
f 811/340/350 757/297/306 756/348/358
f 819/349/359 753/265/272 842/310/320
f 838/354/364 819/349/359 798/309/319
f 838/354/364 818/353/363 819/349/359
f 799/285/293 808/355/365 763/289/297
f 808/355/365 799/285/293 857/356/366
f 789/294/303 815/303/313 870/298/308
f 834/345/355 821/344/354 766/325/335
f 764/357/367 827/351/361 765/346/356
f 800/316/326 814/319/329 853/358/368
f 819/349/359 818/353/363 754/350/360
f 824/359/369 811/340/350 836/360/370
f 856/361/371 816/295/304 812/304/314
f 788/290/299 843/323/333 820/307/317
f 771/276/284 829/347/357 793/274/282
f 821/344/354 829/347/357 805/277/285
f 770/272/279 805/277/285 829/347/357
f 780/335/345 830/341/351 787/342/352
f 812/304/314 811/340/350 824/359/369
f 812/304/314 824/359/369 856/361/371
f 804/318/328 828/362/372 814/319/329
f 853/358/368 825/363/373 800/316/326
f 785/332/342 825/363/373 807/364/374
f 837/365/375 780/335/345 786/337/347
f 780/335/345 826/366/376 830/341/351
f 836/360/370 811/340/350 823/339/349
f 827/351/361 764/357/367 859/367/377
f 837/365/375 826/366/376 780/335/345
f 818/353/363 836/360/370 823/339/349
f 814/319/329 828/362/372 853/358/368
f 807/364/374 810/326/336 785/332/342
f 800/316/326 825/363/373 785/332/342
f 859/367/377 848/368/378 827/351/361
f 793/274/282 829/347/357 835/343/353
f 833/369/379 831/329/339 835/343/353
f 835/343/353 829/347/357 821/344/354
f 837/365/375 840/370/380 836/360/370
f 848/368/378 849/371/381 867/372/382
f 847/373/383 867/372/382 832/301/311
f 835/343/353 834/345/355 833/369/379
f 850/330/340 833/369/379 846/352/362
f 833/369/379 850/330/340 831/329/339
f 850/330/340 832/301/311 783/300/310
f 847/373/383 832/301/311 850/330/340
f 835/343/353 821/344/354 834/345/355
f 836/360/370 818/353/363 838/354/364
f 839/311/321 830/341/351 798/309/319
f 839/311/321 781/288/296 830/341/351
f 838/354/364 830/341/351 826/366/376
f 798/309/319 830/341/351 838/354/364
f 839/311/321 842/310/320 841/280/288
f 817/281/289 843/323/333 802/320/330
f 788/290/299 802/320/330 843/323/333
f 841/280/288 842/310/320 817/281/289
f 845/374/384 842/310/320 844/322/332
f 845/374/384 843/323/333 817/281/289
f 845/374/384 844/322/332 843/323/333
f 817/281/289 842/310/320 845/374/384
f 753/265/272 844/322/332 842/310/320
f 846/352/362 834/345/355 765/346/356
f 819/349/359 842/310/320 798/309/319
f 870/298/308 866/375/385 790/299/309
f 827/351/361 848/368/378 847/373/383
f 846/352/362 827/351/361 847/373/383
f 834/345/355 846/352/362 833/369/379
f 849/371/381 848/368/378 859/367/377
f 853/358/368 851/376/386 852/377/387
f 848/368/378 867/372/382 847/373/383
f 849/371/381 860/378/388 854/379/389
f 854/379/389 860/378/388 828/362/372
f 860/378/388 851/376/386 828/362/372
f 853/358/368 828/362/372 851/376/386
f 854/379/389 828/362/372 804/318/328
f 832/301/311 867/372/382 854/379/389
f 803/333/343 796/380/390 822/334/344
f 796/380/390 837/365/375 822/334/344
f 855/282/290 796/380/390 803/333/343
f 822/334/344 837/365/375 786/337/347
f 838/354/364 826/366/376 837/365/375
f 836/360/370 856/361/371 824/359/369
f 840/370/380 856/361/371 836/360/370
f 840/370/380 837/365/375 796/380/390
f 856/361/371 796/380/390 855/282/290
f 840/370/380 796/380/390 856/361/371
f 836/360/370 838/354/364 837/365/375
f 853/358/368 852/377/387 825/363/373
f 790/299/309 791/287/295 761/312/322
f 857/356/366 799/285/293 858/381/391
f 857/356/366 869/382/392 860/378/388
f 859/367/377 857/356/366 860/378/388
f 857/356/366 858/381/391 869/382/392
f 808/355/365 857/356/366 859/367/377
f 859/367/377 764/357/367 808/355/365
f 860/378/388 869/382/392 851/376/386
f 865/383/393 871/384/394 858/381/391
f 860/378/388 849/371/381 859/367/377
f 865/383/393 858/381/391 791/287/295
f 815/303/313 816/295/304 856/361/371
f 856/361/371 855/282/290 861/284/292
f 856/361/371 861/284/292 815/303/313
f 863/385/395 807/364/374 864/386/396
f 863/385/395 862/283/291 868/387/397
f 865/383/393 862/283/291 863/385/395
f 863/385/395 864/386/396 865/383/393
f 861/284/292 862/283/291 870/298/308
f 807/364/374 863/385/395 868/387/397
f 803/333/343 868/387/397 862/283/291
f 871/384/394 865/383/393 864/386/396
f 803/333/343 862/283/291 855/282/290
f 862/283/291 865/383/393 866/375/385
f 866/375/385 870/298/308 862/283/291
f 866/375/385 865/383/393 791/287/295
f 791/287/295 790/299/309 866/375/385
f 804/318/328 832/301/311 854/379/389
f 799/285/293 791/287/295 858/381/391
f 850/330/340 846/352/362 847/373/383
f 849/371/381 854/379/389 867/372/382
f 803/333/343 810/326/336 868/387/397
f 868/387/397 810/326/336 807/364/374
f 858/381/391 871/384/394 869/382/392
f 870/298/308 815/303/313 861/284/292
f 851/376/386 869/382/392 852/377/387
f 871/384/394 825/363/373 852/377/387
f 864/386/396 807/364/374 825/363/373
f 869/382/392 871/384/394 852/377/387
f 864/386/396 825/363/373 871/384/394
f 982/388/398 1036/389/399 983/390/400
f 984/391/401 986/392/402 985/393/403
f 988/394/404 987/395/405 989/396/406
f 998/397/407 1000/398/408 999/399/409
f 1061/400/410 1062/401/411 1085/402/412
f 1085/402/412 1074/403/413 1061/400/410
f 1097/404/414 1046/405/415 1047/406/416
f 1075/407/417 1076/408/418 1117/409/419
f 1056/410/420 1057/411/421 1088/412/422
f 1088/412/422 1055/413/423 1056/410/420
f 1089/414/424 1088/412/422 1086/415/425
f 1087/416/426 1050/417/427 1100/418/428
f 1088/412/422 1057/411/421 1086/415/425
f 1059/419/429 1057/411/421 1058/420/430
f 1073/421/431 1038/422/432 1153/423/433
f 1073/421/431 1153/423/433 1082/424/434
f 1059/419/429 1086/415/425 1057/411/421
f 1090/425/435 1097/404/414 1047/406/416
f 1042/426/436 1099/427/437 1041/428/438
f 1045/429/439 1125/430/440 1044/431/441
f 1126/432/442 1098/433/443 1044/431/441
f 1086/415/425 1141/434/444 1089/414/424
f 1039/435/445 1040/436/446 1091/437/447
f 1083/438/448 1112/439/449 1092/440/450
f 1082/424/434 1072/441/451 1073/421/431
f 1059/419/429 1060/442/452 1086/415/425
f 1089/414/424 1055/413/423 1088/412/422
f 1076/408/418 1075/407/417 1064/443/453
f 1078/444/454 1065/445/455 1115/446/456
f 1079/447/457 1066/448/458 1067/449/459
f 1068/450/460 1079/447/457 1067/449/459
f 1109/451/461 1114/452/462 1152/453/463
f 1105/454/464 1038/422/432 1039/435/445
f 1041/428/438 1091/437/447 1040/436/446
f 1085/402/412 1063/455/465 1074/403/413
f 1048/456/466 1090/425/435 1047/406/416
f 1117/409/419 1083/438/448 1096/457/467
f 1065/445/455 1078/444/454 1077/458/468
f 1070/459/469 1081/460/470 1094/461/471
f 1099/427/437 1091/437/447 1041/428/438
f 1050/417/427 1111/462/472 1100/418/428
f 1050/417/427 1051/463/473 1111/462/472
f 1052/464/474 1107/465/475 1119/466/476
f 1082/424/434 1071/467/477 1072/441/451
f 1101/468/478 1045/429/439 1046/405/415
f 1108/469/479 1097/404/414 1090/425/435
f 1055/413/423 1092/440/450 1112/439/449
f 1054/470/480 1055/413/423 1112/439/449
f 1060/442/452 1141/434/444 1086/415/425
f 1066/448/458 1115/446/456 1065/445/455
f 1061/400/410 1074/403/413 1141/434/444
f 1093/471/481 1102/472/482 1080/473/483
f 1110/474/484 1093/471/481 1080/473/483
f 1093/471/481 1069/475/485 1102/472/482
f 1068/450/460 1093/471/481 1110/474/484
f 1094/461/471 1069/475/485 1070/459/469
f 1071/467/477 1081/460/470 1070/459/469
f 1113/476/486 1094/461/471 1081/460/470
f 1091/437/447 1105/454/464 1039/435/445
f 1096/457/467 1074/403/413 1063/455/465
f 1063/455/465 1075/407/417 1117/409/419
f 1142/477/487 1064/443/453 1077/458/468
f 1106/478/488 1112/439/449 1118/479/489
f 1097/404/414 1101/468/478 1046/405/415
f 1055/413/423 1089/414/424 1092/440/450
f 1077/458/468 1078/444/454 1121/480/490
f 1071/467/477 1104/481/491 1081/460/470
f 1099/427/437 1042/426/436 1109/451/461
f 1082/424/434 1104/481/491 1071/467/477
f 1038/422/432 1105/454/464 1153/423/433
f 1099/427/437 1105/454/464 1091/437/447
f 1079/447/457 1068/450/460 1110/474/484
f 1132/482/492 1100/418/428 1111/462/472
f 1117/409/419 1096/457/467 1063/455/465
f 1141/434/444 1074/403/413 1096/457/467
f 1064/443/453 1142/477/487 1076/408/418
f 1121/480/490 1142/477/487 1077/458/468
f 1106/478/488 1054/470/480 1112/439/449
f 1141/434/444 1092/440/450 1089/414/424
f 1104/481/491 1103/483/493 1081/460/470
f 1099/427/437 1109/451/461 1105/454/464
f 1122/484/494 1111/462/472 1052/464/474
f 1052/464/474 1053/485/495 1107/465/475
f 1106/478/488 1053/485/495 1054/470/480
f 1097/404/414 1108/469/479 1101/468/478
f 1143/486/496 1112/439/449 1083/438/448
f 1043/487/497 1044/431/441 1145/488/498
f 1043/487/497 1114/452/462 1042/426/436
f 1111/462/472 1051/463/473 1052/464/474
f 1117/409/419 1076/408/418 1083/438/448
f 1145/488/498 1114/452/462 1043/487/497
f 1152/453/463 1114/452/462 1145/488/498
f 1053/485/495 1106/478/488 1107/465/475
f 1140/489/499 1121/480/490 1078/444/454
f 1108/469/479 1124/490/500 1101/468/478
f 1118/479/489 1112/439/449 1143/486/496
f 1145/488/498 1044/431/441 1098/433/443
f 1042/426/436 1114/452/462 1109/451/461
f 1137/491/501 1115/446/456 1066/448/458
f 1079/447/457 1110/474/484 1127/492/502
f 1080/473/483 1116/493/503 1110/474/484
f 1080/473/483 1102/472/482 1116/493/503
f 1102/472/482 1120/494/504 1116/493/503
f 1116/493/503 1120/494/504 1155/495/505
f 1122/484/494 1052/464/474 1119/466/476
f 1045/429/439 1101/468/478 1125/430/440
f 1118/479/489 1123/496/506 1106/478/488
f 1123/496/506 1107/465/475 1106/478/488
f 1119/466/476 1107/465/475 1123/496/506
f 1115/446/456 1139/497/507 1078/444/454
f 1139/497/507 1140/489/499 1078/444/454
f 1079/447/457 1127/492/502 1066/448/458
f 1102/472/482 1069/475/485 1120/494/504
f 1094/461/471 1113/476/486 1151/498/508
f 1094/461/471 1151/498/508 1069/475/485
f 1151/498/508 1120/494/504 1069/475/485
f 1113/476/486 1149/499/509 1151/498/508
f 1151/498/508 1149/499/509 1144/500/510
f 1122/484/494 1119/466/476 1138/501/511
f 1137/491/501 1066/448/458 1127/492/502
f 1138/501/511 1115/446/456 1137/491/501
f 1125/430/440 1126/432/442 1044/431/441
f 1122/484/494 1138/501/511 1136/502/512
f 1123/496/506 1140/489/499 1119/466/476
f 1116/493/503 1133/503/513 1110/474/484
f 1154/504/514 1127/492/502 1110/474/484
f 1125/430/440 1101/468/478 1124/490/500
f 1110/474/484 1133/503/513 1154/504/514
f 1127/492/502 1134/505/515 1137/491/501
f 1119/466/476 1140/489/499 1139/497/507
f 1134/505/515 1127/492/502 1154/504/514
f 1108/469/479 1090/425/435 1128/506/516
f 1090/425/435 1048/456/466 1128/506/516
f 1131/507/517 1124/490/500 1108/469/479
f 1130/508/518 1128/506/516 1084/509/519
f 1130/508/518 1084/509/519 1087/416/426
f 1048/456/466 1084/509/519 1128/506/516
f 1049/510/520 1084/509/519 1048/456/466
f 1131/507/517 1144/500/510 1124/490/500
f 1134/505/515 1130/508/518 1132/482/492
f 1116/493/503 1155/495/505 1133/503/513
f 1133/503/513 1155/495/505 1131/507/517
f 1108/469/479 1128/506/516 1129/511/521
f 1135/512/522 1134/505/515 1132/482/492
f 1133/503/513 1131/507/517 1129/511/521
f 1087/416/426 1132/482/492 1130/508/518
f 1100/418/428 1132/482/492 1087/416/426
f 1137/491/501 1135/512/522 1136/502/512
f 1137/491/501 1134/505/515 1135/512/522
f 1136/502/512 1138/501/511 1137/491/501
f 1132/482/492 1136/502/512 1135/512/522
f 1115/446/456 1138/501/511 1119/466/476
f 1136/502/512 1132/482/492 1111/462/472
f 1115/446/456 1119/466/476 1139/497/507
f 1122/484/494 1136/502/512 1111/462/472
f 1084/509/519 1049/510/520 1087/416/426
f 1061/400/410 1141/434/444 1060/442/452
f 1092/440/450 1096/457/467 1083/438/448
f 1092/440/450 1141/434/444 1096/457/467
f 1143/486/496 1083/438/448 1076/408/418
f 1143/486/496 1076/408/418 1142/477/487
f 1123/496/506 1143/486/496 1142/477/487
f 1123/496/506 1121/480/490 1140/489/499
f 1123/496/506 1142/477/487 1121/480/490
f 1123/496/506 1118/479/489 1143/486/496
f 1081/460/470 1146/513/523 1147/514/524
f 1081/460/470 1103/483/493 1146/513/523
f 1147/514/524 1113/476/486 1081/460/470
f 1113/476/486 1147/514/524 1148/515/525
f 1095/516/526 1098/433/443 1126/432/442
f 1146/513/523 1145/488/498 1095/516/526
f 1148/515/525 1125/430/440 1150/517/527
f 1125/430/440 1148/515/525 1126/432/442
f 1150/517/527 1125/430/440 1144/500/510
f 1095/516/526 1145/488/498 1098/433/443
f 1147/514/524 1146/513/523 1095/516/526
f 1148/515/525 1147/514/524 1095/516/526
f 1149/499/509 1113/476/486 1148/515/525
f 1144/500/510 1149/499/509 1148/515/525
f 1144/500/510 1148/515/525 1150/517/527
f 1155/495/505 1144/500/510 1131/507/517
f 1152/453/463 1146/513/523 1103/483/493
f 1152/453/463 1104/481/491 1153/423/433
f 1152/453/463 1153/423/433 1109/451/461
f 1105/454/464 1109/451/461 1153/423/433
f 1146/513/523 1152/453/463 1145/488/498
f 1104/481/491 1152/453/463 1103/483/493
f 1082/424/434 1153/423/433 1104/481/491
f 1129/511/521 1128/506/516 1130/508/518
f 1130/508/518 1156/518/528 1129/511/521
f 1156/518/528 1130/508/518 1134/505/515
f 1129/511/521 1131/507/517 1108/469/479
f 1155/495/505 1151/498/508 1144/500/510
f 1156/518/528 1133/503/513 1129/511/521
f 1156/518/528 1154/504/514 1133/503/513
f 1156/518/528 1134/505/515 1154/504/514
f 1144/500/510 1125/430/440 1124/490/500
f 1151/498/508 1155/495/505 1120/494/504
f 1148/515/525 1095/516/526 1126/432/442
f 1212/519/529 1168/520/530 1167/521/531
f 1197/522/532 1222/523/533 1187/524/534
f 1183/525/535 1208/526/536 1184/527/537
f 1208/526/536 1183/525/535 1196/528/538
f 1178/529/539 1210/530/540 1179/531/541
f 1210/530/540 1178/529/539 1177/532/542
f 1211/533/543 1209/534/544 1210/530/540
f 1172/535/545 1263/536/546 1173/537/547
f 1210/530/540 1209/534/544 1179/531/541
f 1181/538/548 1180/539/549 1179/531/541
f 1206/540/550 1214/541/551 1195/542/552
f 1181/538/548 1179/531/541 1209/534/544
f 1171/543/553 1170/544/554 1224/545/555
f 1170/544/554 1169/546/556 1224/545/555
f 1212/519/529 1224/545/555 1169/546/556
f 1169/546/556 1168/520/530 1212/519/529
f 1214/541/551 1158/547/557 1157/548/558
f 1166/549/559 1165/550/560 1239/551/561
f 1219/552/562 1165/550/560 1270/553/563
f 1209/534/544 1211/533/543 1264/554/564
f 1190/555/565 1200/556/566 1218/557/567
f 1160/558/568 1159/559/569 1161/560/570
f 1207/561/571 1216/562/572 1235/563/573
f 1206/540/550 1195/542/552 1194/564/574
f 1181/538/548 1209/534/544 1182/565/575
f 1211/533/543 1210/530/540 1177/532/542
f 1199/566/576 1240/567/577 1188/568/578
f 1192/569/579 1203/570/580 1204/571/581
f 1223/572/582 1162/573/583 1161/560/570
f 1161/560/570 1159/559/569 1223/572/582
f 1201/574/584 1218/557/567 1233/575/585
f 1208/526/536 1265/576/586 1185/577/587
f 1242/578/588 1221/579/589 1207/561/571
f 1188/568/578 1187/524/534 1246/580/590
f 1225/581/591 1203/570/580 1191/582/592
f 1192/569/579 1204/571/581 1205/583/593
f 1173/537/547 1263/536/546 1234/584/594
f 1173/537/547 1234/584/594 1174/585/595
f 1265/576/586 1208/526/536 1196/528/538
f 1221/579/589 1186/586/596 1265/576/586
f 1175/587/597 1253/588/598 1230/589/599
f 1206/540/550 1194/564/574 1193/590/600
f 1231/591/601 1167/521/531 1166/549/559
f 1177/532/542 1235/563/573 1216/562/572
f 1176/592/602 1235/563/573 1177/532/542
f 1182/565/575 1209/534/544 1265/576/586
f 1185/577/587 1265/576/586 1186/586/596
f 1198/593/603 1187/524/534 1222/523/533
f 1198/593/603 1246/580/590 1187/524/534
f 1189/594/604 1188/568/578 1240/567/577
f 1200/556/566 1190/555/565 1189/594/604
f 1182/565/575 1265/576/586 1183/525/535
f 1196/528/538 1183/525/535 1265/576/586
f 1191/582/592 1202/595/605 1225/581/591
f 1202/595/605 1191/582/592 1217/596/606
f 1218/557/567 1201/574/584 1217/596/606
f 1202/595/605 1217/596/606 1201/574/584
f 1200/556/566 1233/575/585 1218/557/567
f 1193/590/600 1192/569/579 1226/597/607
f 1237/598/608 1205/583/593 1204/571/581
f 1157/548/558 1195/542/552 1214/541/551
f 1238/599/609 1234/584/594 1261/600/610
f 1261/600/610 1234/584/594 1263/536/546
f 1186/586/596 1242/578/588 1197/522/532
f 1229/601/611 1236/602/612 1235/563/573
f 1231/591/601 1252/603/613 1212/519/529
f 1231/591/601 1212/519/529 1167/521/531
f 1177/532/542 1216/562/572 1211/533/543
f 1265/576/586 1209/534/544 1264/554/564
f 1192/569/579 1205/583/593 1226/597/607
f 1193/590/600 1226/597/607 1228/604/614
f 1206/540/550 1193/590/600 1228/604/614
f 1158/547/557 1214/541/551 1232/605/615
f 1232/605/615 1214/541/551 1275/606/616
f 1223/572/582 1227/607/617 1162/573/583
f 1232/605/615 1223/572/582 1159/559/569
f 1221/579/589 1242/578/588 1186/586/596
f 1222/523/533 1197/522/532 1242/578/588
f 1229/601/611 1235/563/573 1176/592/602
f 1264/554/564 1211/533/543 1216/562/572
f 1199/566/576 1188/568/578 1246/580/590
f 1220/608/618 1164/609/619 1163/610/620
f 1227/607/617 1232/605/615 1220/608/618
f 1232/605/615 1275/606/616 1220/608/618
f 1227/607/617 1223/572/582 1232/605/615
f 1238/599/609 1175/587/597 1234/584/594
f 1200/556/566 1189/594/604 1248/611/621
f 1267/612/622 1207/561/571 1235/563/573
f 1164/609/619 1270/553/563 1165/550/560
f 1227/607/617 1163/610/620 1162/573/583
f 1163/610/620 1227/607/617 1220/608/618
f 1158/547/557 1232/605/615 1159/559/569
f 1240/567/577 1248/611/621 1189/594/604
f 1241/613/623 1201/574/584 1233/575/585
f 1234/584/594 1175/587/597 1174/585/595
f 1242/578/588 1207/561/571 1222/523/533
f 1229/601/611 1230/589/599 1236/602/612
f 1165/550/560 1219/552/562 1239/551/561
f 1166/549/559 1239/551/561 1231/591/601
f 1220/608/618 1274/614/624 1164/609/619
f 1175/587/597 1230/589/599 1229/601/611
f 1252/603/613 1231/591/601 1215/615/625
f 1236/602/612 1267/612/622 1235/563/573
f 1266/616/626 1267/612/622 1236/602/612
f 1269/617/627 1248/611/621 1240/567/577
f 1200/556/566 1250/618/628 1233/575/585
f 1201/574/584 1241/613/623 1202/595/605
f 1202/595/605 1241/613/623 1244/619/629
f 1244/619/629 1225/581/591 1202/595/605
f 1266/616/626 1236/602/612 1230/589/599
f 1226/597/607 1213/620/630 1228/604/614
f 1175/587/597 1238/599/609 1253/588/598
f 1200/556/566 1248/611/621 1250/618/628
f 1203/570/580 1225/581/591 1245/621/631
f 1204/571/581 1203/570/580 1247/622/632
f 1247/622/632 1203/570/580 1245/621/631
f 1204/571/581 1247/622/632 1273/623/633
f 1278/624/634 1247/622/632 1245/621/631
f 1225/581/591 1279/625/635 1245/621/631
f 1245/621/631 1279/625/635 1278/624/634
f 1250/618/628 1248/611/621 1254/626/636
f 1224/545/555 1276/627/637 1251/628/638
f 1256/629/639 1233/575/585 1250/618/628
f 1243/630/640 1252/603/613 1215/615/625
f 1249/631/641 1238/599/609 1260/632/642
f 1252/603/613 1224/545/555 1212/519/529
f 1276/627/637 1255/633/643 1251/628/638
f 1239/551/561 1215/615/625 1231/591/601
f 1241/613/623 1233/575/585 1244/619/629
f 1171/543/553 1224/545/555 1251/628/638
f 1230/589/599 1253/588/598 1266/616/626
f 1244/619/629 1233/575/585 1256/629/639
f 1258/634/644 1257/635/645 1255/633/643
f 1244/619/629 1279/625/635 1225/581/591
f 1260/632/642 1257/635/645 1259/636/646
f 1243/630/640 1215/615/625 1278/624/634
f 1244/619/629 1256/629/639 1277/637/647
f 1244/619/629 1277/637/647 1279/625/635
f 1263/536/546 1255/633/643 1257/635/645
f 1259/636/646 1257/635/645 1254/626/636
f 1248/611/621 1259/636/646 1254/626/636
f 1260/632/642 1259/636/646 1248/611/621
f 1248/611/621 1269/617/627 1260/632/642
f 1269/617/627 1249/631/641 1260/632/642
f 1257/635/645 1260/632/642 1262/638/648
f 1262/638/648 1260/632/642 1261/600/610
f 1253/588/598 1249/631/641 1199/566/576
f 1253/588/598 1199/566/576 1246/580/590
f 1199/566/576 1249/631/641 1240/567/577
f 1240/567/577 1249/631/641 1269/617/627
f 1238/599/609 1261/600/610 1260/632/642
f 1261/600/610 1263/536/546 1262/638/648
f 1263/536/546 1172/535/545 1255/633/643
f 1262/638/648 1263/536/546 1257/635/645
f 1216/562/572 1207/561/571 1221/579/589
f 1216/562/572 1221/579/589 1264/554/564
f 1265/576/586 1264/554/564 1221/579/589
f 1267/612/622 1222/523/533 1207/561/571
f 1267/612/622 1266/616/626 1222/523/533
f 1198/593/603 1266/616/626 1246/580/590
f 1266/616/626 1253/588/598 1246/580/590
f 1272/639/649 1205/583/593 1237/598/608
f 1226/597/607 1205/583/593 1213/620/630
f 1239/551/561 1219/552/562 1268/640/650
f 1270/553/563 1164/609/619 1274/614/624
f 1270/553/563 1271/641/651 1219/552/562
f 1271/641/651 1270/553/563 1274/614/624
f 1213/620/630 1205/583/593 1272/639/649
f 1219/552/562 1271/641/651 1268/640/650
f 1213/620/630 1271/641/651 1274/614/624
f 1271/641/651 1272/639/649 1268/640/650
f 1272/639/649 1273/623/633 1268/640/650
f 1237/598/608 1204/571/581 1273/623/633
f 1271/641/651 1213/620/630 1272/639/649
f 1273/623/633 1272/639/649 1237/598/608
f 1247/622/632 1268/640/650 1273/623/633
f 1247/622/632 1239/551/561 1268/640/650
f 1215/615/625 1239/551/561 1247/622/632
f 1274/614/624 1220/608/618 1275/606/616
f 1274/614/624 1228/604/614 1213/620/630
f 1275/606/616 1228/604/614 1274/614/624
f 1275/606/616 1214/541/551 1228/604/614
f 1206/540/550 1228/604/614 1214/541/551
f 1224/545/555 1252/603/613 1276/627/637
f 1255/633/643 1276/627/637 1258/634/644
f 1277/637/647 1256/629/639 1276/627/637
f 1258/634/644 1276/627/637 1256/629/639
f 1252/603/613 1243/630/640 1278/624/634
f 1278/624/634 1276/627/637 1252/603/613
f 1276/627/637 1279/625/635 1277/637/647
f 1278/624/634 1279/625/635 1276/627/637
f 1247/622/632 1278/624/634 1215/615/625
f 1258/634/644 1254/626/636 1257/635/645
f 1253/588/598 1238/599/609 1249/631/641
f 1256/629/639 1250/618/628 1258/634/644
f 1250/618/628 1254/626/636 1258/634/644
f 1171/543/553 1251/628/638 1172/535/545
f 1255/633/643 1172/535/545 1251/628/638
f 1222/523/533 1266/616/626 1198/593/603
f 1445/642/652 1448/643/653 1293/644/654
f 1365/645/655 1364/646/656 1442/647/657
f 1412/648/658 1411/649/659 1413/650/660
f 1423/651/661 1447/652/662 1424/653/663
f 1623/654/664 1484/655/665 1485/656/666
f 1629/657/667 1623/654/664 1486/658/668
f 1458/659/669 1526/660/670 1457/661/671
f 1459/662/672 1521/663/673 1530/664/674
f 1562/665/675 1453/666/676 1455/667/677
f 1522/668/678 1552/669/679 1525/670/680
f 1533/671/681 1472/672/682 1473/673/683
f 1488/674/684 1586/675/685 1681/676/686
f 1518/677/687 1627/678/688 1490/679/689
f 1480/680/690 1481/681/691 1566/682/692
f 1522/668/678 1525/670/680 1509/683/693
f 1508/684/694 1509/683/693 1525/670/680
f 1539/685/695 1523/686/696 1534/687/697
f 1610/688/698 1530/664/674 1521/663/673
f 1532/689/699 1475/690/700 1476/691/701
f 1499/692/702 1558/693/703 1498/694/704
f 1474/695/705 1475/690/700 1535/696/706
f 1534/687/697 1529/697/707 1555/698/708
f 1471/699/709 1472/672/682 1570/700/710
f 1467/701/711 1468/702/712 1567/703/713
f 1532/689/699 1476/691/701 1477/704/714
f 1463/705/715 1569/706/716 1554/707/717
f 1524/708/718 1477/704/714 1479/709/719
f 1479/709/719 1477/704/714 1478/710/720
f 1595/711/721 1495/712/722 1496/713/723
f 1520/714/724 1496/713/723 1497/715/725
f 1497/715/725 1558/693/703 1520/714/724
f 1558/693/703 1497/715/725 1498/694/704
f 1558/693/703 1499/692/702 1542/716/726
f 1530/664/674 1526/660/670 1458/659/669
f 1459/662/672 1523/686/696 1521/663/673
f 1458/659/669 1459/662/672 1530/664/674
f 1469/717/727 1468/702/712 1528/718/728
f 1453/666/676 1454/719/729 1455/667/677
f 1534/687/697 1555/698/708 1707/720/730
f 1507/721/731 1508/684/694 1506/722/732
f 1510/723/733 1522/668/678 1509/683/693
f 1577/724/734 1455/667/677 1456/725/735
f 1536/726/736 1473/673/683 1535/696/706
f 1535/696/706 1473/673/683 1474/695/705
f 1535/696/706 1532/689/699 1531/727/737
f 1575/728/738 1525/670/680 1552/669/679
f 1572/729/739 1495/712/722 1519/730/740
f 1588/731/741 1607/732/742 1559/733/743
f 1569/706/716 1464/734/744 1465/735/745
f 1605/736/746 1524/708/718 1479/709/719
f 1570/700/710 1594/737/747 1471/699/709
f 1521/663/673 1523/686/696 1539/685/695
f 1570/700/710 1533/671/681 1538/738/748
f 1473/673/683 1536/726/736 1533/671/681
f 1538/738/748 1533/671/681 1536/726/736
f 1532/689/699 1527/739/749 1563/740/750
f 1475/690/700 1532/689/699 1535/696/706
f 1492/741/751 1493/742/752 1587/743/753
f 1494/744/754 1572/729/739 1493/742/752
f 1494/744/754 1495/712/722 1572/729/739
f 1631/745/755 1632/746/756 1601/747/757
f 1511/748/758 1522/668/678 1510/723/733
f 1569/706/716 1463/705/715 1464/734/744
f 1537/749/759 1451/750/760 1452/751/761
f 1450/752/762 1451/750/760 1537/749/759
f 1605/736/746 1479/709/719 1480/680/690
f 1470/753/763 1594/737/747 1581/754/764
f 1563/740/750 1527/739/749 1615/755/765
f 1538/738/748 1536/726/736 1548/756/766
f 1625/757/767 1628/758/768 1626/759/769
f 1572/729/739 1587/743/753 1493/742/752
f 1558/693/703 1559/733/743 1520/714/724
f 1506/722/732 1508/684/694 1560/760/770
f 1574/761/771 1522/668/678 1511/748/758
f 1480/680/690 1553/762/772 1605/736/746
f 1562/665/675 1576/763/773 1452/751/761
f 1463/705/715 1554/707/717 1462/764/774
f 1567/703/713 1469/717/727 1568/765/775
f 1470/753/763 1568/765/775 1469/717/727
f 1568/765/775 1470/753/763 1581/754/764
f 1567/703/713 1468/702/712 1469/717/727
f 1619/766/776 1539/685/695 1618/767/777
f 1619/766/776 1521/663/673 1539/685/695
f 1521/663/673 1619/766/776 1610/688/698
f 1532/689/699 1477/704/714 1527/739/749
f 1540/768/778 1484/655/665 1623/654/664
f 1485/656/666 1486/658/668 1623/654/664
f 1587/743/753 1491/769/779 1492/741/751
f 1602/770/780 1595/711/721 1496/713/723
f 1495/712/722 1595/711/721 1519/730/740
f 1499/692/702 1500/771/781 1542/716/726
f 1559/733/743 1558/693/703 1542/716/726
f 1549/772/782 1466/773/783 1467/701/711
f 1620/774/784 1596/775/785 1505/776/786
f 1561/777/787 1512/778/788 1513/779/789
f 1569/706/716 1465/735/745 1466/773/783
f 1516/780/790 1517/781/791 1546/782/792
f 1449/783/793 1546/782/792 1517/781/791
f 1462/764/774 1547/784/794 1461/785/795
f 1616/786/796 1529/697/707 1460/787/797
f 1531/727/737 1548/756/766 1535/696/706
f 1535/696/706 1548/756/766 1536/726/736
f 1548/756/766 1531/727/737 1585/788/798
f 1582/789/799 1486/658/668 1487/790/800
f 1788/791/801 1572/729/739 1519/730/740
f 1542/716/726 1500/771/781 1583/792/802
f 1620/774/784 1505/776/786 1560/760/770
f 1561/777/787 1511/748/758 1512/778/788
f 1511/748/758 1561/777/787 1574/761/771
f 1553/762/772 1480/680/690 1566/682/692
f 1566/682/692 1481/681/691 1571/793/803
f 1569/706/716 1466/773/783 1549/772/782
f 1537/749/759 1452/751/761 1576/763/773
f 1613/794/804 1538/738/748 1548/756/766
f 1615/755/765 1712/795/805 1563/740/750
f 1563/740/750 1531/727/737 1532/689/699
f 1604/796/806 1483/797/807 1557/798/808
f 1488/674/684 1489/799/809 1586/675/685
f 1583/792/802 1500/771/781 1573/800/810
f 1467/701/711 1567/703/713 1549/772/782
f 1549/772/782 1567/703/713 1589/801/811
f 1600/802/812 1505/776/786 1596/775/785
f 1560/760/770 1508/684/694 1620/774/784
f 1561/777/787 1513/779/789 1565/803/813
f 1565/803/813 1550/804/814 1561/777/787
f 1574/761/771 1561/777/787 1550/804/814
f 1550/804/814 1543/805/815 1574/761/771
f 1513/779/789 1514/806/816 1565/803/813
f 1514/806/816 1515/807/817 1545/808/818
f 1574/761/771 1552/669/679 1522/668/678
f 1576/763/773 1593/809/819 1537/749/759
f 1593/809/819 1450/752/762 1537/749/759
f 1533/671/681 1570/700/710 1472/672/682
f 1578/810/820 1585/788/798 1686/811/821
f 1540/768/778 1557/798/808 1484/655/665
f 1482/812/822 1571/793/803 1481/681/691
f 1500/771/781 1501/813/823 1573/800/810
f 1573/800/810 1501/813/823 1502/814/824
f 1588/731/741 1559/733/743 1542/716/726
f 1505/776/786 1600/802/812 1771/815/825
f 1514/806/816 1551/816/826 1579/817/827
f 1579/817/827 1550/804/814 1565/803/813
f 1551/816/826 1514/806/816 1545/808/818
f 1591/818/828 1553/762/772 1599/819/829
f 1589/801/811 1569/706/716 1549/772/782
f 1593/809/819 1576/763/773 1592/820/830
f 1545/808/818 1515/807/817 1638/821/831
f 1450/752/762 1593/809/819 1449/783/793
f 1548/756/766 1578/810/820 1613/794/804
f 1477/704/714 1524/708/718 1527/739/749
f 1585/788/798 1563/740/750 1712/795/805
f 1488/674/684 1681/676/686 1487/790/800
f 1490/679/689 1627/678/688 1489/799/809
f 1482/812/822 1564/822/832 1571/793/803
f 1642/823/833 1587/743/753 1572/729/739
f 1502/814/824 1503/824/834 1598/825/835
f 1504/826/836 1505/776/786 1771/815/825
f 1653/827/837 1620/774/784 1508/684/694
f 1579/817/827 1565/803/813 1514/806/816
f 1686/811/821 1585/788/798 1584/828/838
f 1571/793/803 1599/819/829 1566/682/692
f 1640/829/839 1449/783/793 1593/809/819
f 1577/724/734 1562/665/675 1455/667/677
f 1712/795/805 1584/828/838 1585/788/798
f 1531/727/737 1563/740/750 1585/788/798
f 1518/677/687 1491/769/779 1626/759/769
f 1491/769/779 1587/743/753 1624/830/840
f 1609/831/841 1588/731/741 1583/792/802
f 1504/826/836 1771/815/825 1503/824/834
f 1596/775/785 1620/774/784 1653/827/837
f 1553/762/772 1591/818/828 1605/736/746
f 1599/819/829 1553/762/772 1566/682/692
f 1589/801/811 1554/707/717 1569/706/716
f 1592/820/830 1576/763/773 1577/724/734
f 1540/768/778 1604/796/806 1557/798/808
f 1582/789/799 1487/790/800 1681/676/686
f 1583/792/802 1588/731/741 1542/716/726
f 1543/805/815 1552/669/679 1574/761/771
f 1552/669/679 1543/805/815 1580/832/842
f 1617/833/843 1605/736/746 1591/818/828
f 1590/834/844 1591/818/828 1599/819/829
f 1593/809/819 1592/820/830 1640/829/839
f 1691/835/845 1581/754/764 1594/737/747
f 1582/789/799 1629/657/667 1486/658/668
f 1482/812/822 1483/797/807 1564/822/832
f 1550/804/814 1544/836/846 1648/837/847
f 1579/817/827 1544/836/846 1550/804/814
f 1644/838/848 1571/793/803 1564/822/832
f 1604/796/806 1693/839/849 1483/797/807
f 1742/840/850 1771/815/825 1600/802/812
f 1599/819/829 1674/841/851 1590/834/844
f 1595/711/721 1606/842/852 1519/730/740
f 1580/832/842 1543/805/815 1603/843/853
f 1629/657/667 1649/844/854 1623/654/664
f 1541/845/855 1519/730/740 1606/842/852
f 1550/804/814 1648/837/847 1603/843/853
f 1603/843/853 1696/846/856 1665/847/857
f 1603/843/853 1543/805/815 1550/804/814
f 1595/711/721 1602/770/780 1606/842/852
f 1602/770/780 1520/714/724 1608/848/858
f 1746/849/859 1693/839/849 1604/796/806
f 1607/732/742 1608/848/858 1520/714/724
f 1635/850/860 1606/842/852 1634/851/861
f 1606/842/852 1602/770/780 1608/848/858
f 1606/842/852 1608/848/858 1634/851/861
f 1607/732/742 1588/731/741 1633/852/862
f 1608/848/858 1607/732/742 1633/852/862
f 1588/731/741 1609/831/841 1633/852/862
f 1530/664/674 1612/853/863 1526/660/670
f 1610/688/698 1612/853/863 1530/664/674
f 1650/854/864 1526/660/670 1612/853/863
f 1610/688/698 1611/855/865 1612/853/863
f 1577/724/734 1456/725/735 1650/854/864
f 1650/854/864 1457/661/671 1526/660/670
f 1456/725/735 1457/661/671 1650/854/864
f 1570/700/710 1613/794/804 1614/856/866
f 1613/794/804 1570/700/710 1538/738/748
f 1575/728/738 1653/827/837 1525/670/680
f 1461/785/795 1547/784/794 1460/787/797
f 1616/786/796 1460/787/797 1547/784/794
f 1462/764/774 1554/707/717 1547/784/794
f 1730/857/867 1616/786/796 1547/784/794
f 1673/858/868 1617/833/843 1591/818/828
f 1590/834/844 1673/858/868 1591/818/828
f 1520/714/724 1602/770/780 1496/713/723
f 1614/856/866 1688/859/869 1690/860/870
f 1556/861/871 1619/766/776 1618/767/777
f 1556/861/871 1677/862/872 1619/766/776
f 1524/708/718 1621/863/873 1527/739/749
f 1524/708/718 1605/736/746 1621/863/873
f 1617/833/843 1621/863/873 1605/736/746
f 1578/810/820 1548/756/766 1585/788/798
f 1622/864/874 1540/768/778 1623/654/664
f 1491/769/779 1624/830/840 1625/757/767
f 1626/759/769 1628/758/768 1678/865/875
f 1518/677/687 1626/759/769 1627/678/688
f 1679/866/876 1626/759/769 1678/865/875
f 1641/867/877 1625/757/767 1624/830/840
f 1491/769/779 1625/757/767 1626/759/769
f 1489/799/809 1627/678/688 1586/675/685
f 1628/758/768 1625/757/767 1641/867/877
f 1586/675/685 1627/678/688 1708/868/878
f 1681/676/686 1586/675/685 1708/868/878
f 1682/869/879 1629/657/667 1582/789/799
f 1587/743/753 1680/870/880 1641/867/877
f 1681/676/686 1682/869/879 1582/789/799
f 1630/871/881 1629/657/667 1682/869/879
f 1630/871/881 1649/844/854 1629/657/667
f 1622/864/874 1604/796/806 1540/768/778
f 1598/825/835 1503/824/834 1631/745/755
f 1631/745/755 1601/747/757 1598/825/835
f 1632/746/756 1631/745/755 1503/824/834
f 1503/824/834 1771/815/825 1632/746/756
f 1636/872/882 1598/825/835 1601/747/757
f 1577/724/734 1576/763/773 1562/665/675
f 1788/791/801 1766/873/883 1572/729/739
f 1573/800/810 1502/814/824 1609/831/841
f 1633/852/862 1609/831/841 1636/872/882
f 1502/814/824 1598/825/835 1609/831/841
f 1608/848/858 1633/852/862 1634/851/861
f 1633/852/862 1637/874/884 1634/851/861
f 1635/850/860 1763/875/885 1764/876/886
f 1541/845/855 1635/850/860 1764/876/886
f 1573/800/810 1609/831/841 1583/792/802
f 1637/874/884 1633/852/862 1636/872/882
f 1634/851/861 1763/875/885 1635/850/860
f 1636/872/882 1710/877/887 1637/874/884
f 1525/670/680 1653/827/837 1508/684/694
f 1546/782/792 1638/821/831 1515/807/817
f 1449/783/793 1639/878/888 1546/782/792
f 1546/782/792 1683/879/889 1638/821/831
f 1546/782/792 1639/878/888 1683/879/889
f 1449/783/793 1640/829/839 1639/878/888
f 1651/880/890 1639/878/888 1640/829/839
f 1686/811/821 1687/881/891 1578/810/820
f 1589/801/811 1567/703/713 1730/857/867
f 1587/743/753 1643/882/892 1680/870/880
f 1587/743/753 1642/823/833 1643/882/892
f 1645/883/893 1644/838/848 1564/822/832
f 1564/822/832 1693/839/849 1645/883/893
f 1564/822/832 1483/797/807 1693/839/849
f 1599/819/829 1644/838/848 1597/884/894
f 1745/885/895 1646/886/896 1694/887/897
f 1551/816/826 1545/808/818 1579/817/827
f 1544/836/846 1579/817/827 1724/888/898
f 1647/889/899 1723/890/900 1724/888/898
f 1544/836/846 1723/890/900 1648/837/847
f 1723/890/900 1544/836/846 1724/888/898
f 1622/864/874 1746/849/859 1604/796/806
f 1649/844/854 1746/849/859 1622/864/874
f 1599/819/829 1571/793/803 1644/838/848
f 1520/714/724 1559/733/743 1607/732/742
f 1651/880/890 1577/724/734 1650/854/864
f 1652/891/901 1651/880/890 1650/854/864
f 1640/829/839 1592/820/830 1651/880/890
f 1592/820/830 1577/724/734 1651/880/890
f 1651/880/890 1652/891/901 1639/878/888
f 1652/891/901 1611/855/865 1683/879/889
f 1683/879/889 1639/878/888 1652/891/901
f 1614/856/866 1691/835/845 1570/700/710
f 1614/856/866 1687/881/891 1688/859/869
f 1654/892/902 1656/893/903 1575/728/738
f 1655/894/904 1656/893/903 1654/892/902
f 1656/893/903 1653/827/837 1575/728/738
f 1653/827/837 1656/893/903 1698/895/905
f 1654/892/902 1552/669/679 1580/832/842
f 1654/892/902 1580/832/842 1658/896/906
f 1654/892/902 1660/897/907 1657/898/908
f 1657/898/908 1655/894/904 1654/892/902
f 1575/728/738 1552/669/679 1654/892/902
f 1657/898/908 1659/899/909 1655/894/904
f 1603/843/853 1648/837/847 1696/846/856
f 1665/847/857 1660/897/907 1658/896/906
f 1654/892/902 1658/896/906 1660/897/907
f 1658/896/906 1603/843/853 1665/847/857
f 1603/843/853 1658/896/906 1580/832/842
f 1657/898/908 1660/897/907 1661/900/910
f 1657/898/908 1661/900/910 1659/899/909
f 1664/901/911 1660/897/907 1662/902/912
f 1667/903/913 1659/899/909 1661/900/910
f 1664/901/911 1661/900/910 1660/897/907
f 1661/900/910 1664/901/911 1667/903/913
f 1665/847/857 1662/902/912 1660/897/907
f 1666/904/914 1667/903/913 1664/901/911
f 1670/905/915 1712/795/805 1615/755/765
f 1584/828/838 1712/795/805 1744/906/916
f 1615/755/765 1527/739/749 1668/907/917
f 1621/863/873 1617/833/843 1669/908/918
f 1621/863/873 1668/907/917 1527/739/749
f 1669/908/918 1668/907/917 1621/863/873
f 1671/909/919 1670/905/915 1669/908/918
f 1671/909/919 1669/908/918 1617/833/843
f 1670/905/915 1668/907/917 1669/908/918
f 1671/909/919 1675/910/920 1732/911/921
f 1672/912/922 1534/687/697 1707/720/730
f 1534/687/697 1672/912/922 1539/685/695
f 1673/858/868 1671/909/919 1617/833/843
f 1590/834/844 1674/841/851 1721/913/923
f 1675/910/920 1673/858/868 1590/834/844
f 1590/834/844 1721/913/923 1675/910/920
f 1673/858/868 1675/910/920 1671/909/919
f 1610/688/698 1676/914/924 1736/915/925
f 1677/862/872 1676/914/924 1619/766/776
f 1677/862/872 1556/861/871 1782/916/926
f 1556/861/871 1703/917/927 1704/918/928
f 1672/912/922 1703/917/927 1556/861/871
f 1672/912/922 1556/861/871 1618/767/777
f 1672/912/922 1618/767/777 1539/685/695
f 1556/861/871 1704/918/928 1799/919/929
f 1627/678/688 1626/759/769 1679/866/876
f 1829/920/930 1641/867/877 1680/870/880
f 1649/844/854 1622/864/874 1623/654/664
f 1630/871/881 1682/869/879 1741/921/931
f 1630/871/881 1792/922/932 1649/844/854
f 1636/872/882 1609/831/841 1598/825/835
f 1763/875/885 1634/851/861 1637/874/884
f 1545/808/818 1638/821/831 1711/923/933
f 1683/879/889 1611/855/865 1685/924/934
f 1687/881/891 1614/856/866 1613/794/804
f 1687/881/891 1689/925/935 1688/859/869
f 1686/811/821 1689/925/935 1687/881/891
f 1691/835/845 1614/856/866 1735/926/936
f 1686/811/821 1584/828/838 1689/925/935
f 1712/795/805 1743/927/937 1744/906/916
f 1613/794/804 1578/810/820 1687/881/891
f 1567/703/713 1568/765/775 1730/857/867
f 1730/857/867 1568/765/775 1692/928/938
f 1589/801/811 1730/857/867 1554/707/717
f 1692/928/938 1568/765/775 1581/754/764
f 1594/737/747 1570/700/710 1691/835/845
f 1581/754/764 1691/835/845 1692/928/938
f 1730/857/867 1547/784/794 1554/707/717
f 1587/743/753 1641/867/877 1624/830/840
f 1646/886/896 1693/839/849 1746/849/859
f 1646/886/896 1645/883/893 1693/839/849
f 1694/887/897 1646/886/896 1792/922/932
f 1745/885/895 1740/929/939 1715/930/940
f 1741/921/931 1694/887/897 1792/922/932
f 1740/929/939 1745/885/895 1694/887/897
f 1644/838/848 1645/883/893 1695/931/941
f 1695/931/941 1645/883/893 1646/886/896
f 1597/884/894 1644/838/848 1695/931/941
f 1646/886/896 1718/932/942 1695/931/941
f 1695/931/941 1716/933/943 1597/884/894
f 1597/884/894 1674/841/851 1599/819/829
f 1648/837/847 1723/890/900 1696/846/856
f 1572/729/739 1766/873/883 1642/823/833
f 1519/730/740 1541/845/855 1709/934/944
f 1788/791/801 1519/730/740 1709/934/944
f 1652/891/901 1612/853/863 1611/855/865
f 1612/853/863 1652/891/901 1650/854/864
f 1653/827/837 1698/895/905 1714/935/945
f 1655/894/904 1698/895/905 1656/893/903
f 1698/895/905 1699/936/946 1697/937/947
f 1659/899/909 1698/895/905 1655/894/904
f 1659/899/909 1699/936/946 1698/895/905
f 1662/902/912 1665/847/857 1696/846/856
f 1664/901/911 1662/902/912 1701/938/948
f 1752/939/949 1666/904/914 1663/940/950
f 1701/938/948 1666/904/914 1664/901/911
f 1663/940/950 1666/904/914 1701/938/948
f 1666/904/914 1727/941/951 1667/903/913
f 1752/939/949 1702/942/952 1754/943/953
f 1663/940/950 1702/942/952 1752/939/949
f 1670/905/915 1615/755/765 1668/907/917
f 1555/698/708 1616/786/796 1707/720/730
f 1529/697/707 1616/786/796 1555/698/708
f 1703/917/927 1707/720/730 1705/944/954
f 1703/917/927 1672/912/922 1707/720/730
f 1703/917/927 1705/944/954 1704/918/928
f 1704/918/928 1781/945/955 1799/919/929
f 1704/918/928 1705/944/954 1706/946/956
f 1801/947/957 1704/918/928 1706/946/956
f 1705/944/954 1707/720/730 1734/948/958
f 1676/914/924 1610/688/698 1619/766/776
f 1708/868/878 1627/678/688 1679/866/876
f 1643/882/892 1773/949/959 1786/950/960
f 1741/921/931 1682/869/879 1681/676/686
f 1711/923/933 1638/821/831 1683/879/889
f 1685/924/934 1711/923/933 1683/879/889
f 1545/808/818 1724/888/898 1579/817/827
f 1610/688/698 1736/915/925 1611/855/865
f 1614/856/866 1690/860/870 1735/926/936
f 1690/860/870 1688/859/869 1767/951/961
f 1767/951/961 1733/952/962 1690/860/870
f 1766/873/883 1789/953/963 1642/823/833
f 1741/921/931 1740/929/939 1694/887/897
f 1715/930/940 1740/929/939 1679/866/876
f 1715/930/940 1679/866/876 1774/954/964
f 1761/955/965 1679/866/876 1740/929/939
f 1792/922/932 1646/886/896 1746/849/859
f 1721/913/923 1674/841/851 1716/933/943
f 1674/841/851 1597/884/894 1716/933/943
f 1718/932/942 1716/933/943 1695/931/941
f 1719/956/966 1718/932/942 1717/957/967
f 1718/932/942 1719/956/966 1716/933/943
f 1717/957/967 1720/958/968 1719/956/966
f 1717/957/967 1775/959/969 1720/958/968
f 1716/933/943 1719/956/966 1721/913/923
f 1755/960/970 1721/913/923 1719/956/966
f 1794/961/971 1722/962/972 1720/958/968
f 1755/960/970 1719/956/966 1722/962/972
f 1724/888/898 1711/923/933 1647/889/899
f 1685/924/934 1647/889/899 1711/923/933
f 1711/923/933 1724/888/898 1545/808/818
f 1723/890/900 1647/889/899 1700/963/973
f 1635/850/860 1541/845/855 1606/842/852
f 1596/775/785 1653/827/837 1714/935/945
f 1725/964/974 1769/965/975 1697/937/947
f 1659/899/909 1667/903/913 1699/936/946
f 1725/964/974 1699/936/946 1667/903/913
f 1760/966/976 1663/940/950 1783/967/977
f 1702/942/952 1663/940/950 1777/968/978
f 1666/904/914 1752/939/949 1727/941/951
f 1727/941/951 1725/964/974 1667/903/913
f 1726/969/979 1725/964/974 1727/941/951
f 1726/969/979 1728/970/980 1725/964/974
f 1699/936/946 1725/964/974 1697/937/947
f 1725/964/974 1728/970/980 1769/965/975
f 1726/969/979 1753/971/981 1729/972/982
f 1769/965/975 1728/970/980 1768/973/983
f 1762/974/984 1710/877/887 1802/975/985
f 1726/969/979 1729/972/982 1728/970/980
f 1670/905/915 1671/909/919 1743/927/937
f 1730/857/867 1692/928/938 1731/976/986
f 1731/976/986 1692/928/938 1691/835/845
f 1616/786/796 1730/857/867 1731/976/986
f 1743/927/937 1671/909/919 1732/911/921
f 1707/720/730 1616/786/796 1734/948/958
f 1556/861/871 1799/919/929 1782/916/926
f 1706/946/956 1705/944/954 1733/952/962
f 1734/948/958 1733/952/962 1705/944/954
f 1733/952/962 1801/947/957 1706/946/956
f 1733/952/962 1809/977/987 1801/947/957
f 1616/786/796 1731/976/986 1734/948/958
f 1736/915/925 1738/978/988 1685/924/934
f 1685/924/934 1611/855/865 1736/915/925
f 1676/914/924 1738/978/988 1736/915/925
f 1676/914/924 1677/862/872 1737/979/989
f 1737/979/989 1738/978/988 1676/914/924
f 1685/924/934 1738/978/988 1739/980/990
f 1739/980/990 1684/981/991 1685/924/934
f 1680/870/880 1643/882/892 1785/982/992
f 1741/921/931 1681/676/686 1740/929/939
f 1740/929/939 1681/676/686 1708/868/878
f 1596/775/785 1742/840/850 1600/802/812
f 1802/975/985 1636/872/882 1601/747/757
f 1636/872/882 1802/975/985 1710/877/887
f 1689/925/935 1584/828/838 1744/906/916
f 1743/927/937 1712/795/805 1670/905/915
f 1732/911/921 1713/983/993 1743/927/937
f 1744/906/916 1743/927/937 1713/983/993
f 1744/906/916 1751/984/994 1689/925/935
f 1714/935/945 1698/895/905 1742/840/850
f 1742/840/850 1596/775/785 1714/935/945
f 1774/954/964 1775/959/969 1715/930/940
f 1715/930/940 1717/957/967 1745/885/895
f 1745/885/895 1718/932/942 1646/886/896
f 1775/959/969 1717/957/967 1715/930/940
f 1745/885/895 1717/957/967 1718/932/942
f 1713/983/993 1756/985/995 1751/984/994
f 1749/986/996 1751/984/994 1756/985/995
f 1750/987/997 1756/985/995 1713/983/993
f 1713/983/993 1751/984/994 1744/906/916
f 1647/889/899 1685/924/934 1684/981/991
f 1684/981/991 1700/963/973 1647/889/899
f 1700/963/973 1696/846/856 1723/890/900
f 1727/941/951 1752/939/949 1726/969/979
f 1675/910/920 1755/960/970 1732/911/921
f 1722/962/972 1756/985/995 1750/987/997
f 1721/913/923 1755/960/970 1675/910/920
f 1750/987/997 1732/911/921 1755/960/970
f 1750/987/997 1755/960/970 1722/962/972
f 1750/987/997 1713/983/993 1732/911/921
f 1731/976/986 1691/835/845 1735/926/936
f 1734/948/958 1690/860/870 1733/952/962
f 1735/926/936 1690/860/870 1734/948/958
f 1734/948/958 1731/976/986 1735/926/936
f 1677/862/872 1758/988/998 1737/979/989
f 1758/988/998 1677/862/872 1782/916/926
f 1757/989/999 1758/988/998 1759/990/1000
f 1757/989/999 1738/978/988 1737/979/989
f 1759/990/1000 1760/966/976 1757/989/999
f 1758/988/998 1757/989/999 1737/979/989
f 1663/940/950 1760/966/976 1777/968/978
f 1758/988/998 1782/916/926 1759/990/1000
f 1783/967/977 1739/980/990 1760/966/976
f 1738/978/988 1757/989/999 1739/980/990
f 1802/975/985 1601/747/757 1770/991/1001
f 1762/974/984 1787/992/1002 1763/875/885
f 1710/877/887 1762/974/984 1763/875/885
f 1637/874/884 1710/877/887 1763/875/885
f 1787/992/1002 1806/993/1003 1763/875/885
f 1764/876/886 1763/875/885 1806/993/1003
f 1788/791/801 1764/876/886 1765/994/1004
f 1789/953/963 1766/873/883 1788/791/801
f 1689/925/935 1751/984/994 1767/951/961
f 1809/977/987 1767/951/961 1811/995/1005
f 1809/977/987 1733/952/962 1767/951/961
f 1767/951/961 1688/859/869 1689/925/935
f 1767/951/961 1751/984/994 1749/986/996
f 1767/951/961 1749/986/996 1811/995/1005
f 1697/937/947 1742/840/850 1698/895/905
f 1697/937/947 1769/965/975 1772/996/1006
f 1768/973/983 1728/970/980 1803/997/1007
f 1803/997/1007 1728/970/980 1729/972/982
f 1769/965/975 1768/973/983 1770/991/1001
f 1771/815/825 1697/937/947 1772/996/1006
f 1742/840/850 1697/937/947 1771/815/825
f 1632/746/756 1771/815/825 1772/996/1006
f 1601/747/757 1632/746/756 1772/996/1006
f 1773/949/959 1643/882/892 1642/823/833
f 1630/871/881 1741/921/931 1792/922/932
f 1747/998/1008 1720/958/968 1775/959/969
f 1747/998/1008 1794/961/971 1720/958/968
f 1722/962/972 1719/956/966 1720/958/968
f 1722/962/972 1794/961/971 1756/985/995
f 1696/846/856 1700/963/973 1662/902/912
f 1662/902/912 1700/963/973 1783/967/977
f 1739/980/990 1700/963/973 1684/981/991
f 1783/967/977 1700/963/973 1739/980/990
f 1776/999/1009 1702/942/952 1777/968/978
f 1777/968/978 1778/1000/1010 1776/999/1009
f 1779/1001/1011 1798/1002/1012 1778/1000/1010
f 1777/968/978 1759/990/1000 1778/1000/1010
f 1759/990/1000 1779/1001/1011 1778/1000/1010
f 1753/971/981 1754/943/953 1780/1003/1013
f 1702/942/952 1780/1003/1013 1754/943/953
f 1726/969/979 1752/939/949 1753/971/981
f 1704/918/928 1810/1004/1014 1781/945/955
f 1799/919/929 1779/1001/1011 1782/916/926
f 1759/990/1000 1777/968/978 1760/966/976
f 1760/966/976 1739/980/990 1757/989/999
f 1663/940/950 1701/938/948 1783/967/977
f 1662/902/912 1783/967/977 1701/938/948
f 1680/870/880 1784/1005/1015 1829/920/930
f 1830/1006/1016 1784/1005/1015 1680/870/880
f 1628/758/768 1641/867/877 1829/920/930
f 1708/868/878 1679/866/876 1761/955/965
f 1830/1006/1016 1680/870/880 1785/982/992
f 1785/982/992 1643/882/892 1786/950/960
f 1761/955/965 1740/929/939 1708/868/878
f 1772/996/1006 1770/991/1001 1601/747/757
f 1806/993/1003 1787/992/1002 1805/1007/1017
f 1765/994/1004 1764/876/886 1806/993/1003
f 1789/953/963 1788/791/801 1765/994/1004
f 1764/876/886 1788/791/801 1709/934/944
f 1821/1008/1018 1807/1009/1019 1789/953/963
f 1807/1009/1019 1642/823/833 1789/953/963
f 1764/876/886 1709/934/944 1541/845/855
f 1774/954/964 1791/1010/1020 1747/998/1008
f 1746/849/859 1649/844/854 1792/922/932
f 1793/1011/1021 1774/954/964 1679/866/876
f 1747/998/1008 1823/1012/1022 1794/961/971
f 1748/1013/1023 1749/986/996 1794/961/971
f 1794/961/971 1749/986/996 1756/985/995
f 1795/1014/1024 1811/995/1005 1748/1013/1023
f 1810/1004/1014 1811/995/1005 1795/1014/1024
f 1795/1014/1024 1748/1013/1023 1796/1015/1025
f 1796/1015/1025 1822/1016/1026 1795/1014/1024
f 1816/1017/1027 1702/942/952 1776/999/1009
f 1779/1001/1011 1799/919/929 1798/1002/1012
f 1754/943/953 1753/971/981 1752/939/949
f 1753/971/981 1780/1003/1013 1817/1018/1028
f 1801/947/957 1809/977/987 1810/1004/1014
f 1759/990/1000 1782/916/926 1779/1001/1011
f 1628/758/768 1793/1011/1021 1678/865/875
f 1786/950/960 1773/949/959 1808/1019/1029
f 1769/965/975 1770/991/1001 1772/996/1006
f 1768/973/983 1802/975/985 1770/991/1001
f 1802/975/985 1803/997/1007 1762/974/984
f 1803/997/1007 1787/992/1002 1762/974/984
f 1805/1007/1017 1787/992/1002 1803/997/1007
f 1806/993/1003 1805/1007/1017 1804/1020/1030
f 1806/993/1003 1804/1020/1030 1821/1008/1018
f 1807/1009/1019 1821/1008/1018 1824/1021/1031
f 1789/953/963 1765/994/1004 1821/1008/1018
f 1807/1009/1019 1773/949/959 1642/823/833
f 1807/1009/1019 1808/1019/1029 1773/949/959
f 1786/950/960 1808/1019/1029 1819/1022/1032
f 1810/1004/1014 1809/977/987 1811/995/1005
f 1748/1013/1023 1811/995/1005 1749/986/996
f 1628/758/768 1791/1010/1020 1793/1011/1021
f 1800/1023/1033 1795/1014/1024 1797/1024/1034
f 1812/1025/1035 1814/1026/1036 1800/1023/1033
f 1827/1027/1037 1814/1026/1036 1812/1025/1035
f 1813/1028/1038 1814/1026/1036 1827/1027/1037
f 1813/1028/1038 1827/1027/1037 1828/1029/1039
f 1812/1025/1035 1800/1023/1033 1797/1024/1034
f 1748/1013/1023 1794/961/971 1823/1012/1022
f 1748/1013/1023 1823/1012/1022 1796/1015/1025
f 1797/1024/1034 1795/1014/1024 1822/1016/1026
f 1774/954/964 1747/998/1008 1775/959/969
f 1814/1026/1036 1798/1002/1012 1799/919/929
f 1799/919/929 1800/1023/1033 1814/1026/1036
f 1813/1028/1038 1798/1002/1012 1814/1026/1036
f 1778/1000/1010 1813/1028/1038 1815/1030/1040
f 1781/945/955 1810/1004/1014 1795/1014/1024
f 1799/919/929 1781/945/955 1800/1023/1033
f 1778/1000/1010 1798/1002/1012 1813/1028/1038
f 1781/945/955 1795/1014/1024 1800/1023/1033
f 1815/1030/1040 1832/1031/1041 1778/1000/1010
f 1832/1031/1041 1776/999/1009 1778/1000/1010
f 1780/1003/1013 1702/942/952 1816/1017/1027
f 1832/1031/1041 1816/1017/1027 1776/999/1009
f 1816/1017/1027 1835/1032/1042 1780/1003/1013
f 1817/1018/1028 1780/1003/1013 1835/1032/1042
f 1810/1004/1014 1704/918/928 1801/947/957
f 1679/866/876 1678/865/875 1793/1011/1021
f 1785/982/992 1818/1033/1043 1830/1006/1016
f 1818/1033/1043 1785/982/992 1819/1022/1032
f 1818/1033/1043 1819/1022/1032 1825/1034/1044
f 1785/982/992 1786/950/960 1819/1022/1032
f 1802/975/985 1768/973/983 1803/997/1007
f 1729/972/982 1753/971/981 1803/997/1007
f 1753/971/981 1805/1007/1017 1803/997/1007
f 1817/1018/1028 1804/1020/1030 1805/1007/1017
f 1817/1018/1028 1821/1008/1018 1804/1020/1030
f 1821/1008/1018 1765/994/1004 1806/993/1003
f 1834/1035/1045 1808/1019/1029 1807/1009/1019
f 1820/1036/1046 1819/1022/1032 1808/1019/1029
f 1793/1011/1021 1791/1010/1020 1774/954/964
f 1796/1015/1025 1823/1012/1022 1790/1037/1047
f 1797/1024/1034 1822/1016/1026 1826/1038/1048
f 1791/1010/1020 1790/1037/1047 1823/1012/1022
f 1823/1012/1022 1747/998/1008 1791/1010/1020
f 1790/1037/1047 1784/1005/1015 1826/1038/1048
f 1790/1037/1047 1822/1016/1026 1796/1015/1025
f 1812/1025/1035 1826/1038/1048 1830/1006/1016
f 1835/1032/1042 1816/1017/1027 1832/1031/1041
f 1807/1009/1019 1824/1021/1031 1834/1035/1045
f 1819/1022/1032 1820/1036/1046 1825/1034/1044
f 1826/1038/1048 1784/1005/1015 1830/1006/1016
f 1790/1037/1047 1791/1010/1020 1829/920/930
f 1817/1018/1028 1805/1007/1017 1753/971/981
f 1821/1008/1018 1817/1018/1028 1824/1021/1031
f 1829/920/930 1791/1010/1020 1628/758/768
f 1813/1028/1038 1828/1029/1039 1815/1030/1040
f 1831/1039/1049 1828/1029/1039 1827/1027/1037
f 1797/1024/1034 1826/1038/1048 1812/1025/1035
f 1790/1037/1047 1826/1038/1048 1822/1016/1026
f 1830/1006/1016 1818/1033/1043 1825/1034/1044
f 1829/920/930 1784/1005/1015 1790/1037/1047
f 1831/1039/1049 1833/1040/1050 1828/1029/1039
f 1825/1034/1044 1831/1039/1049 1827/1027/1037
f 1827/1027/1037 1812/1025/1035 1825/1034/1044
f 1830/1006/1016 1825/1034/1044 1812/1025/1035
f 1833/1040/1050 1832/1031/1041 1815/1030/1040
f 1815/1030/1040 1828/1029/1039 1833/1040/1050
f 1832/1031/1041 1833/1040/1050 1820/1036/1046
f 1833/1040/1050 1825/1034/1044 1820/1036/1046
f 1820/1036/1046 1834/1035/1045 1835/1032/1042
f 1824/1021/1031 1835/1032/1042 1834/1035/1045
f 1835/1032/1042 1832/1031/1041 1820/1036/1046
f 1835/1032/1042 1824/1021/1031 1817/1018/1028
f 1808/1019/1029 1834/1035/1045 1820/1036/1046
f 1831/1039/1049 1825/1034/1044 1833/1040/1050
f 1515/807/817 1516/780/790 1546/782/792
f 1948/1041/1051 1923/1042/1052 1840/1043/1053
f 1919/1044/1054 1857/1045/1055 1856/1046/1056
f 1898/1047/1057 2012/1048/1058 1899/1049/1059
f 1864/1050/1060 1973/1051/1061 1865/1052/1062
f 1909/1053/1063 1889/1054/1064 1908/1055/1065
f 1854/1056/1066 1853/1057/1067 1925/1058/1068
f 1918/1059/1069 1860/1060/1070 1859/1061/1071
f 1924/1062/1072 1907/1063/1073 1925/1058/1068
f 1858/1064/1074 1921/1065/1075 1859/1061/1071
f 1852/1066/1076 1947/1067/1077 1853/1057/1067
f 1918/1059/1069 1861/1068/1078 1860/1060/1070
f 1844/1069/1079 1843/1070/1080 1913/1071/1081
f 1850/734/1082 1929/1072/1083 1851/1073/1084
f 1912/1074/1085 1862/1075/1086 1861/1068/1078
f 1845/1076/1087 1917/1077/1088 1949/1078/1089
f 1905/1079/1090 1906/1080/1091 1881/1081/1092
f 1977/1082/1093 1984/1083/1094 1960/1084/1095
f 1883/1085/1096 1944/1086/1097 1961/1087/1098
f 1894/1088/1099 1893/1089/1100 1946/1090/1101
f 1844/1069/1079 1917/1077/1088 1845/1076/1087
f 1854/1056/1066 1915/1091/1102 1853/1057/1067
f 1913/1071/1081 1917/1077/1088 1844/1069/1079
f 1911/1092/1103 1845/1076/1087 1949/1078/1089
f 1908/1055/1065 1889/1054/1064 1931/1093/1104
f 1887/1094/1105 1886/1095/1106 1888/1096/1107
f 1931/1093/1104 1888/1096/1107 1886/1095/1106
f 1890/1097/1108 1889/1054/1064 1909/1053/1063
f 1960/1084/1095 1984/1083/1094 1963/1098/1109
f 1922/1099/1110 1921/1065/1075 1857/1045/1055
f 1920/1100/1111 1911/1092/1103 1926/1101/1112
f 1921/1065/1075 1858/1064/1074 1857/1045/1055
f 1921/1065/1075 1951/1102/1113 1918/1059/1069
f 1963/1098/1109 1954/1103/1114 1885/1104/1115
f 1908/1055/1065 1931/1093/1104 1967/1105/1116
f 1889/1054/1064 1888/1096/1107 1931/1093/1104
f 1916/1106/1117 1838/1107/1118 1837/1108/1119
f 1863/1109/1120 1862/1075/1086 1912/1074/1085
f 1969/1110/1121 1855/1111/1122 1907/1063/1073
f 1841/1112/1123 1923/1042/1052 1842/1113/1124
f 1969/1110/1121 1997/1114/1125 1919/1044/1054
f 1857/1045/1055 1919/1044/1054 1922/1099/1110
f 1918/1059/1069 1950/1115/1126 1914/1116/1127
f 1859/1061/1071 1921/1065/1075 1918/1059/1069
f 1878/1117/1128 1902/1118/1129 1943/1119/1130
f 1878/1117/1128 1959/1120/1131 1879/1121/1132
f 1891/1122/1133 1890/1097/1108 1909/1053/1063
f 1852/1066/1076 1851/1073/1084 1934/1123/1134
f 1906/1080/1091 1882/1124/1135 1881/1081/1092
f 1840/1043/1053 1923/1042/1052 1841/1112/1123
f 1916/1106/1117 1839/1125/1136 1838/1107/1118
f 1929/1072/1083 1849/1126/1137 1910/1127/1138
f 1907/1063/1073 1924/1062/1072 2077/1128/1139
f 1952/1129/1140 1919/1044/1054 1997/1114/1125
f 1950/1115/1126 1999/1130/1141 1914/1116/1127
f 1870/1131/1142 1869/1132/1143 1956/1133/1144
f 1956/1133/1144 1872/1134/1145 1871/1135/1146
f 1877/1136/1147 1902/1118/1129 1878/1117/1128
f 1903/1137/1148 1904/1138/1149 1880/1139/1150
f 1905/1079/1090 1881/1081/1092 1880/1139/1150
f 1883/1085/1096 1882/1124/1135 1944/1086/1097
f 1886/1095/1106 1945/1140/1151 1931/1093/1104
f 1946/1090/1101 1892/1141/1152 1935/1142/1153
f 1965/1143/1154 1891/1122/1133 1909/1053/1063
f 1870/1131/1142 1956/1133/1144 1871/1135/1146
f 1948/1041/1051 1839/1125/1136 1981/1144/1155
f 1849/1126/1137 1848/1145/1156 1910/1127/1138
f 1924/1062/1072 1925/1058/1068 1947/1067/1077
f 1947/1067/1077 1925/1058/1068 1853/1057/1067
f 1919/1044/1054 1952/1129/1140 1922/1099/1110
f 2003/1146/1157 1926/1101/1112 1911/1092/1103
f 1949/1078/1089 2003/1146/1157 1911/1092/1103
f 1949/1078/1089 1917/1077/1088 1994/1147/1158
f 1918/1059/1069 1914/1116/1127 1861/1068/1078
f 1922/1099/1110 1951/1102/1113 1921/1065/1075
f 1875/1148/1159 1901/1149/1160 1876/1150/1161
f 1990/1151/1162 1880/1139/1150 1904/1138/1149
f 1880/1139/1150 1990/1151/1162 1905/1079/1090
f 1884/1152/1163 1953/1153/1164 1960/1084/1095
f 2005/1154/1165 1885/1104/1115 1964/1155/1166
f 1938/1156/1167 1864/1050/1060 1863/1109/1120
f 1981/1144/1155 1839/1125/1136 1916/1106/1117
f 1836/1157/1168 1897/1158/1169 1932/1159/1170
f 1939/1160/1171 1847/1161/1172 1846/1162/1173
f 1846/1162/1173 1920/1100/1111 1941/1163/1174
f 1922/1099/1110 1952/1129/1140 1951/1102/1113
f 1952/1129/1140 2026/1164/1175 1951/1102/1113
f 2070/1165/1176 2026/1164/1175 1998/1166/1177
f 1955/1167/1178 1951/1102/1113 2026/1164/1175
f 1872/1134/1145 1956/1133/1144 1927/1168/1179
f 1873/1169/1180 1872/1134/1145 1927/1168/1179
f 1900/1170/1181 1898/1047/1057 1899/1049/1059
f 1875/1148/1159 1898/1047/1057 1900/1170/1181
f 1877/1136/1147 1958/1171/1182 1902/1118/1129
f 1943/1119/1130 1959/1120/1131 1878/1117/1128
f 2130/1172/1183 1879/1121/1132 1959/1120/1131
f 1906/1080/1091 1944/1086/1097 1882/1124/1135
f 1954/1103/1114 1962/1173/1184 2163/1174/1185
f 2005/1154/1165 1945/1140/1151 1885/1104/1115
f 1946/1090/1101 1893/1089/1100 1892/1141/1152
f 1935/1142/1153 1892/1141/1152 1891/1122/1133
f 1965/1143/1154 1908/1055/1065 1978/1175/1186
f 1891/1122/1133 1965/1143/1154 1935/1142/1153
f 1938/1156/1167 1973/1051/1061 1864/1050/1060
f 1852/1066/1076 1934/1123/1134 1947/1067/1077
f 1851/1073/1084 1929/1072/1083 1934/1123/1134
f 1932/1159/1170 1897/1158/1169 1896/1176/1187
f 1968/1177/1188 1932/1159/1170 1896/1176/1187
f 1916/1106/1117 1837/1108/1119 1836/1157/1168
f 1999/1130/1141 1955/1167/1178 1976/1178/1189
f 1950/1115/1126 1955/1167/1178 1999/1130/1141
f 1950/1115/1126 1918/1059/1069 1951/1102/1113
f 1951/1102/1113 1955/1167/1178 1950/1115/1126
f 1869/1132/1143 1868/1179/1190 2036/1180/1191
f 1933/1181/1192 1953/1153/1164 1884/1152/1163
f 1933/1181/1192 1961/1087/1098 1953/1153/1164
f 1883/1085/1096 1961/1087/1098 1933/1181/1192
f 1954/1103/1114 1963/1098/1109 1962/1173/1184
f 1989/1182/1193 1964/1155/1166 1885/1104/1115
f 1935/1142/1153 1965/1143/1154 1966/1183/1194
f 1894/1088/1099 1946/1090/1101 1895/1184/1195
f 1965/1143/1154 1909/1053/1063 1908/1055/1065
f 1978/1175/1186 1908/1055/1065 1967/1105/1116
f 1938/1156/1167 1863/1109/1120 1979/1185/1196
f 1929/1072/1083 1910/1127/1138 1934/1123/1134
f 1981/1144/1155 1916/1106/1117 1982/1186/1197
f 1919/1044/1054 1855/1111/1122 1969/1110/1121
f 2026/1164/1175 1975/1187/1198 1955/1167/1178
f 1869/1132/1143 2036/1180/1191 1983/1188/1199
f 1987/1189/1200 1874/1190/1201 1873/1169/1180
f 1900/1170/1181 1901/1149/1160 1875/1148/1159
f 1906/1080/1091 1905/1079/1090 1944/1086/1097
f 1936/1191/1202 1935/1142/1153 1966/1183/1194
f 1936/1191/1202 1946/1090/1101 1935/1142/1153
f 1972/1192/1203 2031/1193/1204 1938/1156/1167
f 1982/1186/1197 1916/1106/1117 1836/1157/1168
f 1856/1046/1056 1855/1111/1122 1919/1044/1054
f 1861/1068/1078 1914/1116/1127 1912/1074/1085
f 1874/1190/1201 2012/1048/1058 1898/1047/1057
f 1865/1052/1062 1957/1194/1205 1866/1195/1206
f 1954/1103/1114 2161/1196/1207 1885/1104/1115
f 1895/1184/1195 1937/1197/1208 1930/1198/1209
f 1936/1191/1202 1937/1197/1208 1946/1090/1101
f 1937/1197/1208 1895/1184/1195 1946/1090/1101
f 1895/1184/1195 1930/1198/1209 1896/1176/1187
f 1896/1176/1187 1930/1198/1209 1968/1177/1188
f 1986/1199/1210 1972/1192/1203 1979/1185/1196
f 1975/1187/1198 2075/1200/1211 1955/1167/1178
f 1980/1201/1212 1972/1192/1203 1986/1199/1210
f 2024/1202/1213 1982/1186/1197 1836/1157/1168
f 1976/1178/1189 1955/1167/1178 2075/1200/1211
f 1902/1118/1129 1958/1171/1182 2009/1203/1214
f 1954/1103/1114 2163/1174/1185 2161/1196/1207
f 1938/1156/1167 1979/1185/1196 1972/1192/1203
f 2031/1193/1204 1973/1051/1061 1938/1156/1167
f 1972/1192/1203 1985/1204/1215 2031/1193/1204
f 1973/1051/1061 1957/1194/1205 1865/1052/1062
f 1934/1123/1134 1910/1127/1138 1974/1205/1216
f 1873/1169/1180 1927/1168/1179 2067/1206/1217
f 1987/1189/1200 2012/1048/1058 1874/1190/1201
f 1947/1067/1077 1934/1123/1134 1974/1205/1216
f 2016/1207/1218 1984/1083/1094 1977/1082/1093
f 1980/1201/1212 1985/1204/1215 1972/1192/1203
f 1973/1051/1061 2031/1193/1204 1957/1194/1205
f 1930/1198/1209 1937/1197/1208 2033/1208/1219
f 1969/1110/1121 1907/1063/1073 2143/1209/1220
f 2077/1128/1139 2143/1209/1220 1907/1063/1073
f 1866/1195/1206 1942/1210/1221 1867/1211/1222
f 1903/1137/1148 1879/1121/1132 1904/1138/1149
f 1966/1183/1194 2035/1212/1223 1936/1191/1202
f 1863/1109/1120 1912/1074/1085 1979/1185/1196
f 1927/1168/1179 1956/1133/1144 1983/1188/1199
f 1943/1119/1130 1902/1118/1129 2027/1213/1224
f 1868/1179/1190 1867/1211/1222 1988/1214/1225
f 1868/1179/1190 1988/1214/1225 2036/1180/1191
f 1867/1211/1222 2081/1215/1226 1988/1214/1225
f 1885/1104/1115 2161/1196/1207 1989/1182/1193
f 1986/1199/1210 1979/1185/1196 2056/1216/1227
f 1928/1217/1228 1904/1138/1149 1879/1121/1132
f 2036/1180/1191 2067/1206/1217 1983/1188/1199
f 1904/1138/1149 1928/1217/1228 1990/1151/1162
f 1966/1183/1194 1992/1218/1229 2035/1212/1223
f 1971/1219/1230 1965/1143/1154 1978/1175/1186
f 1971/1219/1230 1966/1183/1194 1965/1143/1154
f 1866/1195/1206 1957/1194/1205 1942/1210/1221
f 1992/1218/1229 2052/1220/1231 2084/1221/1232
f 1992/1218/1229 1966/1183/1194 1971/1219/1230
f 1990/1151/1162 1993/1222/1233 1905/1079/1090
f 1905/1079/1090 1993/1222/1233 1991/1223/1234
f 2036/1180/1191 1988/1214/1225 2081/1215/1226
f 2020/1224/1235 1993/1222/1233 1990/1151/1162
f 1993/1222/1233 2019/1225/1236 1991/1223/1234
f 1905/1079/1090 1991/1223/1234 1944/1086/1097
f 1928/1217/1228 2020/1224/1235 1990/1151/1162
f 2019/1225/1236 1993/1222/1233 2020/1224/1235
f 1913/1071/1081 2094/1226/1237 1917/1077/1088
f 1913/1071/1081 1843/1070/1080 1995/1227/1238
f 1994/1147/1158 1917/1077/1088 2094/1226/1237
f 2094/1226/1237 1913/1071/1081 1995/1227/1238
f 1842/1113/1124 1923/1042/1052 2039/1228/1239
f 1842/1113/1124 2039/1228/1239 1843/1070/1080
f 2039/1228/1239 1995/1227/1238 1843/1070/1080
f 1952/1129/1140 1997/1114/1125 1998/1166/1177
f 1969/1110/1121 1996/1229/1240 1997/1114/1125
f 1996/1229/1240 1998/1166/1177 1997/1114/1125
f 2026/1164/1175 1952/1129/1140 1998/1166/1177
f 2072/1230/1241 1998/1166/1177 1996/1229/1240
f 1967/1105/1116 1931/1093/1104 2042/1231/1242
f 1848/1145/1156 1847/1161/1172 2000/1232/1243
f 1939/1160/1171 2000/1232/1243 1847/1161/1172
f 2000/1232/1243 1910/1127/1138 1848/1145/1156
f 1974/1205/1216 1910/1127/1138 2000/1232/1243
f 1939/1160/1171 2122/1233/1244 2000/1232/1243
f 2000/1232/1243 2001/1234/1245 1974/1205/1216
f 2122/1233/1244 2001/1234/1245 2000/1232/1243
f 1980/1201/1212 1986/1199/1210 2002/1235/1246
f 1944/1086/1097 1991/1223/1234 1961/1087/1098
f 2063/1236/1247 2095/1237/1248 1940/1238/1249
f 2003/1146/1157 2063/1236/1247 1940/1238/1249
f 2003/1146/1157 1949/1078/1089 1994/1147/1158
f 1912/1074/1085 1914/1116/1127 2006/1239/1250
f 1912/1074/1085 2006/1239/1250 1979/1185/1196
f 1979/1185/1196 2006/1239/1250 2056/1216/1227
f 1956/1133/1144 1869/1132/1143 1983/1188/1199
f 2067/1206/1217 1927/1168/1179 1983/1188/1199
f 1958/1171/1182 2008/1240/1251 2009/1203/1214
f 2008/1240/1251 1958/1171/1182 2007/1241/1252
f 2009/1203/1214 2008/1240/1251 2010/1242/1253
f 1899/1049/1059 2012/1048/1058 2011/1243/1254
f 1876/1150/1161 1901/1149/1160 2007/1241/1252
f 2064/1244/1255 1901/1149/1160 1900/1170/1181
f 1876/1150/1161 2007/1241/1252 1958/1171/1182
f 1901/1149/1160 2096/1245/1256 2007/1241/1252
f 1970/1246/1257 2009/1203/1214 2010/1242/1253
f 1899/1049/1059 2011/1243/1254 1900/1170/1181
f 2064/1244/1255 1900/1170/1181 2189/1247/1258
f 2011/1243/1254 2189/1247/1258 1900/1170/1181
f 2010/1242/1253 2013/1248/1259 1970/1246/1257
f 1987/1189/1200 1873/1169/1180 2014/1249/1260
f 2067/1206/1217 2014/1249/1260 1873/1169/1180
f 2015/1250/1261 1987/1189/1200 2014/1249/1260
f 2012/1048/1058 1987/1189/1200 2015/1250/1261
f 1962/1173/1184 1963/1098/1109 2016/1207/1218
f 1984/1083/1094 2016/1207/1218 1963/1098/1109
f 2017/1251/1262 1962/1173/1184 2016/1207/1218
f 1923/1042/1052 1948/1041/1051 1981/1144/1155
f 2155/1252/1263 1959/1120/1131 1943/1119/1130
f 1953/1153/1164 2018/1253/1264 1960/1084/1095
f 2018/1253/1264 2019/1225/1236 2021/1254/1265
f 2023/1255/1266 2021/1254/1265 2019/1225/1236
f 2020/1224/1235 2023/1255/1266 2019/1225/1236
f 2020/1224/1235 1928/1217/1228 2022/1256/1267
f 2022/1256/1267 2153/1257/1268 2151/1258/1269
f 1961/1087/1098 1991/1223/1234 2018/1253/1264
f 1961/1087/1098 2018/1253/1264 1953/1153/1164
f 2018/1253/1264 1991/1223/1234 2019/1225/1236
f 2018/1253/1264 2021/1254/1265 1977/1082/1093
f 2021/1254/1265 2023/1255/1266 2098/1259/1270
f 1931/1093/1104 1945/1140/1151 2042/1231/1242
f 2005/1154/1165 2042/1231/1242 1945/1140/1151
f 2040/1260/1271 2024/1202/1213 1932/1159/1170
f 2038/1261/1272 1995/1227/1238 2039/1228/1239
f 2038/1261/1272 2024/1202/1213 2040/1260/1271
f 1982/1186/1197 2024/1202/1213 2038/1261/1272
f 1975/1187/1198 2070/1165/1176 2071/1262/1273
f 1974/1205/1216 2076/1263/1274 1947/1067/1077
f 1902/1118/1129 2009/1203/1214 1970/1246/1257
f 2027/1213/1224 2155/1252/1263 1943/1119/1130
f 1902/1118/1129 2078/1264/1275 2027/1213/1224
f 1902/1118/1129 1970/1246/1257 2078/1264/1275
f 1970/1246/1257 2013/1248/1259 2078/1264/1275
f 2030/1265/1276 2028/1266/1277 1957/1194/1205
f 1957/1194/1205 2031/1193/1204 2030/1265/1276
f 2028/1266/1277 1942/1210/1221 1957/1194/1205
f 2029/1267/1278 2028/1266/1277 2030/1265/1276
f 2032/1268/1279 2080/1269/1280 2029/1267/1278
f 1936/1191/1202 2034/1270/1281 1937/1197/1208
f 2117/1271/1282 2034/1270/1281 2116/1272/1283
f 2033/1208/1219 2100/1273/1284 1930/1198/1209
f 2034/1270/1281 1936/1191/1202 2035/1212/1223
f 2034/1270/1281 2033/1208/1219 1937/1197/1208
f 2034/1270/1281 2035/1212/1223 2116/1272/1283
f 2155/1252/1263 2130/1172/1183 1959/1120/1131
f 1981/1144/1155 1982/1186/1197 2039/1228/1239
f 1982/1186/1197 2038/1261/1272 2039/1228/1239
f 1923/1042/1052 1981/1144/1155 2039/1228/1239
f 2040/1260/1271 2041/1274/1285 2038/1261/1272
f 2043/1275/1286 2044/1276/1287 1967/1105/1116
f 2042/1231/1242 2043/1275/1286 1967/1105/1116
f 2047/1277/1288 2044/1276/1287 2043/1275/1286
f 2042/1231/1242 2082/1278/1289 2043/1275/1286
f 2044/1276/1287 1971/1219/1230 1978/1175/1186
f 2044/1276/1287 2049/1279/1290 1971/1219/1230
f 2048/1280/1291 2047/1277/1288 2043/1275/1286
f 1967/1105/1116 2044/1276/1287 1978/1175/1186
f 2044/1276/1287 2047/1277/1288 2049/1279/1290
f 1992/1218/1229 2084/1221/1232 2035/1212/1223
f 2049/1279/1290 2052/1220/1231 1992/1218/1229
f 1992/1218/1229 1971/1219/1230 2049/1279/1290
f 2052/1220/1231 2049/1279/1290 2045/1281/1292
f 2049/1279/1290 2047/1277/1288 2050/1282/1293
f 2050/1282/1293 2047/1277/1288 2048/1280/1291
f 2049/1279/1290 2050/1282/1293 2045/1281/1292
f 2037/1283/1294 2045/1281/1292 2050/1282/1293
f 2051/1284/1295 2050/1282/1293 2048/1280/1291
f 2050/1282/1293 2054/1285/1296 2053/1286/1297
f 2050/1282/1293 2053/1286/1297 2037/1283/1294
f 2054/1285/1296 2050/1282/1293 2051/1284/1295
f 2118/1287/1298 2054/1285/1296 2051/1284/1295
f 2051/1284/1295 2048/1280/1291 2043/1275/1286
f 2057/1288/1299 1999/1130/1141 1976/1178/1189
f 1999/1130/1141 2055/1289/1300 1914/1116/1127
f 2006/1239/1250 1914/1116/1127 2055/1289/1300
f 2056/1216/1227 2006/1239/1250 2055/1289/1300
f 2057/1288/1299 2056/1216/1227 2055/1289/1300
f 2056/1216/1227 2057/1288/1299 2058/1290/1301
f 2059/1291/1302 1941/1163/1174 1920/1100/1111
f 1920/1100/1111 1926/1101/1112 2059/1291/1302
f 1986/1199/1210 2060/1292/1303 2002/1235/1246
f 2060/1292/1303 1986/1199/1210 2056/1216/1227
f 2002/1235/1246 1985/1204/1215 1980/1201/1212
f 2060/1292/1303 2058/1290/1301 2061/1293/1304
f 2002/1235/1246 2060/1292/1303 2061/1293/1304
f 2003/1146/1157 1994/1147/1158 2062/1294/1305
f 2062/1294/1305 1994/1147/1158 2094/1226/1237
f 2145/1295/1306 2095/1237/1248 2063/1236/1247
f 2123/1296/1307 1940/1238/1249 2095/1237/1248
f 2059/1291/1302 2003/1146/1157 1940/1238/1249
f 2059/1291/1302 1926/1101/1112 2003/1146/1157
f 1901/1149/1160 2064/1244/1255 2096/1245/1256
f 2218/1297/1308 2013/1248/1259 2010/1242/1253
f 2218/1297/1308 2215/1298/1309 2013/1248/1259
f 2015/1250/1261 2065/1299/1310 2012/1048/1058
f 2066/1300/1311 2014/1249/1260 2067/1206/1217
f 2014/1249/1260 2066/1300/1311 2015/1250/1261
f 2079/1301/1312 2067/1206/1217 2036/1180/1191
f 2079/1301/1312 2036/1180/1191 2081/1215/1226
f 2067/1206/1217 2079/1301/1312 2166/1302/1313
f 2163/1174/1185 1962/1173/1184 2017/1251/1262
f 2018/1253/1264 1977/1082/1093 1960/1084/1095
f 2151/1258/1269 2023/1255/1266 2020/1224/1235
f 1930/1198/1209 2100/1273/1284 2099/1303/1314
f 1932/1159/1170 1968/1177/1188 2099/1303/1314
f 2041/1274/1285 2040/1260/1271 2025/1304/1315
f 2041/1274/1285 2025/1304/1315 2094/1226/1237
f 1836/1157/1168 1932/1159/1170 2024/1202/1213
f 1975/1187/1198 2026/1164/1175 2070/1165/1176
f 2071/1262/1273 2070/1165/1176 1998/1166/1177
f 1998/1166/1177 2072/1230/1241 2071/1262/1273
f 1975/1187/1198 2071/1262/1273 2074/1305/1316
f 2071/1262/1273 2073/1306/1317 2074/1305/1316
f 2073/1306/1317 2071/1262/1273 2072/1230/1241
f 2072/1230/1241 2125/1307/1318 2073/1306/1317
f 1975/1187/1198 2074/1305/1316 2075/1200/1211
f 2131/1308/1319 1976/1178/1189 2103/1309/1320
f 2076/1263/1274 1924/1062/1072 1947/1067/1077
f 1996/1229/1240 1969/1110/1121 2143/1209/1220
f 1924/1062/1072 2076/1263/1274 2077/1128/1139
f 2143/1209/1220 2144/1310/1321 1996/1229/1240
f 2076/1263/1274 2001/1234/1245 2077/1128/1139
f 2081/1215/1226 1942/1210/1221 2028/1266/1277
f 2029/1267/1278 2079/1301/1312 2028/1266/1277
f 2079/1301/1312 2081/1215/1226 2028/1266/1277
f 2080/1269/1280 2079/1301/1312 2029/1267/1278
f 2104/1311/1322 2032/1268/1279 2112/1312/1323
f 2032/1268/1279 2104/1311/1322 2105/1313/1324
f 2080/1269/1280 2166/1302/1313 2079/1301/1312
f 2105/1313/1324 2080/1269/1280 2032/1268/1279
f 2109/1314/1325 2029/1267/1278 2030/1265/1276
f 2031/1193/1204 2109/1314/1325 2030/1265/1276
f 2109/1314/1325 2110/1315/1326 2029/1267/1278
f 2108/1316/1327 2031/1193/1204 1985/1204/1215
f 2035/1212/1223 2084/1221/1232 2116/1272/1283
f 1879/1121/1132 2097/1317/1328 1928/1217/1228
f 2130/1172/1183 2097/1317/1328 1879/1121/1132
f 1995/1227/1238 2041/1274/1285 2094/1226/1237
f 1995/1227/1238 2038/1261/1272 2041/1274/1285
f 2042/1231/1242 2005/1154/1165 1964/1155/1166
f 2042/1231/1242 1964/1155/1166 2082/1278/1289
f 2043/1275/1286 2082/1278/1289 2051/1284/1295
f 2082/1278/1289 2158/1318/1329 2051/1284/1295
f 2045/1281/1292 2037/1283/1294 2083/1319/1330
f 2052/1220/1231 2045/1281/1292 2084/1221/1232
f 2149/1320/1331 2086/1321/1332 2087/1322/1333
f 2037/1283/1294 2053/1286/1297 2086/1321/1332
f 2086/1321/1332 2053/1286/1297 2087/1322/1333
f 2053/1286/1297 2054/1285/1296 2046/1323/1334
f 2147/1324/1335 2004/1325/1336 2145/1295/1306
f 2138/1326/1337 2088/1327/1338 2087/1322/1333
f 2088/1327/1338 2149/1320/1331 2087/1322/1333
f 2057/1288/1299 2055/1289/1300 1999/1130/1141
f 2001/1234/1245 2076/1263/1274 1974/1205/1216
f 1985/1204/1215 2002/1235/1246 2089/1328/1339
f 1985/1204/1215 2089/1328/1339 2108/1316/1327
f 2056/1216/1227 2058/1290/1301 2060/1292/1303
f 1941/1163/1174 2093/1329/1340 1846/1162/1173
f 1846/1162/1173 2093/1329/1340 1939/1160/1171
f 2090/1330/1341 2059/1291/1302 1940/1238/1249
f 2090/1330/1341 2091/1331/1342 2059/1291/1302
f 1941/1163/1174 2059/1291/1302 2091/1331/1342
f 2090/1330/1341 1940/1238/1249 2127/1332/1343
f 2090/1330/1341 2092/1333/1344 2124/1334/1345
f 2124/1334/1345 2091/1331/1342 2090/1330/1341
f 2091/1331/1342 2126/1335/1346 2093/1329/1340
f 2091/1331/1342 2093/1329/1340 1941/1163/1174
f 2062/1294/1305 2063/1236/1247 2003/1146/1157
f 2127/1332/1343 1940/1238/1249 2172/1336/1347
f 2012/1048/1058 2065/1299/1310 2011/1243/1254
f 2176/1337/1348 2078/1264/1275 2013/1248/1259
f 2161/1196/1207 1964/1155/1166 1989/1182/1193
f 1928/1217/1228 2097/1317/1328 2022/1256/1267
f 2040/1260/1271 1932/1159/1170 2099/1303/1314
f 2025/1304/1315 2040/1260/1271 2099/1303/1314
f 2025/1304/1315 2099/1303/1314 2100/1273/1284
f 2069/1338/1349 2025/1304/1315 2100/1273/1284
f 1930/1198/1209 2099/1303/1314 1968/1177/1188
f 1996/1229/1240 2144/1310/1321 2072/1230/1241
f 2125/1307/1318 2156/1339/1350 2073/1306/1317
f 2132/1340/1351 2103/1309/1320 2075/1200/1211
f 1867/1211/1222 1942/1210/1221 2081/1215/1226
f 2105/1313/1324 2166/1302/1313 2080/1269/1280
f 2166/1302/1313 2105/1313/1324 2165/1341/1352
f 2107/1342/1353 2105/1313/1324 2104/1311/1322
f 2104/1311/1322 2106/1343/1354 2107/1342/1353
f 2165/1341/1352 2015/1250/1261 2066/1300/1311
f 2189/1247/1258 2107/1342/1353 2106/1343/1354
f 2110/1315/1326 2109/1314/1325 2108/1316/1327
f 2110/1315/1326 2108/1316/1327 2111/1344/1355
f 2111/1344/1355 2115/1345/1356 2134/1346/1357
f 2110/1315/1326 2111/1344/1355 2112/1312/1323
f 2108/1316/1327 2089/1328/1339 2141/1347/1358
f 2111/1344/1355 2108/1316/1327 2141/1347/1358
f 2141/1347/1358 2115/1345/1356 2111/1344/1355
f 2061/1293/1304 2131/1308/1319 2103/1309/1320
f 2089/1328/1339 2002/1235/1246 2113/1348/1359
f 2168/1349/1360 2115/1345/1356 2114/1350/1361
f 2112/1312/1323 2111/1344/1355 2134/1346/1357
f 2089/1328/1339 2113/1348/1359 2141/1347/1358
f 2031/1193/1204 2108/1316/1327 2109/1314/1325
f 2033/1208/1219 2034/1270/1281 2117/1271/1282
f 2069/1338/1349 2100/1273/1284 2117/1271/1282
f 2117/1271/1282 2100/1273/1284 2033/1208/1219
f 2116/1272/1283 2085/1351/1362 2117/1271/1282
f 2117/1271/1282 2085/1351/1362 2136/1352/1363
f 2117/1271/1282 2136/1352/1363 2068/1353/1364
f 2118/1287/1298 2051/1284/1295 2159/1354/1365
f 2045/1281/1292 2083/1319/1330 2084/1221/1232
f 2137/1355/1366 2149/1320/1331 2088/1327/1338
f 2053/1286/1297 2046/1323/1334 2087/1322/1333
f 2046/1323/1334 2119/1356/1367 2138/1326/1337
f 2046/1323/1334 2054/1285/1296 2119/1356/1367
f 2119/1356/1367 2054/1285/1296 2118/1287/1298
f 2118/1287/1298 2121/1357/1368 2119/1356/1367
f 2121/1357/1368 2118/1287/1298 2120/1358/1369
f 2051/1284/1295 2158/1318/1329 2159/1354/1365
f 2118/1287/1298 2159/1354/1365 2120/1358/1369
f 2140/1359/1370 2138/1326/1337 2139/1360/1371
f 2139/1360/1371 2138/1326/1337 2217/1361/1372
f 2150/1362/1373 2190/1363/1374 2098/1259/1270
f 2119/1356/1367 2121/1357/1368 2217/1361/1372
f 2138/1326/1337 2119/1356/1367 2217/1361/1372
f 2057/1288/1299 2131/1308/1319 2058/1290/1301
f 2001/1234/1245 2143/1209/1220 2077/1128/1139
f 2001/1234/1245 2122/1233/1244 2143/1209/1220
f 2002/1235/1246 2061/1293/1304 2113/1348/1359
f 2131/1308/1319 2061/1293/1304 2058/1290/1301
f 2126/1335/1346 2122/1233/1244 1939/1160/1171
f 2093/1329/1340 2126/1335/1346 1939/1160/1171
f 2123/1296/1307 2172/1336/1347 1940/1238/1249
f 2095/1237/1248 2004/1325/1336 2123/1296/1307
f 2144/1310/1321 2126/1335/1346 2125/1307/1318
f 2125/1307/1318 2091/1331/1342 2124/1334/1345
f 2126/1335/1346 2091/1331/1342 2125/1307/1318
f 2092/1333/1344 2197/1364/1375 2124/1334/1345
f 2062/1294/1305 2094/1226/1237 2101/1365/1376
f 2094/1226/1237 2025/1304/1315 2101/1365/1376
f 2025/1304/1315 2069/1338/1349 2101/1365/1376
f 2062/1294/1305 2101/1365/1376 2128/1366/1377
f 2128/1366/1377 2063/1236/1247 2062/1294/1305
f 2128/1366/1377 2145/1295/1306 2063/1236/1247
f 2069/1338/1349 2129/1367/1378 2101/1365/1376
f 2128/1366/1377 2101/1365/1376 2129/1367/1378
f 2129/1367/1378 2069/1338/1349 2068/1353/1364
f 2008/1240/1251 2181/1368/1379 2010/1242/1253
f 2165/1341/1352 2065/1299/1310 2015/1250/1261
f 2165/1341/1352 2107/1342/1353 2065/1299/1310
f 2016/1207/1218 1977/1082/1093 2021/1254/1265
f 2190/1363/1374 2016/1207/1218 2021/1254/1265
f 2021/1254/1265 2098/1259/1270 2190/1363/1374
f 2017/1251/1262 2016/1207/1218 2190/1363/1374
f 2074/1305/1316 2132/1340/1351 2075/1200/1211
f 2131/1308/1319 2057/1288/1299 1976/1178/1189
f 2061/1293/1304 2103/1309/1320 2102/1369/1380
f 2102/1369/1380 2113/1348/1359 2061/1293/1304
f 2103/1309/1320 1976/1178/1189 2075/1200/1211
f 2103/1309/1320 2132/1340/1351 2102/1369/1380
f 2133/1370/1381 2082/1278/1289 1964/1155/1166
f 1964/1155/1166 2161/1196/1207 2133/1370/1381
f 2032/1268/1279 2029/1267/1278 2110/1315/1326
f 2134/1346/1357 2168/1349/1360 2167/1371/1382
f 2134/1346/1357 2115/1345/1356 2168/1349/1360
f 2032/1268/1279 2110/1315/1326 2112/1312/1323
f 2102/1369/1380 2142/1372/1383 2114/1350/1361
f 2102/1369/1380 2132/1340/1351 2142/1372/1383
f 2135/1373/1384 2142/1372/1383 2197/1364/1375
f 2117/1271/1282 2068/1353/1364 2069/1338/1349
f 2085/1351/1362 2116/1272/1283 2084/1221/1232
f 2083/1319/1330 2037/1283/1294 2086/1321/1332
f 2087/1322/1333 2046/1323/1334 2138/1326/1337
f 2140/1359/1370 2088/1327/1338 2138/1326/1337
f 2114/1350/1361 2135/1373/1384 2168/1349/1360
f 2114/1350/1361 2115/1345/1356 2141/1347/1358
f 2113/1348/1359 2114/1350/1361 2141/1347/1358
f 2114/1350/1361 2113/1348/1359 2102/1369/1380
f 2144/1310/1321 2143/1209/1220 2122/1233/1244
f 2122/1233/1244 2126/1335/1346 2144/1310/1321
f 2125/1307/1318 2072/1230/1241 2144/1310/1321
f 2090/1330/1341 2127/1332/1343 2092/1333/1344
f 2127/1332/1343 2172/1336/1347 2173/1374/1385
f 2173/1374/1385 2092/1333/1344 2127/1332/1343
f 2128/1366/1377 2146/1375/1386 2145/1295/1306
f 2147/1324/1335 2145/1295/1306 2146/1375/1386
f 2148/1376/1387 2147/1324/1335 2146/1375/1386
f 2149/1320/1331 2137/1355/1366 2148/1376/1387
f 2004/1325/1336 2147/1324/1335 2171/1377/1388
f 2149/1320/1331 2148/1376/1387 2174/1378/1389
f 2129/1367/1378 2174/1378/1389 2146/1375/1386
f 2128/1366/1377 2129/1367/1378 2146/1375/1386
f 2013/1248/1259 2215/1298/1309 2176/1337/1348
f 2065/1299/1310 2107/1342/1353 2189/1247/1258
f 2098/1259/1270 2151/1258/1269 2150/1362/1373
f 2023/1255/1266 2151/1258/1269 2098/1259/1270
f 2152/1379/1390 2150/1362/1373 2151/1258/1269
f 2153/1257/1268 2152/1379/1390 2151/1258/1269
f 2020/1224/1235 2022/1256/1267 2151/1258/1269
f 2130/1172/1183 2154/1380/1391 2153/1257/1268
f 2150/1362/1373 2152/1379/1390 2177/1381/1392
f 2179/1382/1393 2155/1252/1263 2027/1213/1224
f 2179/1382/1393 2130/1172/1183 2155/1252/1263
f 2074/1305/1316 2156/1339/1350 2132/1340/1351
f 2197/1364/1375 2156/1339/1350 2125/1307/1318
f 2197/1364/1375 2125/1307/1318 2124/1334/1345
f 2156/1339/1350 2074/1305/1316 2073/1306/1317
f 2156/1339/1350 2142/1372/1383 2132/1340/1351
f 2156/1339/1350 2197/1364/1375 2142/1372/1383
f 2158/1318/1329 2082/1278/1289 2133/1370/1381
f 2157/1383/1394 2158/1318/1329 2133/1370/1381
f 2157/1383/1394 2162/1384/1395 2158/1318/1329
f 2159/1354/1365 2162/1384/1395 2120/1358/1369
f 2158/1318/1329 2162/1384/1395 2159/1354/1365
f 2120/1358/1369 2206/1385/1396 2121/1357/1368
f 2121/1357/1368 2206/1385/1396 2217/1361/1372
f 2206/1385/1396 2120/1358/1369 2160/1386/1397
f 2161/1196/1207 2157/1383/1394 2133/1370/1381
f 2163/1174/1185 2162/1384/1395 2157/1383/1394
f 2157/1383/1394 2161/1196/1207 2163/1174/1185
f 2163/1174/1185 2017/1251/1262 2162/1384/1395
f 2078/1264/1275 2176/1337/1348 2194/1387/1398
f 2167/1371/1382 2164/1388/1399 2106/1343/1354
f 2134/1346/1357 2106/1343/1354 2104/1311/1322
f 2134/1346/1357 2104/1311/1322 2112/1312/1323
f 2165/1341/1352 2105/1313/1324 2107/1342/1353
f 2180/1389/1400 2167/1371/1382 2168/1349/1360
f 2135/1373/1384 2197/1364/1375 2198/1390/1401
f 2198/1390/1401 2182/1391/1402 2135/1373/1384
f 2182/1391/1402 2168/1349/1360 2135/1373/1384
f 2084/1221/1232 2083/1319/1330 2085/1351/1362
f 2085/1351/1362 2083/1319/1330 2136/1352/1363
f 2083/1319/1330 2149/1320/1331 2136/1352/1363
f 2129/1367/1378 2068/1353/1364 2174/1378/1389
f 2136/1352/1363 2174/1378/1389 2068/1353/1364
f 2149/1320/1331 2174/1378/1389 2136/1352/1363
f 2169/1392/1403 2137/1355/1366 2204/1393/1404
f 2204/1393/1404 2137/1355/1366 2088/1327/1338
f 2169/1392/1403 2204/1393/1404 2212/1394/1405
f 2147/1324/1335 2169/1392/1403 2203/1395/1406
f 2147/1324/1335 2203/1395/1406 2170/1396/1407
f 2212/1394/1405 2203/1395/1406 2169/1392/1403
f 2147/1324/1335 2170/1396/1407 2171/1377/1388
f 2139/1360/1371 2208/1397/1408 2140/1359/1370
f 2204/1393/1404 2088/1327/1338 2140/1359/1370
f 2172/1336/1347 2188/1398/1409 2173/1374/1385
f 2095/1237/1248 2145/1295/1306 2004/1325/1336
f 2188/1398/1409 2123/1296/1307 2171/1377/1388
f 2004/1325/1336 2171/1377/1388 2123/1296/1307
f 2172/1336/1347 2123/1296/1307 2188/1398/1409
f 2147/1324/1335 2148/1376/1387 2169/1392/1403
f 2169/1392/1403 2148/1376/1387 2137/1355/1366
f 2148/1376/1387 2146/1375/1386 2174/1378/1389
f 2149/1320/1331 2083/1319/1330 2086/1321/1332
f 2219/1399/1410 2216/1400/1411 2218/1297/1308
f 2181/1368/1379 2218/1297/1308 2010/1242/1253
f 2215/1298/1309 2218/1297/1308 2216/1400/1411
f 2011/1243/1254 2065/1299/1310 2189/1247/1258
f 2181/1368/1379 2008/1240/1251 2007/1241/1252
f 2181/1368/1379 2007/1241/1252 2164/1388/1399
f 2162/1384/1395 2017/1251/1262 2190/1363/1374
f 2191/1401/1412 2150/1362/1373 2177/1381/1392
f 2178/1402/1413 2192/1403/1414 2177/1381/1392
f 2177/1381/1392 2152/1379/1390 2178/1402/1413
f 2154/1380/1391 2152/1379/1390 2153/1257/1268
f 2153/1257/1268 2097/1317/1328 2130/1172/1183
f 2153/1257/1268 2022/1256/1267 2097/1317/1328
f 2179/1382/1393 2027/1213/1224 2194/1387/1398
f 2194/1387/1398 2027/1213/1224 2078/1264/1275
f 2154/1380/1391 2130/1172/1183 2179/1382/1393
f 2160/1386/1397 2120/1358/1369 2162/1384/1395
f 2067/1206/1217 2166/1302/1313 2066/1300/1311
f 2166/1302/1313 2165/1341/1352 2066/1300/1311
f 2064/1244/1255 2189/1247/1258 2106/1343/1354
f 2164/1388/1399 2064/1244/1255 2106/1343/1354
f 2142/1372/1383 2135/1373/1384 2114/1350/1361
f 2184/1404/1415 2182/1391/1402 2198/1390/1401
f 2184/1404/1415 2198/1390/1401 2173/1374/1385
f 2184/1404/1415 2173/1374/1385 2183/1405/1416
f 2202/1406/1417 2182/1391/1402 2184/1404/1415
f 2184/1404/1415 2183/1405/1416 2185/1407/1418
f 2171/1377/1388 2186/1408/1419 2188/1398/1409
f 2171/1377/1388 2170/1396/1407 2186/1408/1419
f 2207/1409/1420 2208/1397/1408 2139/1360/1371
f 2173/1374/1385 2197/1364/1375 2092/1333/1344
f 2164/1388/1399 2096/1245/1256 2064/1244/1255
f 2164/1388/1399 2007/1241/1252 2096/1245/1256
f 2176/1337/1348 2215/1298/1309 2196/1410/1421
f 2162/1384/1395 2190/1363/1374 2160/1386/1397
f 2206/1385/1396 2160/1386/1397 2190/1363/1374
f 2190/1363/1374 2150/1362/1373 2206/1385/1396
f 2191/1401/1412 2206/1385/1396 2150/1362/1373
f 2191/1401/1412 2177/1381/1392 2192/1403/1414
f 2194/1387/1398 2193/1411/1422 2195/1412/1423
f 2194/1387/1398 2176/1337/1348 2193/1411/1422
f 2195/1412/1423 2154/1380/1391 2179/1382/1393
f 2213/1413/1424 2193/1411/1422 2175/1414/1425
f 2198/1390/1401 2197/1364/1375 2173/1374/1385
f 2183/1405/1416 2187/1415/1426 2199/1416/1427
f 2201/1417/1428 2200/1418/1429 2186/1408/1419
f 2201/1417/1428 2222/1419/1430 2200/1418/1429
f 2200/1418/1429 2199/1416/1427 2187/1415/1426
f 2182/1391/1402 2202/1406/1417 2168/1349/1360
f 2185/1407/1418 2202/1406/1417 2184/1404/1415
f 2202/1406/1417 2180/1389/1400 2168/1349/1360
f 2199/1416/1427 2185/1407/1418 2183/1405/1416
f 2170/1396/1407 2201/1417/1428 2186/1408/1419
f 2188/1398/1409 2186/1408/1419 2187/1415/1426
f 2187/1415/1426 2186/1408/1419 2200/1418/1429
f 2188/1398/1409 2187/1415/1426 2183/1405/1416
f 2173/1374/1385 2188/1398/1409 2183/1405/1416
f 2208/1397/1408 2204/1393/1404 2140/1359/1370
f 2212/1394/1405 2204/1393/1404 2224/1420/1431
f 2224/1420/1431 2204/1393/1404 2208/1397/1408
f 2175/1414/1425 2196/1410/1421 2205/1421/1432
f 2192/1403/1414 2207/1409/1420 2191/1401/1412
f 2139/1360/1371 2217/1361/1372 2207/1409/1420
f 2228/1422/1433 2213/1413/1424 2227/1423/1434
f 2209/1424/1435 2178/1402/1413 2154/1380/1391
f 2154/1380/1391 2178/1402/1413 2152/1379/1390
f 2179/1382/1393 2194/1387/1398 2195/1412/1423
f 2214/1425/1436 2193/1411/1422 2213/1413/1424
f 2205/1421/1432 2227/1423/1434 2175/1414/1425
f 2227/1423/1434 2213/1413/1424 2175/1414/1425
f 2195/1412/1423 2209/1424/1435 2154/1380/1391
f 2193/1411/1422 2176/1337/1348 2175/1414/1425
f 2176/1337/1348 2196/1410/1421 2175/1414/1425
f 2180/1389/1400 2181/1368/1379 2164/1388/1399
f 2185/1407/1418 2210/1426/1437 2202/1406/1417
f 2211/1427/1438 2210/1426/1437 2185/1407/1418
f 2199/1416/1427 2211/1427/1438 2185/1407/1418
f 2167/1371/1382 2180/1389/1400 2164/1388/1399
f 2106/1343/1354 2134/1346/1357 2167/1371/1382
f 2202/1406/1417 2210/1426/1437 2180/1389/1400
f 2210/1426/1437 2219/1399/1410 2180/1389/1400
f 2211/1427/1438 2216/1400/1411 2210/1426/1437
f 2216/1400/1411 2219/1399/1410 2210/1426/1437
f 2214/1425/1436 2195/1412/1423 2193/1411/1422
f 2205/1421/1432 2220/1428/1439 2227/1423/1434
f 2211/1427/1438 2215/1298/1309 2216/1400/1411
f 2221/1429/1440 2215/1298/1309 2211/1427/1438
f 2180/1389/1400 2219/1399/1410 2181/1368/1379
f 2221/1429/1440 2196/1410/1421 2215/1298/1309
f 2207/1409/1420 2217/1361/1372 2191/1401/1412
f 2191/1401/1412 2217/1361/1372 2206/1385/1396
f 2208/1397/1408 2207/1409/1420 2192/1403/1414
f 2209/1424/1435 2192/1403/1414 2178/1402/1413
f 2181/1368/1379 2219/1399/1410 2218/1297/1308
f 2222/1419/1430 2201/1417/1428 2203/1395/1406
f 2203/1395/1406 2201/1417/1428 2170/1396/1407
f 2199/1416/1427 2223/1430/1441 2221/1429/1440
f 2199/1416/1427 2200/1418/1429 2223/1430/1441
f 2223/1430/1441 2200/1418/1429 2222/1419/1430
f 2199/1416/1427 2221/1429/1440 2211/1427/1438
f 2212/1394/1405 2224/1420/1431 2225/1431/1442
f 2209/1424/1435 2195/1412/1423 2214/1425/1436
f 2228/1422/1433 2226/1432/1443 2214/1425/1436
f 2222/1419/1430 2203/1395/1406 2220/1428/1439
f 2196/1410/1421 2221/1429/1440 2223/1430/1441
f 2223/1430/1441 2222/1419/1430 2205/1421/1432
f 2205/1421/1432 2196/1410/1421 2223/1430/1441
f 2220/1428/1439 2212/1394/1405 2225/1431/1442
f 2220/1428/1439 2203/1395/1406 2212/1394/1405
f 2220/1428/1439 2205/1421/1432 2222/1419/1430
f 2225/1431/1442 2227/1423/1434 2220/1428/1439
f 2224/1420/1431 2208/1397/1408 2226/1432/1443
f 2228/1422/1433 2214/1425/1436 2213/1413/1424
f 2226/1432/1443 2209/1424/1435 2214/1425/1436
f 2228/1422/1433 2227/1423/1434 2225/1431/1442
f 2225/1431/1442 2224/1420/1431 2228/1422/1433
f 2228/1422/1433 2224/1420/1431 2226/1432/1443
f 2208/1397/1408 2209/1424/1435 2226/1432/1443
f 2208/1397/1408 2192/1403/1414 2209/1424/1435
f 2321/1433/1444 2320/1434/1445 2322/1435/1446
f 2323/1436/1447 2496/1437/1448 2324/1438/1449
f 2336/1439/1450 2335/1440/1451 2337/1441/1452
f 2346/1442/1453 2345/1443/1454 2485/1444/1455
f 2357/1445/1456 2359/1446/1457 2358/1447/1458
f 2374/1448/1459 2491/1449/1460 2375/1450/1461
f 2379/1451/1462 2378/1452/1463 2495/1453/1464
f 2393/1454/1465 2395/1455/1466 2394/1456/1467
f 2409/1457/1468 2408/1458/1469 2410/1459/1470
f 2415/1460/1471 2482/1461/1472 2416/1462/1473
f 2439/1463/1474 2438/1464/1475 2440/1465/1476
f 2443/1466/1477 2484/1467/1478 2444/1468/1479
f 2514/1469/1480 2515/1470/1481 2564/1471/1482
f 2503/1472/1483 2575/1473/1484 2502/1474/1485
f 2537/1475/1486 2607/1476/1487 2574/1477/1488
f 2501/1478/1489 2502/1474/1485 2575/1473/1484
f 2589/1479/1490 2531/1480/1491 2532/1481/1492
f 2511/1482/1493 2598/1483/1494 2604/1484/1495
f 2614/1485/1496 2498/1486/1497 2499/1487/1498
f 2517/1488/1499 2742/1489/1500 2678/1490/1501
f 2571/1491/1502 2575/1473/1484 2504/1492/1503
f 2497/1493/1504 2498/1486/1497 2576/1494/1505
f 2552/1495/1506 2553/1496/1507 2599/1497/1508
f 2599/1497/1508 2553/1496/1507 2596/1498/1509
f 2614/1485/1496 2576/1494/1505 2498/1486/1497
f 2554/1499/1510 2596/1498/1509 2553/1496/1507
f 2587/1500/1511 2558/1501/1512 2559/1502/1513
f 2500/1503/1514 2583/1504/1515 2572/1505/1516
f 2643/1506/1517 2573/1507/1518 2555/1508/1519
f 2578/1509/1520 2575/1473/1484 2637/1510/1521
f 2543/1511/1522 2577/1512/1523 2579/1513/1524
f 2588/1514/1525 2532/1481/1492 2533/1515/1526
f 2567/1516/1527 2560/1517/1528 2497/1493/1504
f 2547/1518/1529 2592/1519/1530 2546/1520/1531
f 2533/1515/1526 2601/1521/1532 2588/1514/1525
f 2577/1512/1523 2543/1511/1522 2544/1522/1533
f 2503/1472/1483 2504/1492/1503 2575/1473/1484
f 2539/1523/1534 2540/1524/1535 2600/1525/1536
f 2578/1509/1520 2501/1478/1489 2575/1473/1484
f 2529/1526/1537 2530/1527/1538 2568/1528/1539
f 2537/1475/1486 2538/1529/1540 2569/1530/1541
f 2500/1503/1514 2501/1478/1489 2583/1504/1515
f 2542/1531/1542 2543/1511/1522 2541/1532/1543
f 2556/1533/1544 2613/1534/1545 2615/1535/1546
f 2506/1536/1547 2507/1537/1548 2505/1538/1549
f 2556/1533/1544 2643/1506/1517 2555/1508/1519
f 2567/1516/1527 2587/1500/1511 2560/1517/1528
f 2602/1539/1550 2568/1528/1539 2612/1540/1551
f 2504/1492/1503 2505/1538/1549 2582/1541/1552
f 2497/1493/1504 2576/1494/1505 2567/1516/1527
f 2532/1481/1492 2588/1514/1525 2589/1479/1490
f 2571/1491/1502 2504/1492/1503 2582/1541/1552
f 2578/1509/1520 2583/1504/1515 2501/1478/1489
f 2600/1525/1536 2569/1530/1541 2539/1523/1534
f 2571/1491/1502 2637/1510/1521 2575/1473/1484
f 2543/1511/1522 2579/1513/1524 2541/1532/1543
f 2515/1470/1481 2565/1542/1553 2564/1471/1482
f 2687/1543/1554 2515/1470/1481 2516/1544/1555
f 2517/1488/1499 2518/1545/1556 2742/1489/1500
f 2569/1530/1541 2538/1529/1540 2539/1523/1534
f 2607/1476/1487 2537/1475/1486 2569/1530/1541
f 2573/1507/1518 2554/1499/1510 2555/1508/1519
f 2531/1480/1491 2589/1479/1490 2581/1546/1557
f 2531/1480/1491 2581/1546/1557 2530/1527/1538
f 2560/1517/1528 2587/1500/1511 2559/1502/1513
f 2546/1520/1531 2592/1519/1530 2545/1547/1558
f 2593/1548/1559 2577/1512/1523 2545/1547/1558
f 2568/1528/1539 2530/1527/1538 2581/1546/1557
f 2572/1505/1516 2499/1487/1498 2500/1503/1514
f 2598/1483/1494 2624/1549/1560 2604/1484/1495
f 2586/1550/1561 2522/1551/1562 2667/1552/1563
f 2587/1500/1511 2595/1553/1564 2558/1501/1512
f 2613/1534/1545 2556/1533/1544 2580/1554/1565
f 2580/1554/1565 2558/1501/1512 2613/1534/1545
f 2580/1554/1565 2556/1533/1544 2557/1555/1566
f 2573/1507/1518 2596/1498/1509 2554/1499/1510
f 2593/1548/1559 2545/1547/1558 2592/1519/1530
f 2545/1547/1558 2577/1512/1523 2544/1522/1533
f 2655/1556/1567 2535/1557/1568 2536/1558/1569
f 2687/1543/1554 2565/1542/1553 2515/1470/1481
f 2769/1559/1570 2742/1489/1500 2561/1560/1571
f 2566/1561/1572 2585/1562/1573 2681/1563/1574
f 2744/1564/1575 2519/1565/1576 2520/1566/1577
f 2521/1567/1578 2688/1568/1579 2520/1566/1577
f 2586/1550/1561 2521/1567/1578 2522/1551/1562
f 2625/1569/1580 2562/1570/1581 2563/1571/1582
f 2523/1572/1583 2609/1573/1584 2563/1571/1582
f 2514/1469/1480 2564/1471/1482 2513/1574/1585
f 2611/1575/1586 2626/1576/1587 2507/1537/1548
f 2592/1519/1530 2810/1577/1588 2730/1578/1589
f 2535/1557/1568 2591/1579/1590 2534/1580/1591
f 2528/1581/1592 2602/1539/1550 2621/1582/1593
f 2568/1528/1539 2581/1546/1557 2612/1540/1551
f 2581/1546/1557 2590/1583/1594 2612/1540/1551
f 2593/1548/1559 2592/1519/1530 2646/1584/1595
f 2572/1505/1516 2683/1585/1596 2499/1487/1498
f 2511/1482/1493 2604/1484/1495 2597/1586/1597
f 2524/1587/1598 2525/1588/1599 2657/1589/1600
f 2509/1590/1601 2594/1591/1602 2508/1592/1603
f 2613/1534/1545 2558/1501/1512 2595/1553/1564
f 2632/1593/1604 2551/1594/1605 2552/1495/1506
f 2541/1532/1543 2600/1525/1536 2540/1524/1535
f 2810/1577/1588 2547/1518/1529 2548/1595/1606
f 2628/1596/1607 2527/1597/1608 2621/1582/1593
f 2615/1535/1546 2643/1506/1517 2556/1533/1544
f 2589/1479/1490 2588/1514/1525 2608/1598/1609
f 2600/1525/1536 2541/1532/1543 2579/1513/1524
f 2579/1513/1524 2603/1599/1610 2600/1525/1536
f 2512/1600/1611 2584/1601/1612 2598/1483/1494
f 2610/1602/1613 2524/1587/1598 2657/1589/1600
f 2605/1603/1614 2594/1591/1602 2509/1590/1601
f 2606/1604/1615 2550/1605/1616 2551/1594/1605
f 2659/1606/1617 2526/1607/1618 2617/1608/1619
f 2628/1596/1607 2526/1607/1618 2527/1597/1608
f 2569/1530/1541 2600/1525/1536 2603/1599/1610
f 2603/1599/1610 2607/1476/1487 2569/1530/1541
f 2601/1521/1532 2533/1515/1526 2534/1580/1591
f 2528/1581/1592 2621/1582/1593 2527/1597/1608
f 2505/1538/1549 2507/1537/1548 2582/1541/1552
f 2573/1507/1518 2640/1609/1620 2596/1498/1509
f 2703/1610/1621 2658/1611/1622 2576/1494/1505
f 2597/1586/1597 2605/1603/1614 2510/1612/1623
f 2517/1488/1499 2678/1490/1501 2585/1562/1573
f 2742/1489/1500 2518/1545/1556 2561/1560/1571
f 2610/1602/1613 2523/1572/1583 2524/1587/1598
f 2610/1602/1613 2609/1573/1584 2523/1572/1583
f 2810/1577/1588 2548/1595/1606 2549/1613/1624
f 2594/1591/1602 2611/1575/1586 2508/1592/1603
f 2605/1603/1614 2509/1590/1601 2510/1612/1623
f 2611/1575/1586 2647/1614/1625 2626/1576/1587
f 2606/1604/1615 2551/1594/1605 2632/1593/1604
f 2592/1519/1530 2547/1518/1529 2810/1577/1588
f 2534/1580/1591 2591/1579/1590 2675/1615/1626
f 2601/1521/1532 2534/1580/1591 2675/1615/1626
f 2621/1582/1593 2602/1539/1550 2612/1540/1551
f 2576/1494/1505 2614/1485/1496 2703/1610/1621
f 2623/1616/1627 2564/1471/1482 2565/1542/1553
f 2513/1574/1585 2584/1601/1612 2512/1600/1611
f 2597/1586/1597 2510/1612/1623 2511/1482/1493
f 2589/1479/1490 2608/1598/1609 2590/1583/1594
f 2590/1583/1594 2608/1598/1609 2618/1617/1628
f 2584/1601/1612 2564/1471/1482 2623/1616/1627
f 2564/1471/1482 2584/1601/1612 2513/1574/1585
f 2606/1604/1615 2810/1577/1588 2549/1613/1624
f 2801/1618/1629 2810/1577/1588 2606/1604/1615
f 2615/1535/1546 2613/1534/1545 2616/1619/1630
f 2613/1534/1545 2595/1553/1564 2616/1619/1630
f 2595/1553/1564 2587/1500/1511 2567/1516/1527
f 2595/1553/1564 2567/1516/1527 2616/1619/1630
f 2599/1497/1508 2632/1593/1604 2552/1495/1506
f 2653/1620/1631 2657/1589/1600 2526/1607/1618
f 2617/1608/1619 2526/1607/1618 2628/1596/1607
f 2582/1541/1552 2507/1537/1548 2629/1621/1632
f 2581/1546/1557 2589/1479/1490 2590/1583/1594
f 2561/1560/1571 2518/1545/1556 2519/1565/1576
f 2609/1573/1584 2619/1622/1633 2627/1623/1634
f 2647/1614/1625 2611/1575/1586 2594/1591/1602
f 2642/1624/1635 2599/1497/1508 2596/1498/1509
f 2659/1606/1617 2660/1625/1636 2526/1607/1618
f 2622/1626/1637 2618/1617/1628 2608/1598/1609
f 2686/1627/1638 2604/1484/1495 2685/1628/1639
f 2609/1573/1584 2625/1569/1580 2563/1571/1582
f 2549/1613/1624 2550/1605/1616 2606/1604/1615
f 2612/1540/1551 2590/1583/1594 2690/1629/1640
f 2690/1629/1640 2618/1617/1628 2622/1626/1637
f 2737/1630/1641 2734/1631/1642 2622/1626/1637
f 2618/1617/1628 2690/1629/1640 2590/1583/1594
f 2744/1564/1575 2770/1632/1643 2519/1565/1576
f 2594/1591/1602 2605/1603/1614 2620/1633/1644
f 2640/1609/1620 2642/1624/1635 2596/1498/1509
f 2621/1582/1593 2690/1629/1640 2693/1634/1645
f 2612/1540/1551 2690/1629/1640 2621/1582/1593
f 2620/1633/1644 2605/1603/1614 2631/1635/1646
f 2620/1633/1644 2647/1614/1625 2594/1591/1602
f 2693/1634/1645 2628/1596/1607 2621/1582/1593
f 2519/1565/1576 2770/1632/1643 2561/1560/1571
f 2628/1596/1607 2662/1636/1647 2617/1608/1619
f 2648/1637/1648 2629/1621/1632 2626/1576/1587
f 2653/1620/1631 2619/1622/1633 2610/1602/1613
f 2625/1569/1580 2627/1623/1634 2654/1638/1649
f 2609/1573/1584 2627/1623/1634 2625/1569/1580
f 2666/1639/1650 2562/1570/1581 2654/1638/1649
f 2625/1569/1580 2654/1638/1649 2562/1570/1581
f 2631/1635/1646 2634/1640/1651 2620/1633/1644
f 2805/1641/1652 2606/1604/1615 2669/1642/1653
f 2630/1643/1654 2631/1635/1646 2605/1603/1614
f 2562/1570/1581 2666/1639/1650 2522/1551/1562
f 2633/1644/1655 2620/1633/1644 2634/1640/1651
f 2584/1601/1612 2624/1549/1560 2598/1483/1494
f 2805/1641/1652 2669/1642/1653 2721/1645/1656
f 2606/1604/1615 2632/1593/1604 2669/1642/1653
f 2599/1497/1508 2669/1642/1653 2632/1593/1604
f 2669/1642/1653 2599/1497/1508 2641/1646/1657
f 2642/1624/1635 2641/1646/1657 2599/1497/1508
f 2582/1541/1552 2629/1621/1632 2663/1647/1658
f 2582/1541/1552 2663/1647/1658 2571/1491/1502
f 2636/1648/1659 2637/1510/1521 2638/1649/1660
f 2639/1650/1661 2636/1648/1659 2638/1649/1660
f 2639/1650/1661 2583/1504/1515 2636/1648/1659
f 2571/1491/1502 2663/1647/1658 2637/1510/1521
f 2583/1504/1515 2639/1650/1661 2672/1651/1662
f 2637/1510/1521 2636/1648/1659 2578/1509/1520
f 2636/1648/1659 2583/1504/1515 2578/1509/1520
f 2572/1505/1516 2583/1504/1515 2683/1585/1596
f 2570/1652/1663 2683/1585/1596 2583/1504/1515
f 2583/1504/1515 2672/1651/1662 2570/1652/1663
f 2570/1652/1663 2670/1653/1664 2683/1585/1596
f 2579/1513/1524 2577/1512/1523 2603/1599/1610
f 2642/1624/1635 2673/1654/1665 2641/1646/1657
f 2640/1609/1620 2644/1655/1666 2642/1624/1635
f 2644/1655/1666 2640/1609/1620 2573/1507/1518
f 2642/1624/1635 2644/1655/1666 2645/1656/1667
f 2592/1519/1530 2730/1578/1589 2646/1584/1595
f 2646/1584/1595 2730/1578/1589 2674/1657/1668
f 2683/1585/1596 2614/1485/1496 2499/1487/1498
f 2507/1537/1548 2626/1576/1587 2629/1621/1632
f 2648/1637/1648 2626/1576/1587 2647/1614/1625
f 2647/1614/1625 2620/1633/1644 2633/1644/1655
f 2648/1637/1648 2664/1658/1669 2629/1621/1632
f 2647/1614/1625 2633/1644/1655 2648/1637/1648
f 2664/1658/1669 2648/1637/1648 2633/1644/1655
f 2574/1477/1488 2607/1476/1487 2656/1659/1670
f 2656/1659/1670 2607/1476/1487 2649/1660/1671
f 2687/1543/1554 2623/1616/1627 2565/1542/1553
f 2601/1521/1532 2608/1598/1609 2588/1514/1525
f 2608/1598/1609 2650/1661/1672 2622/1626/1637
f 2679/1662/1673 2681/1563/1574 2585/1562/1573
f 2623/1616/1627 2652/1663/1674 2584/1601/1612
f 2610/1602/1613 2657/1589/1600 2653/1620/1631
f 2691/1664/1675 2627/1623/1634 2619/1622/1633
f 2677/1665/1676 2665/1666/1677 2627/1623/1634
f 2665/1666/1677 2654/1638/1649 2627/1623/1634
f 2655/1556/1567 2731/1667/1678 2535/1557/1568
f 2656/1659/1670 2655/1556/1567 2536/1558/1569
f 2536/1558/1569 2574/1477/1488 2656/1659/1670
f 2678/1490/1501 2679/1662/1673 2585/1562/1573
f 2526/1607/1618 2660/1625/1636 2653/1620/1631
f 2703/1610/1621 2614/1485/1496 2707/1668/1679
f 2576/1494/1505 2616/1619/1630 2567/1516/1527
f 2576/1494/1505 2658/1611/1622 2616/1619/1630
f 2630/1643/1654 2605/1603/1614 2597/1586/1597
f 2624/1549/1560 2695/1669/1680 2685/1628/1639
f 2686/1627/1638 2597/1586/1597 2604/1484/1495
f 2597/1586/1597 2686/1627/1638 2630/1643/1654
f 2684/1670/1681 2616/1619/1630 2658/1611/1622
f 2684/1670/1681 2615/1535/1546 2616/1619/1630
f 2689/1671/1682 2520/1566/1577 2688/1568/1579
f 2535/1557/1568 2731/1667/1678 2591/1579/1590
f 2617/1608/1619 2661/1672/1683 2746/1673/1684
f 2617/1608/1619 2746/1673/1684 2659/1606/1617
f 2660/1625/1636 2659/1606/1617 2746/1673/1684
f 2662/1636/1647 2661/1672/1683 2617/1608/1619
f 2660/1625/1636 2746/1673/1684 2748/1674/1685
f 2693/1634/1645 2662/1636/1647 2628/1596/1607
f 2664/1658/1669 2663/1647/1658 2629/1621/1632
f 2638/1649/1660 2637/1510/1521 2663/1647/1658
f 2633/1644/1655 2634/1640/1651 2714/1675/1686
f 2631/1635/1646 2668/1676/1687 2634/1640/1651
f 2666/1639/1650 2654/1638/1649 2665/1666/1677
f 2667/1552/1563 2522/1551/1562 2666/1639/1650
f 2668/1676/1687 2631/1635/1646 2630/1643/1654
f 2584/1601/1612 2652/1663/1674 2635/1677/1688
f 2670/1653/1664 2570/1652/1663 2671/1678/1689
f 2700/1679/1690 2570/1652/1663 2672/1651/1662
f 2699/1680/1691 2639/1650/1661 2638/1649/1660
f 2570/1652/1663 2700/1679/1690 2671/1678/1689
f 2672/1651/1662 2639/1650/1661 2699/1680/1691
f 2664/1658/1669 2638/1649/1660 2663/1647/1658
f 2698/1681/1692 2673/1654/1665 2729/1682/1693
f 2649/1660/1671 2646/1584/1595 2674/1657/1668
f 2649/1660/1671 2593/1548/1559 2646/1584/1595
f 2688/1568/1579 2521/1567/1578 2586/1550/1561
f 2603/1599/1610 2577/1512/1523 2649/1660/1671
f 2656/1659/1670 2674/1657/1668 2655/1556/1567
f 2649/1660/1671 2674/1657/1668 2656/1659/1670
f 2603/1599/1610 2649/1660/1671 2607/1476/1487
f 2649/1660/1671 2577/1512/1523 2593/1548/1559
f 2651/1683/1694 2650/1661/1672 2608/1598/1609
f 2675/1615/1626 2608/1598/1609 2601/1521/1532
f 2651/1683/1694 2704/1684/1695 2650/1661/1672
f 2651/1683/1694 2608/1598/1609 2675/1615/1626
f 2591/1579/1590 2651/1683/1694 2675/1615/1626
f 2676/1685/1696 2665/1666/1677 2706/1686/1697
f 2665/1666/1677 2677/1665/1676 2706/1686/1697
f 2676/1685/1696 2666/1639/1650 2665/1666/1677
f 2627/1623/1634 2745/1687/1698 2677/1665/1676
f 2680/1688/1699 2679/1662/1673 2678/1490/1501
f 2681/1563/1574 2679/1662/1673 2682/1689/1700
f 2703/1610/1621 2645/1656/1667 2644/1655/1666
f 2683/1585/1596 2707/1668/1679 2614/1485/1496
f 2644/1655/1666 2658/1611/1622 2703/1610/1621
f 2604/1484/1495 2624/1549/1560 2685/1628/1639
f 2709/1690/1701 2686/1627/1638 2685/1628/1639
f 2697/1691/1702 2687/1543/1554 2516/1544/1555
f 2697/1691/1702 2516/1544/1555 2566/1561/1572
f 2688/1568/1579 2586/1550/1561 2741/1692/1703
f 2744/1564/1575 2520/1566/1577 2689/1671/1682
f 2741/1692/1703 2586/1550/1561 2667/1552/1563
f 2622/1626/1637 2787/1693/1704 2690/1629/1640
f 2622/1626/1637 2704/1684/1695 2737/1630/1641
f 2787/1693/1704 2622/1626/1637 2734/1631/1642
f 2748/1674/1685 2745/1687/1698 2660/1625/1636
f 2691/1664/1675 2660/1625/1636 2745/1687/1698
f 2660/1625/1636 2691/1664/1675 2653/1620/1631
f 2692/1694/1705 2661/1672/1683 2662/1636/1647
f 2787/1693/1704 2692/1694/1705 2662/1636/1647
f 2666/1639/1650 2676/1685/1696 2667/1552/1563
f 2697/1691/1702 2696/1695/1706 2652/1663/1674
f 2774/1696/1707 2697/1691/1702 2773/1697/1708
f 2635/1677/1688 2652/1663/1674 2696/1695/1706
f 2635/1677/1688 2624/1549/1560 2584/1601/1612
f 2695/1669/1680 2635/1677/1688 2696/1695/1706
f 2774/1696/1707 2776/1698/1709 2696/1695/1706
f 2695/1669/1680 2624/1549/1560 2635/1677/1688
f 2696/1695/1706 2776/1698/1709 2695/1669/1680
f 2774/1696/1707 2696/1695/1706 2697/1691/1702
f 2774/1696/1707 2775/1699/1710 2776/1698/1709
f 2722/1700/1711 2700/1679/1690 2672/1651/1662
f 2724/1701/1712 2671/1678/1689 2700/1679/1690
f 2699/1680/1691 2701/1702/1713 2722/1700/1711
f 2702/1703/1714 2638/1649/1660 2664/1658/1669
f 2638/1649/1660 2702/1703/1714 2699/1680/1691
f 2664/1658/1669 2633/1644/1655 2702/1703/1714
f 2669/1642/1653 2641/1646/1657 2673/1654/1665
f 2642/1624/1635 2707/1668/1679 2673/1654/1665
f 2642/1624/1635 2645/1656/1667 2707/1668/1679
f 2658/1611/1622 2644/1655/1666 2684/1670/1681
f 2707/1668/1679 2645/1656/1667 2703/1610/1621
f 2684/1670/1681 2644/1655/1666 2573/1507/1518
f 2684/1670/1681 2643/1506/1517 2615/1535/1546
f 2650/1661/1672 2704/1684/1695 2622/1626/1637
f 2705/1704/1715 2676/1685/1696 2706/1686/1697
f 2694/1705/1716 2676/1685/1696 2798/1706/1717
f 2694/1705/1716 2667/1552/1563 2676/1685/1696
f 2676/1685/1696 2705/1704/1715 2798/1706/1717
f 2627/1623/1634 2691/1664/1675 2745/1687/1698
f 2706/1686/1697 2677/1665/1676 2778/1707/1718
f 2778/1707/1718 2677/1665/1676 2745/1687/1698
f 2743/1708/1719 2679/1662/1673 2680/1688/1699
f 2691/1664/1675 2619/1622/1633 2653/1620/1631
f 2566/1561/1572 2681/1563/1574 2773/1697/1708
f 2770/1632/1643 2744/1564/1575 2772/1709/1720
f 2803/1710/1721 2731/1667/1678 2655/1556/1567
f 2662/1636/1647 2690/1629/1640 2787/1693/1704
f 2708/1711/1722 2778/1707/1718 2745/1687/1698
f 2610/1602/1613 2619/1622/1633 2609/1573/1584
f 2709/1690/1701 2630/1643/1654 2686/1627/1638
f 2710/1712/1723 2711/1713/1724 2709/1690/1701
f 2711/1713/1724 2710/1712/1723 2752/1714/1725
f 2711/1713/1724 2712/1715/1726 2709/1690/1701
f 2634/1640/1651 2668/1676/1687 2713/1716/1727
f 2713/1716/1727 2714/1675/1686 2634/1640/1651
f 2712/1715/1726 2668/1676/1687 2630/1643/1654
f 2702/1703/1714 2633/1644/1655 2714/1675/1686
f 2712/1715/1726 2630/1643/1654 2709/1690/1701
f 2668/1676/1687 2712/1715/1726 2723/1717/1728
f 2711/1713/1724 2716/1718/1729 2712/1715/1726
f 2668/1676/1687 2723/1717/1728 2713/1716/1727
f 2723/1717/1728 2712/1715/1726 2716/1718/1729
f 2717/1719/1730 2752/1714/1725 2715/1720/1731
f 2717/1719/1730 2716/1718/1729 2711/1713/1724
f 2711/1713/1724 2752/1714/1725 2717/1719/1730
f 2718/1721/1732 2716/1718/1729 2717/1719/1730
f 2723/1717/1728 2716/1718/1729 2718/1721/1732
f 2753/1722/1733 2720/1723/1734 2719/1724/1735
f 2719/1724/1735 2715/1720/1731 2753/1722/1733
f 2719/1724/1735 2720/1723/1734 2782/1725/1736
f 2726/1726/1737 2717/1719/1730 2719/1724/1735
f 2717/1719/1730 2715/1720/1731 2719/1724/1735
f 2776/1698/1709 2750/1727/1738 2695/1669/1680
f 2697/1691/1702 2652/1663/1674 2687/1543/1554
f 2698/1681/1692 2669/1642/1653 2673/1654/1665
f 2756/1728/1739 2669/1642/1653 2698/1681/1692
f 2669/1642/1653 2756/1728/1739 2721/1645/1656
f 2672/1651/1662 2699/1680/1691 2722/1700/1711
f 2724/1701/1712 2722/1700/1711 2725/1729/1740
f 2722/1700/1711 2724/1701/1712 2700/1679/1690
f 2718/1721/1732 2722/1700/1711 2701/1702/1713
f 2701/1702/1713 2723/1717/1728 2718/1721/1732
f 2725/1729/1740 2726/1726/1737 2728/1730/1741
f 2717/1719/1730 2722/1700/1711 2718/1721/1732
f 2725/1729/1740 2722/1700/1711 2717/1719/1730
f 2717/1719/1730 2726/1726/1737 2725/1729/1740
f 2782/1725/1736 2726/1726/1737 2719/1724/1735
f 2783/1731/1742 2728/1730/1741 2726/1726/1737
f 2757/1732/1743 2754/1733/1744 2728/1730/1741
f 2784/1734/1745 2728/1730/1741 2783/1731/1742
f 2784/1734/1745 2757/1732/1743 2728/1730/1741
f 2725/1729/1740 2728/1730/1741 2724/1701/1712
f 2728/1730/1741 2754/1733/1744 2724/1701/1712
f 2784/1734/1745 2780/1735/1746 2757/1732/1743
f 2701/1702/1713 2713/1716/1727 2723/1717/1728
f 2702/1703/1714 2714/1675/1686 2713/1716/1727
f 2643/1506/1517 2684/1670/1681 2573/1507/1518
f 2673/1654/1665 2707/1668/1679 2729/1682/1693
f 2707/1668/1679 2683/1585/1596 2670/1653/1664
f 2670/1653/1664 2729/1682/1693 2707/1668/1679
f 2671/1678/1689 2755/1736/1747 2670/1653/1664
f 2670/1653/1664 2755/1736/1747 2729/1682/1693
f 2785/1737/1748 2803/1710/1721 2730/1578/1589
f 2651/1683/1694 2737/1630/1641 2704/1684/1695
f 2737/1630/1641 2651/1683/1694 2735/1738/1749
f 2737/1630/1641 2735/1738/1749 2733/1739/1750
f 2591/1579/1590 2732/1740/1751 2651/1683/1694
f 2732/1740/1751 2804/1741/1752 2736/1742/1753
f 2732/1740/1751 2735/1738/1749 2651/1683/1694
f 2732/1740/1751 2736/1742/1753 2735/1738/1749
f 2733/1739/1750 2735/1738/1749 2740/1743/1754
f 2788/1744/1755 2734/1631/1642 2737/1630/1641
f 2734/1631/1642 2788/1744/1755 2786/1745/1756
f 2736/1742/1753 2740/1743/1754 2735/1738/1749
f 2738/1746/1757 2740/1743/1754 2736/1742/1753
f 2736/1742/1753 2739/1747/1758 2738/1746/1757
f 2737/1630/1641 2733/1739/1750 2788/1744/1755
f 2682/1689/1700 2773/1697/1708 2681/1563/1574
f 2566/1561/1572 2773/1697/1708 2697/1691/1702
f 2689/1671/1682 2767/1748/1759 2771/1749/1760
f 2741/1692/1703 2667/1552/1563 2694/1705/1716
f 2767/1748/1759 2689/1671/1682 2688/1568/1579
f 2767/1748/1759 2688/1568/1579 2741/1692/1703
f 2705/1704/1715 2778/1707/1718 2793/1750/1761
f 2682/1689/1700 2679/1662/1673 2743/1708/1719
f 2777/1751/1762 2774/1696/1707 2682/1689/1700
f 2682/1689/1700 2774/1696/1707 2773/1697/1708
f 2709/1690/1701 2685/1628/1639 2710/1712/1723
f 2749/1752/1763 2752/1714/1725 2710/1712/1723
f 2693/1634/1645 2690/1629/1640 2662/1636/1647
f 2789/1753/1764 2746/1673/1684 2661/1672/1683
f 2792/1754/1765 2747/1755/1766 2790/1756/1767
f 2792/1754/1765 2748/1674/1685 2747/1755/1766
f 2747/1755/1766 2748/1674/1685 2746/1673/1684
f 2708/1711/1722 2748/1674/1685 2792/1754/1765
f 2710/1712/1723 2750/1727/1738 2749/1752/1763
f 2685/1628/1639 2750/1727/1738 2710/1712/1723
f 2751/1757/1768 2752/1714/1725 2749/1752/1763
f 2695/1669/1680 2750/1727/1738 2685/1628/1639
f 2750/1727/1738 2776/1698/1709 2749/1752/1763
f 2775/1699/1710 2751/1757/1768 2749/1752/1763
f 2774/1696/1707 2777/1751/1762 2775/1699/1710
f 2699/1680/1691 2702/1703/1714 2701/1702/1713
f 2755/1736/1747 2671/1678/1689 2724/1701/1712
f 2755/1736/1747 2756/1728/1739 2698/1681/1692
f 2755/1736/1747 2698/1681/1692 2729/1682/1693
f 2780/1735/1746 2721/1645/1656 2756/1728/1739
f 2724/1701/1712 2754/1733/1744 2755/1736/1747
f 2754/1733/1744 2756/1728/1739 2755/1736/1747
f 2754/1733/1744 2757/1732/1743 2756/1728/1739
f 2655/1556/1567 2730/1578/1589 2803/1710/1721
f 2655/1556/1567 2674/1657/1668 2730/1578/1589
f 2731/1667/1678 2804/1741/1752 2591/1579/1590
f 2804/1741/1752 2732/1740/1751 2591/1579/1590
f 2788/1744/1755 2733/1739/1750 2758/1758/1769
f 2740/1743/1754 2760/1759/1770 2733/1739/1750
f 2740/1743/1754 2759/1760/1771 2760/1759/1770
f 2759/1760/1771 2740/1743/1754 2738/1746/1757
f 2808/1761/1772 2760/1759/1770 2759/1760/1771
f 2758/1758/1769 2733/1739/1750 2760/1759/1770
f 2758/1758/1769 2760/1759/1770 2761/1762/1773
f 2790/1756/1767 2758/1758/1769 2761/1762/1773
f 2794/1763/1774 2763/1764/1775 2808/1761/1772
f 2808/1761/1772 2761/1762/1773 2760/1759/1770
f 2808/1761/1772 2763/1764/1775 2762/1765/1776
f 2808/1761/1772 2762/1765/1776 2761/1762/1773
f 2762/1765/1776 2792/1754/1765 2761/1762/1773
f 2792/1754/1765 2790/1756/1767 2761/1762/1773
f 2799/1766/1777 2762/1765/1776 2763/1764/1775
f 2794/1763/1774 2764/1767/1778 2765/1768/1779
f 2791/1769/1780 2762/1765/1776 2799/1766/1777
f 2763/1764/1775 2794/1763/1774 2765/1768/1779
f 2763/1764/1775 2765/1768/1779 2797/1770/1781
f 2766/1771/1782 2764/1767/1778 2795/1772/1783
f 2766/1771/1782 2795/1772/1783 2796/1773/1784
f 2561/1560/1571 2770/1632/1643 2768/1774/1785
f 2561/1560/1571 2768/1774/1785 2769/1559/1570
f 2769/1559/1570 2809/1775/1786 2742/1489/1500
f 2689/1671/1682 2771/1749/1760 2744/1564/1575
f 2768/1774/1785 2800/1776/1787 2796/1773/1784
f 2772/1709/1720 2744/1564/1575 2771/1749/1760
f 2770/1632/1643 2772/1709/1720 2800/1776/1787
f 2800/1776/1787 2768/1774/1785 2770/1632/1643
f 2768/1774/1785 2796/1773/1784 2811/1777/1788
f 2811/1777/1788 2769/1559/1570 2768/1774/1785
f 2809/1775/1786 2769/1559/1570 2811/1777/1788
f 2809/1775/1786 2743/1708/1719 2680/1688/1699
f 2775/1699/1710 2777/1751/1762 2751/1757/1768
f 2776/1698/1709 2775/1699/1710 2749/1752/1763
f 2748/1674/1685 2708/1711/1722 2745/1687/1698
f 2793/1750/1761 2778/1707/1718 2708/1711/1722
f 2692/1694/1705 2789/1753/1764 2661/1672/1683
f 2752/1714/1725 2753/1722/1733 2715/1720/1731
f 2752/1714/1725 2751/1757/1768 2753/1722/1733
f 2805/1641/1652 2801/1618/1629 2606/1604/1615
f 2721/1645/1656 2806/1778/1789 2805/1641/1652
f 2701/1702/1713 2702/1703/1714 2713/1716/1727
f 2726/1726/1737 2782/1725/1736 2783/1731/1742
f 2784/1734/1745 2783/1731/1742 2727/1779/1790
f 2720/1723/1734 2813/1780/1791 2782/1725/1736
f 2796/1773/1784 2727/1779/1790 2783/1731/1742
f 2756/1728/1739 2757/1732/1743 2780/1735/1746
f 2730/1578/1589 2810/1577/1588 2785/1737/1748
f 2734/1631/1642 2786/1745/1756 2787/1693/1704
f 2788/1744/1755 2789/1753/1764 2692/1694/1705
f 2786/1745/1756 2788/1744/1755 2787/1693/1704
f 2692/1694/1705 2787/1693/1704 2788/1744/1755
f 2788/1744/1755 2758/1758/1769 2789/1753/1764
f 2789/1753/1764 2790/1756/1767 2747/1755/1766
f 2790/1756/1767 2789/1753/1764 2758/1758/1769
f 2791/1769/1780 2792/1754/1765 2762/1765/1776
f 2791/1769/1780 2793/1750/1761 2792/1754/1765
f 2792/1754/1765 2793/1750/1761 2708/1711/1722
f 2727/1779/1790 2796/1773/1784 2795/1772/1783
f 2783/1731/1742 2782/1725/1736 2812/1781/1792
f 2766/1771/1782 2765/1768/1779 2764/1767/1778
f 2767/1748/1759 2741/1692/1703 2694/1705/1716
f 2680/1688/1699 2678/1490/1501 2742/1489/1500
f 2772/1709/1720 2771/1749/1760 2765/1768/1779
f 2765/1768/1779 2771/1749/1760 2797/1770/1781
f 2765/1768/1779 2766/1771/1782 2772/1709/1720
f 2767/1748/1759 2797/1770/1781 2771/1749/1760
f 2798/1706/1717 2791/1769/1780 2799/1766/1777
f 2797/1770/1781 2799/1766/1777 2763/1764/1775
f 2767/1748/1759 2799/1766/1777 2797/1770/1781
f 2799/1766/1777 2694/1705/1716 2798/1706/1717
f 2798/1706/1717 2705/1704/1715 2791/1769/1780
f 2791/1769/1780 2705/1704/1715 2793/1750/1761
f 2799/1766/1777 2767/1748/1759 2694/1705/1716
f 2742/1489/1500 2809/1775/1786 2680/1688/1699
f 2682/1689/1700 2743/1708/1719 2777/1751/1762
f 2777/1751/1762 2779/1782/1793 2751/1757/1768
f 2779/1782/1793 2753/1722/1733 2751/1757/1768
f 2779/1782/1793 2720/1723/1734 2753/1722/1733
f 2727/1779/1790 2781/1783/1794 2784/1734/1745
f 2805/1641/1652 2785/1737/1748 2801/1618/1629
f 2785/1737/1748 2807/1784/1795 2803/1710/1721
f 2803/1710/1721 2807/1784/1795 2731/1667/1678
f 2804/1741/1752 2731/1667/1678 2807/1784/1795
f 2805/1641/1652 2807/1784/1795 2785/1737/1748
f 2807/1784/1795 2805/1641/1652 2806/1778/1789
f 2746/1673/1684 2789/1753/1764 2747/1755/1766
f 2736/1742/1753 2806/1778/1789 2739/1747/1758
f 2807/1784/1795 2736/1742/1753 2804/1741/1752
f 2739/1747/1758 2806/1778/1789 2780/1735/1746
f 2736/1742/1753 2807/1784/1795 2806/1778/1789
f 2780/1735/1746 2806/1778/1789 2721/1645/1656
f 2738/1746/1757 2795/1772/1783 2759/1760/1771
f 2794/1763/1774 2808/1761/1772 2759/1760/1771
f 2795/1772/1783 2764/1767/1778 2794/1763/1774
f 2759/1760/1771 2795/1772/1783 2794/1763/1774
f 2783/1731/1742 2812/1781/1792 2796/1773/1784
f 2812/1781/1792 2811/1777/1788 2796/1773/1784
f 2800/1776/1787 2766/1771/1782 2796/1773/1784
f 2772/1709/1720 2766/1771/1782 2800/1776/1787
f 2777/1751/1762 2743/1708/1719 2779/1782/1793
f 2809/1775/1786 2813/1780/1791 2743/1708/1719
f 2813/1780/1791 2720/1723/1734 2779/1782/1793
f 2780/1735/1746 2784/1734/1745 2781/1783/1794
f 2739/1747/1758 2781/1783/1794 2802/1785/1796
f 2802/1785/1796 2738/1746/1757 2739/1747/1758
f 2781/1783/1794 2739/1747/1758 2780/1735/1746
f 2727/1779/1790 2802/1785/1796 2781/1783/1794
f 2802/1785/1796 2727/1779/1790 2795/1772/1783
f 2801/1618/1629 2785/1737/1748 2810/1577/1588
f 2795/1772/1783 2738/1746/1757 2802/1785/1796
f 2809/1775/1786 2782/1725/1736 2813/1780/1791
f 2812/1781/1792 2782/1725/1736 2809/1775/1786
f 2813/1780/1791 2779/1782/1793 2743/1708/1719
f 2811/1777/1788 2812/1781/1792 2809/1775/1786
f 2687/1543/1554 2652/1663/1674 2623/1616/1627
f 2778/1707/1718 2705/1704/1715 2706/1686/1697
f 2820/1786/1797 2819/1787/1798 2890/1788/1799
f 2817/1789/1800 2905/1790/1801 2818/1791/1802
f 2818/1791/1802 2896/1792/1803 2819/1787/1798
f 2880/1793/1804 2829/1794/1805 2881/1795/1806
f 2883/1796/1807 2831/1797/1808 2882/1798/1809
f 2920/1799/1810 2816/1800/1811 2815/1801/1812
f 2860/1802/1813 2916/1803/1814 2861/1804/1815
f 2915/1805/1816 2854/1806/1817 2898/1807/1818
f 2890/1788/1799 2819/1787/1798 2896/1792/1803
f 2822/1808/1819 2821/1809/1820 2888/1810/1821
f 2814/1811/1822 2894/1812/1823 2815/1801/1812
f 2879/1813/1824 2842/1814/1825 2841/1815/1826
f 2885/1816/1827 2871/1817/1828 2973/1818/1829
f 2867/1819/1830 2918/1820/1831 2868/1821/1832
f 2905/1790/1801 2816/1800/1811 2920/1799/1810
f 2907/1822/1833 2874/1502/1834 2873/1823/1835
f 2871/1817/1828 2870/1824/1836 2892/1825/1837
f 2900/1826/1838 2889/1827/1839 2896/1792/1803
f 2885/1816/1827 2908/1828/1840 2872/1829/1841
f 2898/1807/1818 2893/1830/1842 2932/1831/1843
f 2963/1832/1844 2839/1833/1845 2838/1834/1846
f 2837/1835/1847 2901/1836/1848 2838/1834/1846
f 2848/1837/1849 2936/1838/1850 2904/1839/1851
f 2973/1818/1829 2902/1840/1852 2885/1816/1827
f 2937/1841/1853 2843/1842/1854 2842/1814/1825
f 2821/1809/1820 2820/1786/1797 2891/1843/1855
f 2851/1844/1856 2897/1845/1857 2911/1846/1858
f 2855/1847/1859 2910/1848/1860 2856/1849/1861
f 2900/1826/1838 2896/1792/1803 2818/1791/1802
f 2886/1850/1862 2860/1802/1813 2859/1851/1863
f 2904/1839/1851 2849/1852/1864 2848/1837/1849
f 2850/1853/1865 2912/1854/1866 2895/1855/1867
f 2858/1531/1868 2857/1856/1869 2859/1851/1863
f 2956/1857/1870 2992/1858/1871 2994/1859/1872
f 2846/1860/1873 2936/1838/1850 2847/1861/1874
f 2814/1811/1822 2875/1862/1875 2943/1863/1876
f 2943/1863/1876 2875/1862/1875 2907/1822/1833
f 2847/1861/1874 2936/1838/1850 2848/1837/1849
f 2821/1809/1820 2891/1843/1855 2888/1810/1821
f 2912/1854/1866 2911/1846/1858 2897/1845/1857
f 2850/1853/1865 2904/1839/1851 2912/1854/1866
f 2890/1788/1799 2891/1843/1855 2820/1786/1797
f 2905/1790/1801 2817/1789/1800 2816/1800/1811
f 2900/1826/1838 2818/1791/1802 2905/1790/1801
f 2910/1848/1860 2855/1847/1859 2915/1805/1816
f 2890/1788/1799 2896/1792/1803 2889/1827/1839
f 2859/1851/1863 2857/1856/1869 2886/1850/1862
f 2830/1864/1877 2881/1795/1806 2882/1798/1809
f 2883/1796/1807 2832/1865/1878 2831/1797/1808
f 2836/1866/1879 2942/1867/1880 3032/1868/1881
f 2938/1869/1882 2840/1870/1883 2839/1833/1845
f 2888/1810/1821 2923/1871/1884 2823/1872/1885
f 2885/1816/1827 2902/1840/1852 2908/1828/1840
f 2869/1873/1886 2892/1825/1837 2870/1824/1836
f 2973/1818/1829 2871/1817/1828 2892/1825/1837
f 2850/1853/1865 2849/1852/1864 2904/1839/1851
f 2875/1862/1875 2874/1502/1834 2907/1822/1833
f 2916/1803/1814 2860/1802/1813 2899/1874/1887
f 2814/1811/1822 2943/1863/1876 2894/1812/1823
f 2897/1845/1857 2895/1855/1867 2912/1854/1866
f 2891/1843/1855 2890/1788/1799 2889/1827/1839
f 2853/1875/1888 2917/1876/1889 2982/1877/1890
f 2824/1878/1891 2823/1872/1885 2923/1871/1884
f 2907/1822/1833 2873/1823/1835 2913/1879/1892
f 2908/1828/1840 2909/1880/1893 2873/1823/1835
f 2864/1881/1894 2863/1882/1895 2929/1883/1896
f 2915/1805/1816 2855/1847/1859 2854/1806/1817
f 2888/1810/1821 2823/1872/1885 2822/1808/1819
f 2916/1803/1814 2903/1884/1897 2861/1804/1815
f 2860/1802/1813 2886/1850/1862 2899/1874/1887
f 2829/1794/1805 2921/1885/1898 2881/1795/1806
f 2882/1798/1809 2831/1797/1808 2830/1864/1877
f 2963/1832/1844 2838/1834/1846 2901/1836/1848
f 2830/1864/1877 2880/1793/1804 2881/1795/1806
f 2909/1880/1893 2908/1828/1840 2902/1840/1852
f 2917/1876/1889 2852/1886/1899 2914/1887/1900
f 2936/1838/1850 2846/1860/1873 2948/1888/1901
f 2904/1839/1851 2936/1838/1850 2933/1889/1902
f 2894/1812/1823 2927/1890/1903 2920/1799/1810
f 2920/1799/1810 2815/1801/1812 2894/1812/1823
f 2905/1790/1801 2920/1799/1810 2972/1891/1904
f 2910/1848/1860 2928/1892/1905 2856/1849/1861
f 2904/1839/1851 2926/1893/1906 2912/1854/1866
f 2857/1856/1869 2856/1849/1861 2928/1892/1905
f 2886/1850/1862 2857/1856/1869 2928/1892/1905
f 2898/1807/1818 2932/1831/1843 2915/1805/1816
f 2958/1894/1907 2921/1885/1898 2829/1794/1805
f 2835/1895/1908 2834/1896/1909 2984/1897/1910
f 2913/1879/1892 2909/1880/1893 2931/1898/1911
f 2931/1898/1911 2943/1863/1876 2913/1879/1892
f 2913/1879/1892 2873/1823/1835 2909/1880/1893
f 2867/1819/1830 2924/1899/1912 2918/1820/1831
f 2946/1900/1913 2866/1901/1914 2865/1902/1915
f 2902/1840/1852 2947/1903/1916 2909/1880/1893
f 2862/1904/1917 2929/1883/1896 2863/1882/1895
f 2932/1831/1843 2910/1848/1860 2915/1805/1816
f 2925/1905/1918 2852/1886/1899 2851/1844/1856
f 2934/1906/1919 2925/1905/1918 2911/1846/1858
f 2934/1906/1919 2911/1846/1858 2912/1854/1866
f 2835/1895/1908 2876/1907/1920 2877/1908/1921
f 3032/1868/1881 2942/1867/1880 2953/1909/1922
f 2842/1814/1825 2879/1813/1824 2937/1841/1853
f 2840/1870/1883 2996/1910/1923 2878/1911/1924
f 2964/1912/1925 2923/1871/1884 2960/1913/1926
f 2852/1886/1899 2925/1905/1918 2914/1887/1900
f 2911/1846/1858 2925/1905/1918 2851/1844/1856
f 2957/1914/1927 2933/1889/1902 2936/1838/1850
f 2948/1888/1901 2961/1915/1928 2962/1916/1929
f 2952/1917/1930 2882/1798/1809 2881/1795/1806
f 2881/1795/1806 2921/1885/1898 2952/1917/1930
f 2835/1895/1908 2984/1897/1910 2941/1918/1931
f 2824/1878/1891 2930/1919/1932 2825/1920/1933
f 2935/1921/1934 2826/1922/1935 2930/1919/1932
f 2964/1912/1925 2978/1923/1936 2923/1871/1884
f 2868/1821/1832 2918/1820/1831 2869/1873/1886
f 2961/1915/1928 2948/1888/1901 2845/1924/1937
f 2869/1873/1886 2955/1925/1938 2892/1825/1837
f 2912/1854/1866 2926/1893/1906 2934/1906/1919
f 2904/1839/1851 2933/1889/1902 2926/1893/1906
f 2922/1926/1939 2989/1927/1940 2935/1921/1934
f 2941/1918/1931 2876/1907/1920 2835/1895/1908
f 2942/1867/1880 2877/1908/1921 3033/1928/1941
f 3012/1929/1942 2901/1836/1848 2837/1835/1847
f 2954/1930/1943 2840/1870/1883 2938/1869/1882
f 2949/1931/1944 2878/1911/1924 2996/1910/1923
f 3130/1932/1945 2864/1881/1894 2929/1883/1896
f 2825/1920/1933 2930/1919/1932 2826/1922/1935
f 2947/1903/1916 2931/1898/1911 2909/1880/1893
f 2913/1879/1892 2943/1863/1876 2907/1822/1833
f 2924/1899/1912 2867/1819/1830 2866/1901/1914
f 2961/1915/1928 2939/1933/1946 2956/1857/1870
f 2844/1934/1947 2956/1857/1870 2939/1933/1946
f 2926/1893/1906 2944/1935/1948 2934/1906/1919
f 2950/1936/1949 2944/1935/1948 2926/1893/1906
f 2987/1937/1950 2927/1890/1903 2894/1812/1823
f 2827/1938/1951 2935/1921/1934 2989/1927/1940
f 2988/1939/1952 2958/1894/1907 2828/1940/1953
f 2876/1907/1920 3033/1928/1941 2877/1908/1921
f 2978/1923/1936 2930/1919/1932 2824/1878/1891
f 2943/1863/1876 2931/1898/1911 2987/1937/1950
f 2924/1899/1912 2866/1901/1914 2946/1900/1913
f 2918/1820/1831 2924/1899/1912 2975/1941/1954
f 2844/1934/1947 2993/1942/1955 2956/1857/1870
f 2846/1860/1873 2845/1924/1937 2948/1888/1901
f 2926/1893/1906 2933/1889/1902 2950/1936/1949
f 2828/1940/1953 2827/1938/1951 2940/1943/1956
f 2996/1910/1923 2840/1870/1883 2954/1930/1943
f 2864/1881/1894 2946/1900/1913 2865/1902/1915
f 2965/1944/1957 2935/1921/1934 2959/1945/1958
f 2975/1941/1954 2955/1925/1938 2918/1820/1831
f 2944/1935/1948 2950/1936/1949 2951/1946/1959
f 2991/1947/1960 2951/1946/1959 3072/1948/1961
f 2988/1939/1952 2828/1940/1953 2940/1943/1956
f 2953/1909/1922 2942/1867/1880 3033/1928/1941
f 2935/1921/1934 2930/1919/1932 2959/1945/1958
f 2918/1820/1831 2955/1925/1938 2869/1873/1886
f 2961/1915/1928 2845/1924/1937 2939/1933/1946
f 2925/1905/1918 2979/1949/1962 2914/1887/1900
f 2957/1914/1927 2936/1838/1850 2948/1888/1901
f 2957/1914/1927 2962/1916/1929 2950/1936/1949
f 3118/1950/1963 2951/1946/1959 2950/1936/1949
f 2959/1945/1958 2930/1919/1932 2978/1923/1936
f 2957/1914/1927 2948/1888/1901 2962/1916/1929
f 2946/1900/1913 2864/1881/1894 3054/1951/1964
f 2956/1857/1870 2994/1859/1872 2961/1915/1928
f 2921/1885/1898 2945/1952/1965 2952/1917/1930
f 2949/1931/1944 2996/1910/1923 2981/1953/1966
f 3130/1932/1945 3054/1951/1964 2864/1881/1894
f 2951/1946/1959 2991/1947/1960 2944/1935/1948
f 2922/1926/1939 2935/1921/1934 2965/1944/1957
f 2988/1939/1952 2945/1952/1965 2958/1894/1907
f 2996/1910/1923 2954/1930/1943 2981/1953/1966
f 2998/1954/1967 2839/1833/1845 2963/1832/1844
f 2938/1869/1882 2839/1833/1845 2998/1954/1967
f 2960/1913/1926 2923/1871/1884 2888/1810/1821
f 2997/1955/1968 2954/1930/1943 2998/1954/1967
f 2963/1832/1844 3017/1956/1969 2998/1954/1967
f 2994/1859/1872 3083/1957/1970 3016/1958/1971
f 2901/1836/1848 3014/1959/1972 3017/1956/1969
f 2963/1832/1844 2901/1836/1848 3017/1956/1969
f 3054/1951/1964 3053/1960/1973 2946/1900/1913
f 2924/1899/1912 2946/1900/1913 2967/1961/1974
f 2888/1810/1821 2891/1843/1855 2884/1962/1975
f 2884/1962/1975 2891/1843/1855 2889/1827/1839
f 2889/1827/1839 2968/1963/1976 3027/1964/1977
f 2972/1891/1904 3031/1965/1978 3000/1966/1979
f 2969/1967/1980 3027/1964/1977 2968/1963/1976
f 2889/1827/1839 2900/1826/1838 2968/1963/1976
f 2970/1968/1981 2900/1826/1838 2905/1790/1801
f 2968/1963/1976 2970/1968/1981 2969/1967/1980
f 2905/1790/1801 2971/1969/1982 2970/1968/1981
f 2968/1963/1976 2900/1826/1838 2970/1968/1981
f 2971/1969/1982 2905/1790/1801 2972/1891/1904
f 2971/1969/1982 2969/1967/1980 2970/1968/1981
f 2887/1970/1983 2971/1969/1982 2972/1891/1904
f 2928/1892/1905 2899/1874/1887 2886/1850/1862
f 2974/1971/1984 2955/1925/1938 2975/1941/1954
f 2973/1818/1829 2947/1903/1916 2902/1840/1852
f 2955/1925/1938 2987/1937/1950 2892/1825/1837
f 2924/1899/1912 2967/1961/1974 2975/1941/1954
f 3068/1972/1985 3031/1965/1978 2927/1890/1903
f 2987/1937/1950 2955/1925/1938 2974/1971/1984
f 2833/1973/1986 2832/1865/1878 3011/1974/1987
f 2862/1904/1917 2903/1884/1897 2929/1883/1896
f 2919/1975/1988 2977/1976/1989 2929/1883/1896
f 2903/1884/1897 2919/1975/1988 2929/1883/1896
f 2903/1884/1897 2916/1803/1814 3003/1977/1990
f 3003/1977/1990 2919/1975/1988 2903/1884/1897
f 2920/1799/1810 2927/1890/1903 3031/1965/1978
f 3031/1965/1978 2972/1891/1904 2920/1799/1810
f 2978/1923/1936 2824/1878/1891 2923/1871/1884
f 2964/1912/1925 2959/1945/1958 2978/1923/1936
f 2853/1875/1888 2983/1978/1991 2932/1831/1843
f 2932/1831/1843 2983/1978/1991 3005/1979/1992
f 2882/1798/1809 2952/1917/1930 2883/1796/1807
f 2901/1836/1848 3012/1929/1942 3080/1980/1993
f 2934/1906/1919 2944/1935/1948 2980/1981/1994
f 2991/1947/1960 2979/1949/1962 2980/1981/1994
f 2991/1947/1960 2980/1981/1994 2944/1935/1948
f 2979/1949/1962 2990/1982/1995 2914/1887/1900
f 2921/1885/1898 2958/1894/1907 2945/1952/1965
f 2952/1917/1930 2945/1952/1965 3018/1983/1996
f 2833/1973/1986 3011/1974/1987 3010/1984/1997
f 2834/1896/1909 2833/1973/1986 3010/1984/1997
f 2843/1842/1854 2937/1841/1853 2985/1985/1998
f 2986/1986/1999 2949/1931/1944 2981/1953/1966
f 2986/1986/1999 2937/1841/1853 2949/1931/1944
f 2954/1930/1943 2997/1955/1968 2981/1953/1966
f 2986/1986/1999 2985/1985/1998 2937/1841/1853
f 3007/1987/2000 2981/1953/1966 2997/1955/1968
f 2990/1982/1995 2982/1877/1890 2917/1876/1889
f 2983/1978/1991 2853/1875/1888 2982/1877/1890
f 2893/1830/1842 2853/1875/1888 2932/1831/1843
f 2984/1897/1910 2834/1896/1909 3010/1984/1997
f 2844/1934/1947 2843/1842/1854 2985/1985/1998
f 2949/1931/1944 2879/1813/1824 2878/1911/1924
f 2987/1937/1950 2974/1971/1984 2927/1890/1903
f 2894/1812/1823 2943/1863/1876 2987/1937/1950
f 2940/1943/1956 2827/1938/1951 2989/1927/1940
f 2989/1927/1940 2988/1939/1952 2940/1943/1956
f 2989/1927/1940 3020/1988/2001 2988/1939/1952
f 3042/1989/2002 2989/1927/1940 2922/1926/1939
f 2965/1944/1957 3042/1989/2002 2922/1926/1939
f 2987/1937/1950 2931/1898/1911 2947/1903/1916
f 3012/1929/1942 2837/1835/1847 2836/1866/1879
f 2844/1934/1947 3015/1990/2003 2993/1942/1955
f 2917/1876/1889 2914/1887/1900 2990/1982/1995
f 2957/1914/1927 2950/1936/1949 2933/1889/1902
f 2956/1857/1870 2993/1942/1955 2992/1858/1871
f 2992/1858/1871 3035/1991/2004 2994/1859/1872
f 2961/1915/1928 2994/1859/1872 3016/1958/1971
f 2995/1992/2005 2888/1810/1821 2884/1962/1975
f 2995/1992/2005 2960/1913/1926 2888/1810/1821
f 3027/1964/1977 2884/1962/1975 2889/1827/1839
f 2964/1912/1925 2960/1913/1926 2995/1992/2005
f 2965/1944/1957 2959/1945/1958 2999/1993/2006
f 2938/1869/1882 2998/1954/1967 2954/1930/1943
f 2998/1954/1967 3029/1994/2007 2997/1955/1968
f 3042/1989/2002 2965/1944/1957 2999/1993/2006
f 2966/1995/2008 2945/1952/1965 2988/1939/1952
f 2945/1952/1965 2966/1995/2008 3018/1983/1996
f 3053/1960/1973 2967/1961/1974 2946/1900/1913
f 2972/1891/1904 3000/1966/1979 2887/1970/1983
f 2887/1970/1983 3001/1996/2009 2971/1969/1982
f 3024/1997/2010 3001/1996/2009 2887/1970/1983
f 2971/1969/1982 3025/1998/2011 2969/1967/1980
f 3025/1998/2011 2971/1969/1982 3001/1996/2009
f 3025/1998/2011 3027/1964/1977 2969/1967/1980
f 2892/1825/1837 2947/1903/1916 2973/1818/1829
f 2974/1971/1984 2975/1941/1954 3002/1999/2012
f 2975/1941/1954 2967/1961/1974 3002/1999/2012
f 2899/1874/1887 3005/1979/1992 2916/1803/1814
f 3003/1977/1990 3005/1979/1992 2919/1975/1988
f 3005/1979/1992 3003/1977/1990 2916/1803/1814
f 3117/2000/2013 2976/2001/2014 2977/1976/1989
f 2932/1831/1843 2928/1892/1905 2910/1848/1860
f 2928/1892/1905 3005/1979/1992 2899/1874/1887
f 2928/1892/1905 2932/1831/1843 3005/1979/1992
f 2919/1975/1988 3005/1979/1992 3004/2002/2015
f 3004/2002/2015 3005/1979/1992 2983/1978/1991
f 2979/1949/1962 2934/1906/1919 2980/1981/1994
f 2979/1949/1962 2925/1905/1918 2934/1906/1919
f 2991/1947/1960 3006/2003/2016 2979/1949/1962
f 3006/2003/2016 2990/1982/1995 2979/1949/1962
f 3010/1984/1997 3011/1974/1987 3081/2004/2017
f 3008/2005/2018 3007/1987/2000 2997/1955/1968
f 3008/2005/2018 2997/1955/1968 3029/1994/2007
f 3009/2006/2019 2986/1986/1999 2981/1953/1966
f 3007/1987/2000 3009/2006/2019 2981/1953/1966
f 3004/2002/2015 2982/1877/1890 2990/1982/1995
f 2983/1978/1991 2982/1877/1890 3004/2002/2015
f 3010/1984/1997 2941/1918/1931 2984/1897/1910
f 3020/1988/2001 3021/2007/2020 2966/1995/2008
f 3020/1988/2001 2989/1927/1940 3036/2008/2021
f 3087/2009/2022 3086/2010/2023 3114/2011/2024
f 3104/2012/2025 3011/1974/1987 2832/1865/1878
f 3104/2012/2025 2832/1865/1878 2883/1796/1807
f 2836/1866/1879 3013/2013/2026 3012/1929/1942
f 3013/2013/2026 2836/1866/1879 3032/1868/1881
f 3080/1980/1993 3014/1959/1972 2901/1836/1848
f 3072/1948/1961 2951/1946/1959 3118/1950/1963
f 2993/1942/1955 3015/1990/2003 3085/2014/2027
f 3009/2006/2019 3127/2015/2028 3015/1990/2003
f 2844/1934/1947 2985/1985/1998 3015/1990/2003
f 2985/1985/1998 2986/1986/1999 3015/1990/2003
f 3127/2015/2028 3009/2006/2019 3034/2016/2029
f 2961/1915/1928 3016/1958/1971 2962/1916/1929
f 2964/1912/1925 3067/2017/2030 3045/2018/2031
f 3017/1956/1969 3029/1994/2007 2998/1954/1967
f 3014/1959/1972 3029/1994/2007 3017/1956/1969
f 2959/1945/1958 3045/2018/2031 2999/1993/2006
f 3045/2018/2031 2959/1945/1958 2964/1912/1925
f 2966/1995/2008 3019/2019/2032 3018/1983/1996
f 3023/2020/2033 3018/1983/1996 3019/2019/2032
f 3023/2020/2033 2906/2021/2034 3079/2022/2035
f 2966/1995/2008 3021/2007/2020 3019/2019/2032
f 2906/2021/2034 3019/2019/2032 3021/2007/2020
f 2966/1995/2008 2988/1939/1952 3020/1988/2001
f 3023/2020/2033 3019/2019/2032 2906/2021/2034
f 3079/2022/2035 2906/2021/2034 3090/2023/2036
f 2887/1970/1983 3000/1966/1979 3026/2024/2037
f 3024/1997/2010 2887/1970/1983 3026/2024/2037
f 3056/2025/2038 3001/1996/2009 3024/1997/2010
f 3026/2024/2037 3057/2026/2039 3024/1997/2010
f 3027/1964/1977 3067/2017/2030 2995/1992/2005
f 2995/1992/2005 2884/1962/1975 3027/1964/1977
f 2964/1912/1925 2995/1992/2005 3067/2017/2030
f 3068/1972/1985 2974/1971/1984 3002/1999/2012
f 2927/1890/1903 2974/1971/1984 3068/1972/1985
f 3014/1959/1972 3030/2027/2040 3029/1994/2007
f 3008/2005/2018 3029/1994/2007 3030/2027/2040
f 3009/2006/2019 3015/1990/2003 2986/1986/1999
f 3008/2005/2018 3034/2016/2029 3007/1987/2000
f 3007/1987/2000 3034/2016/2029 3009/2006/2019
f 3112/2028/2041 3082/2029/2042 3010/1984/1997
f 3016/1958/1971 3118/1950/1963 2950/1936/1949
f 2994/1859/1872 3035/1991/2004 3083/1957/1970
f 2937/1841/1853 2879/1813/1824 2949/1931/1944
f 3036/2008/2021 2989/1927/1940 3042/1989/2002
f 3049/2030/2043 3051/2031/2044 3115/2032/2045
f 3037/2033/2046 3036/2008/2021 3039/2034/2047
f 3039/2034/2047 3038/2035/2048 3037/2033/2046
f 3039/2034/2047 3047/2036/2049 3038/2035/2048
f 3040/2037/2050 3046/2038/2051 3039/2034/2047
f 3041/2039/2052 3040/2037/2050 3039/2034/2047
f 3042/1989/2002 2999/1993/2006 3044/2040/2053
f 3036/2008/2021 3041/2039/2052 3039/2034/2047
f 3041/2039/2052 3036/2008/2021 3042/1989/2002
f 3043/2041/2054 3044/2040/2053 2999/1993/2006
f 3042/1989/2002 3044/2040/2053 3041/2039/2052
f 3043/2041/2054 2999/1993/2006 3045/2018/2031
f 3041/2039/2052 3044/2040/2053 3040/2037/2050
f 3046/2038/2051 3040/2037/2050 3060/2042/2055
f 3040/2037/2050 3044/2040/2053 3060/2042/2055
f 3044/2040/2053 3043/2041/2054 3060/2042/2055
f 3046/2038/2051 3059/2043/2056 3047/2036/2049
f 3060/2042/2055 3048/2044/2057 3046/2038/2051
f 3049/2030/2043 3047/2036/2049 3050/2045/2058
f 3059/2043/2056 3050/2045/2058 3047/2036/2049
f 3048/2044/2057 3059/2043/2056 3046/2038/2051
f 3089/2046/2059 3049/2030/2043 3115/2032/2045
f 3062/2047/2060 3050/2045/2058 3059/2043/2056
f 3062/2047/2060 3051/2031/2044 3050/2045/2058
f 3051/2031/2044 3049/2030/2043 3050/2045/2058
f 3104/2012/2025 3018/1983/1996 3023/2020/2033
f 3052/2048/2061 3002/1999/2012 2967/1961/1974
f 3052/2048/2061 3053/1960/1973 3055/2049/2062
f 3054/1951/1964 3142/2050/2063 3055/2049/2062
f 3001/1996/2009 3056/2025/2038 3025/1998/2011
f 3024/1997/2010 3059/2043/2056 3056/2025/2038
f 3057/2026/2039 3058/2051/2064 3024/1997/2010
f 3024/1997/2010 3058/2051/2064 3059/2043/2056
f 3061/2052/2065 3059/2043/2056 3048/2044/2057
f 3048/2044/2057 3060/2042/2055 3061/2052/2065
f 3056/2025/2038 3059/2043/2056 3061/2052/2065
f 3058/2051/2064 3062/2047/2060 3059/2043/2056
f 3057/2026/2039 3062/2047/2060 3058/2051/2064
f 3116/2053/2066 3063/2054/2067 3062/2047/2060
f 3057/2026/2039 3116/2053/2066 3062/2047/2060
f 3057/2026/2039 3091/2055/2068 3065/2056/2069
f 3057/2026/2039 3066/2057/2070 3116/2053/2066
f 3057/2026/2039 3065/2056/2069 3066/2057/2070
f 3055/2049/2062 3140/2058/2071 3066/2057/2070
f 3043/2041/2054 3045/2018/2031 3067/2017/2030
f 3061/2052/2065 3060/2042/2055 3043/2041/2054
f 2987/1937/1950 2947/1903/1916 2892/1825/1837
f 3031/1965/1978 3068/1972/1985 3002/1999/2012
f 3031/1965/1978 3002/1999/2012 3000/1966/1979
f 3000/1966/1979 3002/1999/2012 3091/2055/2068
f 2919/1975/1988 3004/2002/2015 3028/2059/2072
f 3004/2002/2015 2990/1982/1995 3074/2060/2073
f 3006/2003/2016 2991/1947/1960 3071/2061/2074
f 3071/2061/2074 3070/2062/2075 3006/2003/2016
f 3071/2061/2074 2991/1947/1960 3072/1948/1961
f 3073/2063/2076 3006/2003/2016 3070/2062/2075
f 2990/1982/1995 3006/2003/2016 3073/2063/2076
f 3075/2064/2077 3073/2063/2076 3070/2062/2075
f 3074/2060/2073 3073/2063/2076 3133/2065/2078
f 3077/2066/2079 3075/2064/2077 3070/2062/2075
f 3120/2067/2080 3071/2061/2074 3072/1948/1961
f 3078/2068/2081 3076/2069/2082 3075/2064/2077
f 3077/2066/2079 3078/2068/2081 3075/2064/2077
f 3071/2061/2074 3077/2066/2079 3070/2062/2075
f 3075/2064/2077 3076/2069/2082 3073/2063/2076
f 3071/2061/2074 3120/2067/2080 3092/2070/2083
f 3071/2061/2074 3092/2070/2083 3077/2066/2079
f 3011/1974/1987 3079/2022/2035 3081/2004/2017
f 3104/2012/2025 3079/2022/2035 3011/1974/1987
f 3079/2022/2035 3104/2012/2025 3023/2020/2033
f 3014/1959/1972 3126/2071/2084 3030/2027/2040
f 3080/1980/1993 3126/2071/2084 3014/1959/1972
f 3105/2072/2085 3080/1980/1993 3013/2013/2026
f 3013/2013/2026 3080/1980/1993 3012/1929/1942
f 3030/2027/2040 3124/2073/2086 3008/2005/2018
f 3034/2016/2029 3008/2005/2018 3124/2073/2086
f 3081/2004/2017 3112/2028/2041 3010/1984/1997
f 3113/2074/2087 3022/2075/2088 3090/2023/2036
f 3020/1988/2001 3036/2008/2021 3087/2009/2022
f 3037/2033/2046 3087/2009/2022 3036/2008/2021
f 2962/1916/1929 3016/1958/1971 2950/1936/1949
f 2992/1858/1871 3085/2014/2027 3035/1991/2004
f 3084/2076/2089 3035/1991/2004 3122/2077/2090
f 3122/2077/2090 3035/1991/2004 3085/2014/2027
f 3127/2015/2028 3122/2077/2090 3085/2014/2027
f 3089/2046/2059 3038/2035/2048 3047/2036/2049
f 3037/2033/2046 3086/2010/2023 3087/2009/2022
f 3086/2010/2023 3037/2033/2046 3038/2035/2048
f 3088/2078/2091 3086/2010/2023 3038/2035/2048
f 3021/2007/2020 3020/1988/2001 3087/2009/2022
f 3114/2011/2024 3021/2007/2020 3087/2009/2022
f 3086/2010/2023 3113/2074/2087 3114/2011/2024
f 3086/2010/2023 3088/2078/2091 3113/2074/2087
f 3022/2075/2088 3113/2074/2087 3088/2078/2091
f 3089/2046/2059 3047/2036/2049 3049/2030/2043
f 2967/1961/1974 3053/1960/1973 3052/2048/2061
f 3053/1960/1973 3054/1951/1964 3055/2049/2062
f 3025/1998/2011 3056/2025/2038 3061/2052/2065
f 3025/1998/2011 3067/2017/2030 3027/1964/1977
f 3061/2052/2065 3067/2017/2030 3025/1998/2011
f 3057/2026/2039 3026/2024/2037 3091/2055/2068
f 3000/1966/1979 3091/2055/2068 3026/2024/2037
f 3055/2049/2062 3142/2050/2063 3140/2058/2071
f 3132/2079/2092 3066/2057/2070 3140/2058/2071
f 3132/2079/2092 3064/2080/2093 3116/2053/2066
f 3064/2080/2093 3063/2054/2067 3116/2053/2066
f 3051/2031/2044 3062/2047/2060 3063/2054/2067
f 3132/2079/2092 3116/2053/2066 3066/2057/2070
f 3002/1999/2012 3052/2048/2061 3091/2055/2068
f 3055/2049/2062 3065/2056/2069 3052/2048/2061
f 3065/2056/2069 3091/2055/2068 3052/2048/2061
f 3065/2056/2069 3055/2049/2062 3066/2057/2070
f 3117/2000/2013 2919/1975/1988 3028/2059/2072
f 3074/2060/2073 3069/2081/2094 3004/2002/2015
f 3069/2081/2094 3028/2059/2072 3004/2002/2015
f 2990/1982/1995 3073/2063/2076 3074/2060/2073
f 3118/1950/1963 3120/2067/2080 3072/1948/1961
f 3077/2066/2079 3092/2070/2083 3095/2082/2095
f 3078/2068/2081 3077/2066/2079 3095/2082/2095
f 3137/2083/2096 3078/2068/2081 3094/2084/2097
f 3078/2068/2081 3095/2082/2095 3094/2084/2097
f 3096/2085/2098 3098/2086/2099 3095/2082/2095
f 3084/2076/2089 3098/2086/2099 3096/2085/2098
f 3094/2084/2097 3095/2082/2095 3098/2086/2099
f 3095/2082/2095 3092/2070/2083 3096/2085/2098
f 3094/2084/2097 3098/2086/2099 3097/2087/2100
f 3099/2088/2101 3098/2086/2099 3100/2089/2102
f 3098/2086/2099 3099/2088/2101 3097/2087/2100
f 3122/2077/2090 3100/2089/2102 3084/2076/2089
f 3100/2089/2102 3098/2086/2099 3084/2076/2089
f 3123/2090/2103 3097/2087/2100 3099/2088/2101
f 3123/2090/2103 3102/2091/2104 3097/2087/2100
f 3103/2092/2105 3136/2093/2106 3101/2094/2107
f 3136/2093/2106 3103/2092/2105 3093/2095/2108
f 3138/2096/2109 3093/2095/2108 3103/2092/2105
f 3102/2091/2104 3101/2094/2107 3136/2093/2106
f 3103/2092/2105 3110/2097/2110 3138/2096/2109
f 3108/2098/2111 3125/2099/2112 3105/2072/2085
f 3013/2013/2026 3108/2098/2111 3105/2072/2085
f 3082/2029/2042 2941/1918/1931 3010/1984/1997
f 3109/2100/2113 3033/1928/1941 2876/1907/1920
f 3033/1928/1941 3107/2101/2114 2953/1909/1922
f 3106/2102/2115 3109/2100/2113 2876/1907/1920
f 3032/1868/1881 3108/2098/2111 3013/2013/2026
f 2953/1909/1922 3107/2101/2114 3108/2098/2111
f 3106/2102/2115 2941/1918/1931 3082/2029/2042
f 3033/1928/1941 3109/2100/2113 3110/2097/2110
f 3032/1868/1881 2953/1909/1922 3108/2098/2111
f 3033/1928/1941 3110/2097/2110 3107/2101/2114
f 3110/2097/2110 3109/2100/2113 3138/2096/2109
f 3106/2102/2115 3082/2029/2042 3111/2103/2116
f 3090/2023/2036 3022/2075/2088 3079/2022/2035
f 3081/2004/2017 3079/2022/2035 3022/2075/2088
f 3113/2074/2087 3090/2023/2036 3114/2011/2024
f 3114/2011/2024 2906/2021/2034 3021/2007/2020
f 2906/2021/2034 3114/2011/2024 3090/2023/2036
f 3085/2014/2027 3015/1990/2003 3127/2015/2028
f 3016/1958/1971 3083/1957/1970 3119/2104/2117
f 3039/2034/2047 3046/2038/2051 3047/2036/2049
f 3043/2041/2054 3067/2017/2030 3061/2052/2065
f 3115/2032/2045 3051/2031/2044 3129/2105/2118
f 2919/1975/1988 3117/2000/2013 2977/1976/1989
f 3028/2059/2072 2976/2001/2014 3117/2000/2013
f 2976/2001/2014 3028/2059/2072 3069/2081/2094
f 3120/2067/2080 3121/2106/2119 3092/2070/2083
f 3118/1950/1963 3016/1958/1971 3119/2104/2117
f 3120/2067/2080 3118/1950/1963 3121/2106/2119
f 3119/2104/2117 3121/2106/2119 3118/1950/1963
f 3096/2085/2098 3092/2070/2083 3121/2106/2119
f 3121/2106/2119 3119/2104/2117 3096/2085/2098
f 3119/2104/2117 3035/1991/2004 3096/2085/2098
f 3035/1991/2004 3084/2076/2089 3096/2085/2098
f 3102/2091/2104 3123/2090/2103 3125/2099/2112
f 3034/2016/2029 3100/2089/2102 3122/2077/2090
f 3123/2090/2103 3099/2088/2101 3100/2089/2102
f 3100/2089/2102 3124/2073/2086 3123/2090/2103
f 3034/2016/2029 3124/2073/2086 3100/2089/2102
f 3136/2093/2106 3097/2087/2100 3102/2091/2104
f 3064/2080/2093 3093/2095/2108 3138/2096/2109
f 3063/2054/2067 3064/2080/2093 3138/2096/2109
f 3126/2071/2084 3080/1980/1993 3105/2072/2085
f 3030/2027/2040 3126/2071/2084 3123/2090/2103
f 2941/1918/1931 3106/2102/2115 2876/1907/1920
f 3109/2100/2113 3106/2102/2115 3111/2103/2116
f 3110/2097/2110 3108/2098/2111 3107/2101/2114
f 3101/2094/2107 3108/2098/2111 3110/2097/2110
f 3110/2097/2110 3103/2092/2105 3101/2094/2107
f 3108/2098/2111 3101/2094/2107 3125/2099/2112
f 3101/2094/2107 3102/2091/2104 3125/2099/2112
f 3125/2099/2112 3123/2090/2103 3126/2071/2084
f 3105/2072/2085 3125/2099/2112 3126/2071/2084
f 3123/2090/2103 3124/2073/2086 3030/2027/2040
f 3122/2077/2090 3127/2015/2028 3034/2016/2029
f 3089/2046/2059 3088/2078/2091 3038/2035/2048
f 3139/2107/2120 3022/2075/2088 3088/2078/2091
f 3115/2032/2045 3139/2107/2120 3088/2078/2091
f 3089/2046/2059 3115/2032/2045 3088/2078/2091
f 3139/2107/2120 3115/2032/2045 3128/2108/2121
f 3128/2108/2121 3115/2032/2045 3129/2105/2118
f 3130/1932/1945 3131/2109/2122 3054/1951/1964
f 2929/1883/1896 2977/1976/1989 3130/1932/1945
f 2977/1976/1989 2976/2001/2014 3130/1932/1945
f 3131/2109/2122 3130/1932/1945 2976/2001/2014
f 3133/2065/2078 3069/2081/2094 3074/2060/2073
f 3069/2081/2094 3133/2065/2078 2976/2001/2014
f 3133/2065/2078 3134/2110/2123 2976/2001/2014
f 3134/2110/2123 3133/2065/2078 3073/2063/2076
f 3134/2110/2123 3073/2063/2076 3076/2069/2082
f 2976/2001/2014 3134/2110/2123 3131/2109/2122
f 3131/2109/2122 3134/2110/2123 3054/1951/1964
f 3083/1957/1970 3035/1991/2004 3119/2104/2117
f 3076/2069/2082 3078/2068/2081 3141/2111/2124
f 3076/2069/2082 3141/2111/2124 3135/2112/2125
f 3135/2112/2125 3142/2050/2063 3054/1951/1964
f 3135/2112/2125 3054/1951/1964 3134/2110/2123
f 3135/2112/2125 3140/2058/2071 3142/2050/2063
f 3094/2084/2097 3136/2093/2106 3137/2083/2096
f 3137/2083/2096 3136/2093/2106 3093/2095/2108
f 3094/2084/2097 3097/2087/2100 3136/2093/2106
f 3143/2113/2126 3051/2031/2044 3063/2054/2067
f 3138/2096/2109 3143/2113/2126 3063/2054/2067
f 2993/1942/1955 3085/2014/2027 2992/1858/1871
f 3139/2107/2120 3081/2004/2017 3022/2075/2088
f 3112/2028/2041 3139/2107/2120 3128/2108/2121
f 3112/2028/2041 3081/2004/2017 3139/2107/2120
f 3129/2105/2118 3051/2031/2044 3143/2113/2126
f 3140/2058/2071 3141/2111/2124 3132/2079/2092
f 3141/2111/2124 3078/2068/2081 3137/2083/2096
f 3141/2111/2124 3140/2058/2071 3135/2112/2125
f 3132/2079/2092 3093/2095/2108 3064/2080/2093
f 3137/2083/2096 3093/2095/2108 3141/2111/2124
f 3141/2111/2124 3093/2095/2108 3132/2079/2092
f 3111/2103/2116 3138/2096/2109 3109/2100/2113
f 3138/2096/2109 3111/2103/2116 3143/2113/2126
f 3076/2069/2082 3135/2112/2125 3134/2110/2123
f 3112/2028/2041 3128/2108/2121 3082/2029/2042
f 3129/2105/2118 3143/2113/2126 3082/2029/2042
f 3129/2105/2118 3082/2029/2042 3128/2108/2121
f 3143/2113/2126 3111/2103/2116 3082/2029/2042
f 3104/2012/2025 2883/1796/1807 3018/1983/1996
f 2883/1796/1807 2952/1917/1930 3018/1983/1996
f 3185/2114/2127 3438/2115/2128 3186/2116/2129
f 3200/2117/2130 3434/2118/2131 3201/2119/2132
f 3232/2120/2133 3231/2121/2134 3233/2122/2135
f 3247/2123/2136 3433/2124/2137 3248/2125/2138
f 3319/2126/2139 3318/2127/2140 3436/2128/2141
usemtl Self_mesh_Copy_1_FRONT_2720.001
f 198/2129/2142 193/2130/2143 194/2131/2144
f 192/2132/2145 181/2133/2146 182/2134/2147
f 192/2132/2145 182/2134/2147 183/2135/2148
f 194/2131/2144 195/2136/2149 198/2129/2142
f 178/2137/2150 195/2136/2149 196/2138/2151
f 177/2139/2152 196/2138/2151 176/2140/2153
f 180/2141/2154 181/2133/2146 192/2132/2145
f 186/2142/2155 189/2143/2156 197/2144/2157
f 184/2145/2158 185/2146/2159 197/2144/2157
f 180/2141/2154 192/2132/2145 179/2147/2160
f 198/2129/2142 179/2147/2160 192/2132/2145
f 198/2129/2142 192/2132/2145 193/2130/2143
f 186/2142/2155 188/2148/2161 189/2143/2156
f 185/2146/2159 186/2142/2155 197/2144/2157
f 186/2142/2155 187/2149/2162 188/2148/2161
f 192/2132/2145 183/2135/2148 191/2150/2163
f 190/2151/2164 184/2145/2158 197/2144/2157
f 190/2151/2164 183/2135/2148 184/2145/2158
f 198/2129/2142 195/2136/2149 178/2137/2150
f 177/2139/2152 178/2137/2150 196/2138/2151
f 191/2150/2163 183/2135/2148 190/2151/2164
f 216/2152/2165 206/2153/2166 205/2154/2167
f 216/2152/2165 207/2155/2168 206/2153/2166
f 201/2156/2169 219/2157/2170 218/2158/2171
f 200/2139/2172 199/2159/2173 219/2157/2170
f 208/2160/2174 207/2155/2168 220/2161/2175
f 210/2162/2176 220/2161/2175 213/2163/2177
f 202/2164/2178 217/2165/2179 203/2166/2180
f 202/2164/2178 218/2158/2171 217/2165/2179
f 208/2160/2174 220/2161/2175 209/2167/2181
f 204/2168/2182 203/2166/2180 221/2169/2183
f 203/2166/2180 217/2165/2179 221/2169/2183
f 210/2162/2176 212/2170/2184 211/2171/2185
f 210/2162/2176 213/2163/2177 212/2170/2184
f 220/2161/2175 210/2162/2176 209/2167/2181
f 214/2172/2186 207/2155/2168 215/2173/2187
f 216/2152/2165 215/2173/2187 207/2155/2168
f 204/2168/2182 216/2152/2165 205/2154/2167
f 204/2168/2182 221/2169/2183 216/2152/2165
f 207/2155/2168 214/2172/2186 220/2161/2175
f 202/2164/2178 201/2156/2169 218/2158/2171
f 200/2139/2172 219/2157/2170 201/2156/2169
f 240/2174/2188 242/2175/2189 241/2176/2190
f 240/2174/2188 305/2177/2191 242/2175/2189
f 244/2178/2192 243/2179/2193 245/2180/2194
f 270/2181/2195 272/2182/2196 271/2183/2197
f 324/2184/2198 314/2185/2199 315/2186/2200
f 319/2187/2201 322/2188/2202 318/2189/2203
f 326/2190/2204 312/2191/2205 325/2192/2206
f 307/2193/2207 329/2194/2208 306/2195/2209
f 317/2196/2210 318/2189/2203 323/2197/2211
f 308/2198/2212 329/2194/2208 307/2193/2207
f 328/2199/2213 329/2194/2208 309/2200/2214
f 311/2201/2215 328/2199/2213 310/2202/2216
f 321/2203/2217 322/2188/2202 320/2204/2218
f 319/2187/2201 320/2204/2218 322/2188/2202
f 318/2189/2203 322/2188/2202 323/2197/2211
f 312/2191/2205 314/2185/2199 325/2192/2206
f 325/2192/2206 314/2185/2199 324/2184/2198
f 313/2205/2219 314/2185/2199 312/2191/2205
f 312/2191/2205 326/2190/2204 327/2206/2220
f 327/2206/2220 311/2201/2215 312/2191/2205
f 327/2206/2220 328/2199/2213 311/2201/2215
f 324/2184/2198 316/2207/2221 323/2197/2211
f 317/2196/2210 323/2197/2211 316/2207/2221
f 328/2199/2213 309/2200/2214 310/2202/2216
f 308/2198/2212 309/2200/2214 329/2194/2208
f 324/2184/2198 315/2186/2200 316/2207/2221
f 341/2208/2222 346/2209/2223 353/2210/2224
f 343/2187/2225 342/2211/2226 353/2210/2224
f 337/2212/2227 339/2213/2228 338/2214/2229
f 349/2215/2230 348/2216/2231 336/2217/2232
f 331/2218/2233 330/2195/2234 352/2219/2235
f 341/2208/2222 353/2210/2224 342/2211/2226
f 332/2198/2236 331/2218/2233 352/2219/2235
f 351/2220/2237 333/2221/2238 352/2219/2235
f 339/2213/2228 337/2212/2227 336/2217/2232
f 335/2222/2239 334/2223/2240 351/2220/2237
f 345/2203/2241 344/2224/2242 353/2210/2224
f 339/2213/2228 347/2225/2243 346/2209/2223
f 343/2187/2225 353/2210/2224 344/2224/2242
f 347/2225/2243 339/2213/2228 348/2216/2231
f 336/2217/2232 348/2216/2231 339/2213/2228
f 336/2217/2232 350/2226/2244 349/2215/2230
f 350/2226/2244 336/2217/2232 335/2222/2239
f 350/2226/2244 335/2222/2239 351/2220/2237
f 339/2213/2228 346/2209/2223 340/2227/2245
f 341/2208/2222 340/2227/2245 346/2209/2223
f 351/2220/2237 334/2223/2240 333/2221/2238
f 332/2198/2236 352/2219/2235 333/2221/2238
f 382/2228/2246 384/2229/2247 383/2230/2248
f 382/2228/2246 436/2230/2249 384/2229/2247
f 401/2231/2250 403/2232/2251 402/2233/2252
f 417/2234/2253 435/2235/2254 418/2236/2255
f 421/2237/2256 437/2238/2257 422/2239/2258
s 0
usemtl Material3047.001
f 4158/2240/2259 4159/2241/2260 4160/2242/2261
f 4158/2240/2259 4161/2243/2260 4162/2244/2261
f 4158/2240/2259 4163/2245/2260 4164/2246/2261
f 4159/2241/2261 4158/2240/2259 4164/2246/2260
s 1
f 4165/2247/2262 4159/2241/2263 4166/2248/2264
s 0
f 4166/2248/2265 4159/2241/2266 4164/2246/2267
f 4163/2245/2268 4167/2249/2269 4164/2246/2260
s 1
f 4164/2246/2270 4167/2249/2271 4166/2248/2264
s 0
f 4158/2240/2259 4162/2244/2260 4163/2245/2261
s 1
f 4168/2250/2272 4167/2249/2271 4162/2244/2273
s 0
f 4162/2244/2268 4167/2249/2269 4163/2245/2260
s 1
f 4169/2251/2274 4168/2250/2272 4161/2243/2275
s 0
f 4161/2243/2276 4168/2250/2277 4162/2244/2266
f 4158/2240/2259 4170/2252/2260 4171/2253/2261
f 4158/2240/2259 4171/2253/2260 4161/2243/2261
s 1
f 4172/2254/2278 4169/2251/2274 4171/2253/2279
s 0
f 4171/2253/2280 4169/2251/2281 4161/2243/2266
s 1
f 4157/2255/2282 4172/2254/2278 4170/2252/2283
s 0
f 4170/2252/2284 4172/2254/2285 4171/2253/2266
f 4159/2241/2286 4165/2247/2287 4160/2242/2260
s 1
f 4160/2242/2288 4165/2247/2262 4157/2255/2282
f 4157/2255/2282 4165/2247/2262 4166/2248/2264
f 4167/2249/2271 4157/2255/2282 4166/2248/2264
f 4168/2250/2272 4157/2255/2282 4167/2249/2271
f 4169/2251/2274 4157/2255/2282 4168/2250/2272
f 4172/2254/2278 4157/2255/2282 4169/2251/2274
s 0
f 4530/2256/2289 4533/2257/2260 4532/2258/2290
s 1
f 4530/2256/2291 4532/2258/2292 4534/2259/2293
f 4532/2258/2292 4535/2260/2294 4534/2259/2293
s 0
f 4532/2258/2266 4533/2257/2295 4535/2260/2296
s 1
f 4533/2257/2297 4536/2261/2298 4535/2260/2294
s 0
f 4530/2256/2289 4538/2262/2260 4537/2263/2299
f 4530/2256/2289 4537/2263/2260 4533/2257/2299
f 4533/2257/2266 4537/2263/2300 4536/2261/2301
s 1
f 4537/2263/2302 4539/2264/2303 4536/2261/2298
s 0
f 4537/2263/2266 4538/2262/2304 4539/2264/2305
s 1
f 4538/2262/2306 4531/2265/2307 4539/2264/2303
f 4535/2260/2294 4531/2265/2307 4534/2259/2293
f 4535/2260/2294 4536/2261/2298 4531/2265/2307
f 4536/2261/2298 4539/2264/2303 4531/2265/2307
s 0
f 4878/2240/2261 4880/2242/2260 4879/2241/2261
f 4878/2240/2261 4882/2244/2260 4881/2243/2261
f 4878/2240/2261 4884/2246/2260 4883/2245/2261
f 4879/2241/2260 4884/2246/2261 4878/2240/2261
s 1
f 4885/2247/2308 4886/2248/2309 4879/2241/2310
s 0
f 4886/2248/2311 4884/2246/2266 4879/2241/2312
f 4883/2245/2266 4884/2246/2313 4887/2249/2314
s 1
f 4884/2246/2315 4886/2248/2309 4887/2249/2316
s 0
f 4878/2240/2261 4883/2245/2260 4882/2244/2261
s 1
f 4888/2250/2317 4882/2244/2318 4887/2249/2316
s 0
f 4882/2244/2266 4883/2245/2313 4887/2249/2314
s 1
f 4889/2251/2319 4881/2243/2320 4888/2250/2317
s 0
f 4881/2243/2260 4882/2244/2321 4888/2250/2322
f 4878/2240/2261 4891/2253/2260 4890/2252/2261
f 4878/2240/2261 4881/2243/2260 4891/2253/2261
s 1
f 4892/2254/2323 4891/2253/2324 4889/2251/2319
s 0
f 4891/2253/2260 4881/2243/2325 4889/2251/2326
s 1
f 4877/2266/2327 4890/2252/2328 4892/2254/2323
s 0
f 4890/2252/2260 4891/2253/2329 4892/2254/2330
f 4879/2241/2260 4880/2242/2331 4885/2247/2332
s 1
f 4880/2242/2333 4877/2266/2327 4885/2247/2308
f 4877/2266/2327 4886/2248/2309 4885/2247/2308
f 4887/2249/2316 4886/2248/2309 4877/2266/2327
f 4888/2250/2317 4887/2249/2316 4877/2266/2327
f 4889/2251/2319 4888/2250/2317 4877/2266/2327
f 4892/2254/2323 4889/2251/2319 4877/2266/2327
s 0
f 5250/2256/2334 5252/2258/2260 5253/2257/2335
s 1
f 5250/2256/2336 5260/2267/2337 5252/2258/2338
f 5252/2258/2338 5260/2267/2337 5254/2260/2339
s 0
f 5252/2258/2340 5254/2260/2341 5253/2257/2260
s 1
f 5253/2257/2342 5254/2260/2339 5255/2261/2343
s 0
f 5250/2256/2334 5256/2263/2260 5257/2262/2344
f 5250/2256/2334 5253/2257/2260 5256/2263/2344
f 5253/2257/2345 5255/2261/2346 5256/2263/2266
s 1
f 5256/2263/2347 5255/2261/2343 5258/2264/2348
s 0
f 5256/2263/2349 5258/2264/2350 5257/2262/2260
s 1
f 5257/2262/2351 5258/2264/2348 5259/2268/2352
f 5254/2260/2339 5260/2267/2337 5251/2269/2353
f 5254/2260/2339 5251/2269/2353 5255/2261/2343
f 5255/2261/2343 5251/2269/2353 5258/2264/2348
f 5258/2264/2348 5251/2269/2353 5259/2268/2352
f 5614/2270/2354 5615/2271/2355 5616/2272/2356
s 0
f 5617/2240/2357 5618/2241/2266 5619/2242/2358
f 5617/2240/2357 5620/2243/2266 5621/2244/2358
f 5617/2240/2357 5622/2245/2266 5623/2246/2358
f 5618/2241/2358 5617/2240/2357 5623/2246/2266
s 1
f 5624/2247/2359 5618/2241/2360 5625/2248/2361
s 0
f 5625/2248/2362 5618/2241/2266 5623/2246/2363
f 5622/2245/2364 5626/2249/2365 5623/2246/2266
s 1
f 5623/2246/2366 5626/2249/2367 5625/2248/2361
s 0
f 5617/2240/2357 5621/2244/2266 5622/2245/2358
s 1
f 5627/2250/2368 5626/2249/2367 5621/2244/2369
s 0
f 5621/2244/2364 5626/2249/2365 5622/2245/2266
s 1
f 5628/2251/2370 5627/2250/2368 5620/2243/2371
s 0
f 5620/2243/2372 5627/2250/2373 5621/2244/2260
f 5617/2240/2357 5629/2252/2266 5630/2253/2358
f 5617/2240/2357 5630/2253/2266 5620/2243/2358
s 1
f 5631/2254/2374 5628/2251/2370 5630/2253/2375
s 0
f 5630/2253/2376 5628/2251/2377 5620/2243/2260
s 1
f 5616/2273/2378 5631/2254/2374 5629/2252/2379
s 0
f 5629/2252/2380 5631/2254/2381 5630/2253/2266
f 5618/2241/2382 5624/2247/2383 5619/2242/2266
s 1
f 5619/2242/2384 5624/2247/2359 5616/2273/2378
f 5616/2273/2378 5624/2247/2359 5625/2248/2361
f 5626/2249/2367 5616/2273/2378 5625/2248/2361
f 5627/2250/2368 5616/2273/2378 5626/2249/2367
f 5628/2251/2370 5616/2273/2378 5627/2250/2368
f 5631/2254/2374 5616/2273/2378 5628/2251/2370
s 0
f 5981/2256/2385 5984/2257/2260 5983/2258/2386
s 1
f 5981/2256/2387 5983/2258/2388 5982/2274/2389
f 5983/2258/2388 5985/2260/2390 5982/2274/2389
s 0
f 5983/2258/2266 5984/2257/2391 5985/2260/2392
s 1
f 5984/2257/2393 5986/2261/2394 5985/2260/2390
s 0
f 5981/2256/2385 5988/2262/2260 5987/2263/2395
f 5981/2256/2385 5987/2263/2260 5984/2257/2395
f 5984/2257/2266 5987/2263/2396 5986/2261/2397
s 1
f 5987/2263/2398 5989/2264/2399 5986/2261/2394
s 0
f 5987/2263/2260 5988/2262/2400 5989/2264/2401
s 1
f 5988/2262/2402 5982/2274/2389 5989/2264/2399
f 5985/2260/2390 5986/2261/2394 5982/2274/2389
f 5986/2261/2394 5989/2264/2399 5982/2274/2389
s 0
f 6331/2240/2403 6333/2242/2260 6332/2241/2404
f 6331/2240/2403 6335/2244/2260 6334/2243/2404
f 6331/2240/2403 6338/2246/2260 6337/2245/2404
f 6332/2241/2260 6338/2246/2404 6331/2240/2403
s 1
f 6339/2247/2405 6340/2248/2406 6332/2241/2407
s 0
f 6340/2248/2408 6338/2246/2266 6332/2241/2409
f 6337/2245/2266 6338/2246/2410 6341/2249/2411
s 1
f 6338/2246/2412 6340/2248/2406 6341/2249/2413
s 0
f 6331/2240/2403 6337/2245/2260 6335/2244/2404
s 1
f 6342/2250/2414 6335/2244/2415 6341/2249/2413
s 0
f 6335/2244/2266 6337/2245/2410 6341/2249/2411
s 1
f 6343/2251/2416 6334/2243/2417 6342/2250/2414
s 0
f 6334/2243/2260 6335/2244/2418 6342/2250/2419
f 6331/2240/2403 6345/2253/2260 6344/2252/2404
f 6331/2240/2403 6334/2243/2260 6345/2253/2404
f 6346/2254/2420 6345/2253/2421 6343/2251/2422
f 6345/2253/2260 6334/2243/2423 6343/2251/2424
s 1
f 6336/2275/2425 6344/2252/2426 6346/2254/2427
s 0
f 6344/2252/2260 6345/2253/2428 6346/2254/2429
f 6332/2241/2266 6333/2242/2430 6339/2247/2431
s 1
f 6333/2242/2432 6336/2275/2433 6339/2247/2434
f 6336/2275/2435 6340/2248/2406 6339/2247/2405
f 6341/2249/2413 6340/2248/2406 6336/2275/2435
f 6342/2250/2414 6341/2249/2413 6336/2275/2435
f 6343/2251/2416 6342/2250/2414 6336/2275/2435
f 6346/2254/2436 6343/2251/2416 6336/2275/2435
l 57 58
l 63 64
l 70 71
l 78 79
l 94 95
l 102 103
l 110 111
l 131 132
l 138 139
l 146 147
l 153 154
l 160 161
l 168 169
l 224 225
l 232 233
l 245 246
l 253 254
l 261 262
l 269 270
l 277 278
l 285 286
l 296 297
l 357 358
l 364 365
l 379 380
l 385 386
l 393 394
l 409 410
l 428 429
l 518 519
l 526 527
l 534 535
l 542 543
l 550 551
l 558 559
l 563 564
l 571 572
l 578 579
l 586 587
l 594 595
l 608 609
l 887 888
l 894 895
l 907 908
l 911 912
l 917 918
l 922 923
l 938 939
l 945 946
l 951 952
l 958 959
l 974 975
l 995 996
l 1007 1008
l 1015 1016
l 1023 1024
l 1031 1032
l 1286 1287
l 1295 1296
l 1302 1303
l 1307 1308
l 1315 1316
l 1323 1324
l 1337 1338
l 1343 1344
l 1347 1348
l 1360 1361
l 1366 1367
l 1373 1374
l 1382 1383
l 1390 1391
l 1398 1399
l 1406 1407
l 1417 1418
l 1427 1428
l 1435 1436
l 2245 2246
l 2254 2255
l 2262 2263
l 2266 2267
l 2270 2271
l 2273 2274
l 2286 2287
l 2296 2297
l 2303 2304
l 2310 2311
l 2316 2317
l 2331 2332
l 2339 2340
l 2352 2353
l 2486 2355
l 2361 2362
l 2385 2386
l 2402 2403
l 2410 2411
l 2416 2417
l 2427 2428
l 2452 2453
l 2466 2467
l 2476 2477
l 3148 3149
l 3156 3157
l 3161 3162
l 3169 3170
l 3176 3177
l 3190 3191
l 3193 3194
l 3196 3197
l 3221 3222
l 3227 3228
l 3235 3236
l 3243 3244
l 3255 3256
l 3263 3264
l 3271 3272
l 3286 3287
l 3295 3296
l 3302 3303
l 3307 3308
l 3315 3316
l 3436 3320
l 3332 3333
l 3339 3340
l 3345 3346
l 3353 3354
l 3359 3360
l 3367 3368
l 3375 3376
l 3383 3384
l 3391 3392
l 3399 3400
l 3415 3416
l 3416 3437
l 3420 3421
l 3426 3427
l 3449 3448
l 3456 3457
l 3460 3459
l 3466 3467
l 3468 3469
l 3472 3473
l 3475 3476
l 3479 3480
l 3491 3490
l 3511 3512
l 3515 3514
l 3523 3524
l 3528 3529
l 3544 3545
l 3547 3546
l 3550 3551
l 3553 3552
l 3557 3558
l 3561 3560
l 3564 3565
l 3591 3592
l 3602 3603
l 3615 3616
l 3621 3622
l 3638 3637
l 3645 3644
l 3647 3648
l 3652 3653
l 3657 3658
l 3659 3660
l 3662 3663
l 3670 3671
l 3679 3680
l 3682 3681
l 3696 3695
l 3703 3704
l 3707 3706
l 3714 3713
l 3715 3716
l 3723 3724
l 3747 3748
l 3750 3751
l 3762 3761
l 3779 3781
l 3786 3785
l 3787 3788
l 3795 3796
l 3801 3802
l 3807 3806
l 3819 3820
l 3829 3828
l 3830 3831
l 3838 3839
l 3843 3842
l 3855 3856
l 3859 3860
l 3862 3863
l 3870 3871
l 3882 3883
l 3889 3891
l 3892 3893
l 3902 3903
l 3914 3915
l 3925 3926
l 3932 3933
l 3937 3938
l 3948 3949
l 3960 3959
l 3977 3978
l 3987 3988
l 3991 3992
l 3994 3993
l 4007 4008
l 4010 4009
l 4019 4020
l 4054 4055
l 4062 4061
l 4067 4066
l 4076 4077
l 4086 4087
l 4088 4089
l 4091 4090
l 4103 4102
l 4112 4113
l 4115 4116
l 4124 4125
l 4132 4134
l 4148 4147
l 4176 4175
l 4183 4184
l 4197 4196
l 4206 4207
l 4225 4226
l 4240 4241
l 4243 4242
l 4255 4256
l 4265 4266
l 4270 4271
l 4278 4279
l 4313 4312
l 4319 4320
l 4322 4321
l 4328 4327
l 4329 4330
l 4339 4340
l 4351 4352
l 4367 4369
l 4381 4380
l 4387 4386
l 4393 4394
l 4398 4399
l 4409 4410
l 4418 4419
l 4421 4422
l 4425 4426
l 4437 4436
l 4446 4447
l 4451 4452
l 4458 4459
l 4461 4460
l 4474 4473
l 4477 4478
l 4481 4482
l 4516 4517
l 4520 4519
l 4546 4547
l 4552 4553
l 4569 4570
l 4578 4579
l 4588 4589
l 4609 4610
l 4626 4627
l 4628 4629
l 4631 4632
l 4642 4641
l 4648 4649
l 4659 4660
l 4680 4681
l 4691 4692
l 4695 4694
l 4721 4722
l 4734 4735
l 4734 4733
l 4741 4742
l 4753 4752
l 4754 4755
l 4763 4762
l 4780 4779
l 4811 4810
l 4812 4813
l 4818 4819
l 4827 4828
l 4836 4837
l 4842 4843
l 4850 4851
l 4865 4866
l 4896 4895
l 4902 4903
l 4925 4924
l 4955 4956
l 4958 4957
l 4977 4978
l 4981 4980
l 4994 4995
l 5001 5002
l 5011 5012
l 5013 5014
l 5026 5027
l 5031 5032
l 5036 5037
l 5046 5047
l 5049 5048
l 5057 5058
l 5062 5061
l 5067 5068
l 5074 5075
l 5091 5092
l 5100 5101
l 5110 5111
l 5123 5124
l 5133 5132
l 5134 5135
l 5144 5145
l 5154 5155
l 5157 5158
l 5163 5164
l 5167 5168
l 5169 5170
l 5175 5174
l 5181 5182
l 5186 5187
l 5197 5198
l 5219 5218
l 5223 5222
l 5241 5242
l 5243 5244
l 5246 5245
l 5261 5262
l 5266 5265
l 5274 5273
l 5274 5272
l 5284 5285
l 5286 5287
l 5296 5295
l 5303 5304
l 5316 5317
l 5320 5319
l 5326 5327
l 5338 5339
l 5342 5341
l 5347 5346
l 5349 5350
l 5353 5352
l 5360 5359
l 5361 5362
l 5376 5377
l 5385 5384
l 5388 5389
l 5399 5400
l 5409 5410
l 5412 5411
l 5440 5441
l 5449 5450
l 5461 5462
l 5472 5473
l 5481 5482
l 5484 5483
l 5490 5489
l 5495 5494
l 5502 5503
l 5505 5504
l 5512 5513
l 5515 5516
l 5536 5537
l 5547 5548
l 5560 5559
l 5567 5568
l 5573 5572
l 5581 5582
l 5592 5593
l 5596 5595
l 5604 5605
l 5608 5607
l 5636 5637
l 5641 5642
l 5645 5644
l 5653 5654
l 5662 5663
l 5664 5665
l 5685 5686
l 5689 5688
l 5694 5695
l 5698 5697
l 5716 5717
l 5738 5739
l 5757 5758
l 5761 5762
l 5764 5763
l 5766 5767
l 5772 5773
l 5783 5784
l 5793 5794
l 5814 5815
l 5818 5819
l 5839 5838
l 5868 5869
l 5871 5872
l 5878 5879
l 5883 5884
l 5898 5899
l 5908 5909
l 5922 5923
l 5926 5925
l 5938 5937
l 5949 5950
l 5954 5953
l 5960 5961
l 5968 5969
l 5976 5975
l 6002 6003
l 6007 6008
l 6012 6013
l 6017 6018
l 6026 6027
l 6033 6034
l 6048 6049
l 6060 6061
l 6070 6071
l 6074 6073
l 6081 6082
l 6091 6092
l 6101 6102
l 6109 6108
l 6111 6112
l 6118 6117
l 6124 6125
l 6129 6130
l 6133 6135
l 6166 6167
l 6177 6178
l 6181 6180
l 6182 6183
l 6192 6191
l 6199 6200
l 6209 6210
l 6220 6221
l 6235 6236
l 6240 6241
l 6265 6266
l 6274 6273
l 6282 6283
l 6290 6291
l 6304 6305
l 6316 6317
l 6319 6318
l 6327 6328
l 6347 6348
l 6350 6349
l 6363 6364
l 6367 6366
l 6373 6374
l 6376 6375
l 6383 6384
l 6385 6387
l 6410 6411
l 6410 6409
l 6413 6414
l 6433 6434
l 6444 6445
l 6448 6447
l 6456 6457
l 6459 6458
l 6466 6467
l 6474 6475
l 6478 6479
l 6487 6488
l 6506 6505
l 6508 6509
l 6512 6511
l 6518 6519
l 6547 6548
l 6550 6549
l 6551 6552
l 6560 6561
l 6579 6580
l 6583 6584
l 6610 6611
l 6628 6629
l 6632 6631
l 6639 6640
l 6647 6648
l 6668 6667
l 6680 6681
l 6690 6691
l 6703 6704
l 6712 6713
l 6727 6729
l 6731 6730
l 6738 6739
l 6741 6742
l 6752 6751
l 6757 6756
l 6758 6759
l 6777 6778
l 6781 6782
l 6789 6790
l 6799 6800
l 6809 6810
l 6818 6819
l 6828 6829
l 6835 6836
l 6840 6839
l 6842 6843
l 6853 6854
l 6856 6855
l 6865 6866
l 6868 6867
l 6876 6877
l 6879 6878
l 6901 6902
l 6904 6903
l 6915 6914
l 6925 6926
l 6929 6927
l 6930 6931
l 6935 6936
l 6959 6960
l 6970 6971
l 6974 6973
l 6982 6983
l 6989 6990
l 6992 6993
l 6995 6996
l 7003 7004
l 7005 7006
l 7015 7014
l 7018 7019
l 7041 7042
l 7053 7054
l 7056 7057
l 7072 7073
l 7077 7078
l 7080 7079
l 7091 7092
l 7100 7101
l 7104 7103
l 7112 7113
l 7123 7124
l 7156 7158
l 7171 7172
l 7171 7170
l 7176 7177
l 7182 7181
l 7188 7187
l 7201 7202
l 7205 7204
l 7213 7214
l 7223 7224
l 7238 7239
l 7243 7244
l 7253 7254
l 7262 7261
l 7263 7264
l 7274 7275
l 7276 7278
l 7295 7294
l 7297 7298
l 7310 7309
l 7314 7315
l 7319 7320
l 7327 7326
l 7357 7356
l 7365 7366
l 7376 7377
l 7379 7378
l 7387 7386
l 7388 7389
l 7399 7400
l 7403 7402
l 7409 7410
l 7414 7415
l 7418 7419
l 7454 7453
l 7464 7465
l 7491 7492
l 7504 7505
l 7508 7507
l 7520 7519
l 7528 7529
l 7539 7540
l 7544 7545
l 7550 7551
l 7555 7556
l 7559 7560
l 7570 7571
l 7601 7600
l 7602 7603
l 7610 7611
l 7615 7616
l 7628 7627
l 7638 7639
l 7653 7654
l 7660 7659
l 7668 7669
l 7678 7679
l 7683 7681
l 7701 7702
l 7713 7712
l 7732 7733
l 7750 7751
l 7753 7754
l 7764 7765
l 7769 7770
l 7775 7776
l 7785 7786
l 7797 7798
l 7801 7802
l 7807 7808
l 7809 7810
l 7824 7823
l 7837 7838
l 7843 7844
l 7854 7855
l 7878 7879
l 7887 7886
l 7889 7890
l 7893 7892
l 7900 7901
l 7912 7913
l 7918 7919
l 7923 7924
l 7934 7933
l 7936 7937
l 7940 7941
l 7944 7945
l 7952 7951
l 7962 7963
l 7969 7970
l 7995 7996
l 7998 7999
l 8006 8007
l 8009 8010
l 8015 8016
l 8027 8028
l 8031 8032
l 8041 8040
l 8061 8062
l 8068 8069
l 8093 8094
l 8104 8103
l 8105 8106
l 8120 8121
l 8130 8131
l 8135 8136
l 8141 8142
l 8144 8143
l 8153 8154
l 8156 8157
l 8166 8167
l 8177 8178
l 8182 8183
l 8186 8187
l 8189 8190
l 8205 8206
l 8210 8209
l 8221 8220
l 8223 8224
l 8228 8229
l 8231 8230
l 8234 8235
l 8263 8264
l 8268 8269
l 8280 8281
l 8282 8283
l 8290 8291
l 8293 8292
l 8301 8302
l 8317 8318
l 8322 8323
l 8325 8326
l 8331 8332
l 8336 8337
l 8339 8338
l 8342 8343
l 8353 8354
l 8360 8361
l 8369 8368
l 8375 8376
l 8384 8385
l 8388 8387
l 8395 8396
l 8414 8416
l 8417 8418
l 8429 8430
l 8433 8434
l 8451 8452
l 8455 8456
l 8459 8460
l 8469 8470
l 8484 8483
l 8486 8487
l 8502 8503
l 8507 8508
l 8519 8520
l 8524 8525
l 8527 8526
l 8532 8531
l 8535 8536
l 8545 8544
l 8547 8548
l 8556 8557
l 8559 8560
l 8566 8567
l 8577 8578
l 8582 8583
l 8588 8589
l 8591 8590
l 8593 8592
l 8599 8600
l 8603 8602
l 8605 8604
l 8612 8613
l 8616 8615
l 8622 8623
l 8633 8634
l 8637 8638
l 8646 8647
l 8651 8652
l 8657 8658
l 8668 8669
l 8670 8671
l 8689 8690
l 8714 8715
l 8722 8723
l 8733 8734
l 8743 8744
l 8757 8758
l 8765 8766
l 8777 8778
l 8780 8779
l 8787 8788
l 8798 8799
l 8809 8810
l 8812 8811
l 8849 8848
l 8850 8851
l 8868 8869
l 8891 8892
l 8893 8894
l 8912 8913
l 8915 8914
l 8936 8935
l 8938 8939
l 8943 8944
l 8953 8954
l 8956 8957
l 8956 8955
l 8975 8976
l 8979 8980
l 8984 8986
l 8987 8988
l 8990 8989
l 8997 8998
l 9001 9002
l 9004 9005
l 9020 9021
l 9024 9023
l 9025 9026
l 9032 9031
l 9034 9035
l 9043 9044
l 9046 9047
l 9059 9058
l 9060 9061
l 9062 9061
l 9068 9069
l 9072 9071
l 9080 9081
l 9092 9093
l 9094 9095
l 9103 9104
l 9107 9108
l 9122 9123
l 9139 9138
l 9140 9141
l 9149 9150
l 9160 9161
l 9163 9162
l 9170 9171
l 9178 9179
l 9189 9190
l 9201 9200
l 9209 9208
l 9210 9211
l 9220 9221
l 9233 9232
l 9242 9243
l 9251 9252
l 9261 9262
l 9264 9263
l 9286 9285
l 9293 9294
l 9295 9297
l 9303 9302
l 9315 9316
l 9325 9326
l 9334 9335
l 9346 9347
l 9356 9357
l 9359 9360
l 9370 9371
l 9375 9376
l 9377 9378
l 9382 9383
l 9385 9386
l 9387 9388
l 9399 9398
l 9401 9400
l 9407 9406
l 9418 9419
l 9429 9430
l 9459 9460
l 9473 9472
l 9484 9485
l 9503 9504
l 9518 9517
l 9527 9528
l 9539 9540
l 9543 9542
l 9549 9550
l 9552 9551
l 9560 9561
l 9571 9572
l 9595 9594
l 9599 9598
l 9607 9608
l 9612 9613
l 9619 9620
l 9629 9630
l 9643 9644
l 9664 9665
l 9673 9674
l 9692 9691
l 9699 9700
l 9705 9706
l 9707 9708
l 9732 9733
l 9732 9731
l 9751 9752
l 9754 9753
l 9763 9764
l 9766 9765
l 9770 9771
l 9773 9774
l 9779 9780
l 9783 9784
l 9788 9789
l 9795 9796
l 9806 9807
l 9810 9809
l 9840 9841
l 9852 9853
l 9856 9855
l 9867 9868
l 9874 9873
l 9875 9876
l 9885 9884
l 9907 9908
l 9916 9917
l 9926 9927
l 9935 9936
l 9937 9938
l 9949 9950
l 9962 9963
l 9964 9965
l 9969 9970
l 9973 9972
l 9999 10000
l 10006 10007
l 10016 10015
l 10021 10022
l 10023 10024
l 10028 10029
l 10033 10034
l 10038 10039
l 10045 10044
l 10048 10049
l 10056 10057
l 10062 10063
l 10066 10067
l 10083 10084
l 10108 10109
l 10117 10118
l 10120 10121
l 10133 10134
l 10137 10138
l 10143 10144
l 10146 10145
l 10163 10162
l 10162 10164
l 10165 10166
l 10176 10177
l 10185 10186
l 10193 10192
l 10195 10196
l 10206 10207
l 10218 10217
l 10228 10229
l 10240 10241
l 10239 10240
l 10243 10242
l 10250 10251
l 10254 10253
l 10255 10256
l 10280 10281
l 10288 10289
l 10303 10302
l 10305 10306
l 10315 10316
l 10326 10327
l 10338 10339
l 10341 10340
l 10349 10350
l 10355 10354
l 10356 10357
l 10363 10364
l 10373 10374
l 10399 10398
l 10418 10419
l 10428 10429
l 10437 10438
l 10446 10447
l 10456 10455
l 10458 10459
l 10461 10460
l 10469 10470
l 10490 10489
l 10491 10492
l 10504 10505
l 10508 10509
l 10536 10537
l 10539 10540
l 10543 10544
l 10559 10560
l 10570 10571
l 10582 10583
l 10593 10594
l 10597 10598
l 10602 10601
l 10615 10616
l 10624 10625
l 10633 10634
l 10636 10635
l 10643 10644
l 10646 10645
l 10655 10656
l 10658 10657
l 10659 10660
l 10666 10667
l 10682 10681
l 10681 10683
l 10700 10701
l 10704 10703
l 10709 10710
l 10715 10716
l 10726 10727
l 10732 10733
l 10738 10739
l 10745 10747
l 10757 10756
l 10760 10761
l 10764 10765
l 10766 10767
l 10788 10789
l 10800 10801
l 10804 10802
l 10810 10811
l 10814 10813
l 10833 10834
l 10842 10841
l 10845 10846
l 10860 10861
l 10877 10878
l 10883 10882
l 10884 10885
l 10887 10888
l 10891 10892
l 10894 10895
l 10904 10905
l 10907 10906
l 10915 10916
l 10925 10926
l 10928 10927
l 10943 10944
l 10946 10947
l 10953 10954
l 10965 10966
l 10974 10973
l 10975 10976
l 10988 10987
l 10989 10990
l 10999 11000
l 11004 11003
l 11006 11007
l 11012 11013
l 11022 11021
l 11026 11025
l 11027 11028
l 11044 11045
l 11055 11056
l 11069 11068
l 11078 11079
l 11089 11090
l 11109 11110
l 11119 11120
l 11123 11124
l 11129 11130
l 11142 11143
l 11146 11145
l 11154 11155
l 11161 11162
l 11169 11170
l 11177 11178
l 11187 11188
l 11192 11191
l 11198 11199
l 11208 11209
l 11212 11213
l 11219 11220
l 11239 11240
l 11250 11251
l 11253 11252
l 11262 11263
l 11265 11264
l 11298 11297
l 11310 11309
l 11320 11321
l 11324 11325
l 11331 11330
l 11332 11333
l 11335 11334
l 11346 11347
l 11353 11354
l 11356 11357
l 11363 11364
l 11367 11366
l 11368 11369
l 11399 11400
l 11417 11416
l 11424 11425
l 11436 11437
l 11446 11447
l 11450 11449
l 11468 11469
l 11492 11491
l 11505 11504
l 11506 11507
l 11510 11512
l 11512 11511
l 11514 11515
l 11518 11519
l 11531 11532
l 11547 11548
l 11559 11560
l 11569 11570
l 11589 11590
l 11599 11600
l 11603 11602
l 11612 11613
l 11621 11622
l 11630 11631
l 11637 11638
l 11643 11642
l 11645 11644
l 11646 11647
l 11669 11670
l 11692 11693
l 11695 11694
l 11696 11697
l 11716 11717
l 11722 11723
l 11726 11727
l 11735 11736
l 11737 11738
l 11741 11742
l 11747 11746
l 11749 11750
l 11762 11763
l 11772 11773
l 11781 11780
l 11788 11789
l 11791 11792
l 11794 11795
l 11804 11805
l 11815 11816
l 11824 11825
l 11834 11833
l 11835 11836
l 11838 11837
l 11849 11850
l 11857 11856
l 11863 11862
l 11872 11873
l 11875 11876
l 11879 11880
l 11883 11885
l 11886 11887
l 11890 11889
l 11891 11892
l 11899 11900
l 11908 11909
l 11913 11914
l 11918 11919
l 11932 11931
l 11940 11941
l 11944 11943
l 11961 11960
l 11964 11965
l 11982 11983
l 11989 11990
l 11993 11992
l 12002 12003
l 12020 12019
l 12022 12023
l 12030 12032
l 12035 12036
l 12039 12041
l 12050 12051
l 12069 12068
l 12070 12071
l 12073 12072
l 12074 12075
l 12083 12084
l 12092 12091
l 12096 12097
l 12104 12105
l 12107 12108
l 12115 12114
l 12116 12117
l 12126 12127
l 12136 12137
l 12148 12149
l 12158 12159
l 12171 12172
l 12182 12183
l 12184 12185
l 12191 12192
l 12203 12204
l 12223 12224
l 12234 12235
l 12237 12238
l 12248 12249
l 12250 12251
l 12254 12253
l 12255 12256
l 12263 12262
l 12265 12266
l 12268 12267
l 12270 12271
l 12274 12273
l 12289 12290
l 12299 12300
l 12302 12301
l 12311 12312
l 12330 12331
l 12338 12337
l 12340 12341
l 64 65
l 71 72
l 79 80
l 95 96
l 103 104
l 111 112
l 117 118
l 124 125
l 132 133
l 139 140
l 147 148
l 154 155
l 161 162
l 169 170
l 225 226
l 233 234
l 254 255
l 262 263
l 278 279
l 286 287
l 297 298
l 365 366
l 372 373
l 377 378
l 386 387
l 394 395
l 410 411
l 429 430
l 511 512
l 519 520
l 527 528
l 535 536
l 543 544
l 551 552
l 572 573
l 579 580
l 587 588
l 595 596
l 601 602
l 609 610
l 874 875
l 881 882
l 888 889
l 901 902
l 934 935
l 939 940
l 946 947
l 959 960
l 966 967
l 975 976
l 996 997
l 1000 1001
l 1008 1009
l 1016 1017
l 1024 1025
l 1281 1282
l 1287 1288
l 1296 1297
l 1303 1304
l 1308 1309
l 1316 1317
l 1324 1325
l 1330 1331
l 1348 1349
l 1353 1443
l 1354 1355
l 1361 1362
l 1383 1384
l 1391 1392
l 1399 1400
l 1407 1408
l 1413 1446
l 1418 1419
l 1428 1429
l 1436 1437
l 2235 2236
l 2240 2241
l 2247 2248
l 2255 2256
l 2279 2280
l 2287 2288
l 2322 2323
l 2332 2333
l 2360 2361
l 2483 2367
l 2368 2369
l 2370 2371
l 2373 2374
l 2375 2376
l 2495 2380
l 2386 2387
l 2399 2400
l 2404 2405
l 2417 2418
l 2425 2426
l 2445 2446
l 2453 2454
l 2460 2461
l 2467 2468
l 2473 2474
l 2477 2478
l 3162 3163
l 3170 3171
l 3182 3183
l 3187 3188
l 3207 3435
l 3208 3209
l 3214 3215
l 3222 3223
l 3236 3237
l 3244 3245
l 3249 3250
l 3250 3251
l 3256 3257
l 3264 3265
l 3277 3278
l 3282 3283
l 3291 3292
l 3296 3297
l 3308 3309
l 3316 3317
l 3327 3328
l 3333 3334
l 3340 3341
l 3354 3355
l 3360 3361
l 3368 3369
l 3376 3377
l 3384 3385
l 3392 3393
l 3400 3401
l 3407 3408
l 3421 3422
l 3427 3428
l 3446 3447
l 3488 3489
l 3532 3531
l 3534 3536
l 3569 3570
l 3581 3582
l 3612 3613
l 3623 3624
l 3635 3636
l 3635 3634
l 3669 3668
l 3691 3692
l 3738 3739
l 3772 3773
l 3776 3777
l 3778 3780
l 3815 3814
l 3815 3817
l 3862 3864
l 3898 3899
l 3957 3958
l 3996 3998
l 4005 4006
l 4017 4016
l 4041 4043
l 4054 4053
l 4064 4065
l 4074 4073
l 4076 4075
l 4095 4096
l 4099 4101
l 4124 4123
l 4136 4137
l 4141 4142
l 4144 4145
l 4150 4151
l 4194 4195
l 4234 4235
l 4246 4247
l 4291 4292
l 4300 4301
l 4339 4338
l 4351 4350
l 4364 4365
l 4377 4379
l 4388 4389
l 4395 4396
l 4434 4435
l 4434 4433
l 4467 4466
l 4470 4472
l 4492 4493
l 4504 4506
l 4528 4529
l 4581 4582
l 4598 4599
l 4608 4609
l 4669 4671
l 4712 4713
l 4745 4746
l 4776 4777
l 4808 4809
l 4827 4826
l 4873 4874
l 4874 4875
l 4910 4912
l 4922 4923
l 4923 4921
l 4932 4931
l 4946 4947
l 4977 4976
l 4989 4990
l 5049 5050
l 5089 5088
l 5149 5150
l 5154 5153
l 5177 5178
l 5179 5180
l 5215 5214
l 5232 5234
l 5284 5283
l 5293 5294
l 5338 5337
l 5363 5365
l 5388 5387
l 5409 5408
l 5471 5472
l 5495 5496
l 5511 5510
l 5547 5546
l 5611 5612
l 5632 5633
l 5649 5650
l 5652 5651
l 5671 5672
l 5698 5699
l 5704 5705
l 5726 5728
l 5750 5752
l 5793 5792
l 5805 5806
l 5810 5811
l 5835 5836
l 5851 5852
l 5865 5866
l 5910 5912
l 5929 5928
l 5979 5980
l 6038 6039
l 6038 6037
l 6120 6121
l 6125 6126
l 6144 6146
l 6188 6190
l 6230 6232
l 6251 6252
l 6261 6262
l 6271 6272
l 6282 6281
l 6294 6295
l 6325 6326
l 6352 6353
l 6423 6424
l 6498 6499
l 6517 6516
l 6571 6573
l 6616 6615
l 6620 6621
l 6675 6676
l 6694 6695
l 6766 6767
l 6889 6890
l 6912 6913
l 6949 6950
l 6966 6967
l 6981 6980
l 6995 6994
l 7028 7027
l 7030 7031
l 7041 7040
l 7048 7049
l 7066 7068
l 7077 7076
l 7130 7131
l 7132 7133
l 7145 7146
l 7167 7166
l 7168 7169
l 7190 7191
l 7232 7233
l 7297 7296
l 7306 7308
l 7321 7322
l 7330 7332
l 7337 7338
l 7353 7352
l 7353 7355
l 7440 7441
l 7451 7452
l 7460 7461
l 7472 7473
l 7482 7483
l 7516 7518
l 7591 7592
l 7625 7626
l 7648 7647
l 7649 7650
l 7722 7723
l 7742 7743
l 7753 7752
l 7783 7784
l 7826 7828
l 7846 7848
l 7865 7864
l 7923 7922
l 7936 7935
l 7972 7971
l 7972 7974
l 7983 7984
l 7983 7982
l 8001 8002
l 8037 8036
l 8037 8039
l 8051 8052
l 8072 8073
l 8082 8081
l 8093 8092
l 8153 8152
l 8177 8176
l 8181 8180
l 8198 8199
l 8212 8211
l 8223 8222
l 8234 8233
l 8246 8247
l 8257 8258
l 8257 8256
l 8268 8267
l 8312 8313
l 8341 8340
l 8364 8365
l 8407 8409
l 8428 8429
l 8480 8481
l 8577 8576
l 8677 8678
l 8691 8692
l 8733 8732
l 8741 8742
l 8753 8755
l 8765 8764
l 8822 8821
l 8822 8824
l 8834 8835
l 8896 8897
l 8901 8903
l 8921 8922
l 8931 8933
l 8949 8950
l 8964 8965
l 9009 9010
l 9020 9019
l 9046 9045
l 9054 9056
l 9066 9065
l 9080 9079
l 9086 9085
l 9117 9119
l 9127 9129
l 9189 9188
l 9230 9231
l 9271 9272
l 9280 9281
l 9304 9305
l 9354 9353
l 9409 9410
l 9438 9439
l 9448 9449
l 9457 9458
l 9468 9467
l 9470 9471
l 9470 9469
l 9481 9482
l 9491 9493
l 9547 9548
l 9584 9586
l 9638 9640
l 9652 9653
l 9683 9685
l 9694 9693
l 9696 9697
l 9718 9719
l 9729 9730
l 9739 9738
l 9740 9741
l 9775 9776
l 9806 9805
l 9819 9820
l 9828 9829
l 9840 9839
l 9863 9864
l 9888 9889
l 9906 9905
l 9959 9960
l 9992 9994
l 10013 10014
l 10031 10032
l 10048 10047
l 10083 10082
l 10096 10098
l 10155 10156
l 10179 10180
l 10275 10276
l 10295 10294
l 10296 10297
l 10351 10353
l 10362 10361
l 10385 10386
l 10385 10384
l 10396 10395
l 10480 10481
l 10493 10494
l 10517 10519
l 10528 10529
l 10550 10549
l 10550 10551
l 10569 10570
l 10582 10581
l 10593 10592
l 10605 10604
l 10666 10665
l 10678 10679
l 10678 10677
l 10690 10691
l 10737 10739
l 10742 10744
l 10777 10779
l 10821 10820
l 10822 10823
l 10833 10832
l 10856 10857
l 10856 10855
l 10880 10881
l 10934 10935
l 10965 10964
l 10977 10978
l 11023 11024
l 11100 11101
l 11119 11118
l 11136 11137
l 11149 11150
l 11165 11166
l 11230 11231
l 11230 11229
l 11239 11238
l 11248 11249
l 11273 11272
l 11306 11308
l 11353 11352
l 11377 11378
l 11389 11390
l 11403 11405
l 11436 11435
l 11443 11444
l 11457 11458
l 11488 11490
l 11502 11501
l 11524 11525
l 11528 11529
l 11538 11537
l 11538 11539
l 11554 11555
l 11580 11581
l 11612 11611
l 11633 11635
l 11657 11658
l 11692 11691
l 11760 11759
l 11772 11771
l 11783 11784
l 11859 11861
l 11872 11871
l 11883 11884
l 11928 11929
l 11951 11953
l 11987 11986
l 12012 12013
l 12022 12021
l 12031 12032
l 12035 12034
l 12046 12048
l 12058 12059
l 12146 12145
l 12245 12247
l 12258 12259
l 12258 12257
l 12281 12282
l 12320 12322
l 58 59
l 65 66
l 72 73
l 80 81
l 88 89
l 96 97
l 104 105
l 112 113
l 125 126
l 133 134
l 140 141
l 148 149
l 155 156
l 162 163
l 170 171
l 234 235
l 248 249
l 255 256
l 263 264
l 279 280
l 298 299
l 366 367
l 387 388
l 395 396
l 403 404
l 411 412
l 422 423
l 430 431
l 505 506
l 512 513
l 520 521
l 528 529
l 536 537
l 544 545
l 552 553
l 559 560
l 565 566
l 573 574
l 580 581
l 588 589
l 596 597
l 602 603
l 610 611
l 882 883
l 889 890
l 895 896
l 902 903
l 912 913
l 918 919
l 923 924
l 940 941
l 947 948
l 952 953
l 960 961
l 964 965
l 968 969
l 976 977
l 983 984
l 989 990
l 997 998
l 1001 1002
l 1009 1010
l 1017 1018
l 1025 1026
l 1444 1445
l 1297 1298
l 1304 1305
l 1309 1310
l 1317 1318
l 1325 1326
l 1331 1332
l 1338 1339
l 1349 1350
l 1355 1356
l 1362 1363
l 1368 1369
l 1374 1375
l 1384 1385
l 1392 1393
l 1400 1401
l 1408 1409
l 1419 1420
l 1429 1430
l 1437 1438
l 2241 2242
l 2256 2257
l 2263 2264
l 2268 2269
l 2275 2276
l 2280 2281
l 2288 2289
l 2297 2298
l 2304 2305
l 2311 2312
l 2481 2327
l 2333 2334
l 2341 2342
l 2353 2354
l 2354 2486
l 2362 2363
l 2387 2388
l 2400 2401
l 2411 2412
l 2441 2442
l 2446 2447
l 2454 2455
l 2461 2462
l 2468 2469
l 2478 2479
l 2480 2489
l 3150 3151
l 3157 3158
l 3163 3164
l 3171 3172
l 3183 3184
l 3191 3192
l 3215 3216
l 3223 3224
l 3228 3229
l 3237 3238
l 3245 3246
l 3257 3258
l 3265 3266
l 3272 3273
l 3281 3282
l 3293 3294
l 3309 3310
l 3317 3318
l 3320 3321
l 3334 3335
l 3346 3347
l 3361 3362
l 3369 3370
l 3377 3378
l 3385 3386
l 3393 3394
l 3401 3402
l 3437 3417
l 3428 3429
l 3471 3472
l 3481 3482
l 3491 3492
l 3494 3493
l 3502 3503
l 3511 3510
l 3525 3526
l 3536 3535
l 3537 3538
l 3542 3543
l 3547 3548
l 3573 3574
l 3583 3584
l 3586 3587
l 3599 3600
l 3604 3605
l 3607 3606
l 3608 3609
l 3614 3615
l 3618 3619
l 3638 3639
l 3648 3649
l 3651 3652
l 3654 3655
l 3661 3662
l 3665 3666
l 3673 3674
l 3682 3683
l 3686 3687
l 3719 3720
l 3723 3722
l 3727 3728
l 3733 3732
l 3738 3737
l 3740 3741
l 3753 3752
l 3762 3763
l 3782 3783
l 3786 3787
l 3790 3791
l 3797 3798
l 3810 3809
l 3817 3816
l 3818 3819
l 3822 3823
l 3826 3827
l 3829 3830
l 3839 3840
l 3841 3842
l 3857 3858
l 3874 3875
l 3894 3895
l 3902 3901
l 3905 3906
l 3911 3912
l 3918 3917
l 3918 3916
l 3925 3924
l 3926 3927
l 3929 3930
l 3942 3943
l 3950 3951
l 3960 3961
l 3966 3967
l 3969 3970
l 3972 3973
l 3979 3980
l 3989 3990
l 3998 3997
l 4003 4002
l 4010 4011
l 4014 4015
l 4022 4023
l 4033 4034
l 4048 4049
l 4051 4052
l 4056 4057
l 4067 4068
l 4078 4079
l 4081 4080
l 4091 4092
l 4094 4095
l 4103 4104
l 4108 4107
l 4114 4115
l 4127 4128
l 4133 4134
l 4136 4135
l 4154 4153
l 4186 4187
l 4197 4198
l 4200 4201
l 4237 4238
l 4248 4249
l 4257 4258
l 4263 4264
l 4269 4270
l 4302 4303
l 4311 4312
l 4315 4316
l 4331 4332
l 4341 4342
l 4345 4344
l 4354 4355
l 4359 4360
l 4365 4366
l 4368 4367
l 4371 4370
l 4390 4391
l 4398 4397
l 4411 4412
l 4414 4413
l 4415 4416
l 4444 4445
l 4450 4451
l 4464 4465
l 4471 4472
l 4474 4475
l 4484 4485
l 4511 4512
l 4514 4515
l 4520 4521
l 4523 4524
l 4526 4527
l 4542 4543
l 4550 4551
l 4554 4553
l 4561 4562
l 4565 4564
l 4571 4572
l 4591 4592
l 4601 4602
l 4611 4612
l 4621 4622
l 4630 4631
l 4634 4633
l 4642 4643
l 4646 4647
l 4651 4652
l 4662 4663
l 4665 4664
l 4671 4670
l 4683 4684
l 4687 4688
l 4705 4706
l 4708 4709
l 4715 4716
l 4723 4724
l 4748 4747
l 4749 4750
l 4761 4760
l 4767 4768
l 4783 4782
l 4793 4792
l 4801 4802
l 4804 4803
l 4811 4812
l 4820 4821
l 4829 4830
l 4832 4833
l 4841 4842
l 4853 4854
l 4864 4865
l 4868 4867
l 4912 4911
l 4913 4914
l 4916 4915
l 4925 4926
l 4937 4938
l 4941 4940
l 4943 4942
l 4949 4950
l 4979 4978
l 4984 4983
l 4987 4988
l 4993 4994
l 4997 4996
l 5004 5005
l 5060 5061
l 5073 5074
l 5085 5084
l 5091 5090
l 5093 5094
l 5106 5105
l 5113 5114
l 5115 5117
l 5123 5122
l 5124 5125
l 5126 5127
l 5136 5137
l 5146 5147
l 5156 5157
l 5166 5167
l 5188 5189
l 5192 5193
l 5194 5195
l 5206 5207
l 5212 5213
l 5220 5221
l 5226 5225
l 5227 5228
l 5229 5230
l 5234 5233
l 5239 5238
l 5268 5269
l 5275 5276
l 5281 5282
l 5296 5297
l 5300 5299
l 5307 5308
l 5310 5309
l 5342 5343
l 5357 5356
l 5365 5364
l 5367 5368
l 5376 5375
l 5382 5381
l 5390 5391
l 5393 5392
l 5399 5398
l 5404 5405
l 5424 5423
l 5432 5433
l 5455 5454
l 5463 5464
l 5484 5485
l 5498 5497
l 5505 5506
l 5514 5515
l 5522 5523
l 5525 5524
l 5553 5554
l 5562 5564
l 5573 5574
l 5577 5578
l 5583 5584
l 5588 5587
l 5605 5606
l 5608 5609
l 5634 5635
l 5645 5646
l 5650 5651
l 5656 5657
l 5713 5714
l 5720 5721
l 5728 5727
l 5729 5730
l 5734 5735
l 5736 5737
l 5740 5741
l 5752 5751
l 5753 5754
l 5764 5765
l 5768 5767
l 5776 5777
l 5785 5786
l 5796 5797
l 5799 5798
l 5800 5801
l 5807 5808
l 5816 5817
l 5827 5828
l 5831 5832
l 5848 5849
l 5858 5859
l 5868 5867
l 5870 5871
l 5878 5877
l 5880 5881
l 5883 5882
l 5891 5892
l 5902 5903
l 5905 5904
l 5914 5915
l 5918 5917
l 5926 5927
l 5931 5932
l 5934 5935
l 5944 5945
l 5948 5949
l 5959 5960
l 5971 5972
l 5977 5978
l 5991 5993
l 5997 5998
l 5999 6000
l 6010 6011
l 6019 6020
l 6044 6043
l 6071 6072
l 6074 6075
l 6087 6088
l 6103 6104
l 6138 6139
l 6146 6145
l 6147 6148
l 6159 6160
l 6175 6176
l 6179 6178
l 6181 6182
l 6190 6189
l 6192 6193
l 6202 6203
l 6212 6213
l 6216 6215
l 6221 6222
l 6223 6224
l 6232 6231
l 6233 6234
l 6253 6254
l 6256 6255
l 6263 6264
l 6267 6266
l 6274 6275
l 6277 6278
l 6296 6297
l 6319 6320
l 6354 6353
l 6355 6356
l 6376 6377
l 6385 6386
l 6393 6394
l 6405 6406
l 6413 6412
l 6425 6426
l 6437 6436
l 6439 6440
l 6448 6449
l 6451 6450
l 6452 6453
l 6472 6471
l 6480 6481
l 6494 6495
l 6500 6501
l 6530 6531
l 6541 6542
l 6562 6563
l 6566 6565
l 6573 6572
l 6574 6575
l 6607 6608
l 6613 6614
l 6622 6623
l 6626 6627
l 6629 6630
l 6643 6644
l 6658 6659
l 6677 6678
l 6679 6680
l 6687 6688
l 6699 6698
l 6706 6707
l 6720 6722
l 6723 6724
l 6736 6737
l 6740 6741
l 6760 6761
l 6768 6769
l 6771 6770
l 6777 6776
l 6778 6779
l 6797 6798
l 6804 6803
l 6816 6817
l 6820 6821
l 6831 6832
l 6849 6848
l 6865 6864
l 6879 6880
l 6883 6882
l 6892 6893
l 6895 6894
l 6907 6908
l 6922 6923
l 6951 6952
l 6966 6965
l 6986 6987
l 7000 6999
l 7009 7010
l 7015 7016
l 7019 7020
l 7021 7022
l 7025 7024
l 7030 7029
l 7035 7036
l 7059 7058
l 7060 7061
l 7068 7067
l 7080 7081
l 7084 7083
l 7104 7105
l 7109 7110
l 7114 7115
l 7119 7118
l 7128 7129
l 7138 7140
l 7151 7150
l 7164 7163
l 7196 7195
l 7199 7200
l 7205 7206
l 7225 7226
l 7245 7246
l 7248 7249
l 7258 7257
l 7274 7273
l 7287 7288
l 7299 7300
l 7308 7307
l 7319 7318
l 7332 7331
l 7333 7334
l 7337 7336
l 7344 7345
l 7347 7348
l 7355 7354
l 7392 7391
l 7394 7393
l 7411 7412
l 7421 7422
l 7424 7425
l 7434 7433
l 7443 7444
l 7449 7450
l 7463 7464
l 7469 7470
l 7477 7476
l 7484 7485
l 7489 7490
l 7494 7495
l 7518 7517
l 7520 7521
l 7524 7523
l 7531 7532
l 7539 7538
l 7557 7558
l 7562 7563
l 7565 7564
l 7568 7569
l 7573 7574
l 7576 7575
l 7580 7582
l 7583 7584
l 7595 7596
l 7609 7608
l 7618 7619
l 7631 7630
l 7632 7633
l 7641 7642
l 7644 7643
l 7666 7667
l 7674 7675
l 7692 7693
l 7703 7704
l 7706 7705
l 7724 7725
l 7729 7730
l 7733 7734
l 7735 7736
l 7738 7737
l 7744 7745
l 7747 7746
l 7755 7756
l 7758 7757
l 7761 7762
l 7780 7781
l 7789 7790
l 7792 7793
l 7800 7801
l 7804 7803
l 7813 7814
l 7824 7825
l 7828 7827
l 7830 7831
l 7835 7836
l 7859 7858
l 7860 7861
l 7869 7870
l 7881 7882
l 7907 7908
l 7915 7916
l 7925 7926
l 7928 7927
l 7939 7940
l 7943 7942
l 7952 7953
l 7955 7956
l 7974 7973
l 7976 7977
l 7985 7986
l 7989 7988
l 7992 7993
l 7995 7994
l 7997 7998
l 8003 8004
l 8018 8019
l 8039 8038
l 8044 8043
l 8045 8046
l 8065 8066
l 8074 8075
l 8084 8085
l 8090 8091
l 8109 8110
l 8118 8117
l 8119 8120
l 8123 8122
l 8127 8128
l 8130 8129
l 8131 8132
l 8133 8134
l 8155 8156
l 8159 8160
l 8163 8164
l 8166 8165
l 8168 8169
l 8174 8175
l 8178 8179
l 8191 8192
l 8201 8202
l 8204 8203
l 8240 8239
l 8242 8241
l 8254 8255
l 8260 8261
l 8271 8272
l 8274 8275
l 8304 8305
l 8307 8308
l 8309 8310
l 8314 8315
l 8324 8325
l 8333 8334
l 8345 8346
l 8356 8357
l 8367 8368
l 8377 8378
l 8392 8393
l 8395 8394
l 8396 8397
l 8404 8405
l 8409 8408
l 8410 8411
l 8415 8416
l 8419 8420
l 8422 8421
l 8423 8424
l 8431 8432
l 8442 8443
l 8445 8444
l 8446 8447
l 8449 8450
l 8453 8454
l 8461 8462
l 8465 8463
l 8471 8472
l 8474 8473
l 8482 8483
l 8495 8494
l 8504 8505
l 8510 8511
l 8513 8514
l 8515 8516
l 8519 8518
l 8527 8528
l 8536 8537
l 8539 8540
l 8558 8559
l 8569 8570
l 8581 8582
l 8586 8587
l 8596 8597
l 8600 8601
l 8603 8604
l 8607 8606
l 8616 8617
l 8626 8627
l 8636 8637
l 8640 8639
l 8646 8645
l 8650 8651
l 8653 8654
l 8660 8661
l 8665 8666
l 8668 8667
l 8685 8686
l 8693 8694
l 8703 8704
l 8716 8717
l 8728 8729
l 8730 8731
l 8755 8754
l 8756 8757
l 8760 8761
l 8769 8770
l 8789 8790
l 8793 8794
l 8812 8813
l 8815 8816
l 8819 8820
l 8824 8823
l 8837 8838
l 8849 8850
l 8859 8860
l 8861 8862
l 8871 8872
l 8882 8883
l 8902 8903
l 8904 8905
l 8907 8906
l 8923 8924
l 8933 8932
l 8940 8941
l 8945 8946
l 8948 8947
l 8966 8967
l 8976 8977
l 8978 8979
l 8985 8986
l 8990 8991
l 9011 9012
l 9028 9027
l 9029 9030
l 9036 9037
l 9056 9055
l 9069 9070
l 9083 9084
l 9097 9096
l 9106 9107
l 9111 9112
l 9114 9115
l 9117 9116
l 9119 9118
l 9120 9121
l 9125 9126
l 9128 9129
l 9131 9132
l 9134 9133
l 9133 9135
l 9147 9148
l 9152 9153
l 9172 9173
l 9194 9196
l 9197 9198
l 9199 9201
l 9202 9203
l 9222 9223
l 9227 9228
l 9253 9254
l 9264 9265
l 9268 9269
l 9274 9275
l 9288 9287
l 9291 9292
l 9298 9300
l 9320 9321
l 9332 9333
l 9341 9340
l 9348 9349
l 9351 9352
l 9358 9359
l 9366 9365
l 9369 9370
l 9389 9390
l 9401 9402
l 9404 9405
l 9404 9403
l 9421 9422
l 9440 9441
l 9448 9447
l 9450 9451
l 9454 9455
l 9462 9463
l 9473 9474
l 9476 9475
l 9483 9484
l 9493 9492
l 9494 9495
l 9497 9496
l 9506 9507
l 9512 9513
l 9515 9516
l 9518 9519
l 9522 9523
l 9530 9531
l 9534 9533
l 9535 9536
l 9552 9553
l 9578 9577
l 9586 9585
l 9587 9588
l 9596 9597
l 9599 9600
l 9602 9601
l 9626 9627
l 9631 9632
l 9647 9648
l 9655 9656
l 9659 9660
l 9666 9667
l 9669 9670
l 9675 9676
l 9685 9684
l 9686 9687
l 9688 9689
l 9698 9699
l 9710 9711
l 9721 9722
l 9735 9736
l 9735 9734
l 9743 9744
l 9746 9747
l 9754 9755
l 9766 9767
l 9787 9786
l 9790 9789
l 9795 9794
l 9802 9803
l 9810 9811
l 9813 9812
l 9828 9827
l 9830 9831
l 9866 9867
l 9870 9869
l 9882 9883
l 9895 9896
l 9899 9900
l 9901 9902
l 9909 9910
l 9918 9919
l 9921 9922
l 9930 9931
l 9943 9942
l 9951 9952
l 9984 9985
l 9994 9993
l 10016 10017
l 10025 10026
l 10037 10038
l 10052 10053
l 10055 10054
l 10065 10066
l 10069 10068
l 10075 10076
l 10077 10078
l 10086 10087
l 10089 10088
l 10090 10091
l 10098 10097
l 10103 10102
l 10111 10112
l 10122 10123
l 10126 10125
l 10127 10128
l 10130 10131
l 10135 10136
l 10150 10149
l 10170 10169
l 10187 10188
l 10195 10194
l 10197 10198
l 10208 10209
l 10214 10215
l 10224 10225
l 10234 10235
l 10243 10244
l 10246 10245
l 10254 10255
l 10260 10261
l 10266 10267
l 10270 10269
l 10285 10286
l 10287 10288
l 10298 10299
l 10309 10310
l 10345 10346
l 10352 10353
l 10355 10356
l 10365 10366
l 10378 10377
l 10387 10388
l 10399 10400
l 10402 10403
l 10406 10408
l 10410 10411
l 10421 10422
l 10424 10423
l 10442 10443
l 10449 10450
l 10453 10452
l 10452 10454
l 10472 10473
l 10483 10484
l 10507 10508
l 10519 10518
l 10520 10521
l 10523 10522
l 10531 10532
l 10534 10533
l 10542 10543
l 10547 10548
l 10555 10554
l 10557 10558
l 10594 10595
l 10617 10618
l 10626 10627
l 10636 10637
l 10651 10652
l 10658 10659
l 10669 10670
l 10693 10694
l 10704 10705
l 10714 10715
l 10725 10726
l 10735 10736
l 10744 10743
l 10758 10759
l 10769 10770
l 10772 10771
l 10773 10774
l 10779 10778
l 10780 10781
l 10788 10787
l 10789 10790
l 10791 10792
l 10794 10793
l 10804 10803
l 10814 10815
l 10817 10816
l 10825 10826
l 10839 10838
l 10859 10860
l 10869 10868
l 10871 10872
l 10874 10875
l 10883 10884
l 10896 10897
l 10907 10908
l 10910 10909
l 10928 10929
l 10935 10936
l 10937 10938
l 10945 10946
l 10955 10956
l 10959 10960
l 10966 10967
l 10968 10969
l 10980 10981
l 10983 10982
l 11006 11005
l 11009 11010
l 11014 11015
l 11030 11029
l 11048 11049
l 11060 11061
l 11064 11066
l 11073 11072
l 11081 11082
l 11084 11083
l 11092 11093
l 11102 11103
l 11111 11112
l 11116 11117
l 11122 11123
l 11132 11133
l 11140 11141
l 11146 11147
l 11168 11169
l 11179 11180
l 11187 11186
l 11201 11202
l 11206 11207
l 11211 11212
l 11220 11221
l 11222 11223
l 11232 11233
l 11242 11243
l 11257 11256
l 11265 11266
l 11271 11272
l 11281 11280
l 11300 11299
l 11308 11307
l 11310 11311
l 11313 11312
l 11323 11324
l 11327 11328
l 11338 11337
l 11343 11342
l 11345 11346
l 11355 11356
l 11367 11368
l 11375 11376
l 11379 11380
l 11386 11387
l 11407 11408
l 11427 11428
l 11431 11430
l 11450 11451
l 11453 11452
l 11460 11461
l 11463 11462
l 11470 11471
l 11473 11472
l 11486 11487
l 11492 11493
l 11495 11494
l 11505 11506
l 11517 11518
l 11521 11520
l 11533 11534
l 11541 11542
l 11549 11550
l 11553 11552
l 11561 11562
l 11567 11568
l 11571 11572
l 11575 11574
l 11577 11578
l 11580 11582
l 11584 11585
l 11591 11592
l 11604 11605
l 11614 11615
l 11616 11617
l 11624 11625
l 11635 11634
l 11636 11637
l 11648 11649
l 11659 11660
l 11662 11661
l 11668 11669
l 11673 11674
l 11678 11679
l 11682 11683
l 11686 11687
l 11695 11696
l 11700 11699
l 11702 11703
l 11711 11710
l 11722 11721
l 11740 11741
l 11747 11748
l 11750 11751
l 11760 11761
l 11764 11765
l 11774 11775
l 11785 11786
l 11807 11808
l 11811 11812
l 11818 11819
l 11826 11827
l 11829 11828
l 11841 11842
l 11852 11851
l 11853 11854
l 11861 11860
l 11866 11865
l 11867 11868
l 11869 11870
l 11881 11880
l 11890 11891
l 11901 11902
l 11909 11910
l 11911 11912
l 11921 11922
l 11925 11926
l 11934 11933
l 11949 11950
l 11953 11952
l 11954 11955
l 11957 11956
l 11964 11963
l 11967 11968
l 11970 11971
l 11997 11996
l 12004 12005
l 12009 12010
l 12014 12015
l 12024 12025
l 12027 12026
l 12036 12037
l 12038 12039
l 12053 12054
l 12061 12062
l 12073 12074
l 12077 12076
l 12076 12078
l 12085 12086
l 12088 12087
l 12099 12100
l 12107 12106
l 12110 12111
l 12152 12151
l 12187 12188
l 12200 12201
l 12214 12215
l 12216 12217
l 12227 12228
l 12236 12237
l 12242 12243
l 12247 12246
l 12252 12251
l 12277 12276
l 12283 12284
l 12306 12305
l 12314 12315
l 12322 12321
l 12323 12324
l 12328 12329
l 12342 12343
l 59 60
l 73 74
l 81 82
l 97 98
l 105 106
l 113 114
l 119 120
l 126 127
l 134 135
l 141 142
l 149 150
l 156 157
l 163 164
l 171 172
l 227 228
l 235 236
l 256 257
l 264 265
l 272 273
l 280 281
l 287 288
l 291 292
l 299 300
l 367 368
l 373 374
l 380 381
l 388 389
l 396 397
l 412 413
l 418 419
l 423 424
l 431 432
l 506 507
l 513 514
l 521 522
l 529 530
l 537 538
l 545 546
l 553 554
l 566 567
l 574 575
l 581 582
l 589 590
l 597 598
l 603 604
l 611 612
l 875 876
l 890 891
l 896 897
l 903 904
l 924 925
l 929 930
l 935 936
l 941 942
l 948 949
l 953 954
l 961 962
l 969 970
l 977 978
l 990 991
l 1002 1003
l 1010 1011
l 1018 1019
l 1026 1027
l 1282 1283
l 1289 1290
l 1310 1311
l 1318 1319
l 1326 1327
l 1332 1333
l 1339 1340
l 1344 1345
l 1350 1351
l 1356 1357
l 1363 1364
l 1442 1366
l 1369 1370
l 1377 1378
l 1385 1386
l 1393 1394
l 1401 1402
l 1409 1410
l 1420 1421
l 1430 1431
l 1438 1439
l 2230 2231
l 2236 2237
l 2242 2243
l 2257 2258
l 2281 2282
l 2289 2290
l 2295 2296
l 2298 2299
l 2305 2306
l 2312 2313
l 2327 2328
l 2334 2335
l 2342 2343
l 2347 2348
l 2366 2483
l 2376 2377
l 2380 2381
l 2388 2389
l 2412 2413
l 2418 2419
l 2423 2488
l 2429 2430
l 2433 2434
l 2436 2437
l 2444 2445
l 2455 2456
l 2462 2463
l 2469 2470
l 3151 3152
l 3164 3165
l 3172 3173
l 3177 3178
l 3184 3185
l 3188 3189
l 3202 3203
l 3210 3211
l 3216 3217
l 3224 3225
l 3238 3239
l 3246 3247
l 3252 3253
l 3258 3259
l 3266 3267
l 3289 3290
l 3294 3439
l 3298 3299
l 3310 3311
l 3321 3322
l 3328 3329
l 3341 3342
l 3355 3356
l 3362 3363
l 3370 3371
l 3378 3379
l 3386 3387
l 3394 3395
l 3402 3403
l 3408 3409
l 3413 3414
l 3422 3423
l 3429 3430
l 3458 3460
l 3499 3500
l 3505 3507
l 3515 3516
l 3561 3562
l 3566 3568
l 3573 3572
l 3626 3627
l 3707 3708
l 3719 3718
l 3768 3769
l 3770 3769
l 3805 3804
l 3807 3808
l 3852 3853
l 3874 3873
l 3885 3886
l 3905 3904
l 3929 3928
l 3935 3934
l 3939 3940
l 3985 3986
l 4000 3999
l 4022 4021
l 4044 4045
l 4100 4101
l 4127 4126
l 4138 4139
l 4156 4155
l 4176 4177
l 4190 4191
l 4208 4210
l 4215 4217
l 4269 4268
l 4281 4282
l 4281 4280
l 4293 4294
l 4304 4305
l 4322 4323
l 4378 4379
l 4381 4382
l 4401 4403
l 4425 4424
l 4437 4439
l 4446 4448
l 4458 4457
l 4461 4462
l 4505 4506
l 4508 4509
l 4508 4507
l 4550 4549
l 4651 4650
l 4672 4674
l 4695 4697
l 4745 4744
l 4756 4758
l 4790 4791
l 4797 4798
l 4801 4800
l 4839 4840
l 4853 4852
l 4901 4902
l 4901 4900
l 4958 4960
l 4965 4966
l 4967 4966
l 4981 4982
l 4993 4992
l 5017 5016
l 5082 5083
l 5166 5165
l 5200 5201
l 5212 5211
l 5223 5224
l 5235 5237
l 5246 5247
l 5280 5279
l 5289 5290
l 5307 5306
l 5329 5330
l 5353 5355
l 5366 5367
l 5412 5413
l 5421 5422
l 5442 5444
l 5451 5452
l 5475 5476
l 5492 5493
l 5498 5499
l 5527 5528
l 5539 5538
l 5549 5550
l 5556 5558
l 5557 5558
l 5560 5561
l 5596 5597
l 5666 5667
l 5674 5675
l 5687 5688
l 5706 5705
l 5707 5708
l 5776 5775
l 5796 5795
l 5823 5824
l 5827 5826
l 5835 5837
l 5847 5846
l 5855 5854
l 5856 5857
l 5902 5901
l 5913 5911
l 5933 5932
l 5956 5957
l 5971 5970
l 6010 6009
l 6029 6030
l 6040 6041
l 6062 6063
l 6095 6094
l 6169 6168
l 6169 6170
l 6211 6212
l 6243 6244
l 6286 6288
l 6308 6310
l 6358 6357
l 6367 6368
l 6395 6396
l 6446 6445
l 6459 6460
l 6469 6470
l 6489 6491
l 6510 6512
l 6521 6520
l 6521 6523
l 6550 6552
l 6553 6555
l 6613 6612
l 6632 6634
l 6650 6651
l 6666 6668
l 6696 6697
l 6714 6715
l 6721 6722
l 6780 6781
l 6791 6793
l 6801 6802
l 6831 6830
l 6857 6858
l 6868 6869
l 6892 6891
l 6915 6917
l 6940 6942
l 6962 6964
l 6970 6972
l 6974 6975
l 6985 6986
l 7032 7033
l 7055 7054
l 7063 7064
l 7070 7069
l 7094 7095
l 7125 7126
l 7135 7137
l 7148 7149
l 7157 7158
l 7159 7161
l 7192 7194
l 7213 7212
l 7216 7217
l 7235 7236
l 7255 7256
l 7266 7265
l 7276 7277
l 7344 7343
l 7357 7359
l 7403 7404
l 7431 7432
l 7480 7481
l 7508 7509
l 7524 7525
l 7541 7542
l 7562 7561
l 7594 7593
l 7605 7604
l 7605 7607
l 7651 7652
l 7660 7661
l 7713 7715
l 7719 7720
l 7766 7767
l 7789 7788
l 7800 7799
l 7841 7842
l 7856 7857
l 7868 7867
l 7891 7893
l 7903 7905
l 8008 8009
l 8029 8030
l 8041 8042
l 8065 8064
l 8144 8145
l 8225 8226
l 8249 8248
l 8260 8259
l 8304 8303
l 8312 8311
l 8367 8366
l 8381 8383
l 8398 8399
l 8466 8468
l 8495 8493
l 8549 8550
l 8569 8568
l 8581 8580
l 8591 8592
l 8679 8678
l 8698 8699
l 8707 8709
l 8724 8726
l 8736 8737
l 8769 8768
l 8780 8781
l 8800 8799
l 8825 8826
l 8837 8836
l 8868 8870
l 8880 8879
l 8882 8881
l 8934 8936
l 8995 8996
l 9024 9025
l 9048 9049
l 9072 9073
l 9131 9130
l 9142 9143
l 9151 9150
l 9163 9164
l 9192 9193
l 9213 9215
l 9233 9234
l 9244 9245
l 9273 9272
l 9281 9282
l 9284 9283
l 9284 9286
l 9307 9309
l 9317 9318
l 9327 9328
l 9337 9339
l 9366 9367
l 9379 9380
l 9397 9399
l 9411 9412
l 9432 9433
l 9529 9528
l 9543 9544
l 9563 9564
l 9574 9575
l 9574 9573
l 9609 9608
l 9611 9612
l 9611 9610
l 9621 9622
l 9642 9643
l 9642 9641
l 9742 9741
l 9777 9778
l 9797 9798
l 9821 9822
l 9842 9841
l 9844 9845
l 9844 9843
l 9856 9857
l 9862 9863
l 9866 9865
l 9878 9877
l 9890 9892
l 9939 9938
l 9940 9941
l 9961 9963
l 9973 9975
l 9996 9997
l 10037 10036
l 10100 10101
l 10146 10148
l 10157 10158
l 10179 10178
l 10220 10221
l 10220 10219
l 10230 10232
l 10270 10271
l 10317 10319
l 10328 10327
l 10329 10331
l 10341 10343
l 10375 10376
l 10430 10431
l 10472 10471
l 10482 10483
l 10486 10488
l 10495 10497
l 10523 10525
l 10552 10553
l 10561 10562
l 10573 10574
l 10573 10572
l 10576 10577
l 10585 10586
l 10585 10584
l 10596 10597
l 10631 10632
l 10646 10647
l 10698 10699
l 10722 10724
l 10735 10734
l 10755 10757
l 10835 10837
l 10859 10858
l 10917 10916
l 10991 10993
l 11012 11011
l 11026 11028
l 11036 11038
l 11048 11047
l 11057 11058
l 11069 11071
l 11122 11121
l 11157 11156
l 11157 11159
l 11167 11166
l 11253 11254
l 11276 11275
l 11277 11279
l 11292 11293
l 11335 11336
l 11393 11394
l 11394 11392
l 11517 11516
l 11530 11531
l 11556 11557
l 11581 11579
l 11584 11583
l 11601 11603
l 11673 11672
l 11680 11681
l 11706 11705
l 11729 11728
l 11729 11731
l 11740 11739
l 11753 11752
l 11753 11755
l 11807 11806
l 11838 11839
l 11863 11864
l 11874 11873
l 11921 11920
l 11938 11939
l 11944 11945
l 11993 11995
l 12018 12020
l 12050 12049
l 12110 12109
l 12119 12120
l 12124 12125
l 12129 12130
l 12139 12140
l 12139 12138
l 12162 12164
l 12193 12194
l 12207 12209
l 12227 12226
l 12260 12259
l 12261 12262
l 12272 12271
l 12274 12275
l 12292 12291
l 12292 12293
l 12302 12304
l 12338 12339
l 60 61
l 66 67
l 74 75
l 82 83
l 98 99
l 106 107
l 120 121
l 127 128
l 135 136
l 142 143
l 150 151
l 157 158
l 164 165
l 228 229
l 236 237
l 242 243
l 246 247
l 249 250
l 257 258
l 265 266
l 281 282
l 292 293
l 300 301
l 360 361
l 368 369
l 374 375
l 378 379
l 381 382
l 389 390
l 397 398
l 405 406
l 413 414
l 424 425
l 432 433
l 501 502
l 507 508
l 514 515
l 522 523
l 530 531
l 538 539
l 546 547
l 554 555
l 561 562
l 567 568
l 575 576
l 582 583
l 590 591
l 598 599
l 604 605
l 612 613
l 872 873
l 876 877
l 883 884
l 891 892
l 897 898
l 904 905
l 908 909
l 913 914
l 919 920
l 925 926
l 928 1037
l 930 931
l 949 950
l 954 955
l 970 971
l 978 979
l 991 992
l 1003 1004
l 1011 1012
l 1019 1020
l 1027 1028
l 1290 1291
l 1298 1299
l 1305 1306
l 1311 1312
l 1319 1320
l 1333 1334
l 1340 1341
l 1351 1352
l 1443 1354
l 1357 1358
l 1370 1371
l 1386 1387
l 1394 1395
l 1402 1403
l 1421 1422
l 1431 1432
l 2231 2232
l 2246 2247
l 2258 2259
l 2265 2266
l 2269 2270
l 2276 2277
l 2282 2283
l 2290 2291
l 2299 2300
l 2306 2307
l 2313 2314
l 2324 2325
l 2328 2329
l 2343 2344
l 2355 2356
l 2364 2365
l 2367 2494
l 2372 2373
l 2381 2382
l 2389 2390
l 2395 2396
l 2406 2407
l 2413 2414
l 2420 2421
l 2431 2432
l 2448 2449
l 2456 2457
l 2463 2464
l 2470 2471
l 3144 3145
l 3152 3153
l 3158 3159
l 3165 3166
l 3173 3174
l 3186 3187
l 3192 3193
l 3199 3200
l 3211 3212
l 3217 3218
l 3225 3226
l 3233 3234
l 3239 3240
l 3259 3260
l 3267 3268
l 3276 3277
l 3284 3285
l 3287 3288
l 3292 3293
l 3299 3300
l 3303 3304
l 3311 3312
l 3322 3323
l 3335 3336
l 3342 3343
l 3349 3350
l 3363 3364
l 3371 3372
l 3379 3380
l 3387 3388
l 3395 3396
l 3403 3404
l 3409 3410
l 3417 3418
l 3430 3431
l 3443 3444
l 3451 3452
l 3454 3455
l 3462 3463
l 3483 3484
l 3494 3495
l 3496 3497
l 3497 3498
l 3505 3504
l 3517 3518
l 3520 3519
l 3522 3521
l 3527 3528
l 3539 3540
l 3554 3555
l 3563 3564
l 3570 3571
l 3575 3576
l 3585 3586
l 3589 3588
l 3599 3598
l 3607 3608
l 3641 3642
l 3651 3650
l 3664 3665
l 3675 3676
l 3683 3684
l 3685 3686
l 3701 3700
l 3733 3734
l 3753 3754
l 3756 3755
l 3759 3760
l 3764 3765
l 3775 3776
l 3789 3790
l 3803 3804
l 3810 3811
l 3837 3836
l 3845 3844
l 3860 3861
l 3865 3866
l 3871 3872
l 3877 3878
l 3887 3888
l 3896 3897
l 3900 3899
l 3908 3909
l 3920 3921
l 3919 3920
l 3931 3932
l 3941 3942
l 3947 3946
l 3967 3968
l 3971 3972
l 3975 3974
l 3982 3983
l 3994 3995
l 4003 4004
l 4011 4012
l 4023 4024
l 4026 4027
l 4036 4037
l 4039 4038
l 4047 4048
l 4058 4059
l 4068 4069
l 4071 4070
l 4081 4082
l 4085 4084
l 4104 4105
l 4110 4109
l 4121 4120
l 4130 4131
l 4149 4150
l 4152 4153
l 4173 4174
l 4178 4179
l 4181 4180
l 4199 4200
l 4203 4204
l 4209 4210
l 4211 4212
l 4216 4217
l 4220 4221
l 4228 4227
l 4239 4240
l 4260 4261
l 4273 4274
l 4276 4277
l 4282 4283
l 4288 4287
l 4295 4296
l 4298 4299
l 4311 4310
l 4334 4335
l 4348 4347
l 4358 4359
l 4362 4363
l 4371 4372
l 4374 4373
l 4383 4384
l 4401 4400
l 4403 4402
l 4414 4415
l 4420 4419
l 4431 4432
l 4439 4438
l 4440 4441
l 4443 4442
l 4463 4464
l 4476 4477
l 4482 4483
l 4486 4487
l 4490 4491
l 4497 4496
l 4498 4499
l 4510 4511
l 4517 4518
l 4522 4523
l 4541 4542
l 4547 4548
l 4556 4557
l 4567 4568
l 4567 4566
l 4572 4573
l 4581 4580
l 4583 4584
l 4593 4594
l 4603 4604
l 4606 4607
l 4616 4617
l 4621 4620
l 4623 4624
l 4634 4635
l 4639 4640
l 4644 4645
l 4658 4657
l 4674 4673
l 4675 4676
l 4678 4677
l 4686 4687
l 4692 4693
l 4696 4697
l 4703 4704
l 4707 4708
l 4715 4714
l 4717 4718
l 4726 4727
l 4732 4731
l 4736 4737
l 4742 4743
l 4748 4749
l 4758 4757
l 4765 4766
l 4773 4772
l 4780 4781
l 4783 4784
l 4793 4794
l 4804 4805
l 4814 4815
l 4835 4834
l 4844 4845
l 4847 4846
l 4856 4857
l 4859 4858
l 4860 4861
l 4868 4869
l 4893 4894
l 4898 4899
l 4904 4905
l 4916 4917
l 4919 4920
l 4926 4927
l 4929 4930
l 4935 4936
l 4949 4948
l 4960 4959
l 4961 4962
l 4974 4975
l 4984 4985
l 4997 4998
l 5004 5003
l 5007 5008
l 5019 5018
l 5024 5023
l 5030 5031
l 5034 5035
l 5039 5038
l 5041 5042
l 5051 5052
l 5053 5055
l 5054 5056
l 5063 5064
l 5072 5071
l 5077 5078
l 5095 5096
l 5103 5104
l 5106 5107
l 5111 5112
l 5119 5118
l 5120 5121
l 5137 5138
l 5148 5149
l 5159 5160
l 5173 5172
l 5196 5195
l 5203 5204
l 5215 5216
l 5226 5227
l 5230 5231
l 5237 5236
l 5239 5240
l 5262 5263
l 5267 5268
l 5277 5278
l 5304 5305
l 5310 5311
l 5313 5312
l 5315 5314
l 5317 5318
l 5335 5336
l 5339 5340
l 5344 5345
l 5355 5354
l 5357 5358
l 5370 5371
l 5374 5373
l 5382 5383
l 5396 5397
l 5403 5404
l 5414 5415
l 5420 5419
l 5424 5425
l 5430 5431
l 5437 5436
l 5444 5443
l 5445 5446
l 5452 5453
l 5455 5456
l 5459 5460
l 5466 5467
l 5469 5468
l 5475 5474
l 5477 5478
l 5485 5486
l 5487 5488
l 5507 5508
l 5517 5518
l 5521 5520
l 5529 5530
l 5534 5535
l 5551 5552
l 5566 5565
l 5574 5575
l 5576 5577
l 5590 5591
l 5598 5599
l 5601 5602
l 5614 5613
l 5639 5638
l 5647 5648
l 5654 5655
l 5658 5659
l 5668 5669
l 5690 5691
l 5700 5701
l 5710 5711
l 5722 5723
l 5747 5746
l 5748 5749
l 5754 5755
l 5756 5757
l 5778 5779
l 5781 5782
l 5787 5788
l 5790 5789
l 5799 5800
l 5803 5804
l 5809 5810
l 5840 5841
l 5844 5845
l 5859 5860
l 5862 5863
l 5873 5874
l 5888 5889
l 5893 5894
l 5896 5897
l 5905 5906
l 5910 5911
l 5916 5917
l 5920 5919
l 5940 5941
l 5946 5947
l 5951 5952
l 5963 5964
l 5966 5967
l 5982 5990
l 5995 5996
l 6006 6005
l 6022 6023
l 6032 6033
l 6046 6047
l 6053 6054
l 6056 6055
l 6057 6058
l 6064 6063
l 6086 6087
l 6113 6114
l 6130 6131
l 6132 6134
l 6137 6138
l 6142 6143
l 6154 6155
l 6157 6158
l 6172 6173
l 6184 6185
l 6195 6196
l 6204 6205
l 6214 6215
l 6249 6250
l 6256 6257
l 6259 6258
l 6269 6268
l 6276 6277
l 6286 6285
l 6287 6288
l 6289 6290
l 6299 6300
l 6302 6301
l 6308 6307
l 6310 6309
l 6312 6313
l 6314 6315
l 6322 6323
l 6328 6329
l 6361 6362
l 6364 6365
l 6369 6370
l 6379 6380
l 6388 6389
l 6397 6398
l 6403 6404
l 6407 6408
l 6427 6428
l 6431 6430
l 6434 6435
l 6442 6441
l 6461 6462
l 6467 6468
l 6472 6473
l 6476 6475
l 6482 6483
l 6485 6484
l 6491 6490
l 6493 6494
l 6503 6504
l 6513 6514
l 6523 6522
l 6528 6529
l 6532 6533
l 6536 6535
l 6537 6538
l 6543 6544
l 6566 6567
l 6569 6570
l 6578 6579
l 6587 6588
l 6594 6595
l 6596 6597
l 6599 6598
l 6601 6602
l 6616 6617
l 6624 6625
l 6634 6633
l 6641 6642
l 6657 6656
l 6661 6662
l 6664 6665
l 6671 6672
l 6682 6683
l 6699 6700
l 6709 6708
l 6716 6717
l 6734 6735
l 6743 6744
l 6747 6748
l 6754 6753
l 6771 6772
l 6774 6773
l 6787 6788
l 6793 6792
l 6794 6795
l 6812 6811
l 6822 6823
l 6825 6824
l 6832 6833
l 6834 6835
l 6845 6847
l 6847 6846
l 6849 6850
l 6852 6851
l 6880 6881
l 6883 6884
l 6886 6885
l 6887 6888
l 6895 6896
l 6899 6898
l 6906 6907
l 6910 6909
l 6919 6920
l 6922 6921
l 6934 6933
l 6937 6938
l 6942 6941
l 6946 6947
l 6954 6955
l 6957 6958
l 6964 6963
l 6983 6984
l 6988 6989
l 7000 7001
l 7009 7008
l 7034 7035
l 7037 7039
l 7045 7044
l 7044 7046
l 7047 7048
l 7059 7060
l 7081 7082
l 7084 7085
l 7088 7087
l 7089 7090
l 7101 7102
l 7106 7107
l 7109 7108
l 7117 7118
l 7121 7120
l 7127 7128
l 7135 7134
l 7137 7136
l 7142 7143
l 7148 7147
l 7160 7161
l 7173 7174
l 7179 7178
l 7194 7193
l 7208 7209
l 7227 7228
l 7230 7229
l 7241 7242
l 7247 7248
l 7251 7250
l 7258 7259
l 7271 7270
l 7283 7282
l 7285 7286
l 7290 7291
l 7302 7303
l 7313 7314
l 7342 7341
l 7346 7347
l 7359 7358
l 7361 7362
l 7368 7370
l 7371 7372
l 7394 7395
l 7398 7397
l 7405 7406
l 7413 7414
l 7423 7424
l 7427 7428
l 7429 7430
l 7446 7447
l 7477 7478
l 7480 7479
l 7487 7488
l 7492 7493
l 7495 7496
l 7498 7499
l 7502 7503
l 7510 7511
l 7513 7514
l 7521 7522
l 7536 7535
l 7543 7544
l 7547 7548
l 7565 7566
l 7581 7582
l 7586 7587
l 7589 7588
l 7592 7593
l 7597 7598
l 7607 7606
l 7609 7610
l 7613 7614
l 7616 7617
l 7631 7632
l 7635 7636
l 7644 7645
l 7646 7647
l 7658 7657
l 7663 7664
l 7672 7671
l 7679 7680
l 7684 7685
l 7687 7686
l 7688 7689
l 7706 7707
l 7715 7714
l 7716 7717
l 7727 7728
l 7747 7748
l 7758 7759
l 7768 7769
l 7772 7771
l 7774 7773
l 7778 7777
l 7779 7780
l 7782 7784
l 7791 7792
l 7804 7805
l 7813 7812
l 7814 7815
l 7816 7817
l 7840 7839
l 7845 7846
l 7848 7847
l 7849 7850
l 7852 7853
l 7859 7860
l 7863 7862
l 7866 7867
l 7872 7873
l 7874 7876
l 7876 7875
l 7881 7880
l 7884 7885
l 7894 7895
l 7897 7896
l 7903 7902
l 7905 7904
l 7913 7914
l 7917 7918
l 7932 7931
l 7943 7944
l 7954 7955
l 7959 7960
l 7966 7967
l 7976 7975
l 7978 7979
l 7980 7981
l 7989 7990
l 8011 8012
l 8020 8021
l 8023 8022
l 8024 8025
l 8044 8045
l 8048 8049
l 8054 8055
l 8059 8058
l 8077 8078
l 8087 8088
l 8098 8099
l 8109 8108
l 8113 8112
l 8136 8137
l 8146 8147
l 8150 8151
l 8162 8161
l 8169 8170
l 8193 8194
l 8204 8205
l 8208 8207
l 8217 8218
l 8227 8228
l 8254 8253
l 8271 8270
l 8273 8274
l 8277 8278
l 8284 8285
l 8287 8286
l 8288 8289
l 8296 8297
l 8299 8300
l 8316 8317
l 8320 8319
l 8327 8328
l 8335 8336
l 8349 8350
l 8359 8360
l 8371 8372
l 8386 8388
l 8389 8390
l 8392 8391
l 8422 8423
l 8426 8427
l 8437 8436
l 8439 8440
l 8442 8441
l 8445 8446
l 8465 8464
l 8478 8479
l 8485 8486
l 8490 8491
l 8499 8498
l 8506 8507
l 8512 8513
l 8529 8530
l 8533 8534
l 8539 8538
l 8542 8543
l 8551 8552
l 8594 8595
l 8597 8598
l 8607 8608
l 8610 8609
l 8626 8625
l 8629 8630
l 8650 8649
l 8662 8663
l 8684 8685
l 8700 8701
l 8707 8706
l 8713 8712
l 8718 8719
l 8726 8725
l 8727 8728
l 8744 8745
l 8748 8749
l 8751 8752
l 8782 8783
l 8792 8793
l 8796 8797
l 8802 8801
l 8827 8828
l 8831 8830
l 8832 8833
l 8838 8839
l 8840 8841
l 8846 8847
l 8856 8857
l 8863 8864
l 8866 8865
l 8873 8874
l 8876 8875
l 8878 8879
l 8885 8886
l 8888 8887
l 8895 8896
l 8907 8908
l 8910 8911
l 8916 8917
l 8918 8919
l 8926 8927
l 8929 8930
l 8937 8938
l 8942 8941
l 8948 8949
l 8958 8959
l 8969 8970
l 8982 8983
l 8992 8993
l 9003 9004
l 9007 9006
l 9014 9015
l 9017 9018
l 9028 9029
l 9050 9051
l 9074 9075
l 9077 9076
l 9083 9082
l 9090 9091
l 9101 9102
l 9106 9105
l 9110 9111
l 9144 9145
l 9155 9156
l 9158 9157
l 9165 9166
l 9174 9175
l 9192 9191
l 9205 9206
l 9211 9212
l 9214 9215
l 9216 9217
l 9240 9241
l 9245 9246
l 9256 9257
l 9259 9260
l 9266 9267
l 9269 9270
l 9276 9277
l 9288 9289
l 9296 9295
l 9309 9308
l 9310 9311
l 9319 9320
l 9322 9324
l 9329 9330
l 9337 9336
l 9339 9338
l 9341 9342
l 9350 9351
l 9361 9362
l 9372 9373
l 9381 9382
l 9392 9393
l 9396 9395
l 9414 9415
l 9423 9424
l 9428 9427
l 9434 9435
l 9464 9465
l 9486 9487
l 9489 9490
l 9497 9498
l 9500 9501
l 9509 9510
l 9521 9522
l 9534 9535
l 9540 9541
l 9545 9546
l 9553 9554
l 9563 9562
l 9565 9566
l 9568 9567
l 9602 9603
l 9605 9604
l 9634 9635
l 9646 9647
l 9653 9654
l 9656 9657
l 9658 9659
l 9662 9661
l 9668 9669
l 9708 9709
l 9716 9717
l 9724 9725
l 9727 9728
l 9745 9746
l 9749 9750
l 9760 9759
l 9769 9770
l 9785 9787
l 9800 9801
l 9803 9804
l 9817 9816
l 9823 9824
l 9837 9838
l 9847 9848
l 9850 9849
l 9870 9871
l 9881 9882
l 9886 9887
l 9892 9891
l 9893 9894
l 9897 9898
l 9914 9913
l 9927 9928
l 9930 9929
l 9947 9946
l 9954 9955
l 9957 9956
l 9975 9974
l 9987 9988
l 9996 9995
l 9998 9999
l 10004 10005
l 10027 10028
l 10052 10051
l 10055 10056
l 10060 10061
l 10069 10070
l 10073 10074
l 10080 10079
l 10089 10090
l 10100 10099
l 10103 10104
l 10106 10107
l 10126 10127
l 10130 10129
l 10148 10147
l 10153 10152
l 10181 10182
l 10189 10190
l 10203 10202
l 10204 10205
l 10211 10212
l 10223 10224
l 10232 10231
l 10233 10234
l 10246 10247
l 10251 10252
l 10257 10258
l 10261 10262
l 10264 10265
l 10267 10268
l 10273 10272
l 10279 10280
l 10290 10291
l 10300 10301
l 10306 10307
l 10309 10308
l 10311 10312
l 10319 10318
l 10343 10342
l 10344 10345
l 10348 10347
l 10358 10359
l 10369 10368
l 10378 10379
l 10382 10383
l 10401 10402
l 10407 10408
l 10416 10417
l 10431 10432
l 10434 10433
l 10441 10442
l 10467 10468
l 10488 10487
l 10496 10497
l 10510 10511
l 10513 10512
l 10514 10515
l 10534 10535
l 10545 10546
l 10564 10565
l 10567 10566
l 10580 10579
l 10599 10600
l 10609 10610
l 10613 10614
l 10620 10621
l 10629 10630
l 10639 10640
l 10649 10650
l 10652 10653
l 10675 10674
l 10684 10685
l 10687 10686
l 10688 10689
l 10693 10692
l 10695 10696
l 10701 10702
l 10706 10707
l 10711 10712
l 10717 10718
l 10720 10719
l 10728 10729
l 10746 10745
l 10749 10750
l 10753 10754
l 10763 10762
l 10798 10797
l 10805 10806
l 10808 10807
l 10837 10836
l 10839 10840
l 10843 10844
l 10846 10847
l 10848 10849
l 10851 10852
l 10866 10865
l 10869 10870
l 10873 10874
l 10886 10887
l 10890 10889
l 10898 10899
l 10910 10911
l 10920 10921
l 10930 10931
l 10939 10940
l 10948 10949
l 10951 10952
l 10951 10950
l 10958 10959
l 10983 10984
l 10986 10985
l 10993 10992
l 10994 10995
l 11017 11018
l 11020 11019
l 11030 11031
l 11039 11040
l 11042 11041
l 11045 11046
l 11050 11051
l 11052 11053
l 11071 11070
l 11073 11074
l 11081 11080
l 11084 11085
l 11098 11099
l 11104 11105
l 11113 11114
l 11135 11136
l 11139 11138
l 11143 11144
l 11159 11158
l 11160 11161
l 11171 11172
l 11181 11182
l 11184 11183
l 11188 11189
l 11193 11194
l 11196 11195
l 11203 11204
l 11211 11210
l 11214 11215
l 11217 11216
l 11224 11225
l 11227 11226
l 11234 11235
l 11242 11241
l 11247 11246
l 11257 11258
l 11261 11260
l 11268 11269
l 11274 11275
l 11279 11278
l 11281 11282
l 11285 11286
l 11289 11290
l 11294 11295
l 11296 11297
l 11300 11301
l 11317 11316
l 11318 11319
l 11321 11322
l 11326 11327
l 11338 11339
l 11343 11344
l 11348 11349
l 11358 11359
l 11361 11360
l 11371 11372
l 11382 11383
l 11385 11384
l 11400 11401
l 11405 11404
l 11406 11407
l 11412 11413
l 11419 11420
l 11422 11421
l 11425 11426
l 11428 11429
l 11431 11432
l 11433 11434
l 11441 11442
l 11445 11444
l 11447 11448
l 11453 11454
l 11463 11464
l 11466 11467
l 11482 11483
l 11485 11484
l 11490 11489
l 11495 11496
l 11499 11498
l 11508 11509
l 11539 11540
l 11543 11544
l 11553 11554
l 11562 11563
l 11564 11565
l 11567 11566
l 11575 11576
l 11586 11587
l 11595 11596
l 11598 11597
l 11605 11606
l 11607 11608
l 11626 11627
l 11640 11641
l 11662 11663
l 11665 11664
l 11666 11667
l 11670 11671
l 11675 11676
l 11685 11686
l 11689 11690
l 11704 11705
l 11707 11709
l 11709 11708
l 11711 11712
l 11714 11713
l 11717 11718
l 11731 11730
l 11732 11733
l 11744 11745
l 11755 11754
l 11756 11757
l 11766 11767
l 11797 11796
l 11799 11800
l 11810 11811
l 11820 11821
l 11840 11841
l 11844 11843
l 11852 11853
l 11878 11877
l 11893 11894
l 11896 11895
l 11897 11898
l 11903 11904
l 11906 11907
l 11923 11924
l 11957 11958
l 11975 11976
l 11978 11980
l 11981 11982
l 11985 11984
l 11995 11994
l 12000 11999
l 12011 12010
l 12016 12017
l 12027 12028
l 12031 12033
l 12042 12043
l 12052 12053
l 12064 12065
l 12067 12066
l 12080 12081
l 12088 12089
l 12093 12094
l 12097 12098
l 12112 12113
l 12117 12118
l 12132 12131
l 12134 12135
l 12146 12147
l 12159 12160
l 12162 12161
l 12164 12163
l 12166 12167
l 12169 12168
l 12175 12176
l 12180 12179
l 12186 12187
l 12207 12206
l 12209 12208
l 12230 12231
l 12239 12240
l 12264 12265
l 12277 12278
l 12294 12295
l 12304 12303
l 12306 12307
l 12309 12310
l 12312 12313
l 12335 12336
l 67 68
l 75 76
l 83 84
l 91 92
l 99 100
l 107 108
l 114 115
l 121 122
l 128 129
l 143 144
l 151 152
l 165 166
l 222 223
l 229 230
l 237 238
l 250 251
l 258 259
l 266 267
l 274 275
l 282 283
l 288 289
l 293 294
l 301 302
l 354 355
l 359 360
l 361 362
l 369 370
l 390 391
l 406 407
l 414 415
l 419 420
l 425 426
l 433 434
l 502 503
l 508 509
l 515 516
l 523 524
l 531 532
l 539 540
l 547 548
l 568 569
l 576 577
l 583 584
l 591 592
l 599 600
l 605 606
l 877 878
l 884 885
l 898 899
l 905 906
l 914 915
l 926 927
l 931 932
l 936 937
l 942 943
l 955 956
l 962 963
l 971 972
l 979 980
l 992 993
l 1004 1005
l 1012 1013
l 1020 1021
l 1028 1029
l 1033 1034
l 1283 1284
l 1299 1300
l 1312 1313
l 1320 1321
l 1328 1329
l 1334 1335
l 1341 1342
l 1345 1346
l 1352 1353
l 1371 1372
l 1375 1376
l 1379 1380
l 1387 1388
l 1395 1396
l 1403 1404
l 1410 1411
l 1446 1414
l 1414 1415
l 1422 1423
l 1447 1425
l 1432 1433
l 2232 2233
l 2238 2239
l 2243 2244
l 2248 2249
l 2250 2493
l 2251 2252
l 2259 2260
l 2283 2284
l 2300 2301
l 2314 2315
l 2490 2319
l 2329 2330
l 2344 2345
l 2485 2347
l 2349 2350
l 2365 2366
l 2494 2368
l 2377 2378
l 2382 2383
l 2390 2391
l 2407 2408
l 2414 2415
l 2422 2487
l 2487 2492
l 2424 2425
l 2432 2433
l 2449 2450
l 2457 2458
l 2464 2465
l 2471 2472
l 2474 2475
l 3145 3146
l 3153 3154
l 3166 3167
l 3178 3179
l 3194 3195
l 3197 3198
l 3204 3205
l 3218 3219
l 3240 3241
l 3253 3254
l 3260 3261
l 3268 3269
l 3278 3279
l 3279 3280
l 3312 3313
l 3323 3324
l 3329 3330
l 3336 3337
l 3343 1
l 3347 3348
l 3350 3351
l 3356 3357
l 3364 3365
l 3372 3373
l 3380 3381
l 3388 3389
l 3396 3397
l 3404 3405
l 3410 3411
l 3414 3415
l 3418 3419
l 3423 3424
l 3431 3432
l 3440 3441
l 3462 3461
l 3469 3470
l 3499 3501
l 3589 3590
l 3595 3596
l 3618 3617
l 3629 3630
l 3629 3628
l 3689 3688
l 3697 3699
l 3709 3708
l 3710 3711
l 3721 3720
l 3742 3741
l 3743 3744
l 3775 3774
l 3794 3793
l 3822 3821
l 3832 3834
l 3853 3851
l 3935 3936
l 3953 3954
l 3953 3952
l 4013 4014
l 4026 4025
l 4031 4032
l 4036 4035
l 4047 4046
l 4106 4108
l 4117 4119
l 4141 4140
l 4146 4148
l 4230 4231
l 4273 4272
l 4284 4286
l 4308 4309
l 4314 4315
l 4324 4325
l 4345 4346
l 4358 4357
l 4393 4392
l 4404 4406
l 4428 4427
l 4428 4429
l 4453 4454
l 4494 4495
l 4541 4540
l 4559 4560
l 4574 4575
l 4597 4596
l 4613 4614
l 4653 4654
l 4665 4666
l 4686 4685
l 4698 4699
l 4769 4771
l 4822 4823
l 4831 4832
l 4856 4855
l 4934 4936
l 4939 4938
l 4941 4943
l 4951 4952
l 4968 4969
l 4970 4969
l 4971 4972
l 5017 5019
l 5020 5021
l 5079 5081
l 5085 5086
l 5115 5116
l 5128 5130
l 5139 5140
l 5141 5143
l 5191 5192
l 5202 5203
l 5332 5331
l 5332 5333
l 5370 5369
l 5380 5379
l 5393 5394
l 5434 5435
l 5466 5465
l 5541 5543
l 5586 5587
l 5585 5586
l 5611 5610
l 5679 5681
l 5710 5709
l 5733 5734
l 5733 5732
l 5742 5741
l 5744 5745
l 5744 5743
l 5830 5829
l 5851 5850
l 5929 5930
l 5963 5962
l 5973 5974
l 6003 6004
l 6032 6031
l 6042 6044
l 6066 6065
l 6066 6067
l 6076 6077
l 6085 6084
l 6097 6098
l 6105 6106
l 6115 6116
l 6122 6123
l 6150 6152
l 6161 6162
l 6172 6171
l 6194 6195
l 6225 6227
l 6245 6246
l 6283 6284
l 6322 6321
l 6378 6379
l 6416 6417
l 6439 6438
l 6451 6452
l 6485 6486
l 6492 6493
l 6524 6525
l 6554 6555
l 6578 6577
l 6591 6590
l 6592 6593
l 6652 6653
l 6660 6659
l 6725 6726
l 6762 6763
l 6783 6785
l 6804 6805
l 6813 6815
l 6828 6827
l 6859 6860
l 6871 6870
l 6871 6872
l 6916 6917
l 6919 6918
l 6943 6944
l 6954 6953
l 6976 6978
l 7012 7013
l 7096 7097
l 7117 7116
l 7151 7153
l 7162 7164
l 7184 7186
l 7196 7197
l 7208 7207
l 7218 7219
l 7268 7269
l 7279 7281
l 7290 7289
l 7293 7295
l 7313 7312
l 7324 7325
l 7324 7323
l 7339 7340
l 7361 7360
l 7369 7370
l 7381 7382
l 7434 7436
l 7446 7445
l 7456 7457
l 7466 7467
l 7533 7534
l 7550 7549
l 7555 7554
l 7620 7621
l 7662 7663
l 7672 7673
l 7696 7698
l 7738 7739
l 7764 7763
l 7786 7787
l 7872 7871
l 7883 7882
l 7906 7907
l 7928 7929
l 7949 7950
l 7966 7965
l 8001 8000
l 8056 8057
l 8097 8096
l 8123 8125
l 8158 8159
l 8171 8173
l 8212 8213
l 8217 8216
l 8236 8237
l 8238 8237
l 8251 8252
l 8263 8262
l 8293 8294
l 8296 8295
l 8307 8306
l 8349 8348
l 8371 8370
l 8379 8380
l 8400 8401
l 8412 8413
l 8474 8476
l 8517 8516
l 8561 8562
l 8571 8573
l 8584 8585
l 8629 8628
l 8636 8635
l 8640 8641
l 8682 8681
l 8684 8683
l 8696 8697
l 8696 8695
l 8739 8738
l 8739 8740
l 8759 8760
l 8771 8772
l 8805 8804
l 8805 8806
l 8814 8815
l 8852 8854
l 8982 8981
l 9014 9013
l 9039 9040
l 9097 9098
l 9110 9109
l 9155 9154
l 9183 9182
l 9183 9185
l 9205 9204
l 9224 9225
l 9235 9237
l 9392 9391
l 9414 9413
l 9442 9444
l 9453 9455
l 9476 9478
l 9509 9508
l 9521 9520
l 9555 9557
l 9576 9575
l 9578 9579
l 9589 9591
l 9614 9615
l 9624 9625
l 9624 9623
l 9646 9645
l 9678 9679
l 9701 9703
l 9713 9714
l 9756 9758
l 9768 9767
l 9813 9815
l 9833 9834
l 9858 9859
l 9911 9912
l 9921 9920
l 9932 9933
l 9943 9945
l 9977 9978
l 9987 9986
l 10008 10009
l 10019 10020
l 10041 10043
l 10113 10115
l 10124 10123
l 10150 10151
l 10159 10160
l 10170 10172
l 10200 10201
l 10200 10199
l 10211 10210
l 10321 10322
l 10321 10320
l 10323 10324
l 10330 10331
l 10333 10332
l 10333 10334
l 10389 10391
l 10410 10409
l 10412 10414
l 10424 10425
l 10463 10464
l 10474 10476
l 10486 10485
l 10498 10499
l 10507 10506
l 10555 10556
l 10563 10562
l 10587 10588
l 10649 10648
l 10661 10662
l 10671 10673
l 10675 10676
l 10679 10680
l 10749 10748
l 10767 10768
l 10772 10773
l 10783 10782
l 10783 10784
l 10794 10795
l 10817 10818
l 10828 10829
l 10828 10827
l 10851 10850
l 10862 10864
l 10918 10919
l 10971 10972
l 10971 10970
l 11060 11059
l 11095 11096
l 11135 11134
l 11199 11200
l 11244 11245
l 11255 11254
l 11313 11315
l 11371 11370
l 11382 11381
l 11402 11403
l 11415 11416
l 11419 11418
l 11441 11440
l 11478 11477
l 11478 11479
l 11521 11523
l 11640 11639
l 11652 11653
l 11652 11651
l 11685 11684
l 11744 11743
l 11769 11770
l 11777 11779
l 11797 11798
l 11810 11809
l 11829 11830
l 11866 11867
l 11934 11936
l 11946 11948
l 11997 11998
l 12007 12006
l 12007 12008
l 12038 12040
l 12102 12103
l 12102 12101
l 12121 12122
l 12141 12142
l 12152 12154
l 12166 12165
l 12196 12195
l 12196 12198
l 12210 12211
l 12218 12219
l 12229 12228
l 12268 12269
l 12285 12286
l 12316 12317
l 12334 12333
l 62 63
l 68 69
l 76 77
l 84 85
l 92 93
l 100 101
l 108 109
l 115 116
l 129 130
l 144 145
l 166 167
l 230 231
l 238 239
l 251 252
l 259 260
l 275 276
l 283 284
l 289 290
l 294 295
l 302 303
l 355 356
l 362 363
l 370 371
l 375 376
l 391 392
l 399 400
l 407 408
l 415 416
l 426 427
l 504 505
l 509 510
l 516 517
l 524 525
l 532 533
l 540 541
l 548 549
l 562 563
l 569 570
l 584 585
l 592 593
l 606 607
l 878 879
l 885 886
l 892 893
l 899 900
l 906 907
l 909 910
l 915 916
l 921 922
l 1037 929
l 932 933
l 943 944
l 950 951
l 972 973
l 980 981
l 993 994
l 1005 1006
l 1013 1014
l 1021 1022
l 1029 1030
l 1034 1035
l 1280 1281
l 1284 1285
l 1291 1292
l 1293 1294
l 1300 1301
l 1306 1307
l 1313 1314
l 1321 1322
l 1335 1336
l 1342 1343
l 1358 1359
l 1372 1373
l 1380 1381
l 1388 1389
l 1396 1397
l 1404 1405
l 1415 1416
l 1425 1426
l 1433 1434
l 2233 2234
l 2244 2245
l 2252 2253
l 2260 2261
l 2272 2273
l 2284 2285
l 2292 2293
l 2301 2302
l 2308 2309
l 2315 2316
l 2319 2320
l 2325 2326
l 2330 2331
l 2337 2338
l 2350 2351
l 2356 2357
l 2359 2360
l 2383 2384
l 2391 2392
l 2397 2398
l 2405 2406
l 2419 2420
l 2421 2422
l 2426 2427
l 2435 2436
l 2437 2438
l 2450 2451
l 2472 2473
l 3146 3147
l 3154 3155
l 3159 3160
l 3167 3168
l 3175 3176
l 3179 3180
l 3189 3190
l 3198 3199
l 3212 3213
l 3219 3220
l 3226 3227
l 3230 3231
l 3234 3235
l 3241 3242
l 3261 3262
l 3269 3270
l 3274 3275
l 3280 3281
l 3285 3286
l 3439 3295
l 3300 3301
l 3305 3306
l 3313 3314
l 3324 3325
l 1 3344
l 3365 3366
l 3373 3374
l 3389 3390
l 3397 3398
l 3442 3443
l 3446 3445
l 3453 3454
l 3475 3474
l 3477 3478
l 3484 3485
l 3486 3487
l 3507 3506
l 3508 3509
l 3512 3513
l 3530 3531
l 3534 3533
l 3541 3542
l 3549 3551
l 3553 3554
l 3557 3556
l 3568 3567
l 3581 3580
l 3593 3594
l 3596 3597
l 3602 3601
l 3610 3611
l 3620 3621
l 3624 3625
l 3630 3631
l 3632 3633
l 3639 3640
l 3645 3646
l 3656 3657
l 3667 3668
l 3671 3672
l 3677 3678
l 3691 3690
l 3692 3693
l 3694 3695
l 3698 3699
l 3701 3702
l 3705 3704
l 3716 3717
l 3725 3726
l 3728 3729
l 3730 3731
l 3735 3736
l 3745 3746
l 3748 3749
l 3756 3757
l 3759 3758
l 3766 3767
l 3780 3779
l 3784 3783
l 3792 3793
l 3799 3800
l 3812 3813
l 3824 3825
l 3834 3833
l 3835 3836
l 3847 3848
l 3849 3850
l 3854 3856
l 3867 3869
l 3877 3876
l 3883 3884
l 3891 3890
l 3910 3911
l 3914 3913
l 3922 3923
l 3945 3946
l 3962 3963
l 3964 3965
l 3984 3985
l 4017 4018
l 4028 4029
l 4031 4030
l 4039 4040
l 4042 4043
l 4050 4051
l 4064 4063
l 4072 4073
l 4082 4083
l 4093 4094
l 4097 4098
l 4110 4111
l 4130 4129
l 4156 4157
l 4181 4182
l 4184 4185
l 4187 4188
l 4190 4189
l 4192 4193
l 4206 4205
l 4219 4218
l 4232 4233
l 4236 4235
l 4243 4244
l 4246 4245
l 4250 4251
l 4252 4253
l 4255 4254
l 4260 4259
l 4262 4263
l 4266 4267
l 4275 4276
l 4286 4285
l 4288 4289
l 4291 4290
l 4297 4298
l 4306 4307
l 4317 4318
l 4334 4333
l 4336 4337
l 4352 4353
l 4355 4356
l 4374 4375
l 4377 4376
l 4406 4405
l 4422 4423
l 4430 4431
l 4443 4444
l 4447 4449
l 4455 4456
l 4467 4468
l 4470 4469
l 4479 4480
l 4489 4490
l 4499 4500
l 4502 4503
l 4513 4514
l 4525 4526
l 4544 4545
l 4555 4556
l 4559 4558
l 4563 4565
l 4586 4587
l 4588 4590
l 4599 4600
l 4605 4606
l 4615 4616
l 4618 4619
l 4625 4626
l 4636 4637
l 4639 4638
l 4656 4657
l 4660 4661
l 4667 4668
l 4678 4679
l 4681 4682
l 4689 4690
l 4699 4700
l 4701 4702
l 4710 4711
l 4719 4720
l 4724 4725
l 4728 4729
l 4730 4732
l 4741 4740
l 4773 4774
l 4776 4775
l 4777 4778
l 4787 4788
l 4789 4788
l 4798 4799
l 4835 4836
l 4839 4838
l 4850 4849
l 4859 4860
l 4862 4863
l 4871 4872
l 4876 4877
l 4896 4897
l 4910 4909
l 4929 4928
l 4944 4945
l 4953 4954
l 4963 4964
l 4973 4974
l 4986 4987
l 4990 4991
l 4999 5000
l 5010 5011
l 5014 5015
l 5022 5021
l 5028 5029
l 5033 5034
l 5043 5044
l 5046 5045
l 5058 5059
l 5065 5066
l 5068 5069
l 5070 5071
l 5076 5077
l 5079 5080
l 5096 5097
l 5101 5102
l 5108 5109
l 5130 5129
l 5143 5142
l 5151 5152
l 5161 5162
l 5177 5176
l 5184 5185
l 5189 5190
l 5198 5199
l 5205 5206
l 5209 5210
l 5209 5208
l 5248 5249
l 5264 5265
l 5270 5271
l 5280 5281
l 5287 5288
l 5291 5292
l 5298 5299
l 5301 5302
l 5322 5323
l 5324 5325
l 5326 5328
l 5334 5335
l 5347 5348
l 5350 5351
l 5360 5361
l 5378 5379
l 5385 5386
l 5395 5396
l 5401 5402
l 5416 5417
l 5418 5420
l 5426 5425
l 5427 5428
l 5430 5429
l 5437 5438
l 5440 5439
l 5447 5448
l 5457 5456
l 5458 5459
l 5469 5470
l 5479 5480
l 5500 5501
l 5509 5510
l 5518 5519
l 5521 5522
l 5524 5526
l 5533 5534
l 5539 5540
l 5543 5542
l 5544 5545
l 5554 5555
l 5566 5567
l 5571 5570
l 5579 5580
l 5589 5590
l 5593 5594
l 5600 5601
l 5604 5603
l 5639 5640
l 5642 5643
l 5659 5660
l 5661 5662
l 5670 5671
l 5674 5673
l 5677 5676
l 5680 5681
l 5685 5684
l 5692 5693
l 5695 5696
l 5712 5713
l 5716 5715
l 5717 5718
l 5724 5725
l 5730 5731
l 5747 5748
l 5759 5760
l 5770 5771
l 5773 5774
l 5780 5781
l 5790 5791
l 5802 5803
l 5821 5822
l 5825 5824
l 5830 5831
l 5833 5834
l 5843 5844
l 5853 5854
l 5875 5876
l 5885 5884
l 5890 5889
l 5899 5900
l 5920 5921
l 5923 5924
l 5935 5936
l 5941 5942
l 5943 5944
l 5954 5955
l 5965 5966
l 5976 5977
l 5994 5995
l 6000 6001
l 6015 6016
l 6020 6021
l 6024 6025
l 6027 6028
l 6045 6046
l 6049 6050
l 6052 6051
l 6056 6057
l 6060 6059
l 6068 6069
l 6079 6080
l 6083 6084
l 6089 6090
l 6093 6092
l 6099 6100
l 6111 6110
l 6118 6119
l 6137 6136
l 6141 6142
l 6148 6149
l 6152 6151
l 6153 6154
l 6157 6156
l 6174 6175
l 6186 6187
l 6197 6198
l 6200 6201
l 6206 6207
l 6209 6208
l 6217 6218
l 6220 6219
l 6227 6226
l 6240 6239
l 6241 6242
l 6248 6249
l 6259 6260
l 6269 6270
l 6279 6280
l 6292 6293
l 6297 6298
l 6302 6303
l 6305 6306
l 6312 6311
l 6330 6336
l 6350 6351
l 6360 6361
l 6371 6372
l 6381 6382
l 6390 6391
l 6393 6392
l 6398 6399
l 6401 6402
l 6415 6416
l 6418 6419
l 6419 6420
l 6421 6422
l 6428 6429
l 6431 6432
l 6442 6443
l 6464 6465
l 6478 6477
l 6496 6497
l 6503 6502
l 6526 6527
l 6533 6534
l 6536 6537
l 6545 6546
l 6557 6558
l 6560 6559
l 6568 6569
l 6575 6576
l 6581 6582
l 6585 6586
l 6589 6590
l 6599 6600
l 6603 6604
l 6610 6609
l 6618 6619
l 6635 6636
l 6645 6646
l 6648 6649
l 6654 6655
l 6663 6664
l 6669 6670
l 6673 6674
l 6685 6684
l 6686 6684
l 6688 6689
l 6692 6693
l 6701 6702
l 6704 6705
l 6710 6711
l 6718 6719
l 6729 6728
l 6748 6749
l 6774 6775
l 6785 6784
l 6786 6787
l 6796 6797
l 6825 6826
l 6842 6841
l 6843 6844
l 6852 6853
l 6862 6863
l 6873 6874
l 6876 6875
l 6886 6887
l 6899 6900
l 6910 6911
l 6925 6924
l 6928 6929
l 6934 6935
l 6939 6938
l 6945 6946
l 6949 6948
l 6960 6961
l 6978 6977
l 6979 6980
l 6997 6998
l 7002 7003
l 7006 7007
l 7010 7011
l 7018 7017
l 7023 7024
l 7042 7043
l 7050 7051
l 7053 7052
l 7062 7063
l 7066 7065
l 7074 7075
l 7092 7093
l 7098 7099
l 7112 7111
l 7121 7122
l 7139 7138
l 7141 7142
l 7145 7144
l 7154 7155
l 7165 7166
l 7178 7180
l 7186 7185
l 7198 7199
l 7202 7203
l 7210 7211
l 7214 7215
l 7221 7222
l 7230 7231
l 7233 7234
l 7238 7237
l 7240 7241
l 7251 7252
l 7260 7261
l 7271 7272
l 7281 7280
l 7283 7284
l 7293 7292
l 7300 7301
l 7304 7305
l 7310 7311
l 7316 7317
l 7330 7329
l 7334 7335
l 7350 7351
l 7366 7367
l 7382 7383
l 7396 7397
l 7400 7401
l 7416 7417
l 7419 7420
l 7426 7427
l 7436 7435
l 7441 7442
l 7462 7461
l 7467 7468
l 7472 7471
l 7474 7475
l 7485 7486
l 7498 7497
l 7501 7502
l 7505 7506
l 7512 7513
l 7516 7515
l 7526 7527
l 7529 7530
l 7536 7537
l 7546 7547
l 7552 7553
l 7567 7568
l 7571 7572
l 7576 7577
l 7578 7579
l 7584 7585
l 7589 7590
l 7599 7600
l 7612 7613
l 7622 7623
l 7625 7624
l 7628 7629
l 7634 7635
l 7638 7637
l 7640 7639
l 7655 7656
l 7665 7666
l 7669 7670
l 7676 7677
l 7682 7683
l 7687 7688
l 7690 7691
l 7693 7694
l 7696 7695
l 7698 7697
l 7699 7700
l 7710 7711
l 7718 7719
l 7722 7721
l 7730 7731
l 7740 7741
l 7749 7750
l 7760 7761
l 7772 7773
l 7794 7795
l 7797 7796
l 7806 7807
l 7810 7811
l 7818 7819
l 7821 7820
l 7820 7822
l 7829 7830
l 7833 7834
l 7833 7832
l 7840 7841
l 7851 7852
l 7878 7877
l 7887 7888
l 7897 7898
l 7900 7899
l 7909 7910
l 7912 7911
l 7938 7937
l 7949 7948
l 7957 7958
l 7961 7960
l 7963 7964
l 7986 7987
l 7991 7992
l 8016 8017
l 8023 8024
l 8027 8026
l 8034 8035
l 8047 8048
l 8051 8050
l 8052 8053
l 8062 8063
l 8068 8067
l 8070 8071
l 8075 8076
l 8079 8080
l 8087 8086
l 8089 8090
l 8095 8096
l 8106 8107
l 8111 8113
l 8116 8118
l 8125 8124
l 8126 8127
l 8141 8140
l 8149 8150
l 8162 8163
l 8173 8172
l 8189 8188
l 8196 8197
l 8199 8200
l 8231 8232
l 8240 8241
l 8243 8244
l 8246 8245
l 8265 8266
l 8276 8277
l 8280 8279
l 8287 8288
l 8298 8299
l 8320 8321
l 8339 8340
l 8343 8344
l 8346 8347
l 8351 8352
l 8354 8355
l 8362 8363
l 8373 8374
l 8401 8402
l 8403 8404
l 8407 8406
l 8425 8426
l 8439 8438
l 8448 8449
l 8457 8458
l 8468 8467
l 8476 8475
l 8477 8478
l 8488 8489
l 8492 8491
l 8496 8497
l 8499 8500
l 8502 8501
l 8509 8510
l 8532 8533
l 8540 8541
l 8545 8546
l 8554 8555
l 8566 8565
l 8573 8572
l 8574 8575
l 8578 8579
l 8613 8614
l 8618 8619
l 8620 8621
l 8624 8623
l 8631 8632
l 8643 8644
l 8647 8648
l 8655 8656
l 8658 8659
l 8664 8665
l 8672 8673
l 8674 8675
l 8677 8676
l 8680 8681
l 8688 8689
l 8702 8701
l 8711 8712
l 8720 8721
l 8734 8735
l 8746 8747
l 8750 8751
l 8762 8763
l 8766 8767
l 8772 8773
l 8774 8775
l 8777 8776
l 8790 8791
l 8795 8796
l 8807 8808
l 8818 8819
l 8828 8829
l 8831 8832
l 8846 8845
l 8855 8856
l 8859 8858
l 8884 8885
l 8888 8889
l 8891 8890
l 8898 8899
l 8901 8900
l 8909 8910
l 8921 8920
l 8924 8925
l 8951 8952
l 8959 8960
l 8961 8962
l 8964 8963
l 8969 8968
l 8970 8971
l 8972 8973
l 8975 8974
l 8994 8995
l 8998 8999
l 9000 9001
l 9007 9008
l 9021 9022
l 9032 9033
l 9037 9038
l 9040 9041
l 9042 9043
l 9057 9058
l 9068 9067
l 9077 9078
l 9086 9087
l 9089 9090
l 9098 9099
l 9100 9101
l 9113 9114
l 9124 9125
l 9146 9147
l 9158 9159
l 9167 9168
l 9170 9169
l 9176 9177
l 9180 9181
l 9185 9184
l 9186 9187
l 9196 9195
l 9226 9227
l 9230 9229
l 9237 9236
l 9239 9240
l 9247 9248
l 9249 9250
l 9254 9255
l 9258 9259
l 9278 9279
l 9290 9291
l 9300 9299
l 9305 9306
l 9331 9332
l 9343 9344
l 9346 9345
l 9354 9355
l 9363 9364
l 9368 9367
l 9384 9385
l 9394 9395
l 9418 9420
l 9424 9425
l 9436 9437
l 9443 9444
l 9445 9446
l 9460 9461
l 9466 9467
l 9478 9477
l 9479 9480
l 9488 9489
l 9499 9500
l 9503 9502
l 9504 9505
l 9511 9512
l 9514 9515
l 9524 9525
l 9527 9526
l 9531 9532
l 9537 9538
l 9557 9556
l 9558 9559
l 9568 9569
l 9571 9570
l 9579 9580
l 9605 9606
l 9617 9618
l 9627 9628
l 9632 9633
l 9636 9637
l 9640 9639
l 9649 9650
l 9652 9651
l 9671 9672
l 9676 9677
l 9680 9681
l 9683 9682
l 9689 9690
l 9692 9693
l 9696 9695
l 9703 9702
l 9711 9712
l 9715 9716
l 9719 9720
l 9724 9723
l 9726 9727
l 9748 9749
l 9758 9757
l 9760 9761
l 9763 9762
l 9781 9782
l 9792 9793
l 9800 9799
l 9807 9808
l 9815 9814
l 9817 9818
l 9825 9826
l 9831 9832
l 9836 9837
l 9847 9846
l 9850 9851
l 9853 9854
l 9881 9880
l 9885 9886
l 9904 9905
l 9914 9915
l 9924 9925
l 9934 9935
l 9945 9944
l 9947 9948
l 9952 9953
l 9957 9958
l 9967 9968
l 9970 9971
l 9976 9977
l 9979 9980
l 9982 9981
l 9990 9991
l 10009 10010
l 10011 10012
l 10034 10035
l 10041 10040
l 10043 10042
l 10045 10046
l 10050 10049
l 10059 10060
l 10063 10064
l 10071 10072
l 10080 10081
l 10084 10085
l 10093 10094
l 10096 10095
l 10109 10110
l 10115 10114
l 10120 10119
l 10133 10132
l 10140 10141
l 10143 10142
l 10161 10160
l 10167 10168
l 10172 10171
l 10183 10184
l 10203 10204
l 10218 10216
l 10223 10222
l 10226 10227
l 10237 10238
l 10248 10249
l 10264 10263
l 10277 10278
l 10283 10284
l 10291 10292
l 10303 10304
l 10326 10325
l 10335 10336
l 10338 10337
l 10360 10361
l 10367 10369
l 10370 10371
l 10373 10372
l 10379 10380
l 10381 10382
l 10390 10391
l 10393 10394
l 10396 10397
l 10404 10405
l 10414 10413
l 10415 10416
l 10419 10420
l 10426 10427
l 10435 10436
l 10439 10440
l 10444 10445
l 10448 10447
l 10450 10451
l 10456 10457
l 10461 10462
l 10466 10467
l 10476 10475
l 10477 10478
l 10480 10479
l 10490 10491
l 10501 10502
l 10504 10503
l 10513 10514
l 10517 10516
l 10525 10524
l 10526 10527
l 10528 10530
l 10539 10538
l 10576 10575
l 10590 10591
l 10606 10607
l 10609 10608
l 10612 10613
l 10618 10619
l 10629 10628
l 10641 10642
l 10655 10654
l 10663 10664
l 10667 10668
l 10673 10672
l 10687 10688
l 10697 10698
l 10713 10712
l 10720 10721
l 10724 10723
l 10730 10731
l 10740 10741
l 10750 10751
l 10752 10753
l 10763 10764
l 10775 10776
l 10798 10799
l 10808 10809
l 10811 10812
l 10824 10823
l 10830 10831
l 10842 10843
l 10853 10854
l 10864 10863
l 10866 10867
l 10876 10877
l 10880 10879
l 10894 10893
l 10901 10902
l 10904 10903
l 10912 10913
l 10915 10914
l 10923 10924
l 10941 10942
l 10962 10963
l 10978 10979
l 11000 11001
l 11002 11003
l 11008 11009
l 11017 11016
l 11034 11035
l 11042 11043
l 11055 11054
l 11062 11063
l 11066 11065
l 11065 11067
l 11076 11077
l 11087 11088
l 11090 11091
l 11097 11098
l 11107 11108
l 11115 11116
l 11130 11131
l 11139 11140
l 11147 11148
l 11151 11152
l 11154 11153
l 11163 11164
l 11174 11175
l 11177 11176
l 11184 11185
l 11190 11191
l 11196 11197
l 11205 11206
l 11236 11237
l 11259 11260
l 11268 11267
l 11269 11270
l 11283 11284
l 11287 11288
l 11301 11302
l 11303 11304
l 11306 11305
l 11315 11314
l 11317 11318
l 11340 11341
l 11350 11351
l 11361 11362
l 11364 11365
l 11374 11375
l 11385 11386
l 11389 11388
l 11390 11391
l 11395 11396
l 11397 11398
l 11410 11411
l 11414 11413
l 11455 11456
l 11465 11466
l 11473 11474
l 11480 11481
l 11485 11486
l 11496 11497
l 11499 11500
l 11502 11503
l 11514 11513
l 11523 11522
l 11525 11526
l 11528 11527
l 11535 11536
l 11545 11546
l 11550 11551
l 11559 11558
l 11588 11589
l 11598 11599
l 11609 11610
l 11618 11619
l 11621 11620
l 11622 11623
l 11629 11630
l 11633 11632
l 11649 11650
l 11654 11653
l 11655 11656
l 11665 11666
l 11688 11689
l 11698 11699
l 11701 11702
l 11714 11715
l 11719 11720
l 11724 11725
l 11734 11735
l 11757 11758
l 11777 11776
l 11779 11778
l 11787 11789
l 11794 11793
l 11813 11814
l 11817 11816
l 11822 11823
l 11847 11846
l 11859 11858
l 11887 11888
l 11896 11897
l 11905 11906
l 11915 11916
l 11918 11917
l 11928 11927
l 11930 11931
l 11936 11935
l 11941 11942
l 11948 11947
l 11958 11959
l 11961 11962
l 11965 11966
l 11968 11969
l 11973 11974
l 11976 11977
l 11979 11980
l 11989 11988
l 11990 11991
l 12029 12028
l 12048 12047
l 12056 12057
l 12059 12060
l 12064 12063
l 12079 12080
l 12083 12082
l 12089 12090
l 12092 12093
l 12096 12095
l 12123 12124
l 12127 12128
l 12133 12134
l 12143 12144
l 12149 12150
l 12153 12154
l 12156 12157
l 12169 12170
l 12173 12174
l 12176 12177
l 12178 12179
l 12182 12181
l 12189 12190
l 12198 12197
l 12199 12200
l 12203 12202
l 12204 12205
l 12212 12213
l 12220 12221
l 12223 12222
l 12224 12225
l 12232 12233
l 12245 12244
l 12254 12255
l 12279 12280
l 12287 12288
l 12297 12298
l 12308 12309
l 12318 12319
l 12325 12326
l 12327 12328
l 12332 12333
l 69 70
l 77 78
l 85 86
l 93 94
l 101 102
l 109 110
l 116 117
l 122 123
l 130 131
l 137 138
l 145 146
l 159 160
l 167 168
l 223 224
l 231 232
l 239 240
l 247 248
l 252 253
l 260 261
l 268 269
l 276 277
l 284 285
l 290 304
l 304 291
l 295 296
l 356 357
l 363 364
l 371 372
l 376 377
l 384 385
l 392 393
l 400 401
l 408 409
l 416 417
l 420 421
l 427 428
l 500 501
l 510 511
l 517 518
l 525 526
l 533 534
l 541 542
l 549 550
l 557 558
l 570 571
l 585 586
l 593 594
l 607 608
l 873 874
l 879 880
l 886 887
l 893 894
l 900 901
l 910 911
l 916 917
l 927 928
l 933 934
l 937 938
l 944 945
l 957 958
l 963 964
l 973 974
l 981 982
l 986 987
l 994 995
l 1006 1007
l 1014 1015
l 1022 1023
l 1030 1031
l 1285 1286
l 1292 1444
l 1294 1295
l 1301 1302
l 1314 1315
l 1322 1323
l 1329 1330
l 1336 1337
l 1346 1347
l 1359 1360
l 1381 1382
l 1389 1390
l 1397 1398
l 1405 1406
l 1416 1417
l 1426 1427
l 1434 1435
l 1440 1441
l 2229 2230
l 2234 2235
l 2239 2240
l 2249 2250
l 2253 2254
l 2261 2262
l 2278 2279
l 2285 2286
l 2293 2294
l 2294 2295
l 2302 2303
l 2309 2310
l 2318 2490
l 2326 2481
l 2338 2339
l 2351 2352
l 2384 2385
l 2392 2393
l 2398 2399
l 2403 2404
l 2428 2429
l 2430 2431
l 2440 2441
l 2442 2443
l 2451 2452
l 2459 2460
l 2465 2466
l 2475 2476
l 3147 3148
l 3155 3156
l 3160 3161
l 3168 3169
l 3180 3181
l 3201 3202
l 3203 3204
l 3205 3206
l 3213 3214
l 3220 3221
l 3242 3243
l 3248 3249
l 3254 3255
l 3262 3263
l 3270 3271
l 3288 3289
l 3290 3291
l 3301 3302
l 3306 3307
l 3314 3315
l 3325 3326
l 3331 3332
l 3338 3339
l 3344 3345
l 3348 3349
l 3352 3353
l 3358 3359
l 3366 3367
l 3374 3375
l 3382 3383
l 3390 3391
l 3398 3399
l 3406 3407
l 3412 3413
l 3419 3420
l 3425 3426
l 3449 3450
l 3465 3466
l 3465 3464
l 3520 3522
l 3559 3558
l 3578 3577
l 3578 3579
l 3643 3642
l 3712 3714
l 3771 3772
l 3845 3846
l 3867 3868
l 3880 3879
l 3880 3881
l 3908 3907
l 3945 3944
l 3955 3956
l 3975 3976
l 3980 3981
l 4000 4001
l 4060 4062
l 4085 4086
l 4118 4119
l 4121 4122
l 4143 4145
l 4202 4203
l 4213 4214
l 4220 4222
l 4223 4224
l 4228 4229
l 4326 4328
l 4342 4343
l 4348 4349
l 4361 4362
l 4385 4386
l 4407 4408
l 4418 4417
l 4489 4488
l 4495 4497
l 4502 4501
l 4576 4577
l 4586 4585
l 4595 4596
l 4655 4656
l 4738 4739
l 4751 4753
l 4759 4760
l 4763 4764
l 4770 4771
l 4785 4786
l 4795 4796
l 4806 4807
l 4816 4817
l 4824 4825
l 4847 4848
l 4871 4870
l 4907 4908
l 4907 4906
l 4918 4919
l 4932 4933
l 5005 5006
l 5010 5009
l 5024 5025
l 5039 5040
l 5053 5054
l 5087 5088
l 5098 5099
l 5119 5120
l 5131 5132
l 5171 5170
l 5173 5175
l 5183 5182
l 5217 5219
l 5313 5315
l 5320 5321
l 5372 5374
l 5406 5407
l 5490 5491
l 5531 5530
l 5533 5532
l 5562 5563
l 5569 5571
l 5679 5678
l 5682 5683
l 5702 5703
l 5719 5720
l 5770 5769
l 5812 5813
l 5820 5819
l 5843 5842
l 5862 5861
l 5864 5865
l 5886 5887
l 5895 5896
l 5907 5908
l 5938 5939
l 5957 5958
l 5991 5992
l 6015 6014
l 6035 6036
l 6079 6078
l 6095 6096
l 6107 6109
l 6127 6128
l 6134 6133
l 6141 6140
l 6164 6165
l 6164 6163
l 6228 6229
l 6237 6238
l 6248 6247
l 6324 6326
l 6360 6359
l 6401 6400
l 6454 6455
l 6463 6462
l 6506 6507
l 6515 6516
l 6540 6539
l 6557 6556
l 6563 6564
l 6605 6606
l 6637 6638
l 6733 6732
l 6745 6746
l 6750 6752
l 6755 6757
l 6764 6765
l 6806 6805
l 6807 6808
l 6814 6815
l 6838 6837
l 6838 6840
l 6862 6861
l 6897 6896
l 6904 6905
l 6932 6931
l 6956 6957
l 6968 6969
l 6991 6993
l 7026 7027
l 7037 7038
l 7070 7071
l 7086 7085
l 7088 7089
l 7152 7153
l 7176 7175
l 7182 7183
l 7188 7189
l 7221 7220
l 7266 7267
l 7327 7328
l 7350 7349
l 7363 7364
l 7372 7373
l 7374 7375
l 7379 7380
l 7385 7384
l 7385 7387
l 7390 7392
l 7407 7408
l 7438 7439
l 7438 7437
l 7449 7448
l 7454 7455
l 7458 7459
l 7501 7500
l 7708 7709
l 7725 7726
l 7863 7864
l 7920 7921
l 7930 7929
l 7932 7934
l 7946 7947
l 7968 7969
l 8004 8005
l 8013 8014
l 8033 8032
l 8059 8060
l 8082 8083
l 8100 8099
l 8102 8101
l 8102 8104
l 8114 8115
l 8138 8139
l 8148 8147
l 8184 8183
l 8185 8186
l 8196 8195
l 8208 8210
l 8214 8215
l 8219 8221
l 8249 8250
l 8329 8330
l 8357 8358
l 8382 8383
l 8435 8436
l 8522 8523
l 8522 8521
l 8554 8553
l 8563 8564
l 8610 8611
l 8642 8641
l 8688 8687
l 8704 8705
l 8708 8709
l 8711 8710
l 8785 8786
l 8785 8784
l 8802 8803
l 8817 8818
l 8842 8841
l 8843 8844
l 8853 8854
l 8866 8867
l 8876 8877
l 8928 8929
l 9016 9017
l 9052 9053
l 9064 9065
l 9064 9063
l 9089 9088
l 9137 9136
l 9137 9139
l 9207 9209
l 9218 9219
l 9239 9238
l 9301 9302
l 9313 9314
l 9313 9312
l 9322 9323
l 9374 9375
l 9407 9408
l 9416 9417
l 9426 9427
l 9431 9430
l 9453 9452
l 9456 9458
l 9582 9581
l 9582 9583
l 9590 9591
l 9593 9592
l 9593 9595
l 9616 9615
l 9662 9663
l 9704 9705
l 9737 9738
l 9772 9773
l 9792 9791
l 9836 9835
l 9860 9861
l 9872 9874
l 9878 9879
l 9904 9903
l 9924 9923
l 9966 9965
l 9982 9983
l 9990 9989
l 10002 10001
l 10002 10003
l 10019 10018
l 10030 10032
l 10059 10058
l 10092 10093
l 10105 10106
l 10116 10117
l 10139 10138
l 10153 10154
l 10174 10175
l 10174 10173
l 10191 10193
l 10213 10212
l 10237 10236
l 10259 10258
l 10273 10274
l 10283 10282
l 10293 10294
l 10313 10314
l 10348 10350
l 10393 10392
l 10464 10465
l 10501 10500
l 10542 10541
l 10567 10568
l 10578 10579
l 10590 10589
l 10602 10603
l 10612 10611
l 10622 10623
l 10638 10639
l 10708 10709
l 10785 10786
l 10796 10795
l 10819 10820
l 10890 10892
l 10901 10900
l 10923 10922
l 10932 10933
l 10956 10957
l 10962 10961
l 10974 10975
l 10986 10988
l 10997 10996
l 10997 10998
l 11020 11022
l 11032 11033
l 11038 11037
l 11076 11075
l 11087 11086
l 11093 11094
l 11107 11106
l 11125 11126
l 11127 11128
l 11174 11173
l 11217 11218
l 11227 11228
l 11247 11249
l 11292 11291
l 11329 11331
l 11373 11372
l 11410 11409
l 11422 11423
l 11438 11439
l 11460 11459
l 11475 11476
l 11572 11573
l 11593 11594
l 11629 11628
l 11643 11645
l 11677 11676
l 11769 11768
l 11781 11782
l 11790 11792
l 11802 11803
l 11802 11801
l 11832 11831
l 11832 11834
l 11844 11845
l 11847 11848
l 11855 11857
l 11876 11878
l 11884 11882
l 11938 11937
l 11973 11972
l 11985 11986
l 12000 12001
l 12044 12045
l 12056 12055
l 12067 12069
l 12156 12155
l 12241 12242
l 12297 12296
