# Blender 5.0.0
# www.blender.org
mtllib Floral_Still_Life_Tee_1208191423_texture.mtl
o Floral_Still_Life_Tee_1208191423_texture
v 0.328042 -0.708730 -0.063673
v 0.342353 -0.712722 -0.352826
v 0.381730 -0.693401 -0.230192
v 0.305580 -0.712048 -0.252885
v 0.284187 -0.704429 -0.320560
v 0.299022 -0.707067 -0.444990
v 0.352563 -0.706751 -0.435491
v 0.306799 -0.704398 -0.520006
v 0.288905 -0.696471 0.059529
v 0.325368 -0.699987 0.139137
v 0.363494 -0.695915 0.083569
v 0.373740 -0.697053 -0.081806
v 0.260243 -0.692199 -0.160232
v 0.371793 -0.694122 -0.611538
v 0.325625 -0.693784 -0.639174
v 0.284568 -0.688082 0.325943
v 0.345430 -0.687699 0.434826
v 0.272957 -0.687143 0.243576
v 0.380729 -0.685389 0.242498
v 0.400707 -0.675840 0.195869
v -0.364038 -0.693806 -0.202358
v -0.341889 -0.698122 -0.348434
v -0.288325 -0.685765 -0.289139
v -0.312735 -0.698017 -0.444582
v -0.363848 -0.689413 -0.507912
v -0.297757 -0.690493 -0.582564
v -0.362005 -0.694054 -0.608345
v 0.265433 -0.675539 -0.628186
v 0.428784 -0.684554 -0.684092
v -0.354503 -0.692301 -0.702991
v -0.432184 -0.685870 -0.682241
v 0.281583 -0.690973 1.453123
v 0.323155 -0.682808 1.525223
v 0.155768 -0.679296 1.545397
v -0.289981 -0.684221 1.528691
v -0.203077 -0.688347 1.432106
v -0.156575 -0.681764 1.531568
v -0.301753 -0.690045 1.446370
v 0.023460 -0.682932 1.465324
v 0.393314 -0.674760 1.493707
v 0.132779 -0.680342 1.369469
v -0.050893 -0.681475 1.408732
v 0.334230 -0.685494 1.392548
v -0.171302 -0.677156 1.338271
v -0.292174 -0.673630 1.307027
v 0.298780 -0.677611 1.320526
v 0.318629 -0.678227 0.603954
v 0.289275 -0.683954 0.440973
v 0.374510 -0.681873 0.428230
v 0.399770 -0.676940 -0.012706
v 0.229650 -0.673756 0.057173
v 0.196690 -0.658058 -0.034578
v -0.374493 -0.681683 -0.018719
v -0.396052 -0.677039 -0.095428
v -0.331566 -0.684503 -0.064778
v -0.272726 -0.673897 -0.129645
v -0.409799 -0.670123 -0.283286
v 0.217092 -0.662306 -0.376110
v 0.441514 -0.660246 -0.490154
v 0.523297 -0.685131 -0.802266
v 0.546326 -0.680497 -0.667738
v -0.539175 -0.675951 -0.644506
v -0.511683 -0.685257 -0.768686
v -0.281612 -0.673059 -0.786247
v 0.416680 -0.684080 -0.847304
v 0.300264 -0.680168 -0.709959
v -0.423487 -0.686943 -0.867558
v 0.471891 -0.674907 -0.954161
v -0.024058 -0.677435 1.549628
v -0.399211 -0.670453 1.532251
v -0.382864 -0.679310 1.416595
v 0.436337 -0.660225 1.405732
v 0.005416 -0.656943 1.282796
v 0.388924 -0.669332 0.595791
v 0.255571 -0.670050 0.593176
v 0.412157 -0.664469 0.426272
v -0.409646 -0.667779 0.048498
v -0.370141 -0.676148 0.119927
v -0.325028 -0.676753 0.079235
v 0.195527 -0.657370 -0.173786
v 0.403504 -0.672381 -0.469521
v 0.211919 -0.654480 -0.479048
v -0.436169 -0.665958 -0.526288
v -0.224397 -0.659452 -0.614863
v 0.345913 -0.673379 -0.863734
v -0.459233 -0.673663 -0.945268
v 0.576700 -0.663165 -0.885753
v -0.340899 -0.663680 -0.971929
v 0.311165 -0.658605 1.600433
v -0.093745 -0.659107 1.611236
v 0.354239 -0.674358 1.549319
v 0.081670 -0.661983 1.606651
v -0.376264 -0.655936 1.597398
v -0.342854 -0.658364 1.272845
v 0.219320 -0.662452 1.274963
v 0.340083 -0.666300 0.766238
v 0.143602 -0.639003 0.349515
v -0.404855 -0.668761 0.132328
v -0.404054 -0.665659 0.243760
v -0.342281 -0.671508 0.230760
v -0.282192 -0.660729 0.241641
v -0.262762 -0.662303 0.078741
v 0.335500 -0.684396 -0.332741
v 0.318886 -0.683985 -0.149884
v -0.182242 -0.639487 -0.111945
v -0.194587 -0.648530 -0.341285
v 0.309862 -0.683925 -0.289399
v 0.401509 -0.673807 -0.169529
v 0.310877 -0.684797 -0.417511
v -0.417306 -0.660651 -0.413916
v 0.343755 -0.677487 -0.498678
v 0.498255 -0.661764 -0.502229
v 0.583545 -0.659272 -0.502579
v -0.603922 -0.652560 -0.686496
v 0.655863 -0.646901 -0.796202
v 0.238513 -0.651693 -0.819442
v -0.258431 -0.660288 1.607080
v 0.487543 -0.646489 1.519457
v 0.417155 -0.643807 1.293629
v -0.235700 -0.658009 1.255122
v 0.222671 -0.655046 0.768529
v 0.404807 -0.655280 0.760646
v -0.360233 -0.662713 0.409355
v 0.125465 -0.632771 0.162302
v 0.423254 -0.653601 0.114476
v 0.335378 -0.674827 0.093949
v 0.345874 -0.678397 -0.031096
v 0.305845 -0.673023 0.086258
v 0.304937 -0.682174 -0.154231
v 0.258521 -0.659695 -0.002399
v 0.367198 -0.666613 0.047325
v 0.362766 -0.672517 -0.315386
v 0.226977 -0.645397 -0.187760
v 0.435921 -0.627711 -0.224459
v 0.285489 -0.673734 -0.387620
v -0.461315 -0.612539 -0.280129
v 0.581431 -0.646529 -0.398825
v 0.321812 -0.675788 -0.566238
v 0.655197 -0.645478 -0.706950
v -0.629966 -0.638053 -0.885039
v -0.544940 -0.651726 -0.978389
v -0.244151 -0.646089 -0.980869
v 0.532692 -0.656941 -0.996486
v 0.314949 -0.648701 -0.999410
v -0.282496 -0.652603 1.644946
v -0.097653 -0.651586 1.650180
v -0.501002 -0.639249 1.513641
v -0.449375 -0.631999 1.294912
v 0.335825 -0.642549 1.228175
v 0.280274 -0.653555 0.840273
v 0.441682 -0.637979 0.756544
v -0.400109 -0.649223 0.627326
v -0.431229 -0.651090 0.408814
v -0.285054 -0.648659 0.534067
v 0.322492 -0.667930 0.280835
v -0.437050 -0.650493 0.189079
v -0.444496 -0.632992 -0.019264
v 0.142992 -0.633170 -0.342487
v -0.314441 -0.668755 -0.502654
v -0.359698 -0.666191 -0.423521
v -0.325506 -0.671418 -0.384741
v 0.381650 -0.663631 -0.575843
v -0.370563 -0.666470 -0.659622
v -0.318131 -0.666035 -0.633355
v 0.172280 -0.637713 -0.582539
v 0.190789 -0.643659 -0.708256
v 0.423572 -0.647195 -1.092360
v -0.365262 -0.637033 -1.150849
v -0.399243 -0.643122 1.648810
v -0.529032 -0.618048 1.384502
v -0.193914 -0.660894 1.510562
v -0.179357 -0.660494 1.393186
v -0.337379 -0.662942 1.485800
v 0.347954 -0.656528 1.515516
v 0.308462 -0.657839 1.369899
v 0.223351 -0.664593 1.435378
v -0.299948 -0.658459 1.362766
v 0.106293 -0.621957 1.176455
v 0.260312 -0.610077 1.131879
v 0.374527 -0.644572 0.853660
v 0.168866 -0.641508 0.864246
v -0.323252 -0.641095 0.761388
v 0.463437 -0.623968 0.650498
v 0.271482 -0.653291 0.435457
v 0.342067 -0.662315 0.416152
v -0.179940 -0.630929 0.257334
v 0.443715 -0.635042 0.350069
v 0.277644 -0.661183 0.251308
v -0.453104 -0.631858 0.117696
v 0.196479 -0.631446 0.209476
v 0.125120 -0.629542 -0.009523
v -0.187371 -0.635783 0.093265
v -0.325178 -0.658556 -0.054760
v -0.315163 -0.661230 -0.162277
v -0.357721 -0.662397 -0.149554
v 0.440273 -0.618378 -0.124661
v -0.370012 -0.663474 -0.346338
v 0.373927 -0.666244 -0.179918
v 0.363713 -0.675123 -0.158280
v -0.247863 -0.639088 -0.164630
v 0.462096 -0.638083 -0.381473
v 0.257125 -0.647212 -0.545656
v -0.410943 -0.645998 -0.532044
v -0.571098 -0.640501 -0.476950
v -0.138484 -0.635083 -0.517502
v 0.663355 -0.630845 -0.564363
v 0.377670 -0.665111 -0.707251
v -0.322580 -0.662718 -0.717766
v 0.280816 -0.646639 -0.711168
v -0.478890 -0.665960 -0.748246
v -0.419223 -0.663769 -0.826690
v -0.155892 -0.637334 -0.841010
v 0.523700 -0.659610 -0.715498
v 0.460523 -0.660576 -0.877195
v 0.422758 -0.660348 -0.717560
v 0.355526 -0.660403 -0.756310
v 0.156592 -0.623751 -0.983662
v 0.484410 -0.637940 -1.117068
v -0.254830 -0.645828 1.657782
v -0.042009 -0.638168 1.657623
v 0.078822 -0.650717 1.652534
v 0.317076 -0.647564 1.648505
v 0.181025 -0.648980 1.653199
v 0.469685 -0.630482 1.636158
v -0.273086 -0.644704 1.574391
v -0.079410 -0.658367 1.495228
v -0.087377 -0.647778 1.559135
v 0.008473 -0.656011 1.513274
v 0.184632 -0.657281 1.521573
v -0.376069 -0.650552 1.534135
v -0.411912 -0.645872 1.456096
v -0.050250 -0.654510 1.396797
v 0.081075 -0.653429 1.380075
v 0.380752 -0.649721 1.401876
v -0.384273 -0.639832 1.341990
v 0.372514 -0.640704 1.331444
v 0.228767 -0.648786 1.312539
v 0.541622 -0.613265 1.397373
v -0.132542 -0.610791 1.143934
v 0.252785 -0.623762 0.925633
v 0.059299 -0.619463 0.642187
v 0.069744 -0.622069 0.489942
v -0.463872 -0.630142 0.602031
v 0.457677 -0.625348 0.530607
v 0.368516 -0.651097 0.549996
v 0.290018 -0.650065 0.589949
v -0.383835 -0.649043 0.049042
v -0.348507 -0.653502 0.094675
v 0.390723 -0.648283 0.043976
v 0.392987 -0.642345 -0.051576
v 0.117526 -0.625991 -0.184132
v -0.392923 -0.647250 -0.129576
v 0.206683 -0.629073 -0.372813
v -0.409933 -0.629682 -0.350819
v -0.246825 -0.641036 -0.471565
v 0.427324 -0.643384 -0.317237
v 0.603838 -0.629896 -0.287104
v -0.488201 -0.623864 -0.376900
v -0.430850 -0.622484 -0.404291
v 0.110439 -0.624254 -0.428218
v -0.247012 -0.641289 -0.668743
v -0.540090 -0.648244 -0.633658
v 0.736561 -0.606854 -0.555086
v -0.091401 -0.629160 -0.639282
v 0.143444 -0.631690 -0.812337
v -0.724894 -0.606460 -0.767479
v -0.355276 -0.646432 -0.925752
v -0.253577 -0.628045 -0.933291
v 0.608923 -0.631185 -0.873397
v -0.455206 -0.650517 -0.930463
v -0.536935 -0.650327 -0.793562
v -0.488825 -0.621960 -1.160354
v 0.402495 -0.643919 1.643390
v 0.386985 -0.627183 1.648121
v 0.536025 -0.619361 1.553919
v 0.051785 -0.637478 1.601975
v 0.275352 -0.629974 1.613049
v -0.559506 -0.613550 1.501389
v 0.440541 -0.635273 1.516562
v 0.449373 -0.623133 1.367842
v -0.014006 -0.641678 1.327307
v -0.125792 -0.638828 1.296107
v 0.092914 -0.636237 1.297481
v -0.253157 -0.637979 1.271862
v 0.329054 -0.632810 1.271983
v -0.316758 -0.633600 1.268958
v -0.275976 -0.610132 1.146866
v 0.466728 -0.609992 0.876823
v 0.084725 -0.629926 0.878684
v 0.072143 -0.622846 0.787428
v -0.403080 -0.627708 0.804979
v -0.448951 -0.627059 0.746055
v -0.194740 -0.628141 0.655059
v 0.348043 -0.646702 0.671568
v -0.485882 -0.612277 0.502590
v -0.138416 -0.619992 0.445373
v -0.470801 -0.614225 0.231423
v -0.292946 -0.641077 0.185613
v -0.280753 -0.642926 0.050194
v -0.392697 -0.643001 0.210202
v 0.420189 -0.601841 -0.159368
v -0.451064 -0.610428 -0.179702
v -0.427288 -0.652190 -0.194303
v -0.120952 -0.627130 -0.259109
v 0.405843 -0.631091 -0.363139
v 0.469914 -0.619936 -0.288005
v 0.504958 -0.623256 -0.311661
v 0.364121 -0.670196 -0.431130
v 0.652474 -0.627992 -0.456443
v 0.432864 -0.632375 -0.490749
v -0.527524 -0.634744 -0.539699
v -0.639511 -0.619907 -0.495416
v 0.550605 -0.645669 -0.563186
v 0.093634 -0.625643 -0.641888
v 0.620242 -0.632681 -0.769491
v 0.325749 -0.628953 -0.973821
v 0.537108 -0.635271 -0.971875
v 0.676879 -0.625969 -0.945193
v 0.437657 -0.645998 -0.975059
v -0.113665 -0.620638 -0.988710
v -0.696832 -0.599985 -0.992365
v 0.574753 -0.623326 -1.091396
v -0.162476 -0.616349 -1.087607
v 0.216459 -0.615487 -1.118576
v -0.421925 -0.619715 -1.200805
v 0.410599 -0.625282 -1.186942
v -0.062543 -0.625406 1.647557
v 0.024250 -0.631421 1.288221
v 0.389375 -0.616818 1.196086
v 0.060362 -0.614694 0.946798
v 0.395420 -0.609429 0.913862
v -0.265948 -0.628267 0.858095
v 0.378549 -0.636099 0.753386
v 0.303555 -0.639710 0.767215
v 0.425932 -0.621333 0.526165
v -0.373757 -0.638076 0.401562
v -0.330060 -0.636976 0.390267
v 0.389679 -0.648711 0.388980
v 0.426190 -0.612542 0.335628
v 0.377415 -0.658478 0.256149
v 0.401926 -0.639669 0.134016
v -0.108644 -0.618552 0.079786
v 0.062881 -0.616398 0.065746
v -0.408345 -0.634707 -0.048341
v 0.166898 -0.617129 -0.042107
v -0.450753 -0.614351 -0.239901
v -0.189788 -0.619317 -0.274626
v 0.676986 -0.614938 -0.330815
v -0.052455 -0.622178 -0.370863
v -0.593191 -0.610499 -0.343046
v -0.587104 -0.627164 -0.582957
v -0.792574 -0.571406 -0.664034
v 0.181910 -0.612996 -0.556957
v 0.738031 -0.611604 -0.689239
v 0.068998 -0.623807 -0.742643
v 0.736372 -0.620046 -0.821579
v -0.035027 -0.624055 -0.804834
v 0.244640 -0.622877 -0.872743
v -0.505830 -0.630994 -0.992467
v -0.597844 -0.613132 -1.075750
v -0.350651 -0.608063 -1.233438
v 0.234318 -0.595565 -1.202345
v -0.446736 -0.635003 1.647312
v 0.456139 -0.626458 1.644560
v -0.567404 -0.593519 1.636510
v -0.199531 -0.623908 1.647630
v -0.404612 -0.617967 1.642639
v 0.436538 -0.614637 1.618067
v -0.447389 -0.628944 1.542378
v -0.482666 -0.612569 1.391686
v -0.111211 -0.602410 1.196129
v 0.248730 -0.604571 1.189540
v -0.442270 -0.593825 1.188586
v -0.333741 -0.589813 1.115370
v 0.226724 -0.596771 0.994136
v -0.112724 -0.619361 0.898651
v -0.166566 -0.609894 0.950450
v -0.052816 -0.610575 0.775397
v -0.385868 -0.609707 0.877186
v 0.344352 -0.626215 0.844807
v 0.514655 -0.577388 0.815364
v 0.209981 -0.624891 0.832738
v 0.476678 -0.604003 0.595153
v 0.156811 -0.617435 0.378976
v 0.030656 -0.614513 0.271395
v -0.263801 -0.625175 0.366216
v -0.066173 -0.611053 0.355536
v 0.467007 -0.571209 0.234445
v -0.426411 -0.625201 0.143500
v 0.060930 -0.616932 -0.073688
v -0.041691 -0.616757 -0.111562
v -0.416884 -0.623251 -0.100708
v 0.056295 -0.617459 -0.255962
v 0.029725 -0.622543 -0.591699
v 0.585016 -0.627943 -0.435550
v 0.630714 -0.621807 -0.619874
v -0.175290 -0.619405 -0.701672
v 0.054635 -0.620736 -0.930476
v -0.603701 -0.609515 -0.964634
v 0.751245 -0.609816 -0.957406
v -0.791489 -0.582570 -0.875308
v -0.404399 -0.624189 -1.087490
v 0.373063 -0.612554 -1.127023
v 0.459400 -0.601921 -1.167279
v 0.560082 -0.593304 -1.199788
v 0.446447 -0.597452 -1.258632
v -0.317820 -0.623126 1.640832
v -0.175729 -0.637447 1.659717
v -0.368276 -0.632709 1.656716
v 0.308642 -0.628252 1.652402
v 0.206035 -0.628342 1.646051
v 0.513142 -0.584043 1.245388
v -0.238485 -0.590814 1.078212
v 0.208092 -0.628981 0.649271
v -0.521310 -0.590056 0.751844
v -0.039593 -0.610196 0.511974
v -0.415580 -0.623125 0.588305
v -0.323614 -0.625520 0.585886
v -0.427074 -0.623271 0.476136
v 0.478392 -0.577376 0.482333
v -0.440881 -0.615131 0.345918
v -0.436166 -0.619774 0.223266
v -0.018367 -0.612974 0.109791
v -0.183957 -0.608513 0.106175
v -0.414956 -0.630771 0.032332
v -0.426523 -0.616956 0.060636
v -0.165325 -0.607231 -0.095479
v 0.466478 -0.597365 -0.130018
v 0.603361 -0.609732 -0.191500
v 0.690645 -0.591148 -0.156601
v 0.593987 -0.613457 -0.341173
v 0.506146 -0.603595 -0.341759
v -0.494496 -0.609637 -0.415590
v 0.688208 -0.581947 -0.478327
v -0.130152 -0.606830 -0.497522
v 0.780472 -0.584295 -0.599420
v 0.167537 -0.613244 -0.718602
v -0.656440 -0.605972 -0.745433
v -0.668889 -0.598584 -0.869077
v 0.718264 -0.604155 -1.009135
v -0.017163 -0.609566 -1.080984
v -0.312531 -0.612602 -1.107331
v 0.091542 -0.600134 -1.146222
v -0.183875 -0.596413 -1.184631
v 0.358836 -0.582570 -1.288294
v 0.488883 -0.595632 1.633455
v 0.539512 -0.604537 1.634188
v 0.548706 -0.574909 1.641292
v 0.510598 -0.599544 1.576247
v -0.523911 -0.602929 1.500119
v 0.518988 -0.605383 1.490261
v 0.416539 -0.599194 1.244733
v -0.519583 -0.592542 1.277574
v 0.235620 -0.591301 1.076629
v 0.121402 -0.593290 1.074485
v -0.080815 -0.596798 1.005671
v -0.249225 -0.588730 1.001054
v 0.299066 -0.595211 0.972701
v -0.482639 -0.600921 0.802380
v 0.435593 -0.601890 0.846989
v 0.095761 -0.601032 0.738565
v -0.366041 -0.618278 0.733737
v -0.397853 -0.622263 0.650767
v -0.263133 -0.606470 0.823931
v -0.208615 -0.604868 0.639737
v 0.502071 -0.573284 0.689297
v -0.183200 -0.601426 0.522101
v -0.470429 -0.622873 0.375693
v -0.176810 -0.605040 0.234532
v 0.128435 -0.607430 0.166187
v -0.473042 -0.581278 0.125919
v -0.447826 -0.599357 0.217688
v 0.438763 -0.567103 0.078549
v 0.135118 -0.604250 -0.178570
v 0.632779 -0.598645 -0.134766
v 0.503778 -0.593793 -0.171355
v -0.404036 -0.637254 -0.219308
v -0.390109 -0.651256 -0.251863
v -0.445478 -0.581575 -0.203983
v -0.514238 -0.587991 -0.247984
v 0.457436 -0.603696 -0.330104
v -0.131385 -0.604846 -0.314180
v -0.653143 -0.584472 -0.294380
v -0.570682 -0.602844 -0.418394
v -0.610938 -0.604996 -0.481260
v 0.721771 -0.588574 -0.677804
v 0.906578 -0.606587 -0.700810
v 0.953671 -0.600090 -0.731333
v 0.829950 -0.598424 -0.745166
v 0.803440 -0.608522 -0.854687
v 0.942650 -0.599769 -0.827409
v 0.702484 -0.597666 -0.898326
v 0.805674 -0.607082 -0.952479
v 0.544423 -0.585205 -1.160547
v -0.451617 -0.604036 -1.151488
v -0.097852 -0.593251 -1.173088
v -0.529033 -0.606354 1.643421
v -0.479250 -0.599660 1.639628
v 0.046123 -0.600188 1.196855
v -0.237097 -0.583527 1.141443
v 0.371112 -0.580914 1.119329
v -0.135262 -0.591885 1.059083
v 0.059719 -0.593659 1.029440
v -0.335803 -0.570710 0.997052
v 0.513373 -0.548059 0.952665
v 0.183821 -0.610048 0.893848
v 0.415954 -0.596008 0.881275
v 0.101004 -0.607333 0.853313
v -0.462529 -0.597227 0.723297
v 0.409627 -0.629894 0.673611
v 0.450425 -0.597042 0.615563
v 0.489401 -0.526691 0.371345
v 0.412588 -0.617925 -0.286824
v -0.461793 -0.586401 -0.297083
v 0.626615 -0.611748 -0.362387
v 0.748570 -0.573413 -0.420172
v -0.085071 -0.601259 -0.631069
v 0.963897 -0.584707 -0.651360
v -0.081182 -0.601532 -0.808158
v 0.113786 -0.603196 -0.748495
v 0.856973 -0.570950 -0.833508
v 0.854935 -0.569170 -0.907108
v 0.936367 -0.584742 -0.885132
v 0.167078 -0.602302 -0.947310
v 0.652598 -0.596003 -0.997650
v 0.772432 -0.584356 -1.029664
v 0.824400 -0.591160 -0.972806
v 0.755888 -0.576411 -1.051217
v -0.561136 -0.597355 -1.076131
v 0.664297 -0.575605 -1.144875
v -0.373162 -0.597611 -1.192042
v -0.569733 -0.581776 -1.197492
v -0.398424 -0.596353 -1.266590
v -0.616786 -0.555453 1.379406
v -0.449800 -0.581184 1.233374
v 0.321931 -0.566870 1.120678
v 0.507066 -0.540481 1.136584
v 0.196064 -0.591071 1.037044
v 0.277982 -0.581720 1.040480
v 0.352242 -0.568726 0.996540
v 0.292944 -0.569360 0.968737
v 0.038481 -0.597628 0.912071
v -0.505476 -0.567776 0.877374
v 0.540563 -0.558589 0.889246
v -0.354374 -0.595568 0.860985
v -0.433536 -0.595141 0.794276
v -0.502255 -0.603916 0.653614
v 0.054244 -0.592416 0.473222
v 0.449550 -0.579773 0.469824
v -0.490188 -0.568393 0.277947
v -0.450109 -0.565216 0.132175
v 0.112637 -0.599177 -0.071983
v 0.455870 -0.592897 -0.030816
v 0.520232 -0.567717 -0.060899
v -0.484172 -0.566545 -0.121623
v 0.116328 -0.600234 -0.290234
v 0.751774 -0.572329 -0.182250
v 0.469222 -0.579013 -0.195974
v 0.798451 -0.585555 -0.511049
v -0.769432 -0.548474 -0.440302
v 0.080694 -0.596299 -0.492587
v 0.723420 -0.584123 -0.559868
v 0.722724 -0.594664 -0.789505
v -0.133545 -0.595774 -1.018783
v 0.213913 -0.594760 -1.089681
v 0.762595 -0.550008 -1.108459
v -0.504953 -0.554506 -1.304271
v 0.549093 -0.557432 -1.284828
v -0.554632 -0.568876 1.634909
v -0.656059 -0.541921 1.518731
v -0.541176 -0.583307 1.389407
v -0.490181 -0.570559 1.180040
v -0.347203 -0.556415 1.113143
v 0.234622 -0.574340 1.104439
v 0.133025 -0.568810 1.073443
v -0.305254 -0.575509 1.034261
v 0.405816 -0.541115 1.004064
v -0.367504 -0.567081 0.974226
v 0.086025 -0.573695 0.997441
v 0.186189 -0.578996 0.976149
v -0.252606 -0.591855 0.905867
v -0.090173 -0.593458 0.892682
v -0.544685 -0.554875 0.855071
v -0.040887 -0.585590 0.791464
v -0.163946 -0.595435 0.766142
v -0.549370 -0.553037 0.707919
v 0.502875 -0.543407 0.609574
v 0.057698 -0.591865 0.318337
v -0.490068 -0.585295 0.324965
v -0.109551 -0.590432 0.353185
v -0.089748 -0.590305 0.153112
v 0.066392 -0.592493 0.118913
v 0.447930 -0.547220 0.231127
v -0.445930 -0.547888 0.012963
v -0.462206 -0.574469 -0.037805
v -0.097546 -0.596430 -0.121271
v 0.701593 -0.563761 -0.023747
v 0.053892 -0.591340 -0.234175
v -0.517239 -0.552493 -0.132010
v -0.621789 -0.580620 -0.228818
v -0.043518 -0.596761 -0.386888
v 0.660207 -0.573512 -0.162034
v -0.622613 -0.565753 -0.281598
v 0.036463 -0.596856 -0.591134
v 0.005258 -0.598064 -0.775735
v 0.975152 -0.570357 -0.722219
v 0.889870 -0.608029 -0.758276
v 0.877610 -0.567690 -0.773330
v 0.877050 -0.566891 -0.743849
v 0.054951 -0.595522 -0.927957
v 0.883179 -0.564448 -0.828497
v 0.978634 -0.573726 -0.883393
v 0.114679 -0.584105 -1.098980
v 0.076721 -0.571659 -1.238305
v -0.188969 -0.564868 -1.269079
v 0.426496 -0.567900 -1.323266
v -0.523098 -0.566583 1.294752
v 0.493037 -0.565474 1.252366
v -0.076497 -0.580749 1.124945
v -0.001115 -0.567349 1.069127
v 0.347636 -0.562464 1.044178
v -0.399685 -0.554883 1.079296
v -0.099365 -0.592203 0.927508
v -0.428276 -0.576555 0.858141
v -0.011874 -0.586228 0.609838
v -0.564006 -0.545649 0.747403
v 0.482004 -0.567242 0.729822
v 0.463515 -0.590196 0.770681
v -0.099238 -0.588419 0.585276
v -0.471818 -0.576127 0.398424
v -0.475662 -0.585431 0.511039
v -0.021335 -0.586228 0.204167
v 0.054562 -0.591233 -0.041760
v -0.013505 -0.588943 -0.027033
v -0.474963 -0.548610 0.084308
v 0.625437 -0.571254 -0.129972
v 0.717412 -0.560424 -0.214715
v -0.496216 -0.561978 -0.246587
v -0.642507 -0.566675 -0.329122
v -0.744141 -0.553377 -0.573481
v 0.931535 -0.572113 -0.613421
v 0.878674 -0.562758 -0.631502
v 0.962441 -0.589555 -0.787367
v 0.813909 -0.577264 -0.764536
v 0.888709 -0.603369 -0.823461
v -0.807988 -0.567239 -0.786199
v 0.789194 -0.584710 -0.864428
v -0.711581 -0.571270 -0.965272
v 0.744306 -0.584217 -0.952578
v 0.725103 -0.567849 -1.028335
v -0.031358 -0.587994 -1.047336
v 0.667478 -0.551176 -1.129097
v -0.138441 -0.582675 -1.113865
v -0.507640 -0.582709 -1.179720
v -0.669105 -0.535434 -1.201135
v -0.193326 -0.561973 -1.209589
v 0.219626 -0.568135 -1.196934
v 0.380951 -0.575913 -1.245994
v -0.412029 -0.577716 -1.241459
v -0.089038 -0.567968 -1.247409
v -0.637345 -0.547565 1.637692
v -0.595751 -0.557612 1.505474
v -0.121984 -0.571169 0.999784
v -0.312088 -0.563887 0.961559
v -0.483674 -0.554659 0.433918
v -0.040487 -0.585247 0.408933
v 0.460073 -0.582585 0.091832
v 0.500502 -0.553882 0.040746
v 0.600168 -0.545870 0.056930
v 0.769617 -0.539238 -0.023373
v 0.515069 -0.561770 -0.150996
v 0.811090 -0.536546 -0.278691
v 0.882405 -0.551754 -0.542773
v 0.931709 -0.542924 -0.512042
v 0.888379 -0.574767 -0.740979
v -0.841986 -0.535570 -1.024238
v 0.806013 -0.573466 -0.965059
v 0.070764 -0.568162 -1.170730
v 0.206596 -0.546542 -1.306955
v -0.357326 -0.556516 -1.340214
v -0.405209 -0.545325 -1.357040
v 0.647705 -0.527223 1.638651
v 0.586738 -0.561172 1.552661
v 0.586041 -0.564859 1.471974
v 0.420796 -0.538769 1.128426
v -0.512620 -0.536841 0.871843
v -0.500436 -0.575385 0.715386
v -0.478475 -0.588973 0.625757
v -0.514828 -0.555375 0.701410
v -0.502835 -0.555009 0.603631
v -0.469812 -0.547856 0.308715
v 0.679810 -0.549129 0.058919
v 0.496329 -0.533902 0.004456
v -0.631768 -0.546139 -0.097733
v 0.764262 -0.533095 -0.308655
v 0.888896 -0.528669 -0.457900
v 0.893484 -0.562685 -0.664564
v -0.760945 -0.564541 -0.841296
v 0.986124 -0.563144 -0.816843
v -0.890015 -0.540600 -0.902494
v -0.798869 -0.551317 -0.885119
v 0.922109 -0.554209 -0.992108
v -0.705497 -0.553743 -1.043688
v 0.845330 -0.542980 -1.009327
v -0.757654 -0.534091 -1.125062
v 0.462026 -0.551507 -1.291148
v -0.226364 -0.527911 -1.348513
v 0.651484 -0.537977 1.627147
v -0.518852 -0.516055 1.095230
v -0.298171 -0.554904 1.058177
v -0.135779 -0.566277 1.057043
v 0.111659 -0.568378 1.032828
v -0.445633 -0.520045 1.026810
v 0.255825 -0.558914 1.042175
v -0.271975 -0.559565 1.000601
v 0.511901 -0.529832 0.935435
v 0.493172 -0.565896 0.860033
v 0.512664 -0.534844 0.819667
v -0.532982 -0.543798 0.799177
v 0.485328 -0.496675 0.556504
v -0.511091 -0.567462 0.468911
v -0.503710 -0.521160 0.375324
v -0.485258 -0.521864 0.200280
v 0.509138 -0.528418 0.150657
v -0.677761 -0.528153 -0.062290
v -0.643491 -0.538341 -0.175352
v -0.772157 -0.512696 -0.401487
v 0.903054 -0.540396 -0.508478
v 0.900483 -0.550695 -0.586352
v -0.839016 -0.540311 -0.593232
v 0.795830 -0.552388 -0.596384
v 0.973111 -0.553126 -0.576013
v 0.858940 -0.545624 -0.660156
v 0.898494 -0.560978 -0.873037
v 0.890545 -0.548101 -0.957736
v -0.676328 -0.525649 -1.153005
v -0.093898 -0.551518 -1.220518
v -0.566826 -0.546016 -1.213924
v -0.350974 -0.550003 -1.299461
v -0.650507 -0.501316 1.442972
v 0.479482 -0.526585 1.148340
v 0.398757 -0.539401 0.963295
v -0.525725 -0.526262 0.921778
v 0.558632 -0.529558 0.852033
v 0.537481 -0.525625 0.793825
v -0.548146 -0.533754 0.780508
v -0.498542 -0.540744 0.548986
v 0.471009 -0.509956 0.415631
v 0.503215 -0.512275 0.309239
v 0.490406 -0.535457 0.247311
v 0.530985 -0.532732 0.094979
v -0.484449 -0.535816 0.032666
v 0.433809 -0.578422 -0.028116
v -0.756864 -0.511523 -0.190638
v 0.834158 -0.524436 -0.391027
v 0.829393 -0.542997 -0.514228
v -0.775166 -0.554872 -0.728385
v -0.887233 -0.523692 -0.692497
v -0.939015 -0.527704 -0.730388
v 0.876399 -0.533389 -0.764021
v 0.719846 -0.511411 -1.221164
v 0.092720 -0.534356 -1.321699
v 0.498600 -0.513708 -1.374197
v 0.601671 -0.538405 1.632602
v -0.633840 -0.516077 1.626254
v 0.647839 -0.516723 1.534284
v 0.339099 -0.539077 1.033384
v 0.437747 -0.518357 1.035030
v -0.351392 -0.539799 0.989584
v -0.427467 -0.503943 0.975200
v -0.623815 -0.484816 0.882349
v -0.518658 -0.534259 0.695394
v 0.498178 -0.512309 0.423513
v 0.774731 -0.508708 0.118533
v 0.678081 -0.529995 0.027307
v 0.833869 -0.529501 -0.177978
v 0.969044 -0.518685 -0.484015
v -0.869944 -0.525195 -0.657591
v 0.982410 -0.546248 -0.812743
v -0.806137 -0.538793 -0.776320
v 0.989696 -0.550958 -0.952500
v 0.872387 -0.529426 -1.036781
v 0.899071 -0.544075 -1.031099
v 0.775181 -0.548153 -1.023373
v 0.028577 -0.535701 -1.259328
v 0.160674 -0.530427 -1.274192
v -0.648181 -0.497505 -1.283454
v 0.292686 -0.536252 -1.297715
v -0.409649 -0.520877 -1.345414
v -0.125678 -0.517161 -1.350359
v 0.658490 -0.541282 1.544703
v 0.607351 -0.580640 1.496191
v 0.662650 -0.510648 1.373717
v 0.571521 -0.537684 1.310272
v 0.519586 -0.590689 1.372973
v -0.467160 -0.523046 1.119999
v -0.489823 -0.494586 0.980395
v 0.610371 -0.487029 0.987221
v 0.606419 -0.493277 0.916395
v 0.545805 -0.522704 0.904531
v -0.538240 -0.553501 0.669584
v -0.534007 -0.445352 0.571999
v -0.524838 -0.563717 0.568596
v -0.499380 -0.483366 0.302066
v 0.651545 -0.518646 0.177472
v 0.706399 -0.510015 0.201688
v 0.503744 -0.507761 0.115578
v -0.528846 -0.518828 -0.012645
v 0.625801 -0.525489 0.048678
v 0.767302 -0.531789 -0.145595
v -0.507159 -0.529632 -0.133894
v 0.826712 -0.504417 -0.411216
v 0.899042 -0.515095 -0.707190
v 0.937120 -0.550841 -0.793347
v 0.972500 -0.546960 -0.759453
v 0.944794 -0.549139 -0.835861
v -0.848050 -0.535952 -0.817003
v 0.962107 -0.534274 -0.859122
v 0.547551 -0.535102 -1.270099
v -0.202217 -0.529071 -1.289685
v 0.452946 -0.504083 -1.398621
v 0.640737 -0.511277 1.629959
v 0.719039 -0.476636 1.615357
v 0.638347 -0.504512 1.398060
v -0.598562 -0.506331 1.285657
v 0.576943 -0.486880 1.180392
v -0.542892 -0.511566 1.185670
v 0.405040 -0.519787 1.071806
v -0.461215 -0.514808 0.145425
v -0.624658 -0.511938 0.026998
v -0.504861 -0.499263 0.131308
v 0.737365 -0.518303 0.011074
v 0.839780 -0.493462 -0.020000
v -0.455984 -0.546907 -0.078877
v 0.877088 -0.508293 -0.245728
v -0.815451 -0.497000 -0.301869
v -0.854847 -0.516526 -0.512161
v -0.838177 -0.516832 -0.639018
v -0.851307 -0.512443 -0.738839
v 0.932810 -0.540580 -0.737574
v 0.923981 -0.542100 -0.772689
v 0.933858 -0.523077 -0.760021
v -0.921402 -0.540906 -0.807017
v 0.931127 -0.539619 -0.831536
v 1.007379 -0.531418 -0.959305
v 0.996149 -0.527204 -0.930872
v 0.989029 -0.533460 -0.879155
v 0.889641 -0.525339 -0.853908
v 0.862152 -0.524700 -0.950868
v -0.847742 -0.520766 -0.965070
v -0.950009 -0.510226 -0.965173
v 0.863133 -0.523199 -1.054107
v 0.765927 -0.518558 -1.105435
v 0.911232 -0.499776 -1.122240
v 0.829972 -0.500550 -1.149205
v -0.324811 -0.511306 -1.387795
v -0.666801 -0.490890 1.515983
v -0.455447 -0.486633 1.027159
v 0.502336 -0.477441 0.986881
v -0.621603 -0.464205 0.935944
v -0.487410 -0.478295 0.433575
v 0.584283 -0.505789 0.198424
v 0.480838 -0.510486 0.206963
v -0.766702 -0.488274 -0.258495
v 0.918383 -0.505051 -0.638505
v -0.980681 -0.509454 -0.619147
v -0.953681 -0.525564 -0.724999
v -0.949697 -0.516217 -0.663170
v 0.956141 -0.530159 -0.691222
v -0.953581 -0.520989 -0.796112
v 0.961013 -0.509565 -0.798364
v 0.965352 -0.517744 -0.862039
v 0.982396 -0.513444 -0.868918
v -0.786823 -0.514877 -1.068475
v 0.999376 -0.510959 -1.016977
v 0.055639 -0.513019 -1.303541
v 0.373652 -0.495598 -1.372175
v 0.221580 -0.489644 -1.391241
v -0.684388 -0.504937 1.635968
v 0.626557 -0.471915 1.170727
v 0.540012 -0.464282 1.040762
v -0.554008 -0.498702 0.764648
v 0.548650 -0.453560 0.745413
v -0.544556 -0.432835 0.641810
v -0.519098 -0.467236 0.476507
v 0.553814 -0.485319 0.299248
v 0.557160 -0.512346 0.064459
v -0.525511 -0.495533 -0.024274
v -0.639135 -0.507865 -0.048798
v 0.858185 -0.487057 -0.225804
v 0.953865 -0.499888 -0.400545
v 0.981266 -0.537756 -0.596384
v 0.980127 -0.529550 -0.631694
v -0.956223 -0.508322 -0.598454
v -0.934908 -0.507720 -0.689105
v -1.024126 -0.510235 -0.788142
v -0.929818 -0.507341 -0.748658
v -0.964799 -0.502598 -0.867641
v -0.928474 -0.515260 -0.818655
v 0.969716 -0.513929 -0.885690
v 0.967958 -0.521392 -0.914285
v -0.906362 -0.499824 -0.966117
v 0.964313 -0.520326 -0.937678
v 0.221818 -0.486924 -1.355429
v 0.647720 -0.444984 -1.368745
v -0.286849 -0.492978 -1.363366
v -0.553425 -0.474786 -1.379014
v -0.472025 -0.488745 -1.400951
v 0.058302 -0.490083 -1.386600
v 0.718772 -0.468804 1.484627
v -0.715204 -0.444315 1.381471
v 0.626861 -0.481661 1.280894
v 0.588686 -0.484650 0.946971
v 0.573573 -0.481708 0.906897
v -0.595141 -0.520727 0.822474
v -0.586558 -0.502486 0.769760
v -0.578151 -0.494323 0.811813
v 0.522158 -0.438906 0.713335
v 0.709594 -0.497204 0.135677
v -0.697223 -0.501840 0.025138
v -0.543512 -0.491217 0.086734
v 0.780628 -0.493335 0.029243
v -0.719931 -0.503396 -0.035799
v 0.832912 -0.495190 -0.352254
v -0.834404 -0.500342 -0.517174
v 0.888748 -0.499227 -0.478689
v -0.975360 -0.498119 -0.553829
v 0.950215 -0.516299 -0.579047
v -0.865803 -0.498772 -0.662062
v -1.037993 -0.484628 -0.674186
v 0.964160 -0.511816 -0.698690
v 1.042736 -0.492815 -0.802667
v 0.943135 -0.519734 -0.705549
v -1.058039 -0.494867 -0.792239
v 1.037495 -0.489173 -0.902136
v 0.965008 -0.507887 -0.977726
v 0.880887 -0.483393 -1.130775
v 0.947274 -0.493843 -1.105961
v 0.974664 -0.510075 -1.054260
v 0.944488 -0.519109 -1.073973
v -0.707759 -0.475856 -1.215976
v -0.800647 -0.477508 -1.187056
v 0.519143 -0.485010 -1.355022
v 0.727620 -0.447074 1.627604
v -0.691410 -0.444645 1.273400
v -0.637208 -0.476105 1.208986
v 0.606886 -0.523423 1.257613
v 0.687140 -0.431640 1.217554
v -0.613984 -0.419096 1.049291
v 0.571571 -0.488566 0.959585
v -0.522038 -0.443778 0.668552
v 0.522191 -0.481431 0.596253
v 0.520792 -0.485030 0.408468
v 0.610329 -0.462901 0.366262
v 0.648304 -0.493559 0.170695
v -0.650083 -0.485920 0.111370
v 0.813419 -0.490929 -0.064296
v -0.717024 -0.484434 -0.075154
v -0.873616 -0.499977 -0.517728
v -0.910908 -0.486348 -0.631778
v 0.966151 -0.504552 -0.618550
v 0.964623 -0.511602 -0.648751
v 1.041903 -0.487965 -0.666157
v 0.938813 -0.499321 -0.875871
v 0.919901 -0.501968 -0.929992
v 0.961486 -0.503676 -0.944173
v 0.875111 -0.487421 -1.049418
v 0.978294 -0.506168 -0.997319
v -0.921308 -0.474661 -1.094756
v -0.821219 -0.481794 -1.107188
v 0.742774 -0.483524 -1.193142
v 0.467243 -0.479747 -1.381366
v 0.367379 -0.421349 -1.480967
v 0.681431 -0.480088 1.522178
v -0.499610 -0.470587 0.955665
v 0.528742 -0.466385 0.551081
v -0.486059 -0.459986 0.358554
v 0.700555 -0.468285 0.347568
v -0.560499 -0.456154 0.187576
v -0.706455 -0.461067 0.163419
v -0.484197 -0.498663 0.053457
v -0.535199 -0.479473 0.032093
v -0.793524 -0.459235 -0.037692
v 1.020415 -0.492533 -0.614040
v -0.948668 -0.483676 -0.623120
v -0.937152 -0.487769 -0.655297
v -1.086847 -0.490001 -0.719913
v -1.079551 -0.499715 -0.800355
v -1.076625 -0.492660 -0.667682
v -0.892407 -0.485624 -0.692226
v 0.929188 -0.492181 -0.756320
v -0.931010 -0.516802 -0.815640
v -0.877797 -0.521936 -0.867498
v 0.991200 -0.481683 -0.982870
v 0.967909 -0.489751 -1.030744
v -0.453288 -0.451177 -1.404475
v -0.470820 -0.530538 -1.314311
v -0.161614 -0.462366 -1.421691
v -0.565598 -0.420083 1.044669
v 0.647969 -0.446316 0.955361
v -0.525336 -0.435985 0.399141
v -0.491866 -0.457082 0.237446
v 0.775567 -0.463386 0.285439
v 0.541880 -0.472047 0.239076
v 0.927860 -0.485923 -0.432113
v 0.931787 -0.492662 -0.486693
v 0.980480 -0.531464 -0.545392
v 0.905328 -0.500722 -0.546040
v -1.028153 -0.452321 -0.554414
v 0.953137 -0.472333 -0.545797
v 0.987154 -0.470138 -0.525480
v 1.030341 -0.484160 -0.588588
v -0.884925 -0.502423 -0.607078
v 0.938283 -0.439362 -0.555728
v -0.917024 -0.452164 -0.563343
v 0.960406 -0.475560 -0.633456
v -0.962112 -0.472847 -0.685508
v -1.060192 -0.490217 -0.831314
v -1.034345 -0.480507 -0.872005
v -1.033217 -0.506891 -0.849742
v -1.059222 -0.477119 -0.890606
v -1.049743 -0.475125 -0.865144
v -0.925793 -0.482678 -0.833826
v 0.422829 -0.533190 -1.330649
v 0.708902 -0.442002 1.620619
v -0.564669 -0.527986 1.187700
v -0.655462 -0.412124 1.105496
v 0.540330 -0.523477 1.142570
v 0.609703 -0.439902 1.098163
v 0.603583 -0.379217 0.873430
v -0.611697 -0.448161 0.842904
v -0.544592 -0.418924 0.744257
v -0.582031 -0.457245 0.761974
v 0.562583 -0.449329 0.426464
v 0.507540 -0.460243 0.421297
v 0.558992 -0.480687 0.197341
v -0.672156 -0.451030 0.219878
v -0.753687 -0.454388 0.105888
v -0.634889 -0.482837 0.036768
v 0.908803 -0.451566 -0.225190
v 0.971718 -0.464015 -0.346448
v -0.869067 -0.451557 -0.266512
v 0.998736 -0.478375 -0.483851
v 1.084299 -0.458334 -0.688580
v -0.967980 -0.484747 -0.768522
v 0.983243 -0.484769 -0.769165
v 0.971098 -0.489751 -0.864006
v -0.958768 -0.479376 -0.969214
v 0.964221 -0.442002 -1.060241
v 0.860734 -0.453589 -1.141445
v 0.072379 -0.468133 -1.372458
v 0.082960 -0.430367 -1.446078
v 0.203680 -0.421320 -1.463787
v -0.595167 -0.428665 0.997574
v 0.570299 -0.391474 0.870145
v -0.563589 -0.425153 0.722991
v -0.508518 -0.432252 0.570333
v 0.521907 -0.433192 0.541564
v -0.533346 -0.446600 0.276678
v 0.723452 -0.467952 0.238743
v 0.770074 -0.464506 0.179163
v -0.718490 -0.465091 0.026858
v -0.824021 -0.457113 -0.128367
v -0.868967 -0.461307 -0.497830
v 0.952986 -0.500529 -0.524702
v 1.068248 -0.462072 -0.493789
v 1.092780 -0.473329 -0.580849
v -0.968606 -0.486142 -0.513425
v 1.129414 -0.473873 -0.609135
v 1.124890 -0.474213 -0.634581
v -0.942232 -0.454650 -0.566037
v 1.064866 -0.457133 -0.606159
v -1.059187 -0.440101 -0.570370
v -1.119856 -0.445506 -0.701755
v 1.099742 -0.450141 -0.774935
v -1.089644 -0.492648 -0.828116
v -1.113500 -0.439469 -0.871490
v -1.049058 -0.469324 -0.954336
v -1.007855 -0.462007 -0.944549
v -0.985102 -0.508093 -0.938196
v -0.974442 -0.473943 -1.053033
v 0.970224 -0.490688 -0.998179
v 0.959023 -0.481172 -1.071673
v 0.902515 -0.464070 -1.146249
v -0.606353 -0.478028 -1.296862
v -0.582138 -0.440599 -1.359130
v -0.673526 -0.405039 -1.375851
v -0.317744 -0.406710 -1.494145
v 0.736001 -0.407842 1.313252
v 0.692896 -0.435581 1.367743
v -0.694292 -0.392033 1.240716
v -0.667513 -0.383248 1.149283
v -0.641597 -0.463789 0.856436
v -0.615419 -0.448734 0.913896
v 0.544758 -0.408534 0.800360
v 0.555812 -0.423455 0.681437
v 0.489590 -0.490748 0.303277
v 0.682047 -0.453390 0.311287
v -0.514342 -0.461293 0.139925
v 0.804875 -0.450114 0.142720
v 0.885552 -0.469974 -0.128527
v 0.883555 -0.440647 -0.022848
v 0.857031 -0.446036 -0.061934
v 0.927449 -0.488107 -0.333288
v 1.023346 -0.428283 -0.409351
v 0.984536 -0.465739 -0.406019
v -1.000676 -0.450401 -0.452448
v -0.974613 -0.446321 -0.433539
v 0.945307 -0.469635 -0.468974
v 0.955230 -0.467655 -0.509447
v -0.851629 -0.491890 -0.548947
v 1.052521 -0.453115 -0.551944
v -0.956532 -0.457564 -0.540433
v -0.920071 -0.441031 -0.621816
v 1.125451 -0.444474 -0.754858
v 1.148962 -0.458762 -0.717808
v -1.106970 -0.463558 -0.745936
v -0.997759 -0.466329 -0.825229
v 1.039120 -0.456794 -0.903965
v -1.030540 -0.458822 -0.915652
v 0.263396 -0.415072 -1.440007
v -0.079587 -0.419327 -1.459612
v -0.717745 -0.420148 1.633853
v 0.545612 -0.468931 1.018999
v -0.708834 -0.391274 0.960599
v 0.555596 -0.438353 0.509308
v 0.766040 -0.430821 0.405630
v 0.822363 -0.453025 0.211742
v 0.858039 -0.429015 0.146385
v -0.644851 -0.458606 0.114317
v 0.896981 -0.451629 -0.287852
v 0.914629 -0.463493 -0.344530
v 0.880303 -0.475352 -0.276760
v 0.910818 -0.444363 -0.274331
v 0.926434 -0.450345 -0.307073
v 0.947539 -0.454464 -0.436341
v 1.100954 -0.451899 -0.410152
v 1.036199 -0.449303 -0.512999
v -0.959555 -0.433514 -0.477467
v 1.120334 -0.474547 -0.576431
v 1.153729 -0.429004 -0.635273
v -1.083854 -0.433067 -0.581182
v 1.006879 -0.462825 -0.590779
v -1.010424 -0.458381 -0.795047
v -1.088886 -0.479252 -0.885484
v -1.020916 -0.442199 -0.987069
v -0.951526 -0.443996 -1.063134
v 0.954157 -0.453827 -1.108917
v -0.948462 -0.447471 -1.112234
v 0.834042 -0.407332 -1.229297
v 0.680466 -0.422324 -1.330631
v -0.174837 -0.494024 -1.343383
v -0.060581 -0.495584 -1.337227
v 0.387535 -0.438709 -1.428311
v -0.730635 -0.445670 1.636508
v -0.741751 -0.430878 1.527601
v 0.581084 -0.420338 1.013606
v 0.629500 -0.439225 0.963344
v 0.546339 -0.444105 0.366933
v -0.574338 -0.423497 0.205459
v -0.699237 -0.447525 0.120498
v 0.838661 -0.438044 0.057764
v -0.807818 -0.420339 -0.053455
v 1.055488 -0.446053 -0.408180
v 1.077627 -0.438445 -0.319416
v -1.004032 -0.431941 -0.405132
v -0.901243 -0.458626 -0.533287
v -1.103720 -0.435287 -0.619579
v 1.033250 -0.448747 -0.579258
v 1.149353 -0.461127 -0.683925
v -1.057102 -0.420325 -0.716057
v 1.160362 -0.402847 -0.888141
v -0.975526 -0.476996 -0.908349
v 1.095951 -0.435093 -0.936295
v -1.082902 -0.428891 -0.958873
v -0.792555 -0.400726 -1.298649
v -0.560128 -0.374339 -1.425488
v 0.565893 -0.415971 1.051205
v 0.491268 -0.463405 1.029697
v 0.517951 -0.471685 1.086691
v 0.679930 -0.411998 1.019211
v 0.625688 -0.440448 0.984016
v -0.657628 -0.414343 0.854386
v 0.632048 -0.409953 0.519398
v 0.793128 -0.420267 0.395372
v 0.822545 -0.412182 0.349753
v 0.792168 -0.412711 0.315049
v -0.812240 -0.419111 0.075414
v -0.851887 -0.419128 -0.079279
v 0.881579 -0.433871 -0.201452
v -0.852917 -0.427679 -0.258840
v 1.047465 -0.434207 -0.366452
v 1.004498 -0.425197 -0.361896
v 0.950458 -0.426369 -0.390063
v -0.977413 -0.392583 -0.342829
v 1.170365 -0.417461 -0.454131
v -0.846258 -0.461977 -0.374891
v -0.882922 -0.432176 -0.422625
v -1.053711 -0.415908 -0.471939
v -0.945117 -0.426673 -0.478479
v 1.116706 -0.454804 -0.482773
v 1.172665 -0.435074 -0.803517
v -0.981680 -0.444718 -0.949047
v -1.050552 -0.448467 -1.026117
v -0.987998 -0.436127 -1.097172
v 0.964085 -0.402664 -1.177134
v 0.850194 -0.400694 -1.271811
v -0.372643 -0.373563 -1.516876
v -0.722051 -0.407033 1.478640
v 0.640937 -0.423159 1.176738
v 0.610346 -0.420685 1.042015
v -0.613763 -0.371550 0.850429
v 0.540763 -0.398240 0.650427
v 0.585516 -0.410283 0.564222
v 0.716674 -0.424515 0.472061
v 0.606732 -0.436706 0.362542
v 0.754718 -0.405644 0.412928
v -0.598511 -0.405455 0.341151
v -0.732176 -0.405720 0.304654
v -0.781045 -0.402376 0.232230
v 0.829012 -0.406060 0.214977
v 0.903448 -0.377619 -0.055908
v 0.875747 -0.391146 -0.261893
v 0.925905 -0.438724 -0.339507
v 1.161149 -0.405632 -0.420245
v 1.012940 -0.426571 -0.458566
v 0.907428 -0.474125 -0.530510
v 0.940396 -0.423465 -0.531145
v -1.122954 -0.434483 -0.502005
v -0.885792 -0.433087 -0.555402
v -1.144399 -0.426520 -0.665487
v -1.173670 -0.412663 -0.755874
v -1.045600 -0.419101 -0.665026
v -0.888661 -0.373750 -1.253708
v 0.361548 -0.506485 -1.396684
v 0.764665 -0.384706 1.466887
v -0.747266 -0.370683 1.263848
v -0.585669 -0.401472 1.006128
v -0.707941 -0.381453 0.905136
v 0.586145 -0.392516 0.647763
v -0.541571 -0.405632 0.475264
v -0.663794 -0.412780 0.251471
v 0.919309 -0.407499 -0.250758
v -1.197278 -0.426877 -0.422212
v -1.156090 -0.413217 -0.302348
v 0.920348 -0.410863 -0.432670
v -0.938827 -0.404989 -0.423176
v -1.179513 -0.422498 -0.527155
v 1.089464 -0.439265 -0.570608
v 1.032401 -0.463384 -0.670332
v 1.181288 -0.410174 -0.720700
v 1.073511 -0.437495 -0.725523
v 1.176944 -0.436256 -0.782649
v -1.043904 -0.430755 -0.843293
v -1.009312 -0.439093 -0.888279
v 1.038290 -0.464255 -0.814108
v 1.134194 -0.397834 -0.967059
v -1.069948 -0.374491 -1.078546
v -1.048504 -0.421321 -1.082744
v 1.026693 -0.417257 -1.122841
v 1.072085 -0.396404 -1.087444
v 1.026025 -0.460100 -1.054634
v 0.110707 -0.404476 -1.436180
v -0.524406 -0.356607 -1.480520
v 0.418812 -0.388518 -1.503660
v -0.731041 -0.405406 1.578419
v 0.751410 -0.374619 1.555862
v 0.740331 -0.377546 1.464276
v 0.697746 -0.367712 1.118529
v 0.617710 -0.359368 0.930136
v -0.666341 -0.404399 0.916611
v 0.619268 -0.392244 0.577577
v -0.681183 -0.391918 0.379367
v -0.548350 -0.406774 0.292284
v -0.726767 -0.400637 0.250830
v 0.877028 -0.391095 0.161390
v 0.896815 -0.373164 0.057788
v -0.881778 -0.391022 -0.129231
v -0.882764 -0.425813 -0.234347
v 0.907100 -0.415931 -0.200221
v 1.152437 -0.395877 -0.307304
v -1.089630 -0.412168 -0.365053
v -1.050270 -0.407091 -0.411371
v 0.889877 -0.372856 -0.445026
v 1.088648 -0.428349 -0.469516
v 1.046287 -0.413399 -0.532579
v 1.092422 -0.428779 -0.654675
v 1.065902 -0.416046 -0.604501
v -0.969687 -0.424420 -0.580399
v -1.084394 -0.440948 -0.738475
v -1.070167 -0.444118 -0.677766
v -1.117626 -0.423805 -0.723596
v -1.087871 -0.434464 -0.765563
v 1.189335 -0.413491 -0.839606
v -1.148610 -0.393327 -0.766690
v -1.079704 -0.433862 -0.801999
v -1.092049 -0.426494 -0.849311
v -1.066415 -0.440846 -0.843797
v 1.024306 -0.438236 -1.003981
v -0.953290 -0.390351 -1.186853
v 0.946941 -0.387495 -1.164000
v -0.765507 -0.395673 -1.281635
v 0.632752 -0.501764 -1.258331
v 0.499987 -0.380606 -1.451519
v -0.159081 -0.434782 -1.411017
v -0.184020 -0.397851 -1.493336
v 0.647182 -0.398108 1.066181
v -0.678705 -0.372579 0.966635
v 0.649825 -0.344369 0.918481
v -0.577815 -0.337370 0.784139
v 0.601424 -0.359419 0.824133
v -0.624604 -0.379088 0.822798
v -0.533948 -0.384057 0.665057
v 0.543009 -0.429683 0.427662
v 0.747461 -0.397560 0.528958
v 0.610989 -0.392771 0.496252
v 0.864253 -0.373821 0.298410
v -0.786600 -0.391025 0.143730
v 0.861327 -0.388809 0.084665
v -0.854944 -0.399077 -0.166294
v -0.873815 -0.393664 -0.249727
v 1.219390 -0.394029 -0.355778
v 1.256110 -0.411660 -0.363072
v 1.234287 -0.420182 -0.290734
v -0.923979 -0.426829 -0.448836
v -0.882215 -0.474664 -0.411310
v -0.905180 -0.421556 -0.329768
v 1.199272 -0.400789 -0.408615
v 1.201669 -0.424050 -0.444654
v 1.243985 -0.391376 -0.451748
v -0.956485 -0.394594 -0.398715
v 1.197902 -0.383459 -0.514768
v -1.250690 -0.406062 -0.453803
v 1.158686 -0.413916 -0.540139
v 1.055751 -0.417591 -0.555781
v -1.058976 -0.403274 -0.618424
v 1.116817 -0.439294 -0.632344
v 1.144707 -0.392661 -0.644999
v 1.133246 -0.430554 -0.680481
v 1.081271 -0.428300 -0.718809
v 1.110263 -0.418059 -0.743084
v 1.199663 -0.386458 -0.806261
v -1.054547 -0.420521 -0.916490
v -1.015553 -0.422080 -0.946837
v 1.097758 -0.379311 -1.002871
v -0.985458 -0.409233 -1.078682
v -1.020236 -0.420624 -1.097054
v 0.110148 -0.374906 -1.517818
v -0.655972 -0.478201 1.376541
v 0.712846 -0.385001 1.283174
v 0.698064 -0.385844 0.985868
v -0.646058 -0.425585 0.885209
v -0.581519 -0.347240 0.695004
v 0.779328 -0.368055 0.579624
v 0.560182 -0.399578 0.539376
v -0.596380 -0.380995 0.424844
v -0.511620 -0.414514 0.376749
v 1.064843 -0.400792 -0.248280
v 1.254921 -0.389507 -0.200906
v 1.216005 -0.411607 -0.226765
v -1.112606 -0.392258 -0.255935
v -1.236534 -0.403473 -0.271991
v 1.337106 -0.377522 -0.247488
v -1.048359 -0.393995 -0.369583
v 1.090358 -0.411162 -0.414230
v 1.250189 -0.395949 -0.513517
v 1.026904 -0.395848 -0.488502
v 1.017929 -0.432298 -0.527529
v 0.980577 -0.403578 -0.498938
v 0.982175 -0.430350 -0.514010
v -1.100872 -0.410985 -0.635361
v 1.143191 -0.420770 -0.712382
v 1.157284 -0.406025 -0.786665
v -1.060244 -0.418234 -0.775691
v -1.143949 -0.362741 -1.001268
v -1.046549 -0.419030 -0.979810
v -0.981361 -0.400592 -1.107701
v -0.687742 -0.376395 -1.354166
v 0.664304 -0.369089 -1.390668
v -0.603854 -0.355468 -1.448152
v 0.419490 -0.348531 -1.504024
v 0.518577 -0.405542 -1.459017
v 0.593829 -0.368728 -1.451984
v -0.768358 -0.371202 1.646261
v -0.694503 -0.377437 1.027256
v 0.655799 -0.387554 1.015536
v 0.698035 -0.372249 0.604886
v 0.715877 -0.391347 0.487691
v 0.807690 -0.381415 0.482011
v -0.789359 -0.376613 0.302597
v -0.896492 -0.373896 -0.172072
v 1.157831 -0.390686 -0.181958
v 1.156357 -0.393912 -0.289061
v -1.350206 -0.378072 -0.310580
v -0.886426 -0.360437 -0.270004
v -1.016483 -0.382374 -0.308453
v 1.326551 -0.393144 -0.427535
v 1.268554 -0.393465 -0.431572
v -1.005547 -0.386980 -0.536083
v 1.110103 -0.430511 -0.529336
v 1.135022 -0.399255 -0.838324
v 1.087077 -0.422676 -0.869033
v 1.083204 -0.411749 -0.945052
v -1.118948 -0.367445 -1.038894
v 1.008636 -0.415563 -1.087906
v -1.046272 -0.362717 -1.146069
v -0.912410 -0.436812 -1.105823
v -0.926996 -0.349430 -1.209242
v 0.331558 -0.370784 -1.497640
v -0.048688 -0.384266 -1.504211
v 0.226319 -0.364722 -1.539845
v -0.763842 -0.344909 1.551235
v 0.620308 -0.377453 1.043827
v -0.743194 -0.359732 0.974620
v -0.676646 -0.376353 0.911659
v -0.608554 -0.329208 0.780827
v -0.549698 -0.393441 0.575719
v -0.570642 -0.372927 0.527670
v 0.861655 -0.347398 0.387491
v -0.829337 -0.376346 0.168851
v 0.878028 -0.374486 -0.031166
v 1.233673 -0.379044 -0.157921
v -1.232855 -0.377388 -0.136058
v 1.102669 -0.387138 -0.217182
v 0.905672 -0.370308 -0.219205
v 0.964344 -0.363803 -0.220373
v -1.324285 -0.377560 -0.217690
v -1.046289 -0.362188 -0.285682
v 1.064877 -0.405205 -0.343883
v 1.135649 -0.377247 -0.313553
v 0.915511 -0.376084 -0.428893
v -1.103881 -0.398931 -0.437373
v -1.153239 -0.406025 -0.460300
v -1.186355 -0.401591 -0.415563
v 0.941574 -0.410222 -0.460710
v 1.321310 -0.380683 -0.526220
v -0.903472 -0.385465 -0.460622
v -1.088937 -0.407738 -0.545363
v -0.923068 -0.394922 -0.514765
v 0.986700 -0.392367 -0.465513
v -1.138791 -0.406480 -0.546120
v 1.263515 -0.378456 -0.559638
v -1.034440 -0.373602 -0.497155
v -1.143515 -0.396413 -0.689790
v 1.195306 -0.338045 -0.729562
v -1.226883 -0.360108 -0.813147
v -1.108618 -0.399640 -0.908483
v 0.848183 -0.356910 -1.277171
v -0.772397 -0.364443 -1.345214
v 0.747745 -0.411880 -1.340530
v 0.703649 -0.347495 -1.414548
v 0.184884 -0.353386 -1.510085
v -0.367945 -0.350073 -1.503880
v -0.210336 -0.358321 -1.544717
v 0.307069 -0.353104 -1.554086
v -0.741266 -0.359349 1.390804
v 0.619784 -0.385046 1.085882
v 0.586514 -0.370012 0.606992
v 0.837432 -0.337285 0.527860
v -0.563239 -0.364482 0.434872
v -0.833651 -0.369896 0.030083
v -0.855756 -0.390425 0.009166
v 0.964578 -0.406060 -0.310991
v -0.905197 -0.379569 -0.374932
v -1.352699 -0.376980 -0.377924
v -0.930463 -0.366782 -0.370421
v -1.139972 -0.388838 -0.325706
v 1.152848 -0.377553 -0.407934
v 0.959752 -0.396183 -0.432798
v 0.884221 -0.433384 -0.476391
v 1.279148 -0.373956 -0.500689
v 1.129030 -0.411388 -0.450328
v -1.218256 -0.385424 -0.537696
v 0.960301 -0.332231 -0.464977
v 1.189572 -0.335716 -0.603886
v 1.212377 -0.355152 -0.686130
v 1.178074 -0.335561 -1.017266
v 1.019927 -0.384979 -1.116065
v 0.114301 -0.350542 -1.508859
v -0.725081 -0.351228 1.061254
v 0.795974 -0.369493 0.446694
v 0.840011 -0.353663 0.318655
v 0.860671 -0.350647 0.201746
v 0.893571 -0.349433 0.137573
v 0.871495 -0.347417 0.075796
v 1.298389 -0.369284 -0.093412
v -1.336127 -0.369107 -0.112654
v 1.087521 -0.373009 -0.196430
v -0.912237 -0.357704 -0.277477
v -1.099808 -0.359278 -0.178493
v 0.972291 -0.406455 -0.347813
v 0.940899 -0.353301 -0.342312
v -1.194034 -0.381349 -0.270336
v -1.238311 -0.382837 -0.309759
v 1.042931 -0.382524 -0.357129
v 1.072238 -0.413950 -0.370945
v 0.932149 -0.406235 -0.405452
v 0.969056 -0.388200 -0.361865
v -1.078737 -0.385614 -0.390291
v 1.012816 -0.369590 -0.411136
v 0.912903 -0.392654 -0.449980
v -1.348078 -0.359941 -0.477204
v 1.371611 -0.359810 -0.399124
v -1.234113 -0.386252 -0.454016
v 0.970870 -0.362170 -0.445842
v -1.209106 -0.383729 -0.602505
v 1.200222 -0.388227 -0.873683
v 1.183040 -0.356650 -0.873888
v 1.200010 -0.357124 -0.935882
v -1.037362 -0.417464 -1.008097
v -0.870538 -0.345692 -1.255969
v -0.742869 -0.318718 -1.392072
v 0.450784 -0.343426 -1.529167
v -0.146149 -0.372283 -1.528184
v 0.025111 -0.365643 -1.541507
v -0.742322 -0.335600 1.272554
v 0.572206 -0.352633 0.746416
v 0.798296 -0.338681 0.627135
v -0.725014 -0.349166 0.467624
v -0.521074 -0.392489 0.495251
v -0.595413 -0.359696 0.405749
v -0.791818 -0.329978 0.434537
v -0.729499 -0.366646 0.352566
v -0.885646 -0.356347 -0.051340
v 1.218380 -0.363016 -0.076593
v 1.163472 -0.355227 -0.092024
v 1.395607 -0.354629 -0.162139
v 0.991131 -0.406302 -0.267922
v 0.988960 -0.356937 -0.248236
v -1.395470 -0.356951 -0.258016
v 1.224984 -0.384537 -0.249200
v 1.266335 -0.381808 -0.333151
v 1.225742 -0.385999 -0.295290
v 0.980739 -0.378457 -0.301624
v 1.079549 -0.390930 -0.303691
v -1.260739 -0.378391 -0.403692
v -0.902396 -0.350601 -0.333763
v 0.987413 -0.355101 -0.401545
v 0.928600 -0.350985 -0.412170
v 1.181395 -0.384593 -0.436414
v 0.985169 -0.374073 -0.425381
v 1.258587 -0.359513 -0.475628
v 1.224780 -0.403232 -0.506540
v 1.204380 -0.369480 -0.545596
v -1.199005 -0.371117 -0.740862
v -1.197111 -0.353672 -0.897039
v -1.053226 -0.366913 -1.056633
v 1.068105 -0.337948 -1.165190
v 0.946982 -0.334966 -1.262228
v -0.767358 -0.353644 -1.321128
v 0.883181 -0.312919 -1.323071
v -0.113045 -0.403500 -1.439142
v -0.029566 -0.367751 -1.483017
v -0.146569 -0.355866 -1.504480
v 0.296801 -0.331854 -1.541591
v 0.800596 -0.311826 1.618873
v 0.800982 -0.313043 1.520937
v -0.801805 -0.331576 1.617841
v 0.790128 -0.322483 1.336724
v 0.781534 -0.304412 1.208639
v -0.687456 -0.352197 1.015352
v 0.714729 -0.302102 0.965520
v -0.701083 -0.366209 0.957608
v 0.756184 -0.350545 0.570566
v 0.826768 -0.332110 0.454932
v -0.841080 -0.324192 0.308814
v -0.864674 -0.341855 0.122641
v -1.208066 -0.360582 -0.072546
v -0.869662 -0.352051 -0.113625
v 0.892226 -0.331208 -0.148561
v -1.135520 -0.346890 -0.118410
v -1.428940 -0.351062 -0.215568
v 1.032019 -0.351735 -0.224410
v 1.159261 -0.349931 -0.143815
v 1.121262 -0.360352 -0.210535
v 1.246766 -0.370960 -0.218346
v -1.288563 -0.355054 -0.191321
v -1.325463 -0.357400 -0.286962
v 1.174069 -0.368745 -0.353204
v 1.007932 -0.366022 -0.336132
v -0.905736 -0.346023 -0.378241
v -1.436801 -0.322446 -0.385373
v 1.214200 -0.362035 -0.423480
v 0.919462 -0.353466 -0.434260
v 0.967465 -0.381087 -0.444711
v -1.003532 -0.345165 -0.453650
v 1.170669 -0.365344 -0.509036
v 1.207119 -0.383207 -0.515688
v 0.922464 -0.327740 -0.471673
v -1.224959 -0.372295 -0.601288
v 1.348127 -0.352311 -0.586267
v 1.255452 -0.352255 -0.613110
v 1.235616 -0.340772 -0.647299
v 1.292585 -0.364934 -0.620753
v 1.197148 -0.365192 -0.620009
v -1.273356 -0.363909 -0.574012
v -1.276493 -0.341282 -0.652615
v -1.235487 -0.397180 -0.655967
v -1.017200 -0.388035 -1.095385
v -1.027985 -0.300431 -1.171664
v 0.981509 -0.309460 -1.224117
v -0.558969 -0.325013 -1.483925
v -0.281801 -0.379950 -1.484984
v -0.109781 -0.352711 -1.585240
v 0.066802 -0.364392 -1.552173
v 0.771003 -0.303888 1.323736
v 0.696305 -0.346375 1.047506
v -0.678310 -0.297412 0.885088
v 0.595138 -0.366753 0.741589
v 0.637466 -0.327481 0.759088
v 0.675959 -0.333846 0.705026
v 0.645056 -0.352609 0.606822
v -0.619346 -0.331243 0.569257
v 1.258158 -0.329135 -0.017170
v 1.029840 -0.311472 -0.160444
v -1.203688 -0.353102 -0.151303
v 1.159080 -0.367940 -0.279936
v 1.052094 -0.391027 -0.270419
v 0.960616 -0.330597 -0.280779
v 0.992537 -0.391906 -0.309475
v 1.067702 -0.364645 -0.251603
v -1.330656 -0.357383 -0.345748
v -0.942315 -0.321314 -0.301889
v 1.038873 -0.330599 -0.311901
v -0.931887 -0.342846 -0.347896
v 1.237988 -0.362834 -0.404639
v 1.294536 -0.367906 -0.458031
v 0.901411 -0.336287 -0.401237
v -0.960879 -0.387279 -0.538502
v -0.931282 -0.341649 -0.477836
v -0.978716 -0.343789 -0.502894
v -1.357146 -0.340799 -0.530556
v 1.353016 -0.326016 -0.651319
v 1.293676 -0.335577 -0.705112
v 1.179115 -0.317795 -0.968942
v 0.358707 -0.322749 -1.575825
v -0.779229 -0.318911 1.638742
v 0.795071 -0.354797 1.607080
v 0.788324 -0.281700 1.535780
v 0.734492 -0.343879 1.075571
v 0.668047 -0.387258 0.987622
v -0.678904 -0.299368 0.923469
v -0.625469 -0.315455 0.859583
v -0.567261 -0.327065 0.702035
v 0.770139 -0.320203 0.696118
v -0.580700 -0.324790 0.578383
v 1.325053 -0.340333 -0.066859
v 0.870205 -0.318850 -0.098019
v 0.897194 -0.307159 -0.161000
v 1.272710 -0.361599 -0.184103
v -1.070514 -0.334237 -0.175561
v 0.996822 -0.337572 -0.251518
v 1.343252 -0.345765 -0.244266
v -0.992173 -0.362277 -0.274252
v 1.001669 -0.340717 -0.306959
v 1.025641 -0.386497 -0.323547
v -1.046202 -0.342815 -0.321048
v -1.314477 -0.360028 -0.405186
v 1.343648 -0.357359 -0.348508
v 1.344579 -0.352711 -0.402504
v 1.323015 -0.369532 -0.432624
v -1.002227 -0.334873 -0.420656
v -1.344574 -0.327116 -0.501590
v 1.347141 -0.370719 -0.532365
v 1.384854 -0.316491 -0.412925
v 1.334369 -0.356199 -0.492106
v -1.220496 -0.361160 -0.702921
v -1.279988 -0.305973 -0.764259
v 1.132373 -0.314900 -1.056579
v -0.669537 -0.327976 -1.396348
v 0.585152 -0.299776 -1.459819
v 0.503798 -0.312625 -1.519543
v -0.463719 -0.323621 -1.522513
v -0.327991 -0.335453 -1.565333
v -0.210346 -0.327430 -1.631257
v 0.083941 -0.345165 -1.638069
v 0.808092 -0.284949 1.439485
v 0.719280 -0.308528 1.027706
v -0.777368 -0.279929 0.980346
v 0.615347 -0.303530 0.881751
v 0.622773 -0.327719 0.690149
v -0.547240 -0.352690 0.632456
v 0.802728 -0.321689 0.561139
v 0.887308 -0.296199 0.287101
v -0.828368 -0.315430 0.235542
v -0.792951 -0.346009 0.281600
v -0.865888 -0.300866 0.244016
v -0.883398 -0.319518 0.032167
v -1.353788 -0.354027 -0.086994
v -1.134641 -0.325856 -0.055682
v 1.119824 -0.300528 -0.048300
v -1.447205 -0.343410 -0.160856
v 1.223888 -0.327490 -0.097602
v 1.125237 -0.322337 -0.119039
v -0.903202 -0.316849 -0.135541
v 0.944479 -0.330813 -0.207594
v -0.878293 -0.319911 -0.175693
v 0.977485 -0.338987 -0.237481
v 0.969184 -0.362047 -0.261387
v 0.961032 -0.324683 -0.336882
v 0.966086 -0.376295 -0.386891
v -0.890280 -0.301796 -0.428051
v 1.252614 -0.354659 -0.521060
v -1.253906 -0.361185 -0.500868
v 1.234577 -0.331060 -0.737423
v -1.172580 -0.310840 -1.017365
v -0.978013 -0.301295 -1.255017
v 0.701712 -0.302758 -1.433307
v -0.016111 -0.340906 -1.537409
v -0.375545 -0.303318 -1.574943
v 0.230624 -0.324789 -1.635529
v -0.091353 -0.344772 -1.626492
v 0.034794 -0.353383 -1.626902
v 0.759302 -0.294209 1.215291
v -0.675420 -0.360441 1.070650
v -0.709114 -0.335896 1.149022
v 0.741625 -0.325531 1.126973
v -0.732930 -0.328539 0.991256
v -0.735753 -0.308043 0.975463
v 0.655081 -0.298268 0.827399
v -0.713028 -0.310073 0.503118
v 0.861526 -0.272155 0.334388
v -1.178375 -0.308871 0.017507
v -0.861031 -0.318092 0.001358
v 1.418604 -0.338159 -0.123253
v 1.420143 -0.322900 -0.111034
v -1.397341 -0.334740 -0.110777
v -1.486359 -0.314724 -0.165118
v 1.308679 -0.326284 -0.127752
v -1.247197 -0.317205 -0.062205
v 1.373020 -0.318425 -0.175634
v -1.471155 -0.310539 -0.307348
v -1.388645 -0.333008 -0.262631
v 1.381126 -0.364006 -0.334990
v 1.402973 -0.309842 -0.372103
v 1.456290 -0.295066 -0.288354
v 1.344112 -0.331969 -0.444237
v 0.965716 -0.329096 -0.436560
v 1.340924 -0.333424 -0.540690
v 1.368143 -0.318099 -0.514670
v 1.304764 -0.339172 -0.605795
v 1.321000 -0.301456 -0.781643
v -0.965920 -0.298428 -1.228197
v -0.752932 -0.305966 -1.359391
v 0.379171 -0.285051 -1.562052
v -0.134684 -0.337307 -1.540878
v -0.171029 -0.324195 -1.639416
v 0.142368 -0.349578 -1.618296
v -0.080602 -0.335062 -1.636653
v -0.784317 -0.292662 1.207568
v 0.711377 -0.320945 1.125325
v 0.751116 -0.286142 1.010103
v 0.670438 -0.280185 0.883063
v 0.629542 -0.284733 0.824910
v 0.706124 -0.280497 0.810419
v -0.649851 -0.277624 0.742021
v 0.772786 -0.316584 0.641351
v -0.762744 -0.293342 0.573973
v -0.628087 -0.312416 0.531131
v 0.872875 -0.257377 0.582959
v -1.268224 -0.351937 -0.043394
v -1.074278 -0.291674 -0.081523
v 1.042636 -0.330504 -0.236365
v -1.510810 -0.309084 -0.199111
v -0.905250 -0.302593 -0.167975
v -1.330213 -0.327408 -0.123026
v -1.380577 -0.330851 -0.209397
v 0.958421 -0.336109 -0.235545
v 0.968922 -0.304779 -0.229007
v 0.907712 -0.355596 -0.242915
v 1.048230 -0.291538 -0.263558
v 0.980424 -0.365648 -0.284879
v 1.015757 -0.321399 -0.264578
v -1.408556 -0.313483 -0.369328
v -0.922500 -0.342715 -0.314141
v 1.393448 -0.323797 -0.307576
v 1.372854 -0.315105 -0.363186
v 0.946308 -0.334217 -0.374039
v -0.959383 -0.330852 -0.459478
v -1.399471 -0.303447 -0.525317
v -1.347597 -0.303426 -0.646466
v 1.229950 -0.321071 -0.615189
v 1.273154 -0.321579 -0.767739
v -1.217056 -0.336797 -0.792584
v 1.251890 -0.319226 -0.805465
v 0.144255 -0.333722 -1.567769
v -0.811558 -0.283631 1.641066
v 0.798136 -0.248831 1.391714
v 0.713983 -0.310711 1.084427
v 0.675934 -0.342552 1.074796
v 0.825199 -0.272535 0.726558
v -0.689610 -0.289335 0.623205
v -0.853188 -0.302724 0.114277
v 1.291884 -0.319150 -0.054036
v -0.876913 -0.278494 -0.094814
v 1.406072 -0.347886 -0.245485
v 0.991103 -0.314213 -0.298387
v -1.011318 -0.317983 -0.259003
v 1.014620 -0.329452 -0.290946
v -0.994456 -0.332161 -0.317822
v -1.016474 -0.324664 -0.331413
v 0.892041 -0.261980 -0.334752
v -1.443751 -0.298287 -0.433260
v -1.400033 -0.327259 -0.460306
v 0.925953 -0.313312 -0.421053
v 0.891849 -0.275619 -0.443921
v 1.190350 -0.349066 -0.520611
v 1.244616 -0.322084 -0.845050
v -1.097768 -0.267665 -1.167941
v 1.069978 -0.284648 -1.165668
v 1.000975 -0.273177 -1.269325
v -0.846894 -0.306140 -1.301974
v -0.880122 -0.278513 -1.328739
v 0.721567 -0.306860 -1.391809
v 0.577113 -0.269474 -1.500038
v -0.234607 -0.312339 -1.589988
v 0.419813 -0.251141 -1.595724
v 0.076534 -0.323531 -1.628847
v -0.039025 -0.328085 -1.593197
v -0.163878 -0.307566 -1.632349
v 0.141550 -0.316323 -1.631578
v 0.202478 -0.317239 -1.641217
v -0.840242 -0.232507 1.565588
v -0.786587 -0.333397 1.454503
v -0.772903 -0.301330 1.432578
v -0.755285 -0.259199 1.137091
v -0.784307 -0.271830 1.068749
v 0.756956 -0.275335 1.089006
v 0.831581 -0.287155 0.561976
v 0.885969 -0.255911 0.412561
v -0.775314 -0.306337 0.440111
v 0.867762 -0.264139 0.192845
v 0.899774 -0.284770 0.008597
v 1.471800 -0.297293 -0.146946
v 0.883966 -0.300538 -0.190584
v 0.864610 -0.343206 -0.186691
v 1.084199 -0.292035 -0.123639
v -1.423568 -0.308633 -0.152777
v -1.113077 -0.361556 -0.251051
v -1.110097 -0.317531 -0.139471
v -1.056321 -0.295661 -0.192758
v 1.417129 -0.312865 -0.263311
v -1.018689 -0.338451 -0.224317
v -1.465402 -0.287098 -0.282853
v -0.896697 -0.277435 -0.241446
v -1.507155 -0.296970 -0.273877
v -0.878453 -0.288004 -0.266166
v 1.006869 -0.296300 -0.274548
v 0.990619 -0.331432 -0.309118
v 0.935704 -0.284988 -0.326475
v 0.901051 -0.403111 -0.487585
v 1.356692 -0.272530 -0.477255
v -0.965110 -0.254327 -0.453732
v -1.298397 -0.313142 -0.606514
v -1.256371 -0.327357 -0.637206
v 1.316485 -0.312530 -0.659699
v 1.260234 -0.306804 -0.680665
v 1.206306 -0.318701 -0.681982
v 1.267709 -0.290873 -0.866604
v -1.160301 -0.354176 -0.886628
v -1.227745 -0.270961 -0.893527
v -1.274050 -0.232526 -0.919370
v -1.097648 -0.271123 -1.114697
v -1.070412 -0.272882 -1.197424
v 1.075294 -0.260292 -1.216267
v -0.653915 -0.274455 -1.449762
v -0.476449 -0.281541 -1.506749
v -0.305080 -0.329339 -1.535726
v -0.008894 -0.324285 -1.630237
v -0.267007 -0.302918 -1.644932
v -0.801188 -0.254376 1.545271
v -0.819189 -0.257682 1.426660
v -0.805982 -0.280928 1.279267
v -0.800748 -0.241721 1.335382
v 0.763302 -0.286785 1.139843
v -0.730296 -0.247261 0.941844
v -0.649990 -0.285761 0.668897
v -0.617027 -0.282428 0.651901
v 0.873941 -0.275177 0.011730
v 1.193288 -0.289388 0.016765
v 1.239378 -0.308570 -0.049305
v -1.338524 -0.329856 -0.079383
v -1.275668 -0.323649 -0.037657
v 1.177927 -0.300467 -0.066295
v 1.385570 -0.315649 -0.108237
v 1.536399 -0.248594 -0.216454
v -0.949525 -0.280322 -0.254912
v 1.000829 -0.304118 -0.303586
v 0.914428 -0.253873 -0.271912
v -0.996569 -0.310979 -0.396122
v 1.327353 -0.279162 -0.497090
v 1.338291 -0.296565 -0.588205
v 1.358477 -0.277075 -0.676602
v -1.301503 -0.237160 -0.838034
v -1.124018 -0.342219 -1.004822
v 1.189901 -0.265664 -1.072620
v -0.614472 -0.270117 -1.443518
v 0.277170 -0.305021 -1.594964
v -0.073027 -0.320262 -1.630545
v 0.764946 -0.356617 1.614164
v 0.801720 -0.270334 1.606245
v 0.841597 -0.244370 1.604380
v -0.789067 -0.245997 1.245692
v -0.720696 -0.316854 1.060433
v 0.671276 -0.261890 0.933671
v 0.689547 -0.268899 0.912805
v -0.669683 -0.258946 0.842292
v -0.827740 -0.249958 0.455240
v -0.883223 -0.282583 0.117159
v 0.893790 -0.255182 0.162491
v 1.050967 -0.262116 -0.075237
v 0.892825 -0.272981 -0.143269
v 0.979171 -0.290652 -0.271563
v 1.349929 -0.276146 -0.435069
v 0.872585 -0.246779 -0.400969
v 1.347038 -0.252659 -0.529451
v 1.333965 -0.281437 -0.667508
v -1.344897 -0.272728 -0.710430
v 0.857257 -0.208277 -1.371818
v -0.431696 -0.252158 -1.571917
v -0.316134 -0.319627 -1.590554
v -0.820262 -0.298406 1.631801
v 0.678953 -0.279856 0.770755
v -0.833063 -0.249004 0.550142
v 0.847224 -0.260896 0.554032
v 0.854265 -0.267272 0.467485
v -0.839771 -0.276806 0.298308
v -1.241719 -0.314886 -0.008410
v 1.222620 -0.295423 -0.003306
v 1.460477 -0.281787 -0.152464
v 0.866908 -0.274902 -0.135073
v -1.460864 -0.284651 -0.239319
v -1.048528 -0.332189 -0.219121
v 1.457772 -0.270681 -0.235278
v 0.996639 -0.298428 -0.232801
v 0.966198 -0.274020 -0.230290
v 1.417548 -0.288884 -0.302925
v -1.509150 -0.269567 -0.323583
v 0.910477 -0.258397 -0.358969
v 0.912507 -0.265411 -0.440169
v -1.345018 -0.306153 -0.557199
v -1.402060 -0.250524 -0.583822
v -1.338031 -0.281795 -0.624872
v -1.256139 -0.308026 -0.710165
v 1.310838 -0.289493 -0.739718
v 1.244147 -0.290081 -0.805625
v 1.342884 -0.263640 -0.790303
v 1.242401 -0.287439 -0.837561
v -1.168265 -0.222328 -1.105406
v -1.036515 -0.217588 -1.260666
v -0.402793 -0.316180 -1.519498
v -0.310454 -0.268517 -1.653179
v 0.836631 -0.224505 1.248565
v 0.748736 -0.222562 1.078658
v -0.693078 -0.231686 0.936998
v -0.781728 -0.233665 0.671784
v -0.754219 -0.263748 0.574920
v -0.861152 -0.262589 0.394060
v -0.864970 -0.240116 0.070144
v -0.898559 -0.254898 -0.030131
v 1.120713 -0.275283 -0.080667
v -1.058738 -0.240069 -0.097573
v 1.488374 -0.299037 -0.171418
v -1.568034 -0.242799 -0.205965
v -0.984315 -0.303948 -0.299435
v 0.980104 -0.272712 -0.277676
v -1.007400 -0.277413 -0.248555
v -1.004756 -0.292126 -0.315381
v -1.584257 -0.210548 -0.301237
v 1.028033 -0.360684 -0.333599
v 1.438477 -0.243683 -0.377830
v 1.396543 -0.260556 -0.435751
v -1.441930 -0.269142 -0.411767
v -1.454850 -0.244924 -0.486792
v 1.312006 -0.256675 -0.875979
v -0.740093 -0.230969 -1.388258
v -0.523406 -0.248040 -1.522658
v 0.279344 -0.277039 -1.642753
v 0.852399 -0.172773 1.609426
v 0.819344 -0.251090 0.789757
v 0.783923 -0.264865 0.741175
v 0.835725 -0.254369 0.664836
v 0.855001 -0.269763 0.665128
v -1.160264 -0.252249 0.018863
v -1.056426 -0.302644 -0.120831
v -1.012233 -0.236455 -0.103511
v -1.019975 -0.243024 -0.164308
v -1.493135 -0.281328 -0.179382
v 1.004498 -0.244329 -0.162515
v -1.082518 -0.313349 -0.201010
v -1.049453 -0.306367 -0.236621
v -0.869484 -0.236320 -0.227207
v 0.977828 -0.318454 -0.261127
v 1.453322 -0.265957 -0.285721
v -1.004601 -0.240332 -0.254361
v -0.956536 -0.283329 -0.305390
v -0.927263 -0.292024 -0.334693
v -1.379873 -0.277773 -0.527090
v -1.278995 -0.270324 -0.762848
v 1.321906 -0.254148 -0.775511
v -1.178726 -0.214494 -1.051178
v -0.356063 -0.227775 -1.648203
v 0.302059 -0.263842 -1.623940
v 0.184350 -0.311654 -1.623325
v -0.240650 -0.289709 -1.641092
v 0.842804 -0.215762 1.354305
v -0.721186 -0.361670 1.138478
v -0.791061 -0.251574 1.145987
v 0.787030 -0.173794 0.975205
v -0.811685 -0.241903 1.048638
v -0.659490 -0.233044 0.760323
v -0.690732 -0.236890 0.682237
v 1.520405 -0.258426 -0.176994
v -1.027171 -0.260256 -0.185572
v 0.943743 -0.281078 -0.199730
v 0.969683 -0.265960 -0.230454
v 0.929342 -0.316358 -0.234557
v 0.914444 -0.266546 -0.219069
v 0.952495 -0.296081 -0.218137
v 0.949549 -0.244479 -0.211286
v 1.027368 -0.222792 -0.272277
v 0.960124 -0.251304 -0.275867
v -0.963137 -0.284373 -0.314624
v 1.433688 -0.225675 -0.348947
v -1.002793 -0.251600 -0.331311
v -0.900210 -0.233436 -0.428045
v 1.353440 -0.249074 -0.653818
v -1.246386 -0.190652 -1.013676
v 1.210640 -0.218622 -1.027514
v -1.058097 -0.238281 -1.191334
v 0.638717 -0.231180 -1.444765
v 0.448304 -0.232754 -1.557829
v 0.372579 -0.223350 -1.645195
v 0.860831 -0.199588 1.606339
v 0.830093 -0.162319 1.469672
v 0.816757 -0.209277 1.258090
v 0.755621 -0.202660 0.939864
v -0.721448 -0.214773 0.922134
v -0.620840 -0.277826 0.811920
v -0.858446 -0.229837 0.222916
v 1.159028 -0.242109 -0.003803
v -1.103023 -0.268348 -0.071361
v -1.067393 -0.266645 -0.200843
v 0.974262 -0.237053 -0.146742
v 0.946997 -0.248183 -0.197882
v 0.964646 -0.277880 -0.200173
v 1.424241 -0.292970 -0.203130
v -1.024607 -0.240140 -0.227149
v 1.012731 -0.276440 -0.303907
v -0.968512 -0.261776 -0.301189
v -0.968223 -0.252476 -0.345175
v -0.911892 -0.246162 -0.295319
v -0.921062 -0.282521 -0.361787
v -1.493441 -0.237619 -0.417112
v 1.283738 -0.249490 -0.852961
v -1.250491 -0.201374 -0.936639
v -0.916628 -0.228026 -1.294266
v -0.829639 -0.203453 -1.351094
v 0.527219 -0.235467 -1.533543
v -0.412655 -0.220383 -1.563498
v 0.319982 -0.279785 -1.640510
v 0.865154 -0.177935 1.257386
v -0.779309 -0.247754 1.030268
v -0.759937 -0.256333 0.996105
v 0.737907 -0.236045 1.007738
v 0.707866 -0.206484 0.907961
v 0.867624 -0.241714 0.696046
v -0.687742 -0.257881 0.706396
v -0.806167 -0.238473 0.545464
v 0.862014 -0.218253 0.432927
v 1.122292 -0.230765 0.022885
v -1.604576 -0.204621 -0.246699
v -0.935717 -0.214105 -0.240174
v 0.949343 -0.223236 -0.230331
v -0.899626 -0.238954 -0.242859
v -0.870720 -0.190701 -0.242289
v -1.565088 -0.255740 -0.232266
v -1.492804 -0.226690 -0.363756
v -0.923630 -0.253139 -0.382556
v 1.313690 -0.219035 -0.616957
v 1.284246 -0.237213 -0.938783
v 1.135184 -0.229432 -1.127323
v -1.013596 -0.216473 -1.242887
v -0.306853 -0.298384 -1.575116
v -0.349413 -0.248136 -1.597284
v -0.413112 -0.216143 -1.596563
v -0.284344 -0.273461 -1.622992
v 0.839382 -0.205530 1.477829
v -0.785267 -0.225518 1.072375
v -0.852502 -0.180951 1.066961
v 0.708052 -0.241082 0.825464
v 0.850097 -0.234923 0.649478
v 0.884753 -0.208563 0.594470
v 1.174783 -0.298780 0.007631
v 1.151558 -0.235494 0.018768
v -1.046622 -0.203446 -0.178559
v -0.892153 -0.220471 -0.217221
v -0.916434 -0.295375 -0.273550
v 0.965547 -0.238325 -0.279694
v 0.959346 -0.204668 -0.315382
v -1.493720 -0.257652 -0.273765
v 0.990226 -0.194781 -0.321342
v -1.004047 -0.173159 -0.408440
v -1.445972 -0.234206 -0.451777
v 1.349962 -0.226170 -0.537768
v -1.361437 -0.196518 -0.720377
v -1.344049 -0.233165 -0.775100
v 0.989369 -0.190079 -1.281445
v -0.520234 -0.222765 -1.500083
v 0.340420 -0.225978 -1.630909
v -0.830982 -0.218691 1.630708
v 0.855916 -0.147188 1.601184
v 0.796676 -0.170739 1.034244
v 0.745822 -0.178082 0.958479
v 0.749319 -0.208241 0.896684
v -0.708946 -0.220504 0.784317
v -0.851372 -0.201416 0.418414
v 0.887385 -0.204338 0.321023
v 0.913272 -0.213241 -0.177449
v 1.502402 -0.239396 -0.177164
v -1.006087 -0.215053 -0.169534
v 0.967827 -0.237803 -0.214385
v -0.896944 -0.172247 -0.145687
v 0.963042 -0.239068 -0.226547
v 1.042488 -0.212816 -0.293340
v 0.919253 -0.216947 -0.303662
v -0.934842 -0.234469 -0.374131
v 1.408061 -0.197798 -0.429661
v 1.325782 -0.202298 -0.539473
v 1.136929 -0.205239 -1.182649
v -0.836237 -0.195133 -1.377794
v 0.516562 -0.205585 -1.513702
v 0.489529 -0.272614 -1.513864
v -0.343082 -0.220715 -1.646018
v 0.810686 -0.180849 1.108856
v -0.693559 -0.194845 0.903967
v -0.876292 -0.194543 0.477907
v 0.889103 -0.136641 0.158746
v -0.885690 -0.162800 0.139959
v 1.000827 -0.196540 -0.071638
v 0.897869 -0.212939 -0.079953
v -0.993278 -0.254791 -0.202366
v -0.976319 -0.276270 -0.220090
v -0.994609 -0.233262 -0.224648
v 1.544224 -0.183223 -0.305721
v 1.498820 -0.204915 -0.387250
v 1.489989 -0.238967 -0.319386
v -0.952292 -0.231016 -0.347409
v 1.383831 -0.207730 -0.465023
v -1.365930 -0.233476 -0.608124
v 1.317209 -0.211694 -0.562292
v 1.310241 -0.179942 -0.737686
v 1.347915 -0.219307 -0.740019
v 1.281812 -0.216784 -0.896201
v 1.060338 -0.163102 -1.243616
v -0.636978 -0.215864 -1.464480
v 0.615832 -0.180797 -1.486538
v 0.854690 -0.144617 1.288998
v -0.844699 -0.165306 1.218638
v -0.813353 -0.191530 1.059778
v -0.719513 -0.197242 0.879079
v 0.860627 -0.199750 0.535497
v 0.860642 -0.186330 0.336359
v -0.883351 -0.215920 0.264195
v 0.876243 -0.226411 0.038049
v 0.905556 -0.204944 0.023161
v -1.073215 -0.195995 0.018851
v -1.102022 -0.257627 -0.010227
v -1.138869 -0.264459 -0.035064
v -1.071400 -0.211006 -0.051403
v 1.092456 -0.253985 -0.027715
v 1.040138 -0.174031 -0.037368
v 1.004739 -0.194334 -0.116583
v 1.553084 -0.208648 -0.189399
v 0.962377 -0.191687 -0.266857
v -0.906404 -0.210395 -0.321206
v -0.914563 -0.214793 -0.363181
v 1.426842 -0.220349 -0.435622
v 1.340329 -0.219125 -0.588389
v 1.336163 -0.190415 -0.655250
v -1.295403 -0.196909 -0.842340
v 1.309913 -0.215878 -0.832959
v 1.331459 -0.204762 -0.836279
v -1.122605 -0.152148 -1.166015
v -0.485321 -0.205161 -1.552797
v 0.459078 -0.197680 -1.591125
v -0.863977 -0.163620 1.290960
v -0.756264 -0.174564 0.958392
v 0.775858 -0.172429 0.881198
v -0.754912 -0.185715 0.793574
v -0.757913 -0.182208 0.737588
v -0.842770 -0.176360 0.575045
v 0.884682 -0.175841 0.491292
v -1.054840 -0.249380 -0.053292
v -1.045842 -0.213059 -0.037701
v -0.975667 -0.182803 -0.134956
v 0.896845 -0.215776 -0.204678
v 1.568920 -0.199524 -0.210723
v -1.529162 -0.249953 -0.205612
v 0.870198 -0.152582 -0.339888
v -1.545178 -0.189106 -0.352114
v 0.896854 -0.228215 -0.426232
v 1.389293 -0.194635 -0.532460
v -1.380361 -0.145889 -0.695349
v -1.120621 -0.160018 -1.206157
v 0.861597 -0.197940 -1.343071
v 0.856586 -0.306503 -1.308577
v 1.000426 -0.139427 -1.321616
v -0.780157 -0.164536 -1.403551
v 0.376037 -0.206603 -1.603253
v -0.855197 -0.119933 1.502802
v -0.852987 -0.180742 1.092306
v -0.795473 -0.196411 1.031167
v 0.806303 -0.172278 0.905600
v -0.832669 -0.177947 0.708535
v 0.867517 -0.173191 0.667061
v -0.876355 -0.155655 0.617753
v -1.004120 -0.204230 -0.081019
v -0.896935 -0.163962 -0.030569
v 1.076450 -0.243860 -0.092592
v 1.038627 -0.209102 -0.081047
v -1.025972 -0.203692 -0.116447
v 0.995209 -0.204546 -0.161218
v 0.974807 -0.208918 -0.199568
v -0.952859 -0.180222 -0.238495
v -1.563956 -0.197688 -0.238379
v -1.523605 -0.203589 -0.312198
v 0.900969 -0.184236 -0.265698
v -0.865409 -0.180192 -0.345149
v -1.445503 -0.135563 -0.578842
v -1.327136 -0.232127 -0.734750
v -1.318426 -0.204070 -0.780608
v 1.295339 -0.169080 -0.975445
v 0.800178 -0.170850 -1.378226
v 0.697712 -0.159220 -1.443271
v 0.447273 -0.181009 -1.569010
v -0.383717 -0.192853 -1.639681
v 0.842197 -0.144296 1.513408
v -0.862915 -0.103678 1.297188
v 0.874028 -0.169439 0.843472
v 0.896641 -0.161823 0.734332
v -1.112575 -0.178714 0.036190
v 0.872518 -0.150178 -0.109196
v 0.940567 -0.216889 -0.190640
v 0.955014 -0.190961 -0.224072
v -0.895759 -0.187223 -0.227815
v -0.867619 -0.166823 -0.220136
v -0.950616 -0.195158 -0.287424
v -0.887772 -0.226171 -0.278130
v -0.899688 -0.218501 -0.289148
v -0.959341 -0.173567 -0.299207
v -0.962195 -0.236720 -0.285289
v -0.909410 -0.185275 -0.326458
v 0.874060 -0.212866 -0.427880
v -1.405380 -0.152094 -0.582879
v 1.343243 -0.195804 -0.596688
v -1.328783 -0.185169 -0.844910
v 1.230234 -0.161079 -1.090754
v -1.010330 -0.122320 -1.274097
v -0.941732 -0.148757 -1.335933
v -0.595357 -0.161961 -1.480161
v -0.838522 -0.164613 1.174387
v -0.767463 -0.133477 0.999105
v -0.861956 -0.142147 0.372388
v -1.131877 -0.250123 0.044244
v 1.082684 -0.164145 0.029169
v 1.111037 -0.165340 0.013445
v 0.900716 -0.116787 -0.131748
v 0.904791 -0.129307 -0.168810
v -0.984949 -0.170308 -0.197999
v 1.532052 -0.196574 -0.203512
v -0.974466 -0.149739 -0.224765
v 0.926847 -0.186378 -0.230165
v 1.505051 -0.187119 -0.280893
v -0.892735 -0.182487 -0.275616
v -0.956379 -0.200678 -0.351723
v -1.483043 -0.118546 -0.454850
v -0.984822 -0.148415 -0.421678
v -1.346030 -0.173033 -0.685746
v 1.334888 -0.162787 -0.717203
v -0.627404 -0.196541 -1.440453
v 0.525424 -0.164778 -1.534741
v -0.802306 -0.121689 0.997247
v 0.881096 -0.147065 0.554552
v 0.858182 -0.129081 0.221736
v 1.008545 -0.148595 -0.192001
v 0.954851 -0.176965 -0.292743
v 0.946026 -0.214623 -0.287818
v -0.939444 -0.233969 -0.285778
v -0.880408 -0.236062 -0.311343
v -0.896021 -0.209103 -0.293017
v 1.498652 -0.197006 -0.335136
v 0.933907 -0.151011 -0.336187
v -0.967747 -0.196168 -0.343667
v 1.476708 -0.221182 -0.304965
v -0.995697 -0.156157 -0.373118
v 0.895861 -0.166250 -0.347961
v 1.366350 -0.163866 -0.618222
v 1.314795 -0.166898 -0.670067
v 0.903693 -0.139847 -1.338092
v -0.885329 -0.112598 1.441190
v -0.680940 -0.208190 0.838746
v -0.718814 -0.172943 0.815978
v 0.868153 -0.164225 0.745948
v -0.822627 -0.182813 0.642218
v 0.888279 -0.139084 0.644458
v -0.873895 -0.135475 -0.079482
v -1.042346 -0.175681 -0.107416
v -1.023092 -0.180822 -0.115702
v 0.959206 -0.152890 -0.132423
v 0.880627 -0.138237 -0.188175
v -0.983503 -0.164849 -0.261407
v 0.980212 -0.232635 -0.249387
v -0.892772 -0.168768 -0.300125
v -0.937603 -0.182281 -0.327870
v 0.933213 -0.182453 -0.269576
v -1.541150 -0.085139 -0.382789
v -0.884216 -0.154052 -0.392129
v 1.330665 -0.131058 -0.795070
v 1.293175 -0.175025 -0.885615
v 1.200178 -0.144034 -1.094625
v 1.091012 -0.131543 -1.261924
v 0.890589 -0.100859 -1.372024
v -0.487563 -0.162916 -1.513991
v -0.534300 -0.145197 -1.483993
v -0.388328 -0.143162 -1.622759
v 0.412556 -0.189679 -1.635193
v 0.882817 -0.104572 1.495784
v -0.778699 -0.145273 0.846175
v 0.905119 -0.127699 0.806407
v 0.857997 -0.115989 0.654323
v 0.893374 -0.137302 -0.015949
v 0.922542 -0.113609 -0.042100
v -1.033054 -0.155016 -0.077629
v 1.022703 -0.136481 -0.092494
v 0.952666 -0.126555 -0.221076
v -1.608217 -0.163475 -0.238282
v -0.967630 -0.164924 -0.380751
v -0.962079 -0.191648 -0.376842
v -1.518709 -0.132398 -0.437738
v 1.275383 -0.141816 -0.967883
v -1.298819 -0.125773 -0.943578
v -0.676420 -0.163030 -1.416630
v 0.630102 -0.151315 -1.439298
v 0.370731 -0.177526 -1.641421
v -0.867420 -0.132658 1.612008
v -0.803004 -0.169626 1.148649
v -0.830652 -0.155764 1.123307
v -0.834124 -0.148777 1.078038
v 0.839117 -0.183211 0.811357
v 0.877441 -0.134599 0.363892
v -0.858706 -0.118566 0.092742
v -1.069722 -0.160550 -0.077331
v -0.899037 -0.098670 -0.107372
v -1.010271 -0.178310 -0.139747
v -0.953690 -0.121730 -0.189662
v -0.997042 -0.124734 -0.177902
v 1.574550 -0.117256 -0.203390
v 1.523300 -0.156912 -0.248970
v 1.556306 -0.158549 -0.204527
v 0.917623 -0.143319 -0.226161
v -0.927019 -0.166398 -0.251981
v -0.921211 -0.206193 -0.248916
v -0.948479 -0.152873 -0.287426
v 1.510508 -0.158649 -0.316062
v -0.905911 -0.146841 -0.333348
v -0.933941 -0.160033 -0.374717
v 1.487097 -0.164302 -0.389342
v 1.461910 -0.180309 -0.428403
v 0.873275 -0.135769 -0.380644
v 1.503764 -0.144486 -0.422151
v 1.483908 -0.139160 -0.473821
v 1.459737 -0.176137 -0.518468
v 1.355553 -0.130524 -0.619193
v 1.351150 -0.140440 -0.697277
v -1.303072 -0.156458 -0.847513
v -1.225358 -0.111299 -1.090638
v 1.148738 -0.087941 -1.182189
v 1.135308 -0.132267 -1.220252
v 0.741039 -0.128386 -1.396603
v 0.474541 -0.139009 -1.536227
v -0.437291 -0.144369 -1.572687
v -0.347376 -0.214392 -1.634582
v -0.409397 -0.140633 -1.614980
v -0.876625 -0.069266 1.430866
v -0.788593 -0.080791 0.975234
v 0.897087 -0.117529 0.877584
v 0.852451 -0.147415 0.513985
v -0.863421 -0.123568 0.526806
v -0.859396 -0.131376 0.253220
v -1.068680 -0.147038 -0.022879
v -0.867998 -0.084227 -0.206030
v 1.582001 -0.132000 -0.219626
v -1.620746 -0.134317 -0.263286
v -0.869307 -0.152533 -0.298496
v 1.510894 -0.158318 -0.285075
v -0.955006 -0.116351 -0.335789
v 1.449942 -0.159305 -0.488905
v 1.383389 -0.168314 -0.526475
v -1.320524 -0.110313 -0.801045
v 1.305070 -0.134387 -0.769646
v -0.649730 -0.148131 -1.449770
v -0.392690 -0.134404 -1.597672
v -0.832776 -0.132812 1.211429
v 0.873331 -0.090685 1.204844
v 0.796059 -0.148413 1.092367
v 0.891495 -0.094289 1.153899
v -0.820466 -0.088675 0.896587
v 0.863833 -0.116115 0.874040
v -0.835623 -0.097282 0.776635
v 0.848244 -0.113652 0.333664
v -1.065905 -0.143587 0.039136
v 1.047164 -0.087762 0.023737
v 1.067979 -0.147349 -0.041497
v -1.071580 -0.142535 -0.070118
v 1.075639 -0.200170 -0.061385
v 1.077956 -0.137097 -0.073865
v -1.023228 -0.128617 -0.103013
v 0.970765 -0.141595 -0.153476
v -1.009856 -0.096699 -0.217874
v 0.964835 -0.147749 -0.269146
v -0.878579 -0.147934 -0.273618
v -0.883680 -0.159440 -0.287829
v 1.525725 -0.112589 -0.338188
v 1.576349 -0.093918 -0.244632
v 0.906979 -0.147761 -0.310139
v -1.488702 -0.104606 -0.518973
v 1.431099 -0.148330 -0.621603
v 1.448318 -0.137780 -0.592431
v 1.323173 -0.114745 -0.903584
v -1.047904 -0.152614 -1.272751
v 0.729691 -0.103452 -1.419959
v 0.523029 -0.147431 -1.499159
v 0.440244 -0.136932 -1.602092
v 0.398324 -0.127067 -1.589478
v -0.862774 -0.132364 1.213307
v 0.832833 -0.127442 1.025926
v 0.787120 -0.144928 0.936697
v -0.818771 -0.111748 0.839582
v -0.892689 -0.082975 0.491387
v -0.885685 -0.112902 0.330126
v 1.090314 -0.121059 0.022177
v 1.039732 -0.142674 -0.044531
v -1.017000 -0.137561 -0.124246
v -0.994007 -0.140757 -0.144818
v 0.973884 -0.177251 -0.162012
v 0.973333 -0.132891 -0.174768
v 0.951359 -0.133895 -0.173089
v -1.032012 -0.147053 -0.199777
v -0.895766 -0.118194 -0.217370
v -0.915044 -0.118973 -0.251908
v 0.942053 -0.110976 -0.248033
v 1.035575 -0.165332 -0.298824
v -0.897163 -0.133059 -0.284493
v 1.004860 -0.135743 -0.337756
v -1.569199 -0.113618 -0.364694
v -0.962052 -0.129409 -0.377206
v 1.301306 -0.128695 -0.860396
v -0.839004 -0.102532 -1.353615
v -0.880427 -0.087516 -1.366486
v -0.387930 -0.186261 -1.592419
v -0.407699 -0.155261 -1.567029
v 0.901199 -0.108113 1.602196
v 0.893812 -0.116382 1.306185
v -0.804986 -0.099045 0.964226
v 0.911584 -0.078297 0.942830
v 0.879087 -0.104652 0.854369
v 0.878756 -0.117477 0.775433
v -1.088483 -0.197273 -0.023683
v -0.969974 -0.140741 -0.115814
v 0.886628 -0.080828 -0.154227
v -0.929849 -0.098177 -0.239054
v -0.871415 -0.106984 -0.270875
v -1.616170 -0.101376 -0.304698
v -0.980747 -0.101118 -0.313902
v 0.941800 -0.188525 -0.305616
v 0.911137 -0.133717 -0.331636
v -0.873047 -0.081772 -0.372688
v 1.405594 -0.143130 -0.582423
v -1.349445 -0.096609 -0.728339
v -1.265929 -0.122166 -0.958287
v -1.221244 -0.130123 -1.038758
v -1.094989 -0.095554 -1.247554
v 1.016059 -0.103957 -1.287963
v -0.930191 -0.109640 -1.319719
v 0.763977 -0.201726 -1.419024
v -0.895417 -0.107362 1.546759
v -0.878059 -0.088072 1.084437
v -0.878723 -0.089760 0.774331
v -0.860525 -0.084422 0.732471
v -0.865422 -0.086530 0.466019
v 0.875981 -0.078746 0.250840
v -1.087167 -0.119265 0.030476
v -1.029347 -0.162716 -0.028347
v -1.000249 -0.110906 -0.070239
v 0.899847 -0.076512 -0.055588
v 0.977713 -0.072621 -0.099506
v -1.616455 -0.094811 -0.268507
v 1.502684 -0.117096 -0.285558
v -0.950846 -0.114602 -0.284575
v 1.484981 -0.102082 -0.338700
v 0.934541 -0.131538 -0.310158
v 1.026479 -0.106294 -0.332335
v 0.887103 -0.172701 -0.418749
v 0.890361 -0.125946 -0.366342
v 1.289445 -0.123796 -1.012602
v -0.769362 -0.060151 -1.390602
v -0.416199 -0.098129 -1.535149
v 0.433233 -0.107578 -1.550380
v -0.882040 -0.141006 1.628850
v -0.876971 -0.181725 1.626575
v 0.870342 -0.068265 1.489982
v 0.920691 -0.025712 1.435455
v -0.851229 -0.126221 1.152491
v 0.872982 -0.102192 0.973884
v -0.895264 -0.083198 0.662437
v 0.901281 -0.066936 0.069306
v -1.075245 -0.086533 0.042000
v 0.986580 -0.107071 -0.142060
v 0.969726 -0.111428 -0.168954
v 0.930645 -0.143252 -0.189370
v -0.979450 -0.115058 -0.252042
v -1.580942 -0.096543 -0.285240
v 1.470203 -0.106439 -0.412038
v -0.914636 -0.139604 -0.369356
v 1.465828 -0.058024 -0.520756
v 1.407887 -0.116243 -0.723117
v -1.346604 -0.083412 -0.808665
v -1.084396 -0.066557 -1.226854
v -0.976466 -0.089294 -1.328278
v 0.909073 -0.079014 0.818983
v -0.881957 -0.081940 0.076571
v -1.096866 -0.200416 0.048374
v -1.046748 -0.057186 0.025543
v 1.046625 -0.105029 -0.054011
v -1.044835 -0.119400 -0.061831
v 1.071303 -0.093339 -0.061190
v -1.066850 -0.112498 -0.129654
v -0.949391 -0.083934 -0.151754
v 0.911868 -0.059449 -0.179420
v -0.987698 -0.107258 -0.161993
v -0.963434 -0.099137 -0.230642
v 1.545720 -0.075495 -0.212811
v 0.899514 -0.100598 -0.258742
v -1.624695 -0.102338 -0.276350
v -0.931892 -0.169092 -0.295035
v -0.913184 -0.154613 -0.279888
v -0.896718 -0.085751 -0.307930
v 1.433823 -0.145908 -0.534679
v 1.407619 -0.117429 -0.623929
v 1.389645 -0.122240 -0.646121
v 1.426023 -0.102432 -0.690419
v 1.347831 -0.107251 -0.778116
v -1.181631 -0.068398 -1.158916
v -0.728197 -0.073930 -1.379506
v -0.616481 -0.064085 -1.397205
v 0.593409 -0.100752 -1.432345
v 0.466878 -0.087373 -1.509036
v -0.539128 -0.092815 -1.483548
v 0.409491 -0.094544 -1.576141
v 0.853658 -0.079417 1.090067
v 0.858660 -0.068847 0.563151
v -0.872131 -0.067956 0.688480
v 0.857813 -0.077119 0.480004
v 0.843016 -0.006060 0.386498
v 0.872331 -0.028205 0.075091
v 1.077477 -0.069122 0.026039
v -1.046039 -0.064870 -0.056843
v 1.012704 -0.125299 -0.164497
v 1.000559 -0.140335 -0.133861
v 0.881962 -0.089831 -0.334876
v 0.969884 -0.111751 -0.307700
v 0.933499 -0.096555 -0.364915
v -0.921023 -0.117575 -0.379229
v -0.949433 -0.078608 -0.403342
v -1.531644 -0.079099 -0.466278
v 1.401764 -0.053361 -0.627203
v 1.429377 -0.073707 -0.632706
v -1.442577 -0.078487 -0.636893
v -1.323914 -0.071669 -0.801705
v 1.328023 -0.070045 -0.814944
v -1.323717 -0.064600 -0.876086
v 1.260868 -0.090974 -1.011814
v 0.906355 -0.075104 -1.334821
v -0.450048 -0.092079 -1.542085
v -0.873450 -0.069356 1.229753
v 0.901177 -0.091921 1.216641
v 0.836611 -0.075995 0.587823
v 0.832395 -0.073173 0.445203
v -1.080654 -0.059478 0.030347
v -1.016568 -0.080381 -0.051976
v 1.035859 -0.097286 -0.064897
v -0.981334 -0.090508 -0.130944
v -1.027665 -0.079082 -0.163229
v 1.540387 -0.059699 -0.330900
v 0.917434 -0.122466 -0.310770
v 0.924690 -0.102405 -0.312545
v -0.992062 -0.045480 -0.373573
v -1.420897 -0.067667 -0.627603
v 1.342415 -0.107063 -0.694413
v -1.283395 0.017024 -0.937691
v 0.921176 -0.052183 1.061478
v -0.852807 -0.069120 1.049089
v 0.779202 -0.143449 0.997718
v 0.882227 -0.064195 0.963339
v -0.874514 -0.037123 0.147014
v -0.882667 -0.032273 -0.009243
v -0.849427 -0.018771 0.046699
v -1.023657 -0.076772 -0.073719
v 0.922238 -0.041499 -0.122900
v -0.972475 -0.092407 -0.173490
v 0.960653 -0.090148 -0.245796
v 0.992067 -0.113059 -0.272842
v 0.963575 -0.134727 -0.297860
v 1.007058 -0.083805 -0.276400
v 0.965041 -0.086845 -0.322708
v -0.956792 -0.100832 -0.366155
v -0.924229 -0.092109 -0.380389
v -0.904330 -0.092421 -0.381995
v 1.393750 -0.095265 -0.690566
v 1.380271 -0.104047 -0.699220
v 1.382897 -0.072213 -0.833447
v 1.193570 -0.066822 -1.122726
v 1.208989 -0.068097 -1.144199
v -0.930923 -0.068791 -1.319909
v -0.605804 -0.077267 -1.435461
v 0.631018 -0.073835 -1.433736
v 0.505471 -0.068049 -1.457272
v -0.400443 -0.097306 -1.600142
v -0.932363 -0.056669 1.608144
v 0.891096 -0.068325 1.597531
v 0.894481 -0.028890 1.353596
v -0.744619 -0.134976 0.863202
v 0.922769 -0.046396 0.918070
v 0.888303 -0.065142 0.858077
v -0.873094 -0.055451 0.650281
v -0.878361 -0.019623 0.349382
v 1.051662 -0.011288 0.033184
v -1.014835 -0.096965 -0.116831
v 0.945098 -0.123055 -0.152861
v 0.982530 -0.073151 -0.177937
v 0.990350 -0.043185 -0.208969
v -0.942198 -0.120306 -0.274066
v -0.916953 -0.095278 -0.251823
v -0.908308 -0.107313 -0.263019
v 0.971234 -0.090511 -0.263770
v -0.960877 -0.053545 -0.337521
v -1.616581 -0.072532 -0.339961
v 1.008994 -0.049842 -0.374927
v 1.473604 -0.056389 -0.412789
v -0.905372 -0.133472 -0.400664
v -1.584710 -0.054021 -0.402856
v 1.458328 -0.033755 -0.476284
v 1.405553 -0.083067 -0.781067
v -1.374300 -0.029495 -0.808928
v 1.344610 -0.079813 -0.855037
v 1.119986 -0.041594 -1.246248
v 0.642046 -0.076075 -1.401502
v 0.504473 -0.059539 -1.495349
v -0.924072 -0.016000 1.389480
v -0.886559 -0.026913 1.194711
v 0.854666 -0.015472 0.769340
v -0.909973 -0.026178 0.788054
v 0.871389 -0.047680 0.685246
v -0.862123 -0.048846 0.434775
v 0.831302 -0.028614 0.316975
v 1.063132 -0.011594 -0.013377
v 1.076369 -0.057656 -0.105895
v 0.982704 -0.053987 -0.168980
v -0.970685 -0.093106 -0.209780
v 0.978790 -0.077969 -0.221988
v 0.942001 -0.069863 -0.266249
v -0.874239 -0.016033 -0.281114
v 1.023208 -0.039676 -0.363946
v -0.986233 -0.060068 -0.309767
v 0.898928 -0.085903 -0.378534
v 0.915754 -0.046850 -0.402178
v 1.495201 -0.070383 -0.402160
v -1.267066 -0.026037 -1.032238
v 1.278172 -0.053288 -1.039764
v -1.170084 -0.035443 -1.127651
v -0.827638 -0.039132 -1.341375
v 0.796283 -0.026216 -1.351546
v -0.909816 -0.110978 1.614113
v -0.927914 -0.044285 1.624240
v -0.895754 -0.083912 1.241736
v 0.929217 -0.038379 1.092184
v 0.897637 -0.037546 1.060751
v 1.035106 -0.034075 -0.028115
v -0.860147 0.019808 -0.136595
v -1.057337 -0.087829 -0.136354
v -1.042709 -0.046221 -0.177461
v -0.900130 -0.059923 -0.246639
v -0.985629 -0.048928 -0.287091
v -1.652369 -0.054658 -0.278239
v 1.548491 -0.057013 -0.226605
v 1.504265 -0.052902 -0.337605
v 0.943259 -0.059910 -0.340333
v -0.948573 -0.050385 -0.355638
v -0.902236 -0.039773 -0.371936
v 1.370423 -0.072440 -0.753799
v 1.321721 -0.064840 -0.847394
v -1.042493 -0.041572 -1.256331
v 0.915827 -0.052720 1.610313
v -0.940457 0.012791 1.517175
v 0.800102 0.008138 0.513869
v 0.852100 -0.022488 0.187212
v -0.845708 -0.019354 0.232133
v 1.040373 -0.063906 -0.071684
v 0.954740 -0.056828 -0.164346
v -0.941361 -0.072179 -0.223795
v -0.952347 -0.069717 -0.239627
v 0.890574 -0.017706 -0.238648
v 0.878963 -0.059483 -0.198635
v -0.913334 -0.046294 -0.252788
v -0.903827 -0.049026 -0.264294
v -0.906129 -0.084330 -0.252744
v 0.955818 -0.023360 -0.293165
v -0.928542 -0.013714 -0.281675
v 0.928985 -0.066870 -0.320431
v 0.900388 -0.033429 -0.279016
v -0.935670 -0.088069 -0.364400
v 1.439960 -0.035299 -0.603813
v 1.394921 -0.030789 -0.751303
v 1.387013 -0.022817 -0.685615
v -1.426927 -0.000983 -0.748542
v -1.100454 -0.013989 -1.236726
v -0.913257 0.007586 1.523783
v 0.951072 -0.005608 1.599450
v -0.802478 -0.080588 0.862913
v -0.858619 -0.038593 0.833962
v 0.834778 -0.005275 0.701826
v 0.923326 -0.039122 -0.074501
v -1.036344 -0.016118 -0.003315
v -1.012444 -0.064933 -0.061652
v -1.024491 -0.076636 -0.113407
v 1.581063 -0.050082 -0.218032
v 1.592446 -0.048108 -0.246070
v 0.983423 -0.074579 -0.315044
v -1.707706 0.013826 -0.298840
v -0.930657 -0.068044 -0.343618
v 0.898914 -0.065992 -0.336386
v -0.960039 -0.014712 -0.383467
v -1.364556 -0.033852 -0.762385
v 1.340020 -0.041694 -0.905483
v -1.242467 -0.017369 -1.017865
v -1.188715 -0.102449 -1.098050
v 0.473164 -0.112066 -1.554470
v 0.460443 -0.044697 -1.503579
v 0.402764 -0.038301 -1.579632
v 0.915321 -0.042867 1.315514
v -0.919324 -0.000095 1.245355
v -0.914202 -0.022515 1.178539
v -0.879291 -0.132506 1.151342
v -0.859588 -0.030775 1.021811
v -0.850636 -0.006604 0.953647
v -0.908963 0.015298 0.933917
v 0.880512 -0.004617 0.160322
v -1.012500 -0.065911 -0.091309
v -0.890045 -0.001632 -0.160050
v -1.034666 -0.056539 -0.127128
v 1.012733 -0.016259 -0.150518
v 0.976198 -0.016118 -0.151045
v -0.935262 -0.040531 -0.205107
v 0.980310 -0.083994 -0.240045
v -1.644172 -0.024937 -0.279278
v 0.965386 -0.007257 -0.375105
v -0.885540 -0.051605 -0.401521
v 1.490487 -0.048079 -0.450393
v -1.537092 -0.001329 -0.558521
v -0.992484 0.002064 -1.307004
v 1.025200 0.026860 -1.263816
v -0.581470 -0.113004 -1.434052
v -0.499021 -0.089337 -1.472283
v -0.404146 -0.054140 -1.572949
v 0.894013 -0.046752 1.138519
v -0.893394 -0.049587 1.074334
v 0.905345 -0.024575 0.975696
v -0.899633 -0.029412 0.669598
v -0.885892 -0.000758 0.524385
v -0.849269 -0.009221 0.354385
v 0.904667 -0.004272 0.014370
v -1.015354 -0.049139 -0.094075
v -1.026880 -0.016323 -0.213030
v 0.874557 -0.017315 -0.185829
v -0.948382 -0.031406 -0.248331
v 0.939233 -0.024184 -0.338473
v 1.568702 -0.031241 -0.336354
v 1.341278 -0.040972 -0.839756
v 1.311463 -0.022328 -0.903955
v 1.296403 0.019349 -0.941875
v 0.880598 -0.013090 -1.325040
v 1.012248 -0.034175 -1.315960
v 0.732197 -0.007631 -1.350597
v -0.913527 -0.045548 1.621729
v 0.920373 0.008475 1.158613
v -0.862633 -0.071036 1.107870
v -0.837753 -0.048531 1.065220
v -0.879388 -0.014701 1.042194
v 0.931821 -0.020400 1.018145
v 0.906030 -0.022147 1.039451
v -0.883733 -0.029694 0.775963
v -0.868540 -0.026534 0.628024
v -0.873382 -0.008456 0.689682
v -1.008287 0.000755 -0.073608
v 1.061900 -0.026889 -0.084667
v 1.015719 -0.021255 -0.112152
v -1.033697 -0.031069 -0.091161
v -0.954783 0.005156 -0.193902
v -0.963643 0.010047 -0.249234
v -0.921978 0.002115 -0.238831
v -0.957510 -0.067696 -0.202922
v 0.946917 -0.018445 -0.362289
v 1.508427 -0.031181 -0.374541
v -0.922763 -0.018777 -0.402628
v -0.918335 -0.047403 -0.387678
v 1.382885 -0.037143 -0.792683
v 1.358574 -0.023639 -0.878958
v -1.299691 -0.003744 -0.966564
v 0.549348 0.011539 -1.371062
v 0.469027 0.034030 -1.389175
v 0.427458 0.005552 -1.459241
v 0.513851 0.014248 -1.416646
v 0.406949 -0.105213 -1.620669
v 0.422324 -0.052464 -1.598148
v -0.904444 0.013541 1.351957
v 0.875628 0.015926 0.769015
v -0.886747 -0.007930 0.763312
v -1.079043 0.006538 0.023416
v -1.055496 0.008350 -0.038075
v 1.034380 -0.014006 -0.092339
v 0.889661 0.016689 -0.100890
v -1.016598 -0.055500 -0.138319
v 1.014737 -0.072925 -0.114667
v 1.067206 -0.028023 -0.123745
v -1.009577 -0.029930 -0.164239
v 0.929798 -0.025051 -0.203782
v 0.921901 -0.077384 -0.177964
v 1.361345 -0.010987 -0.772147
v 1.234729 -0.005139 -1.055197
v 1.114578 0.026323 -1.195986
v 0.567531 -0.116312 -1.490322
v 0.916305 0.023115 1.496874
v -0.880983 0.021747 1.118680
v -0.863243 0.007949 1.043440
v -0.877620 -0.002512 0.860826
v 0.853233 0.022472 0.275681
v 1.622026 0.002055 -0.234405
v 1.569455 -0.007312 -0.280012
v -0.946424 0.000751 -0.317762
v -0.900233 -0.021403 -0.264501
v -1.656689 -0.012983 -0.366056
v -0.936873 -0.013908 -0.346334
v -0.914925 -0.014095 -0.375144
v -1.481698 -0.008114 -0.650981
v 1.412278 -0.010695 -0.710547
v -1.434955 -0.011987 -0.665400
v -1.326787 -0.001914 -0.861766
v -1.328232 0.010924 -0.924837
v 1.216529 0.020832 -1.120943
v -0.951592 0.002722 -1.293042
v -0.436931 -0.007101 -1.449923
v -0.963087 0.031369 1.608180
v 0.891454 0.004826 1.154353
v 0.904111 0.033201 0.867726
v -0.852210 0.014406 0.486389
v -0.859683 0.029794 0.189375
v -1.034139 -0.008405 -0.204060
v -1.688056 0.001765 -0.278026
v 0.982280 0.000204 -0.366353
v 1.575987 0.012471 -0.352408
v 0.905930 0.028030 -0.386145
v -0.944729 0.008362 -0.398431
v 1.478298 -0.031521 -0.524316
v 1.428498 -0.011999 -0.586806
v -1.369515 0.006740 -0.857869
v 1.343838 0.045529 -0.899348
v 1.261638 0.034391 -1.051086
v 1.091852 -0.073852 -1.234368
v -0.921279 0.037504 -1.316319
v -0.395588 -0.024580 -1.538371
v -0.934169 0.019633 1.612923
v -0.910665 0.079314 1.252276
v -0.907392 0.022122 1.062527
v -0.899798 0.014836 1.026514
v -0.906642 0.012283 0.736273
v 1.079714 0.022020 0.025777
v 0.875879 0.061861 -0.052217
v 1.065424 0.025124 -0.147543
v 1.019201 -0.005799 -0.152686
v 1.039514 -0.021753 -0.144303
v 0.908949 -0.009512 -0.199158
v -0.905769 0.020534 -0.355798
v -1.647635 0.004551 -0.393849
v -1.600851 0.005496 -0.464338
v -1.497037 -0.043513 -0.514626
v -1.529903 0.013659 -0.580426
v 1.161127 0.013372 -1.149829
v -1.178039 0.012381 -1.149135
v -0.718996 0.004306 -1.370040
v -0.471810 -0.005189 -1.409613
v 0.935746 0.026085 1.605618
v 0.888949 0.021917 1.114093
v -0.891910 0.019457 0.843530
v 0.781502 0.084658 0.570709
v -0.836453 0.036409 0.102229
v -1.056069 -0.031841 0.038838
v 1.041707 -0.024030 -0.169512
v -0.880192 0.035443 -0.377796
v -0.994910 0.003752 -0.327794
v 0.918524 0.031741 -0.436669
v 1.017273 0.007912 -0.402521
v 1.475823 -0.004947 -0.505432
v 1.538157 0.032094 -0.565524
v 1.326748 0.047804 -0.873159
v 1.278325 0.035057 -1.021321
v 0.417022 0.009336 -1.531197
v -0.945125 0.064877 1.614516
v -0.947755 0.075375 1.383577
v 0.907195 0.063662 1.195661
v -0.937176 0.063966 1.133404
v -0.906651 0.016980 1.114673
v 0.909939 0.059138 1.073327
v 0.901435 0.019805 0.975656
v 0.878417 0.047338 0.881028
v -0.897515 0.045128 0.919845
v 0.836140 0.052685 0.662136
v -0.841898 0.073375 0.630431
v 0.805186 0.088142 0.561513
v 1.084325 0.036967 0.002715
v 1.043696 0.019116 -0.096638
v -1.030074 0.056700 -0.115899
v 0.911635 0.045849 -0.101434
v -0.872134 0.069384 -0.096973
v -0.873032 0.103358 -0.209925
v 1.052705 0.014027 -0.194381
v -0.988739 0.009673 -0.202016
v -1.009003 -0.016242 -0.167936
v 0.924817 0.005873 -0.229617
v 0.971715 -0.004534 -0.236280
v 1.002575 -0.009862 -0.210292
v -0.961787 0.013308 -0.273032
v 0.973180 -0.019225 -0.237745
v 0.966630 0.006135 -0.267283
v 1.590328 -0.004653 -0.236839
v 0.947167 0.022144 -0.282608
v 0.967837 0.037988 -0.435513
v 1.393342 0.020757 -0.722323
v -1.385743 0.010282 -0.769835
v 1.381563 0.012570 -0.807073
v -1.297431 -0.060717 -0.875478
v -1.286708 0.031776 -0.979460
v -1.117910 0.039963 -1.166487
v 1.112291 0.048786 -1.224457
v 0.526703 0.051651 -1.380264
v 0.972301 0.059099 1.605514
v 0.943310 0.051386 1.308849
v -0.871852 -0.005096 1.064797
v 0.814790 0.056797 0.476277
v -1.069666 0.016451 0.036276
v 1.060212 0.035282 0.026772
v -1.054971 0.045535 0.025488
v 1.019866 0.030479 -0.087822
v -0.999841 0.066846 -0.164679
v 0.886601 0.080991 -0.154120
v 0.933666 -0.009037 -0.225893
v 0.964616 0.013139 -0.255432
v 0.969456 -0.016517 -0.301199
v -0.926257 0.014118 -0.361277
v -1.581605 0.010166 -0.437430
v -0.891152 0.063163 -0.422118
v 1.469089 0.028337 -0.666879
v -1.473541 -0.001171 -0.610715
v -1.466425 0.031834 -0.672177
v -1.440748 0.019174 -0.665829
v 0.868557 -0.026576 -1.359750
v 0.751456 0.002441 -1.371264
v 0.878040 0.041781 -1.324604
v 0.585339 0.054050 -1.362630
v -0.391995 0.037296 -1.446324
v 0.398210 0.000379 -1.542109
v -0.926546 0.058113 0.981616
v 0.924997 0.090965 0.951912
v 1.037619 0.041784 -0.173378
v 0.990454 0.043022 -0.211033
v 1.641376 0.027475 -0.242085
v 0.999325 0.020237 -0.297495
v 0.976470 0.015383 -0.302330
v 1.578571 -0.034485 -0.302258
v 1.688811 0.051063 -0.310347
v 1.626778 -0.006361 -0.248435
v 1.627752 0.045679 -0.400785
v 1.574928 0.022481 -0.463400
v -1.652839 0.038270 -0.392418
v -1.411894 0.024378 -0.772647
v 1.378294 0.070453 -0.797451
v -1.337217 0.020014 -0.836709
v 1.232315 0.050082 -1.037760
v -1.197905 0.061542 -1.100959
v -1.212698 0.035509 -1.048332
v -0.991228 0.075981 -1.237576
v -0.872141 0.032771 -1.296573
v 0.957280 0.056967 1.504420
v -0.927518 0.081415 1.459736
v 0.918236 0.053295 1.139467
v 0.896937 0.096445 0.942839
v -0.923115 0.049232 0.887250
v -0.886978 0.045893 0.794828
v -0.856832 0.058946 0.679567
v -0.801448 0.125385 0.372754
v 1.022611 0.031185 -0.187843
v 1.025357 0.029425 -0.236577
v 1.625103 0.036295 -0.266004
v -0.993444 0.051168 -0.285911
v 1.011606 0.038927 -0.413700
v 1.558320 0.031882 -0.436660
v -1.596387 0.036533 -0.474565
v 1.509537 0.035146 -0.551691
v 1.463644 0.031475 -0.618071
v 0.666342 0.065361 -1.299203
v -0.530845 0.010640 -1.403042
v -0.599063 0.060853 -1.345720
v -0.384747 0.044049 -1.484421
v -0.391925 0.067044 -1.480692
v -0.405867 0.001600 -1.511972
v 0.906782 0.037924 -0.200127
v 0.859404 0.070795 -0.162340
v 0.935124 0.025265 -0.245953
v 1.000243 0.091700 -0.295083
v -1.724842 0.043511 -0.290358
v -1.612158 -0.002882 -0.365114
v -1.637743 0.029726 -0.351922
v -0.935478 0.080381 -0.294258
v 0.944024 0.038308 -0.382084
v 0.965080 0.083023 -0.475764
v -1.514692 0.039501 -0.514427
v -1.552370 0.022836 -0.489962
v -1.511271 0.011825 -0.552468
v -1.462049 0.013282 -0.632543
v -1.452387 0.035115 -0.608539
v -1.393720 0.031600 -0.726612
v 1.416562 0.063039 -0.730021
v -1.328671 0.050794 -0.780672
v 0.990687 0.080158 -1.248514
v -0.419492 0.068597 -1.355689
v -0.553648 -0.000396 -1.372985
v 0.389871 0.047838 -1.511188
v 0.956823 0.080453 1.436128
v 0.920858 0.068267 1.337074
v -0.895881 0.059383 1.028905
v -0.859313 0.105613 0.621364
v 0.804618 0.114446 0.702421
v -0.809311 0.099714 0.315513
v 1.026676 0.018935 -0.123748
v 1.068119 0.074919 -0.188778
v 0.919695 0.036740 -0.247392
v 0.950599 -0.005139 -0.199871
v -0.983736 0.044270 -0.310423
v 1.676897 0.060639 -0.349409
v -1.437105 0.052017 -0.701665
v 1.154866 0.064712 -1.130713
v -1.115545 0.060460 -1.189561
v 0.850386 0.057535 -1.285389
v 0.528727 0.073411 -1.322490
v -0.426658 0.042631 -1.446273
v 0.877457 0.099911 1.077786
v -0.907491 0.130370 0.822905
v -0.842738 0.119337 0.478562
v 0.843674 0.073204 0.127366
v 0.880546 0.076014 0.066859
v -0.840805 0.138278 0.051904
v -1.084949 0.094126 -0.036686
v 1.024386 0.100055 -0.100989
v -1.009484 0.051699 -0.232926
v 0.879135 0.116016 -0.227635
v -0.850320 0.086040 -0.226585
v 0.950985 0.091613 -0.261052
v -0.861619 0.142366 -0.388574
v 1.632593 0.065322 -0.357287
v 1.015369 0.056584 -0.383223
v -1.590370 0.029855 -0.429474
v -1.559978 0.051320 -0.430721
v -1.625661 0.047967 -0.363678
v 0.938488 0.103448 -0.498601
v -1.459751 0.046634 -0.459649
v -1.404804 0.045298 -0.558935
v -1.424017 0.056851 -0.443131
v -1.295160 0.060567 -0.864503
v -1.238627 0.075941 -0.973711
v -1.023483 0.084342 -1.247764
v -0.794502 0.069467 -1.280197
v 0.937103 0.085899 1.502074
v 0.934099 0.070050 1.189211
v -0.937174 0.091158 1.240788
v -0.898411 0.077036 0.998075
v -0.822703 0.111743 0.511306
v 0.808919 0.104309 0.267869
v -1.027502 0.099877 -0.079975
v -1.052684 0.099166 -0.093551
v 1.021163 0.104958 -0.147677
v -0.874931 0.126606 -0.296179
v -1.031047 0.032878 -0.253501
v -0.848842 0.147050 -0.324722
v 1.061301 0.068204 -0.250983
v 1.678485 0.080129 -0.265496
v -1.681604 0.045230 -0.287065
v 0.975921 0.059966 -0.377211
v -1.529536 0.063553 -0.361616
v 0.937786 0.012842 -0.435855
v 1.512669 0.067638 -0.639802
v 1.416681 0.067109 -0.782959
v -1.265585 0.091344 -0.968203
v 0.996205 0.058798 -1.290422
v -0.480593 0.006931 -1.435982
v -0.438381 0.009142 -1.475337
v 0.435824 0.035190 -1.417433
v -0.913063 0.081855 1.135746
v -0.930973 0.083315 1.077033
v -0.904118 0.096416 1.067755
v -0.813375 0.161864 0.359443
v -1.078436 0.090401 0.030724
v -1.101578 0.107435 0.009464
v -0.814671 0.146958 0.013287
v -1.092833 0.140882 -0.070513
v 0.890632 0.116625 -0.053179
v 1.046376 0.078535 -0.120573
v 1.037998 0.059695 -0.197894
v 0.936249 0.060578 -0.265583
v -1.604938 0.062031 -0.365536
v 0.941965 0.059541 -0.384503
v 0.958781 0.065178 -0.366036
v -1.445272 0.068170 -0.355878
v 1.600465 0.070275 -0.473023
v 1.545196 0.064552 -0.516997
v -1.519669 0.043449 -0.572186
v -1.528309 0.062101 -0.518000
v 1.475422 0.065878 -0.638850
v -1.382445 0.048487 -0.787486
v -1.323671 0.039630 -0.905219
v 1.258930 0.095147 -0.956386
v -0.900288 0.104070 -1.239434
v 0.741804 0.059995 -1.328244
v -0.505866 0.122043 -1.263862
v -0.584429 0.044870 -1.329516
v -0.813375 0.075255 -1.306731
v -0.411920 0.105289 -1.363247
v 0.777638 0.183898 0.505099
v -0.824526 0.159021 0.171200
v 1.069400 0.088963 -0.061965
v 1.032852 0.088507 -0.239807
v -1.028978 0.087543 -0.299363
v 0.921431 0.060909 -0.269664
v 1.675529 0.039391 -0.251743
v 1.724370 0.101949 -0.277479
v -0.976143 0.077885 -0.303831
v -1.575822 0.077143 -0.248715
v -1.699640 0.074832 -0.311032
v -0.955341 0.052207 -0.358357
v 1.594527 0.069515 -0.426678
v -1.644206 0.065346 -0.383075
v -1.391997 0.080327 -0.438364
v -1.469767 0.056970 -0.602013
v -1.374639 0.063911 -0.535906
v -1.362587 0.051032 -0.651799
v -1.331443 0.090391 -0.630372
v 1.239098 0.106284 -1.032080
v 1.197016 0.100519 -1.094836
v 1.129555 0.125385 -1.151269
v -0.743838 0.020670 -1.325544
v -0.677778 0.092391 -1.262491
v 0.949970 0.113521 -1.262908
v -0.490564 0.124537 -1.306601
v 0.447663 0.101908 -1.364697
v 0.870966 0.140143 0.829478
v 0.822086 0.123473 0.323770
v -1.006466 0.103969 -0.204364
v -1.462393 0.084033 -0.291786
v 0.950363 0.094173 -0.354552
v 0.940382 0.041800 -0.347691
v -1.423704 0.083441 -0.351786
v -1.348749 0.098393 -0.550994
v 1.308165 0.088230 -0.938908
v 0.390997 0.093328 -1.379108
v 0.427610 0.092922 -1.397271
v 0.410147 0.102789 -1.410012
v 0.450361 0.036169 -1.452143
v -0.912264 0.119022 1.157484
v -0.798446 0.150848 0.193557
v 0.862883 0.117205 0.094345
v 1.101313 0.102527 0.013452
v 1.110913 0.134288 -0.034175
v 1.073803 0.103134 0.009481
v 0.885440 0.141658 -0.110390
v 1.044990 0.115112 -0.247814
v 0.909604 0.107091 -0.283689
v 1.672390 0.093665 -0.289204
v 1.002293 0.103144 -0.439494
v 0.926983 0.113422 -0.493306
v 1.656067 0.096655 -0.390566
v -1.460649 0.081279 -0.397673
v 1.507718 0.087742 -0.587671
v 1.464710 0.093440 -0.698941
v -1.298064 0.110337 -0.760220
v 1.164123 0.117857 -1.073220
v 0.789910 0.132590 -1.210687
v -0.351890 0.103122 -1.400950
v 0.381932 0.046639 -1.484753
v 0.953469 0.092125 1.600023
v -0.941528 0.144701 1.530194
v -0.882324 0.127832 0.853407
v -0.834479 0.138356 0.650821
v -1.067328 0.114952 0.010149
v 1.052473 0.145938 -0.131351
v -1.051008 0.139997 -0.207086
v -1.592501 0.098811 -0.221219
v 0.903084 0.113529 -0.207611
v -1.017878 0.087652 -0.261596
v 0.965048 0.110803 -0.344274
v 0.988691 0.098299 -0.331879
v -0.918595 0.063388 -0.383824
v 1.642061 0.087829 -0.355946
v -1.576951 0.084272 -0.387816
v 0.901177 0.156561 -0.404814
v 1.569340 0.096404 -0.469627
v 1.530104 0.100693 -0.601334
v 1.373156 0.109628 -0.835876
v -1.129810 0.121795 -1.135109
v 1.082113 0.099271 -1.179275
v 0.930475 0.126674 -1.216554
v 0.825209 0.104818 -1.279053
v 0.707440 0.102105 -1.291543
v 0.532695 0.117392 -1.310771
v -0.380562 0.110491 -1.401789
v -0.366947 0.116851 -1.446066
v 0.402886 0.081090 -1.472688
v 0.921742 0.171795 1.303572
v 0.928531 0.165128 1.186309
v 0.907224 0.198836 0.993393
v -0.875463 0.163207 0.972468
v 0.842680 0.179488 0.777441
v 0.756546 0.156893 0.508269
v 0.853679 0.169070 -0.094119
v 1.055032 0.136095 -0.191689
v 0.847520 0.186696 -0.177754
v -1.028053 0.072343 -0.208746
v 0.948586 0.063396 -0.305830
v 1.002978 0.084714 -0.333310
v 0.986755 0.082339 -0.355779
v 0.937169 0.080575 -0.352386
v 0.953836 0.105701 -0.356966
v 0.939075 0.092985 -0.389268
v 0.982192 0.119823 -0.372611
v 1.027118 0.136212 -0.410814
v -0.900728 0.094336 -0.395187
v -1.504707 0.089687 -0.352337
v -1.384431 0.071473 -0.605669
v -1.416018 0.088483 -0.443656
v -1.386960 0.096230 -0.524756
v -1.368609 0.098840 -0.586279
v -1.358963 0.067298 -0.746633
v -1.340141 0.097119 -0.702068
v -1.201322 0.107572 -1.061381
v -0.745474 0.142626 -1.197471
v -0.952476 0.144848 -1.229238
v 0.374437 0.055518 -1.501457
v -0.965262 0.116406 1.536708
v 0.941083 0.172416 1.467452
v 0.896291 0.209965 1.185940
v -0.901258 0.162496 0.982428
v -0.852249 0.224978 0.747002
v 1.101787 0.159407 0.012145
v 0.881334 0.139723 -0.173191
v -1.644349 0.066705 -0.279509
v -0.959050 0.094656 -0.257151
v -1.001434 0.079698 -0.268707
v -0.994107 0.052841 -0.243588
v 1.082917 0.156009 -0.307306
v -1.577054 0.110905 -0.329780
v 0.924732 0.114908 -0.369990
v -1.441974 0.096857 -0.364470
v -1.413649 0.165920 -0.301913
v 1.011862 0.125781 -0.436863
v -0.903042 0.172448 -0.462640
v 1.501078 0.101374 -0.588566
v 1.438965 0.123694 -0.639147
v 1.421217 0.115272 -0.681882
v 1.403986 0.097276 -0.736984
v -1.278669 0.138241 -0.786512
v -0.634234 0.135864 -1.257672
v 0.388195 0.140180 -1.303676
v -0.954196 0.130832 1.602228
v 0.971882 0.131347 1.512448
v 0.952320 0.144578 1.311416
v 0.904573 0.147144 1.115042
v 0.903705 0.188821 0.920383
v -0.881651 0.203454 0.744503
v 0.816201 0.149083 0.131101
v -1.534235 0.093157 -0.222316
v -1.669012 0.087841 -0.277741
v -1.063473 0.126315 -0.395073
v -0.905653 0.047505 -0.376275
v 1.615366 0.111608 -0.440111
v 1.347369 0.110736 -0.485263
v 1.374987 0.104579 -0.569706
v 1.383899 0.114503 -0.448348
v 1.325140 0.107522 -0.613467
v 1.353032 0.105317 -0.697653
v 1.413761 0.122873 -0.630159
v 1.396407 0.111763 -0.714097
v 1.364847 0.100249 -0.800913
v 1.293865 0.112909 -0.834401
v -1.339192 0.080417 -0.761619
v 1.333167 0.095179 -0.859139
v -0.323653 0.154906 -1.304337
v 0.361852 0.147577 -1.427855
v -0.977893 0.128671 1.606026
v -0.955709 0.150091 1.413911
v 0.867134 0.260054 1.111006
v 0.886270 0.169635 0.956269
v -0.819713 0.161225 -0.106622
v -1.491123 0.137945 -0.189060
v 1.037683 0.112812 -0.268702
v -1.060229 0.123683 -0.315824
v 0.971708 0.097327 -0.272729
v 1.689531 0.116763 -0.259663
v -1.626609 0.107906 -0.243568
v 1.664910 0.128330 -0.265523
v 1.014512 0.111474 -0.344619
v 1.056263 0.103982 -0.317154
v -0.868877 0.167358 -0.348847
v -0.918507 0.134489 -0.408927
v 1.622825 0.118002 -0.366787
v 1.561783 0.121575 -0.451753
v 1.591703 0.099987 -0.434078
v 1.369637 0.120897 -0.379671
v 1.345358 0.133853 -0.409013
v 1.598383 0.127328 -0.447620
v 0.966151 0.184401 -0.574437
v -1.325939 0.152373 -0.619560
v 1.535478 0.117837 -0.571812
v 0.999573 0.128360 -1.202913
v -0.607646 0.182379 -1.159580
v -0.432801 0.174354 -1.222429
v 0.360349 0.120873 -1.456431
v 0.970108 0.163122 1.608729
v -0.929300 0.175036 1.379676
v -0.911129 0.169380 1.220937
v 0.822038 0.174791 0.795056
v -1.074310 0.170845 -0.037845
v -1.457048 0.136146 -0.234607
v 0.901862 0.167426 -0.341938
v 1.038057 0.134944 -0.363508
v 1.068207 0.140738 -0.394441
v 1.048014 0.161060 -0.436711
v 0.946320 0.105910 -0.392382
v 0.934267 0.116379 -0.353860
v -0.903625 0.132693 -0.412434
v -0.894824 0.133838 -0.403051
v 1.408695 0.128559 -0.391219
v -1.356343 0.164704 -0.496058
v 1.441840 0.134108 -0.544617
v 1.475541 0.138973 -0.546389
v 1.304055 0.138938 -0.605385
v -1.314425 0.150130 -0.752580
v 1.385177 0.125803 -0.785057
v -1.153872 0.149693 -1.018932
v -1.214359 0.145722 -0.900808
v -1.247125 0.110570 -0.913209
v -1.174120 0.110457 -1.047401
v -1.034367 0.160616 -1.178212
v -0.955174 0.154606 -1.177291
v 0.633784 0.154858 -1.194825
v 1.022348 0.138703 -1.219007
v 0.881719 0.164084 -1.209419
v -0.741453 0.147412 -1.234550
v 0.471369 0.133883 -1.270243
v 0.988553 0.149466 1.598017
v -0.886849 0.212779 1.117626
v -0.812350 0.198971 0.579268
v 0.776591 0.206705 0.440152
v 1.075585 0.186944 -0.064957
v 1.024660 0.176285 -0.178587
v -1.033350 0.135072 -0.296149
v 1.053395 0.143643 -0.296198
v 0.983678 0.129212 -0.316715
v -1.482908 0.121429 -0.291356
v -0.966975 0.116882 -0.330397
v -0.986906 0.161253 -0.384678
v 1.402696 0.134676 -0.324250
v -1.388783 0.172123 -0.479662
v 0.913300 0.201044 -0.459369
v 1.453816 0.160898 -0.614672
v 1.460275 0.125132 -0.668357
v 1.307965 0.112725 -0.719925
v -1.239125 0.138191 -0.855047
v -1.098033 0.111930 -1.133832
v -1.027499 0.108909 -1.193235
v 0.358839 0.097609 -1.458445
v 0.321285 0.151157 -1.419857
v -0.310451 0.161496 -1.423045
v -0.339045 0.118084 -1.440813
v -0.888833 0.239105 0.849028
v 0.792921 0.173635 0.599772
v 1.055992 0.183998 -0.197530
v 0.883786 0.185674 -0.203099
v 1.043372 0.133934 -0.315350
v 1.351555 0.166168 -0.287179
v 1.319472 0.156747 -0.315906
v 0.891249 0.087881 -0.306544
v 1.568228 0.144490 -0.378420
v 1.087019 0.182595 -0.376664
v 1.481722 0.160410 -0.258917
v 1.481873 0.150897 -0.444086
v -0.920926 0.182707 -0.428092
v 0.939323 0.126055 -0.424723
v 0.956840 0.168866 -0.429087
v 1.233335 0.154207 -0.788050
v 1.232789 0.146751 -0.860419
v 1.340127 0.121358 -0.869178
v 1.088466 0.162297 -1.103535
v -0.392729 0.145243 -1.319673
v 0.372861 0.153763 -1.343332
v -0.348735 0.153311 -1.349666
v -0.945084 0.190958 1.316944
v 0.890062 0.264071 1.069553
v 0.816920 0.184040 0.206407
v 0.797679 0.185637 0.346865
v -1.055379 0.196894 -0.172463
v -0.828872 0.210880 -0.092919
v -0.816719 0.208801 -0.210732
v -1.037025 0.166603 -0.222911
v -0.939070 0.130346 -0.329460
v -1.014528 0.110055 -0.294015
v -0.991146 0.167421 -0.332275
v 0.954213 0.139342 -0.380232
v 1.017416 0.134970 -0.368827
v 1.018640 0.163176 -0.381614
v -1.011806 0.101356 -0.327340
v -1.015157 0.168213 -0.433498
v 1.538867 0.154316 -0.342018
v 1.375439 0.132547 -0.551551
v 1.340492 0.129229 -0.694761
v 1.411306 0.141642 -0.713123
v 1.286897 0.125038 -0.780773
v -1.303045 0.144248 -0.696961
v -1.290921 0.157340 -0.686275
v 1.263804 0.125582 -0.848849
v 1.309235 0.137759 -0.788639
v -1.216136 0.158248 -0.766652
v 1.190139 0.189669 -0.982030
v 0.734844 0.168516 -1.207515
v 0.330888 0.163428 -1.426434
v 0.964143 0.226432 1.483219
v 0.757279 0.197787 0.388433
v 0.872612 0.191682 -0.088990
v -1.538980 0.118413 -0.206742
v -1.487915 0.170437 -0.179110
v -1.537704 0.127956 -0.217379
v -1.506622 0.122850 -0.281083
v 0.876211 0.155003 -0.336061
v 1.618691 0.164456 -0.231899
v -1.416678 0.195026 -0.348820
v 1.051183 0.143545 -0.328075
v 1.014944 0.128938 -0.303848
v 1.313906 0.168200 -0.281384
v -1.028478 0.128857 -0.320270
v -1.051627 0.149530 -0.345931
v 0.923177 0.119921 -0.327610
v -1.042758 0.152633 -0.370984
v 0.894559 0.186169 -0.399044
v 0.992973 0.157911 -0.397346
v 0.925279 0.165418 -0.428471
v -1.081384 0.155742 -0.445944
v -0.938568 0.086634 -0.421520
v -0.954582 0.155079 -0.398727
v -0.955279 0.179919 -0.436001
v 1.299210 0.184248 -0.422357
v 1.499737 0.167246 -0.519115
v 1.325087 0.148383 -0.640917
v 1.291835 0.172399 -0.669749
v -1.260278 0.151597 -0.564934
v -1.232046 0.153741 -0.748583
v 1.278026 0.155348 -0.761853
v -1.190197 0.173240 -0.789674
v 1.274893 0.120875 -0.950909
v 1.179079 0.187381 -0.922792
v 1.151279 0.189507 -0.983906
v -1.043259 0.176694 -1.107545
v -0.673484 0.221330 -1.097659
v 0.377679 0.169561 -1.310285
v -0.280974 0.174840 -1.331901
v -0.309148 0.181113 -1.402821
v 0.958040 0.185749 1.595992
v -0.921728 0.217522 1.160651
v 0.750824 0.217551 0.557983
v 0.789846 0.075728 0.439022
v -0.795150 0.227472 0.227054
v 0.798237 0.215749 0.030683
v -1.118090 0.176208 0.016492
v 1.007780 0.198914 -0.377298
v -1.280913 0.167506 -0.336556
v -1.281463 0.158702 -0.429976
v -1.231594 0.155737 -0.439044
v 1.392669 0.147094 -0.425709
v 1.061024 0.187962 -0.494979
v -1.203578 0.162403 -0.639887
v 0.933674 0.206892 -0.551031
v 1.341451 0.135769 -0.590923
v 1.336469 0.147128 -0.529514
v 1.268430 0.173077 -0.716276
v 1.322461 0.135153 -0.734215
v 1.287555 0.142118 -0.842605
v -1.242287 0.144514 -0.937417
v -1.292735 0.141018 -0.834238
v -1.241000 0.166459 -0.867286
v -1.157666 0.159509 -1.058041
v -1.067693 0.194740 -1.105656
v -0.853119 0.207889 -1.105128
v -0.980987 0.187638 1.599183
v 0.866572 0.249640 1.066565
v -0.764346 0.233925 0.339544
v -0.765615 0.231149 0.260559
v 1.494156 0.167054 -0.203114
v 1.472010 0.179025 -0.162505
v 1.428546 0.179970 -0.194290
v -1.430686 0.142706 -0.276308
v -1.124771 0.230770 -0.279171
v 0.928040 0.153046 -0.364502
v -1.229856 0.172786 -0.308936
v 0.948206 0.168254 -0.371275
v -1.199733 0.179855 -0.376820
v 0.957845 0.191066 -0.411783
v 1.375241 0.146691 -0.385983
v 1.365697 0.145039 -0.431254
v 1.335274 0.183557 -0.420147
v 1.012107 0.148551 -0.448661
v 0.947221 0.166268 -0.452656
v 0.983945 0.178393 -0.434447
v 0.986371 0.160305 -0.414812
v 1.357822 0.137586 -0.460333
v 1.472455 0.174695 -0.481710
v -1.321881 0.178315 -0.517516
v 1.322267 0.178796 -0.540308
v -1.305479 0.167948 -0.621158
v -1.326331 0.171858 -0.576793
v 1.322286 0.184171 -0.657439
v 1.285387 0.158520 -0.733249
v -1.129431 0.206089 -0.927462
v -1.163407 0.199248 -0.973345
v 0.986918 0.206130 -1.105292
v 0.885304 0.200681 -1.111384
v 0.596316 0.234619 -1.140979
v -0.960690 0.215620 1.491203
v 0.934320 0.247571 1.467998
v -0.824689 0.212867 0.517730
v -0.788678 0.212548 0.462832
v 1.149720 0.187496 -0.001499
v -0.840436 0.248157 -0.284793
v 1.699473 0.133280 -0.297058
v 1.620183 0.158486 -0.370663
v 1.650612 0.184911 -0.265523
v -1.461454 0.142594 -0.291533
v -1.286405 0.183309 -0.216956
v 1.060268 0.176385 -0.353066
v 1.265276 0.213817 -0.332287
v 0.943238 0.158312 -0.347580
v 1.341818 0.172747 -0.295084
v 1.396069 0.176021 -0.291632
v 1.351685 0.165299 -0.348512
v 1.475653 0.179821 -0.308729
v -1.327561 0.181708 -0.376657
v 1.480251 0.177689 -0.423725
v -0.823164 0.266492 -0.409977
v 1.555650 0.166331 -0.420740
v -1.352433 0.180878 -0.475774
v 1.096116 0.190153 -0.474582
v 1.002429 0.135177 -0.484153
v 1.031927 0.195223 -0.545144
v -1.176606 0.178668 -0.727318
v -1.291986 0.164837 -0.780456
v 1.269426 0.175601 -0.778796
v 1.302023 0.161330 -0.799197
v -0.966137 0.215842 -1.087023
v 1.033826 0.200925 -1.135879
v -0.334621 0.223825 -1.194459
v -0.458918 0.242255 -1.161938
v 0.286732 0.186078 -1.295497
v -0.325132 0.187534 -1.297307
v 0.983006 0.213571 1.600688
v -0.948850 0.215864 1.579560
v -0.909116 0.229060 1.258700
v -0.790281 0.214390 0.012107
v -1.438547 0.168968 -0.160354
v -1.366715 0.195993 -0.237181
v -1.347791 0.186070 -0.164963
v -0.831331 0.235807 -0.203244
v 1.596535 0.168536 -0.227423
v 1.317595 0.206713 -0.219983
v 1.681851 0.153731 -0.250905
v -1.403646 0.177806 -0.236064
v 0.884770 0.211563 -0.343397
v 1.446459 0.182626 -0.263860
v -1.064129 0.165514 -0.391359
v -1.090188 0.194842 -0.388515
v -0.873912 0.200712 -0.406966
v 1.040990 0.182277 -0.418940
v -0.889578 0.199068 -0.433381
v -0.958513 0.199102 -0.514993
v -1.056106 0.186859 -0.510748
v -1.364304 0.195636 -0.529305
v 1.255688 0.181844 -0.556585
v 1.236964 0.198354 -0.481829
v 1.206543 0.183648 -0.664142
v -1.352371 0.174755 -0.606919
v -1.306963 0.187406 -0.672894
v 1.246018 0.163424 -0.665960
v 1.268717 0.183122 -0.687200
v 1.197427 0.188661 -0.748209
v 1.221158 0.192302 -0.789871
v -1.036856 0.210453 -1.048885
v -1.089756 0.206956 -1.058695
v 0.535971 0.234430 -1.112873
v -0.959455 0.195466 -1.164121
v -0.837938 0.209780 -1.145747
v 0.971443 0.204229 -1.148809
v 0.853551 0.215232 -1.133429
v 0.351281 0.240303 -1.175598
v 0.272401 0.194748 -1.395256
v -0.927403 0.258978 1.481642
v 0.781303 0.222430 0.674399
v 0.736119 0.242714 0.447882
v 0.827060 0.206484 0.064148
v 0.766941 0.234377 0.129683
v 1.149494 0.217080 -0.083904
v 1.175382 0.216461 -0.024351
v 1.480066 0.191576 -0.141020
v 1.322005 0.216611 -0.190602
v -1.248274 0.207941 -0.144369
v 1.069424 0.218470 -0.269078
v -1.465706 0.183722 -0.216532
v 1.267433 0.212434 -0.271014
v -1.387996 0.196171 -0.314337
v 1.575008 0.178209 -0.354969
v -1.116863 0.190891 -0.383090
v -1.388419 0.171583 -0.381528
v -1.364345 0.190779 -0.391549
v 1.002213 0.190694 -0.476925
v -0.924751 0.207106 -0.485860
v -1.197023 0.168572 -0.545974
v -1.174144 0.192554 -0.606230
v 1.276839 0.192528 -0.617579
v 1.290475 0.188042 -0.589665
v 1.272455 0.188690 -0.666147
v -1.243807 0.177262 -0.765400
v 1.235591 0.174833 -0.878293
v 0.694261 0.242357 -1.112296
v 0.487810 0.232895 -1.175793
v 0.332098 0.180616 -1.344991
v -0.956636 0.195267 1.606130
v -0.764640 0.257489 0.398958
v 0.735852 0.267458 0.243353
v 1.136136 0.242168 -0.023633
v 0.866876 0.229765 -0.162287
v -1.198347 0.220578 -0.142132
v 1.630934 0.191058 -0.223339
v 0.837622 0.231280 -0.236739
v 1.043392 0.235719 -0.309511
v 1.573455 0.195685 -0.293009
v -0.935519 0.214293 -0.435579
v 0.989594 0.185490 -0.415404
v -1.168485 0.218028 -0.400070
v 0.942191 0.180616 -0.456654
v 0.934162 0.221937 -0.440990
v 0.999303 0.202577 -0.466806
v 1.044533 0.194036 -0.449449
v -1.242022 0.189422 -0.370658
v -1.250988 0.177004 -0.518661
v -1.286147 0.191374 -0.392697
v -1.214936 0.192299 -0.477683
v 1.320513 0.135893 -0.476075
v 1.280918 0.197888 -0.526444
v -1.319657 0.202623 -0.566806
v -1.204793 0.190325 -0.668355
v -1.270121 0.179204 -0.659644
v -1.142589 0.217212 -0.842194
v -1.161964 0.211123 -0.782053
v -1.152360 0.242116 -0.867518
v 1.047093 0.230865 -1.028872
v 1.147748 0.180365 -1.064056
v 1.086021 0.213690 -1.075488
v 0.728795 0.233055 -1.076372
v 0.268406 0.245670 -1.205446
v 0.291030 0.213877 -1.388535
v 0.953222 0.266912 1.613463
v 0.900679 0.272202 1.138357
v 0.849658 0.283987 0.866335
v 0.808333 0.233446 0.674946
v -0.845390 0.298058 0.667355
v 0.772643 0.250838 0.549299
v -0.788897 0.276796 0.046342
v 1.112254 0.246024 -0.103822
v 0.825989 0.230425 -0.115773
v 1.390338 0.219451 -0.110265
v -1.104551 0.211577 -0.191872
v 1.258899 0.224011 -0.230721
v -1.184115 0.204643 -0.276600
v -0.969995 0.207636 -0.404971
v -1.038928 0.196243 -0.441041
v 1.055579 0.202269 -0.412556
v 1.046523 0.170626 -0.364638
v -1.079163 0.201768 -0.482361
v -1.313695 0.204274 -0.474451
v -1.375552 0.207867 -0.459241
v 1.274038 0.208488 -0.448091
v 1.201159 0.203028 -0.515936
v 1.315644 0.231130 -0.472036
v -1.103832 0.196807 -0.569558
v -1.098054 0.175353 -0.495642
v -0.992248 0.223686 -0.586157
v -1.056237 0.218365 -0.594927
v 0.983899 0.164004 -0.544503
v -1.196769 0.203711 -0.602795
v -1.234880 0.176958 -0.541559
v 1.194255 0.227618 -0.592753
v 1.212216 0.181854 -0.577910
v -1.079410 0.206101 -0.633128
v 1.248553 0.196872 -0.627541
v 1.271122 0.198281 -0.621078
v -1.154108 0.218163 -0.710464
v 1.270590 0.187167 -0.647307
v 1.283731 0.209508 -0.660906
v 1.224413 0.205673 -0.677178
v 1.292774 0.191835 -0.754348
v -1.191576 0.200442 -0.768718
v -1.194913 0.205742 -0.837427
v 1.202930 0.214414 -0.864860
v -0.990609 0.236171 -1.040565
v -0.899451 0.235868 -1.104097
v -0.656844 0.236849 -1.119894
v 0.289447 0.225240 -1.277071
v -0.256875 0.218683 -1.299703
v -0.851146 0.254665 1.028631
v -0.858112 0.249222 0.845799
v 0.809414 0.230860 0.760922
v -0.779428 0.281937 0.365293
v -1.157233 0.202438 -0.006242
v -1.184669 0.216553 -0.078753
v -1.142308 0.198436 -0.058128
v -1.112630 0.232082 -0.080041
v -0.787834 0.256069 -0.163826
v -1.280804 0.215456 -0.053832
v -1.143820 0.229893 -0.158267
v -1.086426 0.179333 -0.133088
v 0.820818 0.275497 -0.188666
v -1.163633 0.226450 -0.202147
v 1.439920 0.214246 -0.198764
v 1.502633 0.204590 -0.250327
v -1.270736 0.207233 -0.229665
v -1.298645 0.201994 -0.290957
v -0.816988 0.254541 -0.324433
v 1.082840 0.239161 -0.358455
v 1.253026 0.223618 -0.394330
v 1.107103 0.214236 -0.467417
v -0.908776 0.224476 -0.456139
v 1.023145 0.200478 -0.434806
v 1.051515 0.212905 -0.489598
v 1.181621 0.236730 -0.407502
v 1.009448 0.213945 -0.502676
v 1.116490 0.219992 -0.536880
v -1.127175 0.229214 -0.603869
v -1.099939 0.224097 -0.716100
v 1.304910 0.218569 -0.636028
v 1.073111 0.234768 -0.982303
v -0.806670 0.276717 -1.004790
v -0.982573 0.242314 -1.092973
v -0.184809 0.228742 -1.266881
v 0.279436 0.220364 -1.320599
v 0.209401 0.233481 -1.362859
v -0.280146 0.175521 -1.402891
v 0.296014 0.185446 -1.412559
v -0.931085 0.269112 1.281234
v 0.733902 0.255136 0.347050
v -1.226356 0.214562 -0.022392
v -1.364145 0.196535 -0.102585
v 1.433284 0.226984 -0.115389
v -1.384128 0.218931 -0.125241
v 1.327690 0.237456 -0.081277
v -1.443013 0.205578 -0.160312
v 1.571278 0.197416 -0.192355
v 1.559675 0.209668 -0.211217
v -1.426875 0.193691 -0.289995
v 1.314906 0.215924 -0.248766
v 1.224950 0.217071 -0.308169
v -1.212919 0.222387 -0.243180
v -1.388567 0.224740 -0.330672
v 1.064037 0.195435 -0.387403
v 1.068776 0.213505 -0.424900
v -0.953821 0.218453 -0.441150
v -1.218232 0.200219 -0.375901
v -1.166608 0.259666 -0.407427
v 1.060385 0.210054 -0.441699
v 0.896284 0.249866 -0.454114
v -0.973604 0.215220 -0.484629
v 1.214184 0.229191 -0.380846
v 1.078342 0.220388 -0.562212
v -1.152561 0.234109 -0.495644
v 0.947833 0.232835 -0.599410
v -1.117279 0.210496 -0.677470
v 1.223363 0.216104 -0.580946
v 1.307652 0.184273 -0.733263
v -1.125029 0.221581 -0.710337
v -1.167948 0.247246 -0.713318
v 1.211440 0.225238 -0.749226
v 1.131168 0.240552 -0.841000
v 0.987141 0.251583 -1.030997
v 0.346508 0.289134 -1.146927
v 0.215473 0.232796 -1.258651
v 0.248224 0.224529 -1.390223
v -1.343879 0.216726 -0.081721
v 1.296208 0.232791 -0.138902
v 1.516313 0.211619 -0.165021
v -1.347680 0.220808 -0.208202
v -1.138164 0.236596 -0.321601
v -1.144834 0.235555 -0.360284
v -1.174338 0.249086 -0.248209
v -1.353999 0.218023 -0.401654
v -1.129732 0.230435 -0.368650
v -1.090608 0.222880 -0.500145
v 1.050309 0.232980 -0.527622
v 1.128273 0.261689 -0.631351
v 1.246472 0.220881 -0.519882
v 1.274055 0.236569 -0.479364
v -1.047594 0.234982 -0.669280
v -1.144692 0.228245 -0.673873
v -1.156138 0.224278 -0.609171
v -1.076505 0.228949 -0.798531
v 1.168301 0.222323 -0.851195
v -1.099512 0.223433 -0.876770
v 1.078325 0.253798 -0.881882
v 1.140554 0.228048 -0.984329
v -0.217734 0.251035 -1.203139
v -0.200717 0.228680 -1.361280
v 0.938108 0.276673 1.327039
v -0.940663 0.262336 1.367694
v -0.746807 0.289799 0.126808
v -1.213751 0.231826 -0.002460
v -1.252528 0.242904 -0.023050
v -1.107647 0.196326 0.001941
v -1.165987 0.238158 -0.008367
v -1.333915 0.232868 -0.088004
v 1.454620 0.225763 -0.141996
v 1.245961 0.249696 -0.155931
v 1.361967 0.251960 -0.178905
v 1.167449 0.235382 -0.265873
v 1.085673 0.245225 -0.316788
v 1.171769 0.241873 -0.356964
v -1.157061 0.228186 -0.459881
v 0.975115 0.223018 -0.424788
v 0.967115 0.180105 -0.368390
v -1.119700 0.244638 -0.376973
v 1.275794 0.244309 -0.347839
v 1.073735 0.220177 -0.475427
v -0.878344 0.251734 -0.511192
v 1.025462 0.232257 -0.531859
v -1.165379 0.263797 -0.539488
v 1.033178 0.220745 -0.579873
v 0.989840 0.221853 -0.580241
v -1.144137 0.232885 -0.583423
v 1.148456 0.252115 -0.797208
v -1.131410 0.238853 -0.912691
v -0.881209 0.240461 -1.041172
v -0.254997 0.235749 -1.260819
v -0.247357 0.229401 -1.386483
v 0.191799 0.256443 -1.371978
v -0.951556 0.248753 1.605210
v 0.942953 0.268974 1.597738
v 0.862896 0.272039 0.998886
v 0.857434 0.298241 0.809338
v -0.792028 0.325327 0.577187
v 0.740212 0.312491 0.255535
v 1.250608 0.245055 -0.043699
v 1.240662 0.241772 -0.092742
v 1.106751 0.230058 -0.156142
v 1.160444 0.257201 -0.166325
v -1.096277 0.243879 -0.260423
v -1.293413 0.233133 -0.142627
v -1.388648 0.227275 -0.258194
v 1.278181 0.239904 -0.271504
v 0.828250 0.281105 -0.370835
v -1.136836 0.233318 -0.435878
v 1.016265 0.229053 -0.422460
v -1.139624 0.242559 -0.501374
v 0.957381 0.213000 -0.453293
v 0.977340 0.240813 -0.476355
v -1.120200 0.228451 -0.511369
v -0.932719 0.263248 -0.540886
v -0.870410 0.206188 -0.457978
v -0.901515 0.251860 -0.550319
v 1.045362 0.237437 -0.571722
v 1.063959 0.250599 -0.610892
v 1.031771 0.231691 -0.599333
v 1.194726 0.288529 -0.648434
v 1.166173 0.284714 -0.650507
v -1.037870 0.249992 -0.725133
v -1.165030 0.250889 -0.795865
v -1.050564 0.247999 -0.835779
v -1.001635 0.254158 -0.915816
v 1.168646 0.239634 -0.915967
v -0.976159 0.256431 -1.013362
v 0.829037 0.292952 -0.969092
v -1.036925 0.238903 -1.046641
v 0.991182 0.268744 -1.053482
v 0.943619 0.262521 -1.064460
v 0.214936 0.257883 -1.279422
v -0.136515 0.255977 -1.308691
v -0.966232 0.262234 1.598126
v 0.909328 0.274577 1.316692
v -0.879913 0.271592 1.047008
v -0.876085 0.270224 0.991612
v 0.891677 0.255238 0.934922
v -0.753668 0.337268 0.258393
v 1.164532 0.234731 0.003471
v -0.749331 0.303076 -0.016981
v -1.204042 0.259369 -0.122371
v 1.148036 0.256729 -0.234462
v 1.126364 0.256117 -0.240776
v -0.837191 0.289364 -0.391768
v 1.261613 0.260404 -0.374898
v 1.046367 0.259491 -0.512540
v 1.076707 0.229765 -0.492317
v 1.166122 0.278871 -0.541894
v 1.237845 0.237815 -0.451945
v 1.316045 0.224747 -0.539704
v -1.074091 0.231028 -0.612298
v -1.109469 0.235659 -0.624286
v 0.918639 0.249409 -0.562464
v -1.110392 0.243919 -0.673234
v 0.970841 0.259541 -0.656028
v -1.054604 0.251511 -0.975707
v -0.996348 0.258289 -0.994741
v -0.915756 0.274514 -0.947964
v 0.654216 0.285404 -1.012741
v -0.545635 0.307814 -0.998038
v -0.172411 0.262247 -1.269475
v -0.190162 0.265623 -1.364507
v 0.169464 0.251275 -1.354123
v 0.211444 0.264443 -1.361970
v 0.739218 0.325003 0.496359
v -0.812898 0.326749 0.550280
v 0.752435 0.297932 0.438651
v 1.365520 0.242549 -0.081853
v 1.288940 0.261397 -0.042884
v -1.297319 0.246306 -0.071905
v -1.166464 0.251607 -0.178692
v 0.830572 0.318879 -0.218812
v 1.121754 0.259435 -0.298634
v 0.831599 0.321497 -0.315629
v 1.248269 0.238377 -0.313342
v 1.157387 0.268870 -0.388083
v 1.095711 0.277865 -0.496981
v 1.146883 0.280922 -0.571380
v -1.171001 0.252465 -0.639056
v -1.107360 0.259032 -0.545658
v -0.927064 0.286176 -0.642177
v 1.055207 0.274802 -0.719037
v -1.008494 0.279760 -0.801035
v 1.119685 0.256918 -0.711387
v 1.167793 0.265225 -0.740865
v 1.060598 0.274115 -0.997305
v -0.103061 0.256685 -1.245639
v 0.148276 0.251552 -1.239207
v -0.210438 0.237702 -1.385306
v 0.955599 0.306240 1.550138
v -0.948170 0.283924 1.499222
v -0.866614 0.312395 0.814417
v -0.764679 0.306454 0.170450
v 0.715460 0.349556 -0.036448
v 0.777623 0.321108 -0.053399
v 1.200079 0.262035 -0.017156
v -1.166191 0.256603 -0.092327
v 1.359240 0.264894 -0.098658
v -1.129642 0.256195 -0.215609
v 1.260025 0.261409 -0.186164
v 1.180504 0.263413 -0.256277
v 1.141598 0.249310 -0.298461
v 1.106821 0.265542 -0.382852
v -0.918161 0.281955 -0.514704
v 0.903933 0.308106 -0.469234
v 0.947215 0.229993 -0.470784
v 1.077820 0.263457 -0.540811
v 0.917864 0.266405 -0.526074
v -1.137261 0.256909 -0.640069
v 1.078806 0.272510 -0.674480
v -1.103750 0.254888 -0.717330
v 1.069895 0.275883 -0.733392
v 1.152564 0.271772 -0.729693
v -1.110853 0.250004 -0.827580
v -0.937161 0.260470 -1.035484
v -0.422000 0.308955 -1.030555
v 0.800054 0.298885 -1.011621
v 0.038063 0.261927 -1.225231
v 0.069464 0.262539 -1.260741
v -0.189747 0.276809 -1.220377
v -0.069027 0.270837 -1.297025
v 0.119646 0.268687 -1.356180
v -0.895480 0.322354 1.363755
v -0.867274 0.312178 1.161449
v -0.833248 0.322446 0.801841
v -1.210546 0.247319 -0.010326
v -1.133773 0.264585 -0.321516
v -0.776766 0.355438 -0.320460
v 1.161420 0.267981 -0.285333
v -1.136375 0.267641 -0.424971
v -0.882518 0.296504 -0.464129
v 1.090421 0.261049 -0.529356
v -0.985713 0.225498 -0.531809
v 1.220296 0.228502 -0.533086
v -1.077146 0.228740 -0.561726
v -1.051610 0.259156 -0.658983
v -1.150895 0.254252 -0.722818
v -0.950082 0.303091 -0.728319
v 1.162642 0.285336 -0.801919
v 1.185257 0.257924 -0.832801
v 1.044776 0.285911 -0.904082
v -0.998546 0.283903 -1.016289
v -0.981505 0.296815 -0.995500
v -0.780438 0.310950 -1.000409
v -0.107709 0.272972 -1.179161
v 0.896772 0.345382 1.406901
v 0.876602 0.305325 1.203270
v -0.834195 0.332058 0.938077
v 0.822494 0.307214 0.787137
v 0.807884 0.352060 0.740522
v 0.744818 0.318235 0.148903
v 1.197684 0.271900 -0.057900
v 1.279173 0.281743 -0.057421
v 1.191807 0.286894 -0.174354
v 1.135712 0.274402 -0.377602
v 1.142062 0.279628 -0.450616
v 1.102125 0.254174 -0.440397
v 1.101359 0.295171 -0.439277
v 1.056275 0.257033 -0.373782
v 1.150681 0.284146 -0.503715
v -0.897673 0.297146 -0.513789
v 1.124851 0.262337 -0.509932
v 1.151357 0.282377 -0.638156
v -0.986619 0.280752 -0.631547
v 0.912936 0.259563 -0.629070
v 0.938958 0.313658 -0.689393
v 1.020330 0.284719 -0.734839
v 1.041537 0.287399 -0.831416
v -1.031788 0.268461 -0.906797
v -0.983287 0.287514 -0.949256
v -0.704407 0.325297 -0.941601
v 0.493728 0.311666 -1.015490
v -0.893959 0.277620 -1.008913
v 0.611907 0.307759 -1.033332
v 0.279417 0.342767 -1.023269
v 0.086197 0.289789 -1.145173
v 0.202241 0.284514 -1.210822
v -0.014435 0.278067 -1.323249
v 0.065878 0.273832 -1.340350
v -0.148957 0.256849 -1.355828
v 0.773179 0.346224 0.621826
v 0.791231 0.355431 0.585341
v 0.716025 0.322160 0.359832
v -0.735364 0.318738 0.296177
v 0.706435 0.333260 0.270988
v -0.781094 0.323972 -0.157956
v 1.279078 0.282958 -0.117652
v 1.133665 0.286897 -0.238233
v 1.088240 0.250510 -0.175455
v 0.788625 0.352655 -0.299533
v 1.159976 0.275935 -0.478312
v -0.840443 0.317696 -0.460584
v 0.989521 0.267792 -0.533776
v -0.889996 0.301204 -0.519053
v -1.054325 0.277726 -0.764733
v -0.912798 0.299910 -0.899212
v -0.960840 0.305527 -0.920610
v 0.976383 0.295953 -0.942057
v 0.891250 0.324732 -0.895122
v -0.672782 0.304086 -1.025867
v 0.199561 0.315800 -1.088602
v 0.147883 0.276590 -1.246341
v 0.024604 0.286188 -1.338356
v -0.086992 0.275266 -1.342137
v -0.120641 0.293161 -1.346300
v -0.933638 0.333965 1.602576
v -0.925055 0.308093 1.596261
v 0.958023 0.307457 1.607797
v 0.921014 0.335971 1.600399
v 0.847673 0.311824 1.096446
v -0.892102 0.333304 1.179759
v -0.817318 0.322264 0.689884
v -0.752945 0.399031 0.461569
v 1.209288 0.258240 -0.349945
v 1.207003 0.251357 -0.458845
v 1.176206 0.300592 -0.480005
v 1.179948 0.306918 -0.568987
v 1.098644 0.270533 -0.573223
v 1.044788 0.282146 -0.592921
v 1.072598 0.298523 -0.609459
v 1.107128 0.285172 -0.626719
v 1.013072 0.265015 -0.605841
v 1.047447 0.275235 -0.635718
v 1.003870 0.276366 -0.656494
v 0.990770 0.294515 -0.717225
v 1.186814 0.294430 -0.727762
v -0.938692 0.289571 -0.979460
v -0.846410 0.297809 -1.012641
v -0.321230 0.312705 -1.056035
v 0.387360 0.332991 -1.013251
v -0.294241 0.331624 -1.082982
v -0.057647 0.302066 -1.332780
v 0.137146 0.277035 -1.361418
v 0.876163 0.303545 1.073664
v -0.814351 0.350933 1.079165
v 0.815172 0.339448 0.674737
v 0.741790 0.317004 0.345556
v 0.763144 0.348194 -0.160861
v 1.112286 0.291944 -0.287426
v 1.132076 0.300381 -0.335385
v 0.778294 0.387785 -0.368324
v 0.833746 0.357563 -0.389348
v 0.843168 0.368604 -0.465873
v 0.890324 0.301697 -0.658852
v 1.128278 0.285059 -0.727452
v 1.091946 0.290280 -0.768466
v -1.005873 0.316577 -0.810603
v 0.981985 0.306687 -0.879810
v -0.225607 0.340347 -1.031531
v 0.456129 0.318250 -1.065567
v -0.079790 0.295720 -1.192310
v -0.078079 0.286535 -1.257096
v 0.118055 0.292680 -1.340751
v 0.888899 0.335017 1.174457
v -0.846143 0.349989 1.073069
v 0.864720 0.334445 0.892765
v -0.834627 0.332763 0.876333
v -0.718940 0.347373 0.172589
v -0.731400 0.360886 -0.173480
v -0.801181 0.339602 -0.261431
v 1.166282 0.299299 -0.401727
v 1.124354 0.303849 -0.509691
v 0.954038 0.280901 -0.589380
v 0.908635 0.326009 -0.580567
v 0.965002 0.311921 -0.623397
v 0.970394 0.286061 -0.591626
v -0.898579 0.335203 -0.616534
v 1.074936 0.307640 -0.674608
v 1.098101 0.293333 -0.660793
v -0.966333 0.314114 -0.893117
v -0.469586 0.329627 -1.031934
v -0.092778 0.307963 -1.100328
v 0.097940 0.330119 -1.056045
v 0.048965 0.285131 -1.233607
v 0.088609 0.286472 -1.352192
v -0.944078 0.328313 1.591380
v -0.898401 0.343699 1.502589
v -0.908473 0.356636 1.358684
v 0.823931 0.347026 0.819398
v 0.689187 0.381805 0.132172
v -0.797824 0.391493 -0.386323
v 0.970234 0.322017 -0.674997
v 0.981061 0.284835 -0.638733
v 1.005213 0.314916 -0.706780
v -0.923338 0.330203 -0.684587
v 1.046602 0.308395 -0.714046
v 1.161908 0.316746 -0.664073
v -0.955300 0.331403 -0.819982
v 0.964026 0.316625 -0.884413
v -0.846826 0.329749 -0.872666
v 0.895297 0.325014 -0.950239
v 0.670021 0.371299 -0.931042
v 0.005226 0.304254 -1.322573
v 0.894210 0.367321 1.512255
v 0.909352 0.365791 1.330485
v 0.830606 0.327859 0.995211
v -0.837661 0.381773 0.977507
v 0.839266 0.326495 0.901807
v 1.154060 0.301952 -0.566750
v 0.940800 0.282348 -0.518384
v 0.967439 0.294523 -0.554113
v 0.935709 0.318031 -0.558147
v -0.915093 0.328102 -0.549019
v 0.898000 0.358306 -0.642670
v 1.131034 0.303593 -0.599595
v 1.100648 0.280389 -0.822487
v 1.089430 0.251855 -0.979518
v 1.054209 0.314842 -0.905191
v 1.006034 0.320758 -0.941448
v -0.893195 0.325791 -0.908152
v 0.149024 0.329625 -1.117065
v -0.921932 0.349049 1.484233
v 0.843649 0.349182 0.783987
v -0.873069 0.339616 -0.518143
v -0.951206 0.303154 -0.635064
v -0.926492 0.349838 -0.633026
v 1.067632 0.317895 -0.794505
v -0.881902 0.334830 -0.810887
v 0.976647 0.340379 -0.844043
v -1.010715 0.284728 -0.903945
v -0.993225 0.323624 -0.930096
v -1.025015 0.265358 -1.004472
v 0.663763 0.387964 -0.860832
v 0.288184 0.340449 -1.079383
v -0.172297 0.335170 -1.103864
v 0.935519 0.370221 1.592577
v 0.872936 0.363052 1.294361
v 0.861754 0.350176 1.123533
v 0.727233 0.363790 0.242792
v 0.708395 0.342377 0.053149
v 0.963115 0.315102 -0.737834
v 0.978491 0.296602 -0.781451
v 1.018657 0.319642 -0.836470
v 0.970550 0.349306 -0.817622
v 0.966793 0.350419 -0.844458
v 0.928588 0.338682 -0.816471
v -0.774515 0.356480 -0.861137
v 0.761807 0.388134 -0.826855
v -0.965092 0.341766 -0.894202
v -0.454855 0.364832 -0.939223
v -0.791022 0.385130 0.681714
v -0.852149 0.389246 -0.488221
v -0.894647 0.351813 -0.520358
v 0.927714 0.348539 -0.687286
v 0.979890 0.341530 -0.717026
v 1.003609 0.314170 -0.746292
v 0.989912 0.321733 -0.756643
v 0.998430 0.335690 -0.831803
v -0.924494 0.347672 -0.771384
v 0.985975 0.340365 -0.878412
v -0.534091 0.364679 -0.964997
v -0.057283 0.358785 -1.001290
v -0.918534 0.386505 1.593668
v -0.904750 0.360563 1.603760
v -0.771198 0.410691 0.437486
v 0.739121 0.392329 0.474026
v 0.738390 0.441956 0.342604
v 0.674128 0.411067 -0.069301
v 0.952199 0.363402 -0.792559
v -0.869863 0.355786 -0.768227
v -0.872103 0.373861 -0.805788
v -0.985838 0.335684 -0.867588
v 0.900543 0.355313 -0.877455
v 0.764091 0.390779 -0.875996
v 0.793013 0.383469 1.095648
v 0.851263 0.344896 1.051137
v 0.785237 0.371049 0.990320
v 0.831637 0.378055 0.844458
v -0.837571 0.362036 0.753146
v 0.789196 0.379700 0.692646
v -0.731231 0.383013 0.108145
v -0.776953 0.375375 -0.394679
v 0.911562 0.361338 -0.555346
v -0.944911 0.353700 -0.706388
v -0.899120 0.360893 -0.705995
v -0.989318 0.312684 -0.745975
v 0.929331 0.357226 -0.728049
v 0.957758 0.349734 -0.765253
v 0.970000 0.394152 -0.725677
v -0.838244 0.350008 -0.897801
v -0.654701 0.401356 -0.839142
v -0.711532 0.371149 -0.916232
v 0.905010 0.391447 1.462187
v -0.864477 0.390154 1.428585
v -0.807908 0.389851 0.932261
v -0.813384 0.424505 0.926046
v 0.670834 0.423645 -0.031878
v 0.717504 0.382413 0.024223
v -0.820901 0.384511 -0.487994
v -0.863804 0.379301 -0.662381
v 0.921924 0.351699 -0.763043
v 0.946796 0.360754 -0.763093
v 0.863144 0.375714 -0.757624
v -0.942932 0.375141 -0.787426
v 0.939769 0.364160 -0.827094
v -0.323143 0.403303 -0.906899
v 0.224589 0.413683 -0.895737
v -0.205163 0.401744 -0.918983
v -0.873091 0.391611 1.510858
v 0.787039 0.382721 0.846954
v 0.797072 0.396172 0.628172
v -0.797965 0.403949 0.586594
v -0.711756 0.414902 0.268189
v 0.713210 0.393052 0.127495
v -0.773451 0.415784 -0.322805
v -0.886105 0.379197 -0.559635
v -0.829141 0.406113 -0.575384
v 0.957646 0.357969 -0.820177
v 0.983161 0.377952 -0.823052
v -0.776490 0.384598 -0.864200
v 0.112329 0.401285 -0.917915
v 0.050735 0.381862 -1.008404
v -0.856020 0.447778 1.425625
v -0.795648 0.431836 1.223584
v 0.841655 0.400097 1.266092
v 0.761644 0.428172 1.149203
v 0.844186 0.348935 1.161273
v 0.725297 0.447903 1.063306
v 0.826756 0.368851 1.002046
v 0.761806 0.415514 0.466301
v 0.721361 0.426367 0.392686
v -0.697083 0.396685 0.022270
v 0.789381 0.363525 -0.170345
v 0.875507 0.392674 -0.657280
v 0.904839 0.357932 -0.677576
v -0.809377 0.383564 -0.754939
v -0.909323 0.375952 -0.672252
v 0.487638 0.410064 -0.872673
v 0.326910 0.403837 -0.903239
v 0.510190 0.411910 -0.910297
v -0.380047 0.387364 -0.968934
v 0.244205 0.419201 -0.940862
v -0.189662 0.402737 -0.973935
v 0.836271 0.433504 1.393767
v -0.842398 0.403023 1.180529
v -0.779603 0.395840 1.083135
v 0.732746 0.406411 0.953166
v -0.779516 0.423133 0.853764
v 0.769782 0.409714 0.741984
v 0.696913 0.447872 0.250706
v -0.732816 0.423558 -0.324428
v 0.779958 0.431202 -0.348911
v 0.898484 0.369459 -0.710590
v -0.706234 0.424876 -0.767693
v 0.403435 0.401849 -0.948352
v 0.902382 0.406542 1.601647
v -0.881900 0.428009 1.517853
v 0.789451 0.437373 1.136931
v -0.707385 0.451632 -0.216461
v -0.701456 0.446736 -0.119680
v 0.923078 0.398092 -0.636296
v 0.943536 0.375878 -0.788307
v -0.887424 0.388246 -0.738531
v 0.840383 0.389757 -0.832895
v -0.863403 0.463884 1.616829
v -0.838598 0.446432 1.305314
v 0.793688 0.402309 0.899434
v 0.722225 0.418974 0.843826
v 0.743011 0.428239 0.531151
v -0.689155 0.421585 0.102877
v 0.703231 0.418506 0.049791
v -0.663179 0.462558 -0.069734
v 0.660025 0.445599 -0.156256
v 0.738048 0.404359 -0.161475
v 0.950859 0.328335 -0.600134
v 0.826832 0.413391 -0.680952
v 0.903717 0.388450 -0.760536
v 0.745498 0.436504 -0.719372
v 0.949202 0.404393 -0.734538
v 0.422198 0.470210 -0.786998
v -0.130031 0.440070 -0.839518
v -0.272930 0.443696 -0.893114
v 0.836590 0.445891 1.509831
v -0.723156 0.470365 0.243608
v 0.736464 0.359360 -0.012634
v 0.688167 0.445835 -0.124340
v 0.761389 0.393672 -0.260848
v -0.739806 0.460226 -0.430867
v 0.294299 0.446833 -0.829049
v -0.859148 0.435748 1.611702
v -0.811458 0.419008 1.000576
v 0.762703 0.419373 0.962746
v 0.787387 0.423370 0.790388
v 0.971628 0.365923 -0.635717
v -0.853806 0.419468 -0.625253
v -0.743182 0.448876 -0.661144
v -0.819029 0.417901 -0.724943
v 0.508050 0.452190 -0.804945
v -0.417806 0.442666 -0.831431
v -0.013347 0.432036 -0.851450
v -0.512882 0.433979 -0.872345
v -0.870536 0.462023 1.601779
v 0.876365 0.438796 1.599372
v 0.878779 0.450857 1.590642
v -0.810266 0.374612 1.108757
v -0.733880 0.431132 1.092906
v -0.687041 0.462441 1.080629
v -0.773277 0.430097 0.962717
v -0.761789 0.467845 0.581459
v -0.657412 0.472875 -0.214345
v 0.733958 0.452562 -0.368218
v 0.891895 0.401882 -0.586335
v -0.753510 0.459474 -0.588696
v 0.885916 0.411550 -0.699183
v 0.757192 0.437480 -0.787753
v 0.679259 0.438284 -0.774197
v -0.731500 0.419351 -0.826518
v -0.621206 0.442467 -0.828466
v -0.405600 0.432111 -0.896349
v 0.785742 0.455967 1.280513
v 0.763963 0.449135 1.072132
v 0.635873 0.458414 0.811762
v -0.807862 0.417554 0.755667
v -0.730007 0.465129 0.524479
v -0.693195 0.481404 0.260165
v -0.709752 0.439953 0.083793
v 0.679567 0.469273 0.147636
v -0.691375 0.463901 -0.069918
v 0.778056 0.448766 -0.625333
v 0.867189 0.387852 -0.595566
v 0.807153 0.456210 -0.662242
v -0.315668 0.455542 -0.814167
v 0.641121 0.461178 -0.799043
v 0.075830 0.446624 -0.877606
v 0.722400 0.443306 0.872811
v 0.785436 0.429520 0.681379
v 0.714304 0.441238 0.728985
v 0.739527 0.441575 0.620665
v 0.762411 0.413564 0.630455
v 0.717378 0.447828 0.210077
v 0.687585 0.440536 -0.234957
v 0.791503 0.392175 -0.242537
v -0.793757 0.463672 -0.523794
v 0.779606 0.457383 -0.530755
v 0.849196 0.438812 -0.588428
v 0.164750 0.450022 -0.812156
v 0.837102 0.455128 1.587268
v 0.879711 0.408160 1.591440
v -0.726549 0.467192 1.080624
v -0.786597 0.454201 0.931292
v 0.609255 0.472325 0.834528
v -0.774714 0.465011 0.776247
v 0.753804 0.459728 0.527615
v -0.741537 0.475419 0.402368
v -0.712727 0.464158 0.357000
v 0.651566 0.492427 -0.046808
v -0.756082 0.472393 -0.417938
v -0.486955 0.499543 -0.725812
v 0.122817 0.487206 -0.719818
v 0.491184 0.473433 -0.821494
v -0.103855 0.463003 -0.846213
v 0.417030 0.490462 -0.804574
v -0.718549 0.482815 1.207437
v -0.684986 0.491271 0.969609
v 0.671408 0.457264 0.953141
v 0.797832 0.470747 -0.491252
v 0.824888 0.409028 -0.496126
v -0.634537 0.475152 -0.710673
v 0.770494 0.490644 1.465582
v 0.671118 0.488230 1.151966
v 0.684706 0.466858 0.917415
v 0.743044 0.456790 0.739949
v 0.695470 0.478696 0.466392
v 0.853213 0.391204 -0.447782
v -0.731753 0.486909 -0.650053
v 0.532382 0.504608 -0.706279
v 0.018168 0.488384 -0.712839
v -0.748641 0.486486 1.300111
v -0.836267 0.410219 1.310141
v -0.761024 0.480163 1.191413
v 0.721123 0.490190 1.249876
v 0.707576 0.493032 1.049515
v 0.588783 0.528353 0.984288
v 0.643741 0.480794 0.825931
v 0.683128 0.478429 0.551767
v 0.702092 0.467832 0.392863
v -0.661331 0.509385 0.109760
v 0.665613 0.500160 -0.242350
v 0.636803 0.498078 -0.270244
v -0.746829 0.470065 -0.512989
v 0.687002 0.502071 -0.688777
v -0.246627 0.485092 -0.748044
v -0.846416 0.445412 1.596846
v -0.795201 0.494382 1.601305
v -0.826520 0.446551 1.474959
v 0.861778 0.455632 1.511074
v 0.840948 0.454495 1.321113
v 0.808605 0.499438 1.510600
v 0.860005 0.408610 1.228174
v 0.794864 0.486467 1.281992
v -0.649031 0.492055 1.112560
v -0.812857 0.398686 1.080661
v 0.711350 0.483013 0.637908
v 0.682055 0.500587 0.021213
v 0.746229 0.504555 -0.438823
v 0.739968 0.455942 -0.294401
v -0.724938 0.513012 -0.542849
v -0.544614 0.513347 -0.735471
v -0.334800 0.508759 -0.768490
v 0.283519 0.487701 -0.800656
v 0.800588 0.498988 1.597976
v 0.649429 0.495873 1.038805
v 0.591184 0.482873 0.639537
v 0.765969 0.450500 0.629090
v 0.705966 0.496878 0.553066
v 0.718918 0.479155 0.302421
v 0.702999 0.497678 0.207978
v 0.723965 0.487303 -0.434136
v 0.643232 0.514377 -0.619281
v -0.140326 0.507504 -0.665458
v 0.261084 0.495570 -0.722019
v -0.613438 0.526903 -0.670638
v -0.228456 0.499815 -0.776705
v -0.776220 0.485988 1.480034
v 0.686137 0.523423 1.348185
v -0.602188 0.510979 1.060734
v -0.733613 0.472051 0.863258
v -0.728851 0.474045 0.678368
v -0.673615 0.518311 0.769583
v 0.507545 0.518192 0.630380
v -0.627604 0.513062 -0.302569
v 0.367999 0.511134 -0.707880
v -0.456678 0.493804 -0.787194
v 0.841288 0.489519 1.590874
v 0.753630 0.518317 1.591968
v -0.773481 0.500825 1.302061
v 0.540639 0.504589 0.523726
v 0.675650 0.495678 0.343289
v -0.680750 0.520880 0.065601
v 0.570280 0.517653 -0.723989
v 0.051818 0.492583 -0.766666
v 0.224776 0.510952 -0.737630
v 0.689982 0.505048 1.137546
v -0.660572 0.520045 0.888466
v 0.553330 0.505252 0.789279
v 0.612309 0.497551 0.714422
v 0.648120 0.509133 0.386243
v 0.675541 0.492454 0.219421
v -0.633517 0.540517 -0.440625
v 0.679249 0.523897 -0.504604
v -0.665210 0.511506 -0.568728
v -0.513458 0.536064 -0.642767
v 0.712866 0.524520 1.254724
v 0.718918 0.491086 0.416774
v 0.659430 0.509893 0.176934
v 0.687976 0.519180 0.225044
v -0.620532 0.522776 -0.198543
v -0.570848 0.547975 -0.569847
v 0.195259 0.523722 -0.627332
v 0.446347 0.542257 -0.644273
v -0.393880 0.536316 -0.662106
v -0.052763 0.530295 -0.669834
v 0.374071 0.558474 -0.669953
v 0.772987 0.537012 1.592572
v -0.684163 0.532420 1.496105
v -0.760439 0.524074 1.485288
v -0.663325 0.521861 1.268746
v -0.717963 0.521258 1.249031
v -0.652778 0.519190 1.110496
v 0.530660 0.549183 1.107230
v 0.596749 0.529616 0.887320
v 0.424611 0.584858 0.696245
v 0.620281 0.510087 0.586865
v -0.679352 0.519518 0.535986
v -0.711919 0.521722 0.449388
v 0.519109 0.523144 0.357603
v 0.687060 0.520015 0.332404
v -0.699332 0.523476 0.280945
v 0.626535 0.527947 0.263364
v 0.626885 0.532874 -0.095129
v 0.649041 0.536432 -0.420572
v 0.743604 0.515853 -0.524379
v 0.593875 0.551963 -0.551941
v 0.666839 0.540892 -0.597247
v 0.014595 0.527248 -0.589286
v 0.156228 0.538225 -0.657858
v -0.806614 0.518589 1.604370
v -0.722901 0.533855 1.610128
v -0.812726 0.494078 1.509952
v 0.592943 0.544949 1.266687
v -0.573951 0.543018 1.169627
v -0.644421 0.518255 1.061023
v -0.713165 0.502896 0.973160
v 0.536304 0.546690 0.896196
v 0.672143 0.522390 0.443028
v 0.629099 0.536552 0.057861
v 0.651391 0.511239 0.042767
v -0.647416 0.540892 -0.083477
v 0.640642 0.494724 -0.177625
v -0.192547 0.535398 -0.599119
v 0.698620 0.528404 1.494050
v -0.531041 0.558950 0.980125
v 0.548235 0.533288 0.754134
v 0.533406 0.532632 0.598495
v 0.556068 0.528928 0.518859
v -0.632208 0.543306 0.152726
v 0.625745 0.534590 0.156954
v 0.674096 0.526811 0.068134
v -0.595163 0.555094 -0.492612
v -0.122669 0.538919 -0.556796
v -0.652173 0.554479 -0.523416
v -0.304691 0.571423 -0.561335
v 0.359929 0.566496 -0.578918
v 0.484510 0.551619 -0.679968
v -0.800828 0.505585 1.616901
v -0.772711 0.531645 1.617948
v -0.606927 0.553733 1.457186
v 0.712256 0.537307 1.360017
v -0.645607 0.545253 1.200339
v -0.715788 0.516394 0.884840
v -0.675206 0.545173 0.765942
v -0.742229 0.498138 0.658828
v -0.605443 0.556779 0.539869
v -0.622421 0.553309 0.378486
v 0.447685 0.542105 0.406365
v -0.681071 0.512865 0.361833
v 0.587974 0.550176 -0.312775
v 0.613800 0.528440 -0.297439
v -0.704028 0.518415 -0.416796
v 0.662808 0.562816 -0.450837
v 0.146465 0.542727 -0.541657
v 0.536211 0.546773 -0.609219
v -0.188802 0.550472 -0.635533
v 0.694608 0.548390 1.596477
v 0.724773 0.544490 1.488056
v -0.721188 0.540435 1.449620
v -0.557972 0.558217 1.264252
v -0.566670 0.559258 1.089737
v 0.465151 0.584999 1.174904
v -0.620978 0.565743 0.903176
v -0.561014 0.565497 0.878072
v -0.674961 0.551468 0.550506
v 0.630277 0.539674 0.371768
v -0.651103 0.535697 0.268906
v 0.442660 0.544396 0.257742
v 0.649800 0.552957 0.133198
v 0.587086 0.542082 0.174884
v 0.498982 0.540913 0.179175
v 0.593122 0.554698 -0.187029
v -0.564080 0.555868 -0.327843
v 0.015472 0.552114 -0.479147
v -0.419558 0.558455 -0.671272
v -0.326468 0.575479 -0.622066
v 0.561816 0.563299 1.407909
v -0.668566 0.553677 1.363839
v -0.459942 0.579313 1.040808
v 0.600015 0.552502 0.987763
v 0.503613 0.570393 0.922991
v 0.457640 0.583370 0.819320
v -0.529140 0.580610 0.774549
v 0.393496 0.589246 0.583000
v -0.657915 0.562347 0.327071
v 0.440179 0.546263 0.165323
v 0.555509 0.561510 -0.001644
v 0.590592 0.556728 -0.002054
v 0.594104 0.557049 -0.107542
v 0.632715 0.548326 -0.299387
v -0.646847 0.558564 -0.424332
v 0.567140 0.574138 -0.439882
v -0.181074 0.558533 -0.492516
v -0.771372 0.540629 1.610000
v -0.721001 0.561102 1.594680
v -0.531306 0.572450 1.423466
v 0.487958 0.553333 0.394629
v 0.361245 0.581463 0.194806
v -0.584773 0.570248 0.193773
v 0.464812 0.554843 0.010960
v 0.409522 0.555506 0.096232
v -0.564137 0.571824 -0.111066
v -0.634199 0.529424 0.001578
v -0.546958 0.570505 -0.195519
v -0.105043 0.557080 -0.456595
v 0.312152 0.574858 -0.520113
v -0.406052 0.576429 -0.559052
v 0.532644 0.574901 -0.605285
v -0.521298 0.571487 -0.615755
v -0.644705 0.559310 1.606248
v -0.435185 0.596989 1.144853
v 0.536838 0.574479 1.093547
v -0.530740 0.579865 1.009871
v 0.482605 0.596860 0.807974
v 0.472151 0.567497 0.572551
v 0.519513 0.551594 0.315952
v 0.611864 0.563066 0.220084
v -0.566443 0.575125 0.050084
v 0.628774 0.566306 -0.080835
v 0.659158 0.535571 -0.096196
v 0.423482 0.565627 -0.138440
v 0.551691 0.572638 -0.244064
v 0.519763 0.578564 -0.314383
v -0.516618 0.580975 -0.407505
v 0.152276 0.559546 -0.449465
v 0.471055 0.583098 -0.517448
v -0.572337 0.579748 -0.548723
v -0.081292 0.566127 -0.540202
v 0.126199 0.570675 -0.525099
v 0.214076 0.561649 -0.604070
v -0.571554 0.573781 1.612492
v 0.658997 0.587175 1.587049
v 0.550873 0.581383 1.578807
v -0.646913 0.572880 1.505751
v -0.598366 0.583851 0.671469
v 0.462672 0.589070 0.689942
v -0.513636 0.583251 0.496733
v 0.369913 0.572242 -0.080757
v 0.541600 0.573174 -0.176363
v -0.445670 0.580239 -0.284221
v -0.175085 0.571521 -0.367083
v 0.024285 0.573264 -0.311056
v 0.609663 0.581007 -0.512579
v -0.696544 0.564812 1.616545
v 0.471891 0.589919 1.474163
v -0.454306 0.591610 1.302027
v -0.535561 0.593088 1.270522
v 0.489367 0.603395 1.187207
v 0.446051 0.588872 1.035511
v -0.466109 0.594851 0.890904
v 0.333212 0.613047 0.434083
v 0.460646 0.564296 0.233981
v 0.504917 0.568417 0.149246
v 0.591658 0.571066 0.153981
v 0.291487 0.594318 -0.161123
v 0.377509 0.574901 -0.259881
v 0.602266 0.573259 -0.315410
v 0.122895 0.582197 -0.253698
v 0.293663 0.582910 -0.350703
v -0.575076 0.576201 -0.308162
v -0.345564 0.592594 -0.455481
v -0.455573 0.588683 -0.466103
v 0.630420 0.559868 1.585746
v 0.579610 0.585246 1.589483
v -0.505238 0.583777 1.602651
v -0.420388 0.594555 1.520992
v 0.614885 0.583680 1.502190
v 0.541712 0.593662 1.347976
v 0.425974 0.596585 1.351442
v 0.431173 0.598159 1.252234
v -0.568211 0.590164 0.881600
v -0.618691 0.581232 0.457509
v 0.423598 0.585500 0.377881
v 0.401515 0.589883 0.230602
v -0.481268 0.583737 0.231904
v -0.434829 0.586641 0.108888
v 0.412821 0.582522 0.058878
v 0.603282 0.576470 0.068160
v -0.647309 0.565286 0.169529
v -0.594068 0.590199 0.007686
v -0.665761 0.544462 0.091691
v -0.621969 0.571936 -0.007324
v -0.423173 0.583960 -0.062492
v -0.620252 0.566396 -0.128478
v -0.564063 0.590959 -0.210948
v -0.618137 0.549255 -0.295950
v -0.662359 0.507662 -0.237153
v -0.117173 0.591160 -0.131056
v -0.258373 0.587967 -0.247602
v 0.025490 0.592605 -0.120552
v 0.239843 0.593031 -0.212959
v -0.316509 0.585320 -0.339045
v -0.573578 0.592373 -0.438671
v 0.363812 0.588860 -0.450017
v 0.423451 0.586491 -0.504907
v -0.194664 0.579571 -0.532149
v -0.461552 0.599249 1.610774
v -0.652395 0.585003 1.607620
v -0.539895 0.595167 1.406735
v -0.462533 0.608389 1.092779
v -0.395928 0.607888 1.007889
v 0.532899 0.585948 0.965908
v -0.433464 0.599753 0.488595
v -0.597994 0.591547 0.260319
v -0.594932 0.592470 0.137365
v 0.304123 0.610203 0.187534
v 0.444232 0.580293 0.015837
v 0.570151 0.592506 -0.086260
v -0.326303 0.594262 -0.136683
v 0.135029 0.597830 -0.120780
v -0.248084 0.600362 -0.114169
v 0.453215 0.590617 -0.421777
v 0.204571 0.582736 -0.503280
v -0.321676 0.607541 -0.518893
v 0.351053 0.605326 -0.533028
v 0.459160 0.604785 1.587003
v 0.420718 0.601982 1.579376
v 0.329892 0.638466 1.147002
v 0.367817 0.618783 0.941885
v -0.412473 0.608639 0.659199
v -0.416951 0.595211 0.281639
v -0.303183 0.614664 0.165782
v 0.547089 0.587579 0.006725
v 0.276223 0.612216 0.047197
v 0.445759 0.584802 -0.042169
v 0.562006 0.596719 -0.225901
v 0.517658 0.605764 -0.323814
v -0.122538 0.591272 -0.397173
v 0.073729 0.592105 -0.360822
v 0.544831 0.605900 -0.394871
v -0.415079 0.607072 -0.537661
v 0.460394 0.598738 -0.560028
v -0.585227 0.598332 1.606724
v 0.510566 0.609151 1.490795
v -0.291637 0.619603 1.479554
v 0.338343 0.616485 1.501086
v -0.373405 0.613501 1.268251
v 0.442791 0.617867 1.063404
v 0.345897 0.620908 0.666371
v -0.489799 0.617187 0.682013
v 0.368944 0.628874 0.511200
v -0.287625 0.623784 0.350100
v -0.551665 0.601535 0.433639
v -0.271713 0.611687 0.051578
v -0.065379 0.610829 0.129217
v 0.044480 0.611028 0.081173
v 0.386767 0.593757 -0.031057
v 0.497757 0.595794 -0.151424
v 0.408435 0.595213 -0.184691
v -0.551803 0.598908 -0.137469
v -0.512417 0.595872 -0.287591
v -0.241106 0.604875 -0.389761
v 0.511455 0.605339 -0.498188
v -0.373067 0.602188 1.597345
v -0.437240 0.617374 1.481052
v 0.275448 0.629658 1.353028
v 0.298639 0.637755 1.246561
v -0.346108 0.624352 0.904550
v 0.455826 0.613812 0.837432
v -0.383081 0.618052 0.795323
v 0.384523 0.631875 0.671429
v 0.261844 0.632990 0.321971
v -0.560623 0.601329 0.142412
v 0.228006 0.615567 -0.002878
v -0.542519 0.603328 -0.024404
v 0.317511 0.612777 -0.201484
v -0.492703 0.610873 -0.435217
v -0.107212 0.603077 -0.277710
v 0.237272 0.603185 -0.358540
v 0.541646 0.610769 1.578722
v 0.303759 0.624747 1.573965
v -0.281988 0.618144 1.583603
v -0.449820 0.617806 1.599720
v -0.387325 0.641522 1.103735
v -0.413518 0.629612 0.980813
v 0.434114 0.623513 0.912613
v -0.482282 0.619905 0.853636
v -0.491618 0.612529 0.400722
v -0.467760 0.612378 0.260811
v -0.482197 0.608326 0.077639
v -0.213369 0.623043 0.232414
v -0.010108 0.623949 0.284277
v 0.203742 0.626834 0.124588
v -0.427718 0.607776 -0.113366
v -0.414242 0.609113 -0.287266
v 0.311256 0.608819 -0.339799
v 0.381373 0.607009 -0.329560
v 0.087504 0.605608 -0.255403
v -0.085005 0.610694 -0.196117
v 0.405243 0.617042 -0.468894
v -0.313200 0.628611 1.603037
v 0.350989 0.625293 1.588801
v -0.186634 0.637730 1.591827
v -0.211908 0.638666 1.388638
v -0.282484 0.648895 1.112407
v 0.271696 0.647200 0.922682
v -0.311632 0.631096 0.699893
v -0.257003 0.636376 0.523403
v -0.436735 0.627241 0.574678
v 0.304939 0.637673 0.163242
v 0.331194 0.636738 0.337156
v 0.223433 0.635084 0.252096
v -0.427349 0.615565 0.106634
v 0.279480 0.635380 0.007148
v 0.037135 0.619113 -0.109604
v 0.225313 0.622708 -0.180477
v -0.326001 0.614785 -0.210586
v -0.205491 0.615283 -0.208748
v -0.371501 0.619165 -0.447926
v -0.228679 0.637890 1.601460
v -0.260690 0.647784 1.596313
v 0.275342 0.638978 1.584514
v 0.439542 0.624238 1.582761
v 0.134890 0.653130 1.444175
v 0.373442 0.634556 1.416294
v -0.371946 0.641670 1.228848
v -0.232014 0.649662 1.240420
v 0.413207 0.630297 1.269019
v -0.293437 0.642503 0.993822
v -0.241077 0.648955 0.815354
v 0.252946 0.644351 0.508320
v -0.407539 0.626629 0.363975
v -0.177337 0.637146 0.465543
v -0.002825 0.638659 0.445408
v 0.145518 0.636737 0.280119
v -0.273255 0.631652 -0.037871
v -0.117451 0.627507 -0.017498
v -0.335493 0.632261 1.577321
v 0.177869 0.649296 1.573556
v 0.360376 0.638887 1.578086
v -0.115457 0.653648 1.497607
v -0.337357 0.643404 1.335008
v 0.364737 0.653205 1.149096
v -0.197635 0.648596 0.668244
v -0.032832 0.634469 0.105643
v 0.199104 0.645186 0.041300
v 0.182459 0.683174 1.069052
v 0.321040 0.662312 1.020770
v 0.233500 0.657286 0.725778
v -0.351191 0.641952 0.456125
v 0.157661 0.653055 0.471809
v -0.284828 0.648633 0.302189
v -0.287283 0.641548 0.165055
v 0.058720 0.645825 0.179180
v 0.238554 0.658516 1.494407
v 0.070009 0.670784 1.542750
v -0.077739 0.664651 1.296605
v 0.115896 0.663361 1.298322
v -0.267673 0.671209 0.893093
v 0.337319 0.653205 0.805846
v -0.337418 0.652598 0.709577
v -0.073489 0.659150 0.712665
v 0.302406 0.658937 0.539152
v -0.206193 0.645864 0.185611
v 0.193156 0.672405 1.575393
v 0.168135 0.664593 1.586192
v 0.261508 0.658402 1.576238
v -0.073046 0.663361 1.590056
v -0.217746 0.656331 1.530549
v 0.020567 0.667203 1.375307
v 0.323335 0.655272 1.261296
v -0.159203 0.677595 1.135787
v 0.142061 0.682815 1.139287
v -0.190412 0.673496 1.019594
v -0.169833 0.664542 0.872114
v 0.183410 0.669248 0.910792
v 0.152966 0.669683 0.775562
v 0.164371 0.662725 0.620869
v 0.267284 0.674604 0.650337
v 0.255156 0.663024 0.356102
v -0.061904 0.652316 0.329047
v 0.210844 0.655090 0.153031
v 0.052255 0.673139 1.586841
v -0.008668 0.671932 1.581099
v 0.198839 0.669003 1.369328
v -0.142147 0.680857 1.330564
v -0.211956 0.676072 1.264968
v -0.030182 0.669134 0.832682
v -0.264892 0.661181 0.560230
v -0.006081 0.670585 0.521626
v -0.202036 0.658308 0.399168
v -0.127306 0.673005 1.595083
v -0.086787 0.682411 1.446710
v 0.051124 0.686163 1.150363
v -0.233325 0.691305 1.107798
v 0.247529 0.691446 1.095998
v -0.134654 0.685173 1.059800
v -0.118242 0.679653 0.968036
v 0.111156 0.678134 0.925089
v -0.224667 0.674569 0.735051
v -0.190748 0.669475 0.565675
v 0.167079 0.663376 0.273775
v 0.118742 0.689666 1.586283
v -0.035008 0.688230 1.057417
v 0.123957 0.688454 1.044490
v 0.239627 0.681921 0.916086
v 0.208886 0.678582 0.498476
v 0.175911 0.673987 0.413316
v -0.007602 0.683149 1.594112
v 0.073698 0.687698 1.414453
v 0.208000 0.682188 1.245527
v 0.197652 0.688605 0.675925
v 0.179449 0.707972 1.111117
v -0.179512 0.704791 1.031429
v -0.190509 0.687975 0.874653
v -0.106182 0.688189 0.775200
v 0.118029 0.688092 0.633281
v 0.033087 0.694017 1.456254
v -0.012439 0.692594 1.311943
v 0.068422 0.693765 1.283102
v -0.054084 0.701381 1.209949
v 0.167537 0.695904 0.896065
v -0.044652 0.696640 1.582273
v 0.057950 0.700145 1.587286
v -0.148587 0.706969 1.111960
v -0.124705 0.696794 0.891930
v 0.159084 0.711892 1.052217
v 0.099850 0.701714 0.899181
v 0.098182 0.714366 1.083347
v -0.078686 0.714010 1.033591
vn 0.0396 -0.9989 0.0270
vn 0.0947 -0.9954 -0.0144
vn 0.5497 -0.8354 0.0003
vn -0.2109 -0.9775 0.0066
vn -0.3679 -0.9297 -0.0197
vn -0.2772 -0.9597 -0.0454
vn 0.2874 -0.9572 -0.0341
vn -0.2000 -0.9768 -0.0765
vn -0.2916 -0.9564 0.0186
vn -0.0121 -0.9992 0.0373
vn 0.3481 -0.9370 0.0280
vn 0.4791 -0.8777 0.0124
vn -0.3854 -0.9226 0.0192
vn 0.2290 -0.9734 -0.0117
vn -0.1040 -0.9907 -0.0873
vn -0.1991 -0.9793 0.0372
vn 0.0793 -0.9958 0.0453
vn -0.2939 -0.9556 0.0202
vn 0.3236 -0.9458 0.0269
vn 0.5847 -0.8113 0.0054
vn -0.1715 -0.9846 0.0344
vn -0.1184 -0.9929 0.0070
vn 0.2549 -0.9661 0.0416
vn 0.1907 -0.9816 -0.0087
vn -0.2498 -0.9683 0.0077
vn 0.1603 -0.9867 -0.0269
vn -0.1103 -0.9934 0.0330
vn 0.4943 -0.8678 0.0502
vn -0.3813 -0.9211 -0.0790
vn 0.0663 -0.9971 0.0384
vn 0.0329 -0.9991 -0.0278
vn -0.1028 -0.9925 0.0664
vn 0.0306 -0.9994 0.0171
vn 0.0662 -0.9813 0.1809
vn -0.0012 -0.9816 0.1910
vn -0.0584 -0.9849 0.1631
vn 0.0213 -0.9993 -0.0299
vn 0.0173 -0.9867 0.1617
vn -0.0562 -0.9982 -0.0201
vn -0.0235 -0.9995 0.0190
vn 0.2023 -0.9780 0.0516
vn -0.0265 -0.9903 -0.1363
vn 0.0121 -0.9982 -0.0581
vn 0.1402 -0.9847 -0.1030
vn 0.0321 -0.9834 -0.1786
vn -0.0446 -0.9807 -0.1905
vn 0.0775 -0.9686 -0.2363
vn -0.0157 -0.9977 0.0665
vn -0.1791 -0.9829 0.0424
vn 0.3150 -0.9484 0.0361
vn 0.6784 -0.7347 -0.0029
vn -0.3652 -0.9309 -0.0081
vn -0.3950 -0.9187 -0.0037
vn -0.1393 -0.9898 0.0282
vn -0.4275 -0.9039 0.0119
vn 0.0637 -0.9972 0.0392
vn 0.2805 -0.9592 0.0342
vn -0.6073 -0.7943 0.0154
vn -0.4572 -0.8886 -0.0368
vn 0.2030 -0.9713 0.1239
vn 0.1337 -0.9900 -0.0448
vn 0.1667 -0.9845 0.0539
vn -0.2158 -0.9714 0.0989
vn -0.1865 -0.9819 -0.0337
vn 0.2178 -0.9736 -0.0683
vn -0.0547 -0.9958 -0.0730
vn -0.2748 -0.9577 -0.0856
vn 0.0342 -0.9943 -0.1012
vn 0.0257 -0.9887 -0.1477
vn -0.0078 -0.9873 0.1584
vn -0.1931 -0.9693 0.1520
vn -0.2319 -0.9700 -0.0733
vn 0.3181 -0.9425 -0.1021
vn 0.0041 -0.9643 -0.2648
vn 0.2783 -0.9591 0.0512
vn -0.2029 -0.9785 0.0378
vn 0.5506 -0.8347 0.0120
vn -0.4856 -0.8742 -0.0000
vn -0.1232 -0.9917 0.0360
vn 0.1095 -0.9930 0.0438
vn 0.7611 -0.6485 0.0085
vn -0.4301 -0.9027 -0.0123
vn 0.5954 -0.8006 0.0674
vn -0.4057 -0.9133 -0.0370
vn -0.2241 -0.9656 0.1321
vn 0.3113 -0.9503 -0.0017
vn -0.1706 -0.9777 -0.1224
vn -0.0866 -0.9821 -0.1670
vn 0.2460 -0.9622 -0.1172
vn 0.1147 -0.9832 -0.1421
vn 0.0231 -0.9627 0.2694
vn -0.0040 -0.9721 0.2346
vn 0.1366 -0.9656 0.2212
vn 0.0051 -0.9687 0.2481
vn -0.0959 -0.9690 0.2278
vn -0.1706 -0.9297 -0.3265
vn -0.0176 -0.9522 -0.3051
vn 0.0311 -0.9934 0.1103
vn -0.2805 -0.9598 0.0120
vn -0.3361 -0.9417 0.0182
vn -0.2384 -0.9704 0.0386
vn 0.0372 -0.9980 0.0518
vn 0.2039 -0.9779 0.0469
vn 0.2797 -0.9595 0.0340
vn -0.5046 0.8633 -0.0067
vn -0.2201 0.9754 0.0083
vn -0.0183 0.9996 -0.0227
vn 0.2897 -0.9568 0.0236
vn 0.3272 -0.9448 0.0148
vn -0.7350 -0.6781 -0.0011
vn 0.2360 0.9717 -0.0039
vn 0.1843 0.9821 0.0396
vn -0.4830 -0.8722 0.0777
vn -0.2301 0.9724 0.0389
vn -0.0010 -0.9881 0.1538
vn 0.2572 -0.9629 0.0820
vn -0.3658 -0.9302 0.0299
vn 0.2966 -0.9542 -0.0396
vn -0.2310 -0.9698 -0.0776
vn -0.0195 -0.9683 0.2491
vn 0.3441 -0.9358 0.0761
vn 0.3024 -0.9182 -0.2560
vn -0.0015 -0.9436 -0.3310
vn -0.1524 -0.9873 0.0446
vn 0.3050 -0.9447 0.1202
vn -0.0108 -0.9986 0.0526
vn -0.2887 -0.9574 -0.0092
vn 0.8276 -0.5611 -0.0163
vn -0.1340 0.9903 -0.0369
vn -0.1138 0.9927 -0.0391
vn 0.1934 0.9807 -0.0301
vn 0.2524 0.9672 -0.0276
vn 0.3864 0.9222 -0.0142
vn -0.4799 0.8770 -0.0222
vn -0.6111 0.7916 0.0051
vn 0.4294 0.9031 0.0056
vn 0.5815 -0.8091 0.0850
vn 0.4543 0.8905 0.0264
vn -0.5238 -0.8422 0.1278
vn -0.5020 0.8649 -0.0007
vn 0.1285 -0.9841 0.1224
vn 0.0955 0.9927 0.0740
vn 0.3402 -0.9392 0.0469
vn -0.3221 -0.9439 -0.0723
vn -0.2511 -0.9527 -0.1710
vn 0.1811 -0.9764 -0.1178
vn 0.1919 -0.9622 -0.1934
vn -0.1572 -0.9782 -0.1354
vn -0.0302 -0.9522 0.3040
vn 0.0014 -0.8143 0.5805
vn 0.0104 -0.5222 0.8528
vn 0.0047 -0.5578 0.8300
vn 0.1382 -0.8107 0.5689
vn -0.1767 -0.6349 0.7521
vn -0.3541 -0.9326 0.0699
vn -0.3503 -0.8995 -0.2612
vn 0.1339 -0.9292 -0.3445
vn -0.0225 -0.9764 0.2147
vn 0.5223 -0.8515 0.0474
vn -0.1345 -0.9889 0.0639
vn -0.4120 -0.9109 0.0218
vn 0.1488 -0.9880 0.0407
vn -0.4301 0.9025 -0.0206
vn 0.0270 0.9989 -0.0390
vn -0.5955 -0.8034 -0.0031
vn -0.8659 -0.4989 -0.0361
vn -0.2969 -0.9548 -0.0141
vn -0.1573 0.9875 0.0110
vn 0.3013 0.9535 -0.0069
vn -0.1276 0.9917 -0.0123
vn -0.3314 0.9432 -0.0231
vn 0.0816 0.9966 -0.0076
vn -0.1688 0.9850 0.0364
vn -0.2952 -0.9552 -0.0227
vn -0.2417 -0.9702 -0.0177
vn -0.0203 -0.9800 -0.1981
vn 0.0610 -0.9724 -0.2251
vn -0.0242 -0.5813 0.8134
vn 0.0549 -0.5969 0.8005
vn -0.1360 -0.6034 0.7857
vn -0.4480 -0.8810 -0.1524
vn -0.0174 0.9947 -0.1015
vn -0.0286 0.9940 0.1058
vn 0.0969 0.9946 -0.0383
vn -0.1065 0.9866 -0.1232
vn -0.0892 0.9877 0.1281
vn 0.0064 0.9997 0.0253
vn 0.0759 0.9837 0.1629
vn -0.0123 -0.9504 -0.3107
vn 0.0721 -0.9335 -0.3512
vn 0.1562 -0.9380 0.3093
vn -0.0728 -0.9786 0.1925
vn 0.0125 -0.9966 0.0813
vn 0.7265 -0.6868 -0.0236
vn 0.2271 0.9733 -0.0328
vn -0.0945 0.9946 -0.0426
vn 0.8317 -0.5544 -0.0308
vn 0.2314 -0.9726 0.0220
vn 0.2639 0.9641 -0.0284
vn -0.8083 -0.5868 -0.0477
vn 0.3441 0.9389 -0.0082
vn -0.2905 -0.9568 -0.0108
vn 0.2734 -0.9617 0.0201
vn -0.7745 0.6324 0.0101
vn 0.7512 -0.6592 0.0328
vn -0.1684 0.9848 -0.0415
vn -0.1776 0.9833 -0.0388
vn 0.1829 0.9827 -0.0291
vn 0.7283 -0.6836 0.0482
vn 0.4389 0.8983 -0.0228
vn 0.6362 0.7715 0.0101
vn -0.7433 0.6690 0.0005
vn -0.3228 0.9460 -0.0287
vn 0.2017 -0.9657 0.1634
vn 0.4378 0.8971 0.0593
vn 0.2207 0.9673 -0.1249
vn -0.1835 -0.9651 0.1866
vn 0.2019 -0.9792 0.0183
vn 0.3646 -0.9259 0.0991
vn -0.0031 0.9985 0.0549
vn -0.1568 0.9862 0.0536
vn 0.2854 0.9565 0.0606
vn 0.0955 0.9954 0.0010
vn -0.0250 0.9959 0.0866
vn 0.1841 -0.9816 -0.0515
vn -0.1499 0.9887 -0.0038
vn -0.0312 0.9961 0.0829
vn -0.0808 0.9963 -0.0279
vn 0.1175 0.9900 0.0775
vn -0.1077 -0.9901 -0.0896
vn 0.1514 -0.9532 -0.2618
vn -0.0729 0.2909 0.9540
vn 0.0025 0.2961 0.9552
vn 0.0170 0.0753 0.9970
vn -0.0114 0.6682 0.7439
vn 0.2954 -0.8677 0.3997
vn 0.0203 0.9666 -0.2553
vn -0.0173 0.9985 -0.0512
vn -0.0064 0.9753 -0.2207
vn 0.0091 0.9949 -0.1003
vn -0.0027 0.9827 -0.1850
vn 0.1553 0.9699 -0.1876
vn 0.2942 0.9555 0.0198
vn -0.0206 0.9944 0.1038
vn 0.0208 0.9927 0.1189
vn -0.2301 0.9702 0.0753
vn 0.2526 0.9489 0.1893
vn -0.2367 0.9464 0.2199
vn 0.0150 0.9726 0.2322
vn 0.4992 -0.8501 -0.1680
vn -0.0042 -0.9559 -0.2937
vn 0.0550 -0.9252 0.3755
vn -0.1650 -0.9863 0.0037
vn -0.1855 -0.9826 -0.0024
vn -0.4613 -0.8868 0.0288
vn 0.7932 -0.6075 -0.0431
vn -0.2574 0.9652 -0.0452
vn 0.0966 0.9941 -0.0499
vn -0.4976 0.8673 -0.0146
vn -0.7623 -0.6466 -0.0294
vn -0.7809 0.6245 0.0161
vn 0.4026 0.9153 -0.0145
vn -0.0115 0.9990 -0.0426
vn -0.7975 0.6034 0.0012
vn -0.2685 -0.9633 -0.0014
vn 0.5873 0.8094 -0.0060
vn 0.4090 0.9121 0.0267
vn -0.6087 0.7907 -0.0655
vn 0.6416 0.7632 -0.0774
vn -0.3234 0.9462 -0.0097
vn 0.0685 -0.9843 0.1624
vn -0.2157 -0.9543 0.2067
vn 0.4603 0.8799 -0.1182
vn -0.1449 -0.9894 0.0014
vn -0.3093 0.9508 0.0173
vn 0.2367 0.9681 -0.0826
vn 0.3357 -0.9383 0.0830
vn 0.1336 -0.9910 0.0036
vn -0.1473 -0.9888 -0.0258
vn -0.3860 -0.9222 0.0243
vn -0.1065 0.9854 0.1331
vn -0.1932 0.9769 0.0913
vn -0.2576 0.9611 0.0992
vn 0.0867 0.9865 0.1386
vn 0.2756 0.9588 0.0685
vn -0.2031 -0.9332 -0.2966
vn -0.0174 0.3473 0.9376
vn 0.0896 -0.1885 0.9780
vn 0.4694 -0.8758 0.1121
vn -0.0046 0.9773 -0.2118
vn -0.0396 0.9857 -0.1639
vn -0.5189 -0.8547 -0.0167
vn -0.3028 0.9507 -0.0667
vn -0.3666 0.9144 0.1718
vn -0.0012 0.9770 0.2133
vn -0.0380 0.9693 0.2431
vn 0.0344 0.9585 0.2829
vn -0.0084 0.9558 0.2940
vn -0.1284 0.9390 0.3189
vn 0.1484 0.9300 0.3364
vn -0.0654 -0.9301 -0.3615
vn 0.4241 -0.8714 0.2467
vn -0.1057 -0.9935 0.0416
vn -0.1532 -0.9877 -0.0327
vn -0.1873 -0.9589 0.2131
vn -0.3271 -0.9386 0.1098
vn 0.1370 -0.9904 0.0165
vn -0.1146 0.9915 -0.0619
vn -0.7219 -0.6907 -0.0416
vn 0.1532 -0.9882 0.0058
vn -0.8791 -0.4730 -0.0591
vn -0.2338 0.9716 -0.0367
vn -0.2698 0.9622 -0.0363
vn 0.3505 0.9362 -0.0256
vn -0.6793 0.7318 -0.0554
vn -0.8481 -0.5289 0.0308
vn 0.7863 0.6178 0.0049
vn -0.6560 -0.7470 0.1079
vn 0.1761 -0.9842 0.0191
vn -0.5550 0.8290 -0.0684
vn 0.2614 -0.9533 0.1512
vn -0.0414 -0.9790 0.1998
vn 0.4380 -0.8983 0.0358
vn -0.1686 0.9761 -0.1369
vn 0.1683 0.9684 -0.1838
vn -0.3684 -0.9212 0.1251
vn -0.1920 0.9779 -0.0833
vn -0.1209 -0.9927 0.0048
vn -0.3204 0.9473 -0.0075
vn 0.1660 0.9787 0.1205
vn -0.1961 0.9621 0.1895
vn 0.2479 -0.9582 -0.1427
vn 0.0125 0.9846 0.1745
vn 0.0983 -0.9924 -0.0738
vn -0.3331 -0.9209 -0.2025
vn 0.2612 -0.9316 -0.2529
vn 0.1123 -0.9787 -0.1719
vn -0.1202 -0.9752 -0.1860
vn -0.0766 -0.9438 -0.3216
vn -0.0405 -0.9573 -0.2861
vn 0.0115 0.9519 0.3062
vn 0.0302 0.9761 0.2152
vn -0.0057 0.9546 0.2979
vn 0.2739 -0.8757 -0.3977
vn -0.0215 -0.9692 0.2453
vn 0.2096 -0.8419 0.4972
vn -0.0467 -0.9794 0.1964
vn -0.2129 0.9708 -0.1105
vn 0.0049 0.9939 -0.1102
vn -0.4592 0.8875 -0.0380
vn -0.6724 0.7401 0.0089
vn 0.1423 0.9890 -0.0408
vn -0.1341 0.9896 -0.0522
vn -0.8288 0.5586 0.0325
vn 0.1495 -0.9886 0.0158
vn -0.1452 -0.9894 -0.0058
vn 0.6723 0.7398 0.0256
vn 0.6792 0.7338 0.0136
vn -0.7268 0.6848 -0.0538
vn 0.3655 0.9308 0.0063
vn -0.3153 0.9488 -0.0181
vn 0.3566 -0.9322 0.0627
vn 0.0579 -0.9982 0.0176
vn -0.1672 -0.9650 0.2022
vn 0.3403 0.9344 -0.1052
vn -0.4381 -0.8945 0.0894
vn 0.2929 0.9561 0.0121
vn 0.3318 -0.9405 0.0732
vn -0.0314 -0.9995 -0.0048
vn 0.2427 -0.9701 -0.0039
vn 0.0551 -0.9981 -0.0264
vn 0.2126 0.9743 0.0747
vn 0.2020 0.9617 0.1855
vn -0.3228 -0.9030 -0.2834
vn 0.1013 -0.9185 -0.3823
vn -0.1046 -0.9420 -0.3190
vn -0.0013 0.9859 0.1672
vn -0.0054 0.8018 0.5976
vn 0.0668 0.8298 0.5541
vn -0.2038 -0.3468 0.9155
vn -0.4373 -0.7286 0.5272
vn 0.3461 -0.6617 0.6651
vn -0.1898 0.9781 -0.0849
vn 0.3171 0.9382 -0.1384
vn 0.3915 0.9040 0.1717
vn -0.0215 0.9450 0.3264
vn -0.0230 0.9368 0.3491
vn -0.3128 -0.8744 -0.3710
vn -0.1914 -0.9207 -0.3402
vn 0.0622 -0.9621 0.2655
vn -0.0076 -0.9964 0.0841
vn -0.0318 -0.9708 0.2378
vn 0.0088 -0.9998 -0.0175
vn -0.2568 -0.9015 0.3483
vn -0.0969 0.9518 -0.2910
vn 0.7480 -0.6587 -0.0807
vn 0.1313 0.9868 -0.0952
vn 0.8688 -0.4899 -0.0720
vn 0.2772 0.9608 -0.0011
vn -0.1216 -0.9926 -0.0048
vn -0.2299 0.9724 -0.0404
vn 0.0710 -0.9975 0.0069
vn 0.8711 -0.4911 0.0020
vn 0.6820 0.7307 0.0306
vn 0.7774 -0.6276 0.0422
vn -0.0963 -0.9953 0.0040
vn 0.0430 -0.9990 0.0151
vn 0.8322 0.5545 0.0072
vn -0.0815 -0.9966 0.0106
vn -0.0027 -1.0000 0.0081
vn -0.1316 0.9851 -0.1106
vn -0.3379 0.9380 -0.0768
vn -0.2335 0.9723 0.0135
vn -0.0289 -0.9988 -0.0392
vn 0.2964 0.9421 0.1569
vn 0.1271 -0.9870 -0.0980
vn -0.3472 -0.9360 -0.0582
vn 0.0169 0.9791 0.2029
vn 0.1004 0.9684 0.2282
vn -0.0991 0.9528 0.2869
vn 0.2679 -0.9007 -0.3421
vn 0.1239 -0.9159 -0.3819
vn 0.5637 -0.8252 -0.0371
vn 0.4561 -0.8328 -0.3136
vn -0.0899 -0.9800 -0.1776
vn 0.2419 0.9701 -0.0201
vn -0.6075 -0.7936 0.0350
vn -0.6972 -0.7155 -0.0451
vn 0.0004 -1.0000 -0.0029
vn 0.2878 0.9569 -0.0394
vn -0.0715 0.9964 -0.0457
vn 0.4537 0.8912 -0.0043
vn 0.9156 -0.3951 -0.0745
vn 0.6314 0.7754 0.0083
vn -0.9436 -0.3220 -0.0768
vn 0.6924 0.7213 0.0174
vn -0.0017 -1.0000 0.0093
vn -0.2596 0.9655 -0.0204
vn 0.8778 0.4757 0.0557
vn -0.2546 0.9668 -0.0210
vn -0.8605 -0.5072 0.0485
vn 0.4596 -0.8776 0.1366
vn -0.0252 -0.9790 0.2025
vn 0.2528 -0.9563 0.1468
vn -0.0089 0.9837 -0.1795
vn 0.0351 0.9802 -0.1950
vn 0.1544 0.9612 -0.2287
vn -0.3838 0.9176 -0.1038
vn -0.2099 0.9777 -0.0064
vn 0.3316 -0.9418 0.0553
vn 0.2147 0.9766 0.0117
vn 0.3752 0.9266 -0.0256
vn 0.3369 0.9395 0.0620
vn 0.2059 -0.9369 -0.2826
vn 0.0113 -0.9924 -0.1223
vn -0.1381 0.9703 0.1987
vn -0.0418 -0.9775 -0.2066
vn 0.1139 -0.9484 -0.2959
vn -0.0982 -0.8908 -0.4436
vn -0.2839 0.9098 0.3029
vn -0.2536 0.5591 0.7894
vn -0.4033 0.9059 -0.1291
vn 0.4389 0.8985 -0.0104
vn -0.4422 0.8969 0.0055
vn -0.3188 0.8785 0.3558
vn -0.4721 -0.8329 -0.2887
vn 0.0193 -0.9779 -0.2083
vn 0.0089 -0.9913 -0.1315
vn -0.0268 -0.9812 0.1909
vn -0.1210 -0.9835 0.1348
vn 0.1746 -0.9116 0.3722
vn -0.3843 -0.8921 0.2378
vn -0.3989 0.8985 -0.1830
vn 0.1666 0.9859 0.0157
vn 0.1009 0.9872 -0.1232
vn 0.1316 0.9886 -0.0736
vn -0.0502 0.9946 -0.0908
vn -0.1535 0.9879 -0.0196
vn 0.8770 -0.4702 -0.0985
vn -0.1851 0.9825 -0.0213
vn -0.9539 -0.2804 -0.1073
vn -0.2293 0.9732 -0.0196
vn 0.2764 0.9610 0.0112
vn -0.9667 -0.2415 -0.0848
vn 0.9019 0.4272 0.0637
vn -0.7891 0.6135 -0.0306
vn 0.2903 0.9569 0.0048
vn 0.0405 -0.9763 0.2124
vn 0.1380 -0.9717 0.1915
vn 0.6366 0.7648 -0.0988
vn -0.1671 -0.9590 0.2287
vn -0.2597 0.9539 -0.1503
vn -0.1969 0.9802 -0.0205
vn -0.3525 -0.9199 0.1720
vn 0.1911 0.9627 -0.1916
vn 0.3350 0.9304 -0.1485
vn -0.3183 0.9447 -0.0788
vn -0.4554 -0.8456 0.2784
vn -0.5663 -0.8181 0.1000
vn 0.4754 -0.8797 0.0146
vn 0.3919 -0.9191 0.0420
vn 0.3195 -0.9474 -0.0199
vn -0.6931 -0.6610 -0.2876
vn 0.2728 -0.9538 -0.1259
vn -0.2463 0.9662 0.0762
vn 0.3679 -0.9184 -0.1456
vn -0.2677 0.9096 0.3177
vn 0.1502 0.9509 0.2707
vn 0.0316 -0.9662 -0.2558
vn 0.1945 0.6976 0.6896
vn 0.3338 0.7358 0.5892
vn -0.4861 0.8525 0.1922
vn 0.0063 0.9571 0.2896
vn 0.0582 0.9483 0.3119
vn 0.2576 -0.8968 -0.3596
vn -0.0180 -0.9985 -0.0508
vn 0.0074 -0.9925 0.1220
vn -0.2773 -0.9426 0.1860
vn 0.3136 -0.7842 0.5354
vn 0.0389 0.9674 -0.2501
vn -0.2836 0.8510 -0.4420
vn 0.1075 0.9938 -0.0272
vn 0.3662 0.9238 -0.1115
vn -0.7970 0.6020 0.0491
vn -0.6652 0.7466 0.0081
vn 0.8713 -0.4907 -0.0078
vn 0.7030 0.7008 -0.1208
vn 0.4194 0.8901 -0.1785
vn -0.3390 0.9380 -0.0721
vn 0.4137 -0.9007 0.1322
vn -0.1001 0.9950 -0.0067
vn 0.5684 -0.7999 0.1925
vn -0.1107 0.9936 0.0207
vn 0.1075 0.9941 0.0135
vn 0.4703 -0.8812 -0.0486
vn 0.4341 -0.8999 -0.0425
vn -0.0629 -0.9394 -0.3370
vn 0.1340 0.9881 0.0759
vn -0.2619 0.9408 0.2151
vn 0.3835 -0.7794 -0.4954
vn 0.5269 -0.8124 -0.2497
vn 0.3667 -0.8305 -0.4193
vn 0.2943 0.9215 0.2533
vn 0.3408 -0.8684 -0.3602
vn -0.0461 0.9491 0.3115
vn -0.3433 -0.8576 -0.3831
vn -0.0901 -0.9012 -0.4240
vn -0.6396 -0.7440 -0.1933
vn 0.3488 0.8754 0.3346
vn -0.2164 0.9181 0.3320
vn 0.3912 -0.8259 -0.4059
vn 0.0543 -0.9979 0.0355
vn 0.1726 -0.9848 -0.0171
vn 0.3111 -0.8889 0.3364
vn -0.1900 0.9096 -0.3696
vn 0.0369 0.9831 -0.1791
vn -0.3874 -0.8306 0.4001
vn 0.6344 -0.7696 0.0725
vn 0.1448 0.9540 -0.2626
vn 0.3173 0.9229 -0.2181
vn -0.9204 -0.3793 -0.0952
vn 0.6643 0.7467 0.0346
vn 0.1653 0.9862 0.0021
vn -0.9026 0.4266 0.0570
vn 0.8220 0.5660 0.0630
vn -0.9813 -0.1687 -0.0929
vn 0.9632 0.2561 0.0819
vn 0.2118 0.9773 0.0059
vn 0.0743 -0.9728 0.2195
vn -0.6099 -0.7780 0.1507
vn 0.2149 0.9766 0.0039
vn 0.4374 -0.8975 0.0569
vn -0.3552 0.9243 -0.1400
vn 0.3452 -0.9313 0.1165
vn -0.4514 -0.8798 0.1487
vn 0.0919 0.9957 -0.0111
vn -0.3494 0.9349 -0.0629
vn -0.2408 0.9704 -0.0201
vn 0.6938 -0.7201 -0.0084
vn -0.1058 0.9888 0.1053
vn 0.1346 0.9766 0.1678
vn 0.3896 -0.8501 -0.3543
vn -0.2805 -0.8210 -0.4972
vn 0.3147 -0.8210 -0.4763
vn -0.6843 -0.7290 -0.0178
vn 0.5657 0.8077 0.1663
vn -0.4056 -0.8357 -0.3702
vn 0.2354 0.9052 0.3539
vn -0.0545 0.9610 0.2713
vn -0.0186 0.9878 0.1546
vn -0.2121 -0.9740 -0.0799
vn 0.3671 -0.8390 0.4016
vn -0.3910 -0.8299 0.3981
vn 0.0043 0.9767 -0.2148
vn -0.0472 0.9546 -0.2942
vn 0.0649 0.9712 -0.2294
vn 0.0013 0.9998 -0.0217
vn -0.5270 -0.8015 0.2826
vn 0.0259 0.9990 0.0377
vn -0.1085 0.9941 0.0068
vn -0.8905 -0.3479 -0.2932
vn 0.6130 0.7901 0.0069
vn 0.9344 -0.3391 -0.1089
vn 0.1557 0.9878 0.0066
vn -0.1188 0.9929 -0.0095
vn -0.1265 0.9919 -0.0144
vn 0.1461 0.9893 0.0055
vn -0.8499 0.5269 -0.0058
vn 0.8970 0.4419 -0.0091
vn -0.1001 0.9948 -0.0192
vn 0.1881 -0.9610 0.2026
vn 0.0630 0.9980 -0.0087
vn -0.2491 -0.9334 0.2585
vn -0.1630 -0.9602 0.2269
vn -0.0616 0.9980 -0.0118
vn -0.2353 0.9577 -0.1657
vn 0.2320 0.9503 -0.2074
vn 0.0027 0.9999 -0.0110
vn -0.0052 1.0000 0.0030
vn -0.1810 -0.9413 0.2850
vn 0.9550 -0.2955 0.0243
vn -0.8458 -0.5019 0.1808
vn -0.4657 -0.8849 0.0116
vn 0.0075 -0.9980 0.0623
vn 0.0101 0.9988 0.0489
vn -0.3492 -0.9255 -0.1463
vn -0.3698 -0.8866 -0.2780
vn 0.5821 -0.8044 -0.1186
vn 0.0549 0.9877 0.1465
vn -0.0268 -0.9336 -0.3574
vn 0.1012 -0.9023 -0.4190
vn 0.0818 -0.8345 -0.5449
vn 0.4884 0.8288 0.2732
vn -0.4493 0.8378 0.3103
vn -0.5617 -0.7618 -0.3229
vn 0.0001 0.9682 0.2503
vn 0.0009 0.9980 0.0629
vn 0.3596 -0.9280 -0.0971
vn -0.3216 -0.9017 -0.2890
vn 0.0227 0.9880 -0.1526
vn 0.3053 0.8666 -0.3947
vn -0.5725 0.8090 -0.1333
vn 0.0534 0.9986 0.0048
vn -0.8286 -0.5271 -0.1886
vn -0.8726 0.4770 0.1046
vn -0.0947 0.9955 -0.0026
vn -0.9535 -0.2431 -0.1783
vn 0.9008 0.4272 0.0783
vn 0.0104 0.9999 -0.0051
vn 0.0819 0.9966 -0.0024
vn -0.0210 0.9997 -0.0150
vn -0.9234 -0.3835 -0.0187
vn 0.0006 0.9754 -0.2207
vn -0.4203 0.9059 -0.0526
vn 0.2254 0.9461 -0.2326
vn 0.3779 0.9107 -0.1669
vn 0.4222 0.9001 -0.1073
vn -0.5186 -0.8412 0.1532
vn 0.1537 -0.9816 0.1135
vn -0.4048 0.9138 -0.0329
vn -0.3321 -0.9366 0.1116
vn -0.3294 0.9435 0.0364
vn 0.3329 0.9261 0.1777
vn -0.1780 0.9711 0.1591
vn -0.2873 0.8952 0.3406
vn -0.0159 0.9920 0.1253
vn -0.3447 0.8638 0.3675
vn -0.0748 0.9753 0.2076
vn 0.2698 0.8993 0.3442
vn -0.3755 -0.8302 -0.4120
vn -0.1233 0.9359 0.3300
vn 0.1089 0.9447 0.3092
vn 0.0558 0.9206 0.3866
vn 0.1009 0.9083 0.4059
vn 0.0303 -0.9230 -0.3837
vn -0.2539 -0.2796 0.9259
vn 0.6086 0.7935 0.0015
vn 0.6565 -0.7543 0.0020
vn 0.6867 -0.7065 -0.1713
vn 0.0331 0.9804 -0.1941
vn 0.2714 0.8998 -0.3416
vn 0.9636 0.2483 0.0991
vn 0.0095 1.0000 -0.0012
vn 0.4665 -0.8734 0.1395
vn -0.0491 -0.9697 0.2392
vn 0.4246 -0.8908 0.1617
vn -0.0120 0.9772 -0.2120
vn 0.4561 -0.8898 -0.0165
vn 0.2977 -0.9473 0.1183
vn 0.2022 -0.9257 0.3198
vn 0.5762 -0.7718 0.2690
vn 0.4548 -0.8354 -0.3087
vn -0.3531 -0.9041 -0.2406
vn -0.4295 0.8566 0.2859
vn 0.0165 0.9623 0.2714
vn -0.0860 -0.8682 -0.4887
vn 0.0815 -0.8388 -0.5383
vn -0.0749 -0.7815 -0.6194
vn 0.1707 -0.0915 0.9811
vn 0.5708 -0.7435 0.3483
vn -0.5429 0.8349 -0.0904
vn -0.5863 0.8054 0.0874
vn 0.6022 -0.7515 -0.2695
vn -0.2973 0.8651 0.4041
vn -0.7670 -0.6391 -0.0570
vn 0.4265 0.8032 -0.4158
vn 0.8719 0.4529 0.1864
vn 0.9347 0.3360 0.1156
vn 0.9767 0.1942 0.0913
vn 0.7019 -0.7078 0.0799
vn 0.0954 -0.9704 0.2220
vn -0.3415 0.9248 -0.1680
vn -0.0912 -0.9623 0.2563
vn -0.4841 0.8749 -0.0141
vn 0.2377 -0.9284 0.2856
vn 0.9963 0.0742 0.0422
vn 0.3580 0.9330 -0.0370
vn 0.9843 -0.1333 0.1156
vn -0.5148 -0.8423 -0.1598
vn -0.4842 -0.8672 -0.1165
vn 0.3411 0.9365 0.0814
vn -0.0905 -0.9680 -0.2340
vn 0.1496 -0.9557 -0.2536
vn 0.3375 0.9015 0.2709
vn 0.3706 -0.8353 -0.4061
vn -0.3618 -0.8581 -0.3644
vn -0.1836 0.8694 0.4587
vn 0.1154 -0.8325 -0.5419
vn -0.4862 0.8054 0.3391
vn -0.4735 -0.7923 -0.3848
vn 0.2224 0.9688 0.1097
vn 0.0376 0.9957 0.0852
vn -0.0240 0.9950 -0.0966
vn -0.4557 -0.8834 -0.1097
vn -0.1180 0.9930 0.0073
vn 0.1531 0.9718 -0.1792
vn -0.3480 0.8065 -0.4779
vn -0.8660 0.4522 0.2136
vn 0.6201 0.7750 -0.1220
vn -0.9093 0.4114 0.0620
vn -0.9848 -0.1443 -0.0969
vn -0.9360 -0.3519 -0.0074
vn 0.4471 -0.8828 0.1442
vn -0.3933 0.9040 -0.1678
vn -0.3047 -0.9298 0.2065
vn 0.2259 0.9501 -0.2151
vn 0.4672 0.8706 -0.1540
vn -0.0328 -0.9783 0.2045
vn -0.0357 -0.9802 0.1946
vn -0.4994 -0.8589 0.1137
vn -0.3742 0.9255 -0.0590
vn -0.4370 0.8932 -0.1060
vn 0.3612 0.8582 0.3646
vn -0.0304 0.9346 0.3544
vn 0.3604 0.8290 0.4276
vn 0.2732 0.7834 0.5583
vn -0.0869 0.8757 0.4750
vn -0.0777 -0.7660 -0.6381
vn 0.7245 0.6782 0.1231
vn -0.3916 0.8274 0.4026
vn -0.2830 0.8138 -0.5076
vn -0.4053 -0.7360 0.5423
vn 0.5142 -0.7567 0.4039
vn -0.6837 0.7289 0.0345
vn 0.8389 -0.4512 -0.3045
vn 0.9108 -0.3509 -0.2176
vn 0.8062 0.5783 0.1247
vn 0.9770 0.1740 0.1234
vn -0.8739 0.4858 0.0184
vn 0.7003 -0.7069 0.0988
vn -0.7067 -0.6986 0.1118
vn 0.1452 -0.9674 0.2075
vn -0.4868 -0.8590 0.1587
vn 0.3486 -0.9267 0.1403
vn -0.4103 0.9009 -0.1413
vn 0.9958 -0.0918 -0.0002
vn 0.8847 0.4652 -0.0286
vn 0.4421 0.8958 -0.0454
vn 0.5928 0.8034 -0.0564
vn -0.3737 -0.8830 0.2841
vn -0.2263 -0.9496 0.2170
vn -0.5779 0.8161 0.0040
vn 0.9989 -0.0408 0.0241
vn 0.3232 -0.8422 -0.4316
vn 0.3942 -0.7817 -0.4833
vn -0.0125 -0.8699 -0.4931
vn 0.2686 -0.7225 -0.6371
vn 0.5443 0.6284 0.5558
vn -0.5287 0.6967 0.4848
vn -0.6796 0.7336 -0.0066
vn -0.5783 0.7806 0.2372
vn 0.5343 -0.7542 -0.3816
vn -0.3543 0.9325 -0.0709
vn 0.4478 -0.8929 -0.0458
vn 0.3659 0.9205 -0.1371
vn 0.4587 0.8491 -0.2620
vn -0.6927 -0.7112 0.1200
vn 0.9550 0.1358 0.2637
vn 0.8856 -0.4635 -0.0301
vn 0.4058 -0.8901 0.2073
vn -0.1251 0.9648 -0.2314
vn 0.5407 -0.8359 0.0944
vn 0.5466 -0.7825 0.2980
vn -0.5880 -0.7951 0.1485
vn 0.3455 0.9182 0.1936
vn 0.3892 0.9125 -0.1257
vn 0.7663 0.6269 0.1407
vn -0.0747 -0.9386 -0.3369
vn -0.2001 -0.9258 -0.3207
vn -0.4701 0.7570 0.4538
vn 0.0062 0.9117 0.4109
vn 0.0561 0.8985 0.4353
vn -0.3983 -0.7561 -0.5194
vn 0.1249 0.8605 0.4938
vn 0.0515 0.7846 0.6178
vn -0.0525 0.8152 0.5768
vn 0.0375 -0.8476 -0.5292
vn -0.2142 -0.6706 -0.7102
vn 0.3559 0.8530 0.3817
vn -0.4825 -0.8383 0.2539
vn 0.8116 -0.5208 -0.2647
vn -0.9791 -0.1739 -0.1057
vn -0.9406 -0.3384 -0.0282
vn -0.0377 -0.9644 0.2616
vn 0.1577 -0.9525 0.2607
vn -0.2586 -0.9376 0.2325
vn 0.0683 0.9651 -0.2530
vn -0.4359 0.8912 -0.1259
vn 0.2528 0.9376 -0.2388
vn -0.3647 0.9148 -0.1738
vn -0.5845 0.8113 0.0149
vn 0.7282 0.6056 -0.3210
vn 0.2701 0.9628 -0.0080
vn 0.9599 0.2753 -0.0537
vn 0.8865 0.1622 0.4334
vn 0.2206 0.9093 0.3529
vn 0.2592 0.9607 -0.0993
vn 0.4163 0.4659 0.7808
vn -0.5237 0.8507 0.0464
vn -0.3291 0.8218 0.4651
vn -0.0898 0.8776 0.4709
vn 0.1261 -0.6969 -0.7060
vn 0.7365 -0.5874 0.3354
vn -0.4588 -0.4003 0.7933
vn -0.6892 0.7071 0.1583
vn 0.6407 0.7241 0.2552
vn -0.5601 0.7444 0.3635
vn -0.6557 -0.7005 -0.2817
vn 0.5283 0.7743 0.3484
vn -0.3688 0.8653 0.3395
vn 0.3484 -0.7850 0.5122
vn 0.8898 0.4560 -0.0176
vn -0.0565 -0.9611 0.2705
vn -0.6370 -0.7575 0.1430
vn -0.3366 0.9219 -0.1920
vn 0.6632 -0.7295 0.1674
vn 0.6013 -0.7929 0.0988
vn -0.5331 -0.8294 0.1672
vn -0.5972 -0.7901 0.1383
vn 0.5260 0.8457 -0.0904
vn 0.3776 0.9114 -0.1637
vn 0.7881 0.4089 -0.4601
vn 0.7776 -0.6287 -0.0005
vn -0.2766 -0.9335 -0.2282
vn 0.6202 -0.5890 0.5182
vn 0.4964 0.8428 0.2081
vn -0.5274 -0.7804 -0.3359
vn 0.3887 0.9034 0.1810
vn -0.5151 0.8022 0.3019
vn 0.3378 0.9184 0.2060
vn -0.2865 -0.9425 -0.1721
vn 0.2952 -0.8891 -0.3498
vn -0.4054 0.8378 0.3658
vn 0.1066 -0.7483 -0.6547
vn 0.4043 -0.8048 -0.4346
vn 0.0766 -0.7423 -0.6657
vn 0.7603 0.6494 0.0129
vn 0.7521 0.6384 0.1635
vn 0.4309 0.8826 0.1882
vn -0.3246 0.7575 -0.5665
vn -0.4755 -0.7528 0.4552
vn 0.9825 0.1628 0.0907
vn -0.6314 0.7696 -0.0949
vn 0.0345 -0.9710 0.2367
vn 0.5000 0.8498 -0.1669
vn -0.7114 -0.6820 0.1698
vn -0.6308 0.7639 -0.1361
vn -0.3207 -0.9333 0.1616
vn 0.0043 -0.9941 0.1086
vn 0.6176 -0.7543 0.2226
vn 0.7469 -0.5598 -0.3588
vn 0.3038 -0.9516 0.0459
vn 0.5997 0.7570 0.2596
vn 0.5084 -0.8349 0.2109
vn 0.3587 0.8797 0.3121
vn 0.8821 0.4527 -0.1306
vn 0.8623 -0.1909 -0.4690
vn -0.3929 0.7710 0.5012
vn 0.4010 0.7386 0.5420
vn -0.0170 0.8491 0.5279
vn 0.0081 0.8665 0.4992
vn 0.0527 0.7482 0.6614
vn -0.0548 -0.7769 -0.6272
vn 0.6246 -0.6924 -0.3612
vn 0.5194 -0.8361 -0.1764
vn 0.8793 0.1786 0.4415
vn 0.9285 -0.3425 -0.1435
vn -0.9640 -0.2172 -0.1534
vn -0.9732 -0.2151 -0.0810
vn -0.6580 0.7471 -0.0943
vn 0.3645 -0.9102 0.1966
vn 0.6003 0.7871 -0.1416
vn -0.0163 0.9723 -0.2333
vn 0.2655 0.9336 -0.2407
vn 0.1162 0.9590 -0.2585
vn -0.6181 0.7820 -0.0798
vn 0.4581 -0.8482 0.2658
vn -0.7030 -0.6955 0.1483
vn -0.6652 0.7400 -0.0994
vn 0.8900 0.4457 0.0958
vn 0.4953 -0.8398 0.2222
vn 0.9194 -0.3824 -0.0922
vn 0.7923 -0.5418 0.2806
vn 0.1113 -0.9022 0.4168
vn 0.3784 -0.9181 -0.1181
vn -0.2407 -0.9705 0.0095
vn 0.2867 0.9201 -0.2669
vn -0.1527 -0.9871 -0.0486
vn 0.9089 -0.1662 -0.3825
vn 0.7422 0.6665 -0.0707
vn 0.3808 0.9134 0.1438
vn 0.7178 0.6923 0.0739
vn 0.0702 0.7952 0.6022
vn 0.3708 -0.6556 -0.6578
vn -0.0969 0.7810 0.6170
vn -0.3461 -0.6568 -0.6699
vn 0.0023 -0.7611 -0.6486
vn 0.8069 -0.5848 -0.0836
vn -0.7999 -0.5866 -0.1266
vn -0.6848 0.6877 0.2410
vn -0.4848 0.8746 -0.0113
vn -0.6532 0.7520 -0.0880
vn -0.8201 0.3645 0.4411
vn -0.8766 -0.2536 -0.4090
vn 0.8290 0.5527 0.0850
vn -0.9151 0.3898 0.1031
vn -0.2570 0.9376 -0.2342
vn -0.3281 -0.9171 0.2263
vn -0.1543 -0.9498 0.2720
vn -0.4704 0.8620 -0.1888
vn -0.4658 -0.8672 0.1759
vn 0.8299 -0.5374 0.1497
vn -0.3869 0.9190 -0.0753
vn 0.5714 0.8067 -0.1508
vn -0.3035 0.9395 -0.1588
vn 0.7962 0.2626 -0.5451
vn -0.3383 -0.9068 0.2517
vn 0.6304 0.7590 -0.1626
vn -0.2703 -0.9351 0.2290
vn 0.4953 -0.8685 -0.0177
vn -0.1283 -0.9917 0.0110
vn -0.6167 -0.7401 -0.2683
vn -0.3582 -0.9187 -0.1665
vn 0.3980 -0.9013 -0.1711
vn 0.9206 0.3078 0.2405
vn 0.8973 -0.4293 -0.1030
vn 0.0462 -0.8549 -0.5168
vn 0.7019 -0.3654 -0.6114
vn 0.4043 0.7803 0.4771
vn -0.4156 -0.7603 -0.4993
vn -0.0586 0.8054 0.5898
vn -0.3097 0.7132 0.6288
vn 0.1113 0.0282 0.9934
vn -0.7344 -0.6465 -0.2066
vn 0.7149 -0.6453 -0.2692
vn -0.5105 -0.8412 -0.1780
vn -0.3119 0.7245 -0.6146
vn 0.9768 0.1284 0.1714
vn 0.9148 -0.3983 -0.0670
vn 0.6915 -0.7164 0.0925
vn 0.0311 -0.9576 0.2864
vn -0.0085 0.9655 -0.2603
vn -0.0635 -0.9545 0.2915
vn -0.6169 0.7704 -0.1607
vn 0.4483 0.8772 -0.1720
vn 0.6949 -0.6219 0.3612
vn 0.7410 0.6611 -0.1180
vn -0.7675 -0.6355 0.0838
vn -0.4803 -0.8099 0.3367
vn 0.4372 -0.8952 0.0860
vn 0.3209 -0.8423 0.4330
vn -0.1208 -0.9443 -0.3062
vn -0.3358 0.9419 -0.0025
vn -0.3936 0.9008 0.1834
vn -0.4111 0.8571 0.3104
vn 0.5802 0.7731 0.2565
vn -0.3783 -0.8156 -0.4378
vn 0.3810 0.8330 0.4011
vn -0.3998 0.7922 0.4610
vn -0.1649 0.6835 0.7111
vn 0.0122 -0.7016 -0.7125
vn -0.7920 0.6070 0.0656
vn 0.4169 0.7507 -0.5125
vn -0.8330 -0.4857 -0.2650
vn 0.8033 -0.5952 0.0219
vn 0.9346 0.3548 0.0244
vn 0.1724 -0.9412 0.2906
vn -0.1927 -0.9403 0.2807
vn -0.3147 -0.9102 0.2692
vn 0.1439 0.9532 -0.2660
vn -0.5577 -0.8105 0.1789
vn 0.6657 -0.7146 0.2150
vn 0.4759 -0.8051 0.3541
vn 0.1773 -0.9609 0.2128
vn 0.8698 -0.4279 0.2458
vn -0.7166 -0.6955 0.0523
vn -0.1383 -0.9889 -0.0551
vn -0.3598 -0.8970 0.2569
vn 0.3054 0.8892 -0.3406
vn -0.4452 0.8944 -0.0429
vn 0.5536 0.7971 0.2413
vn -0.5052 -0.8530 -0.1310
vn 0.4722 -0.8659 -0.1650
vn 0.8870 -0.4615 -0.0152
vn 0.9739 0.1609 -0.1602
vn 0.7915 -0.4166 -0.4472
vn 0.2001 0.6498 0.7333
vn 0.0589 -0.7523 -0.6562
vn -0.0281 -0.7112 -0.7024
vn 0.5420 0.8153 0.2038
vn -0.5070 0.7672 0.3929
vn 0.8101 -0.4770 -0.3409
vn -0.8437 -0.5359 0.0309
vn 0.7271 0.6761 -0.1194
vn 0.4275 -0.8686 0.2505
vn -0.2531 0.9470 -0.1978
vn -0.7033 0.6878 -0.1798
vn 0.7370 -0.6326 0.2378
vn 0.6929 -0.6202 0.3677
vn -0.5232 0.8315 -0.1867
vn -0.7508 0.6409 0.1596
vn 0.8454 -0.5327 -0.0396
vn -0.9950 0.0987 -0.0141
vn -0.5640 -0.7933 0.2291
vn 0.1912 -0.9780 -0.0833
vn 0.4654 -0.8507 0.2445
vn -0.6748 -0.7246 0.1397
vn -0.4846 0.7466 -0.4558
vn -0.3754 -0.8788 0.2946
vn -0.2567 0.9482 -0.1871
vn 0.3296 0.8888 -0.3185
vn 0.5829 0.8119 0.0328
vn -0.6250 -0.6303 -0.4606
vn 0.3000 -0.9427 -0.1458
vn 0.0402 -0.9376 -0.3455
vn -0.5294 -0.8041 -0.2703
vn -0.5394 -0.7603 -0.3620
vn 0.4411 -0.6332 -0.6361
vn -0.7195 0.6046 0.3418
vn -0.8319 -0.5531 -0.0443
vn -0.6001 -0.7643 -0.2360
vn 0.5964 -0.7290 -0.3360
vn 0.8588 -0.3187 -0.4011
vn 0.8637 0.3177 0.3912
vn 0.9198 0.1217 0.3730
vn -0.8336 -0.0127 -0.5522
vn 0.3638 -0.9044 0.2229
vn -0.6882 0.7180 -0.1038
vn -0.5980 -0.7849 0.1621
vn -0.0291 0.9700 -0.2413
vn -0.0911 -0.9433 0.3191
vn 0.5164 0.8347 -0.1915
vn -0.4997 -0.8405 0.2094
vn 0.1067 0.9554 -0.2754
vn 0.9740 -0.1868 0.1284
vn 0.6313 0.7585 -0.1616
vn -0.6932 -0.6991 0.1754
vn -0.9590 -0.1002 0.2650
vn 0.5239 -0.5452 -0.6545
vn 0.3044 -0.9523 -0.0225
vn -0.2547 0.9657 -0.0512
vn -0.3484 0.9336 0.0833
vn 0.5838 0.8056 0.1010
vn 0.5967 0.7617 0.2524
vn -0.3588 0.8580 0.3675
vn -0.4192 0.7895 0.4483
vn 0.4084 -0.6285 -0.6619
vn -0.0004 0.7622 0.6473
vn -0.0174 -0.7450 -0.6669
vn -0.0528 -0.7600 -0.6478
vn 0.6179 0.4001 0.6769
vn -0.4396 -0.8287 0.3463
vn -0.8698 0.2873 0.4012
vn -0.9294 -0.1469 -0.3386
vn 0.9632 0.2524 0.0926
vn -0.7583 0.6496 -0.0550
vn 0.6633 -0.7216 0.1983
vn -0.2654 0.9294 -0.2566
vn -0.4419 0.8697 -0.2197
vn 0.4023 0.8903 -0.2133
vn -0.6176 -0.7662 0.1774
vn -0.7323 0.6245 -0.2716
vn 0.7892 0.6052 -0.1042
vn 0.1241 -0.9743 0.1880
vn -0.1724 -0.9811 0.0875
vn -0.2372 -0.9711 -0.0271
vn 0.4878 -0.8614 0.1414
vn 0.5048 -0.8594 0.0813
vn -0.0269 -0.9918 -0.1252
vn 0.4150 -0.8533 0.3156
vn 0.1614 -0.9861 0.0397
vn -0.3078 -0.8860 0.3468
vn 0.7043 -0.7077 0.0555
vn -0.3927 -0.9091 0.1393
vn -0.6725 -0.7293 0.1261
vn 0.4570 -0.8877 -0.0566
vn -0.7588 -0.6513 0.0053
vn -0.7506 -0.6289 -0.2028
vn -0.4913 0.8708 0.0168
vn 0.0220 -0.9652 -0.2607
vn 0.3174 -0.9348 -0.1592
vn -0.7258 -0.6141 -0.3101
vn -0.4630 0.8475 0.2595
vn 0.4876 -0.8356 -0.2530
vn 0.5713 -0.5760 -0.5847
vn 0.3578 0.6664 0.6541
vn -0.4198 -0.5963 -0.6843
vn 0.3030 -0.5691 -0.7644
vn 0.8100 -0.5665 -0.1515
vn -0.7826 0.6043 0.1497
vn 0.7422 0.6303 0.2277
vn 0.6571 0.7092 0.2553
vn 0.5975 -0.7494 0.2852
vn 0.5541 0.7597 -0.3404
vn -0.9050 0.3944 0.1596
vn 0.8474 -0.5309 -0.0103
vn 0.6279 -0.7693 0.1178
vn -0.0626 0.9570 -0.2834
vn -0.6253 0.7564 -0.1918
vn 0.8883 -0.4396 0.1332
vn -0.8527 0.5024 -0.1434
vn 0.5286 -0.6060 0.5945
vn 0.2597 -0.9578 0.1231
vn -0.4276 -0.8635 0.2675
vn 0.4792 -0.7802 0.4020
vn -0.9387 -0.2614 0.2247
vn 0.7635 -0.5936 0.2543
vn 0.6774 0.7082 -0.1990
vn -0.0103 -0.9953 0.0967
vn 0.2496 0.8645 -0.4363
vn 0.0115 -0.9732 -0.2298
vn 0.2063 -0.9639 -0.1683
vn -0.4975 0.8612 -0.1041
vn 0.5240 0.8479 0.0806
vn -0.5164 0.8437 0.1465
vn -0.3858 -0.8529 -0.3517
vn 0.0683 0.7476 0.6606
vn 0.0217 -0.7517 -0.6592
vn 0.4470 -0.8362 0.3178
vn -0.5677 0.6963 -0.4391
vn -0.5974 -0.7743 0.2087
vn 0.8306 0.4368 0.3455
vn 0.3437 -0.8959 0.2815
vn 0.8010 -0.5753 0.1653
vn 0.0327 0.9520 -0.3044
vn -0.9198 0.2078 -0.3328
vn 0.9524 -0.1697 0.2533
vn -0.9002 -0.3970 0.1792
vn -0.9674 -0.1279 0.2184
vn 0.4914 -0.8687 0.0618
vn 0.2889 -0.9344 0.2082
vn -0.6708 -0.7000 0.2449
vn 0.2789 -0.9397 0.1981
vn 0.6831 -0.6661 0.2994
vn 0.8661 -0.4796 0.1407
vn -0.2543 -0.9297 0.2665
vn -0.1955 0.9399 -0.2799
vn 0.5968 0.8012 0.0439
vn 0.0245 -0.9741 -0.2246
vn 0.5680 0.7433 0.3534
vn 0.4467 -0.7071 -0.5482
vn -0.4013 -0.7445 -0.5336
vn -0.4392 0.7127 0.5469
vn -0.4102 0.6839 0.6033
vn -0.0519 0.7412 0.6692
vn -0.0241 0.6961 0.7175
vn -0.6108 -0.4427 0.6564
vn -0.3608 0.7343 -0.5750
vn -0.8134 0.4854 0.3206
vn 0.7898 0.0206 0.6130
vn -0.3955 0.8972 -0.1967
vn 0.1286 0.9491 -0.2876
vn 0.2872 0.9216 -0.2610
vn -0.7693 0.6171 -0.1657
vn 0.6344 0.7540 -0.1706
vn 0.4411 -0.7899 0.4260
vn -0.3716 -0.9189 0.1322
vn -0.0801 -0.9545 0.2872
vn -0.2142 -0.8931 0.3955
vn 0.7504 -0.6607 -0.0200
vn -0.5757 0.7830 -0.2357
vn 0.0270 0.9996 0.0078
vn -0.5686 0.8192 -0.0746
vn 0.4250 -0.8624 -0.2750
vn 0.6432 0.7407 0.1940
vn 0.5947 -0.7863 -0.1677
vn -0.7269 -0.5979 -0.3379
vn -0.5167 -0.7705 -0.3733
vn 0.4048 0.7567 0.5134
vn -0.4440 -0.6687 -0.5964
vn 0.3510 0.5186 0.7796
vn -0.0081 0.7225 0.6913
vn -0.5825 0.8115 0.0463
vn -0.7751 -0.0625 -0.6288
vn 0.1393 -0.9347 0.3269
vn 0.5157 -0.8177 0.2556
vn 0.7173 0.6895 -0.1001
vn 0.6822 -0.6986 0.2158
vn -0.6138 0.7568 -0.2246
vn -0.6504 -0.7361 0.1874
vn -0.7218 -0.6691 0.1768
vn -0.9867 0.1273 -0.1012
vn -0.8038 -0.5681 0.1765
vn 0.7162 0.6767 -0.1706
vn -0.6676 0.6104 -0.4264
vn -0.4483 -0.8417 0.3009
vn -0.9527 0.2593 0.1583
vn 0.5044 -0.7466 0.4338
vn 0.2700 -0.9525 0.1410
vn 0.8496 0.5144 -0.1168
vn -0.2769 -0.9436 0.1817
vn 0.0232 -0.9526 0.3034
vn 0.1168 0.7833 -0.6105
vn 0.7524 -0.6584 -0.0188
vn 0.2270 -0.9338 -0.2766
vn 0.7321 0.6427 0.2258
vn 0.4199 -0.7134 -0.5610
vn 0.4490 -0.6759 -0.5845
vn -0.2183 -0.6248 -0.7497
vn 0.8321 0.5463 0.0953
vn -0.6785 0.6546 0.3333
vn -0.6057 0.7428 0.2853
vn -0.7679 0.6384 -0.0536
vn 0.3940 -0.8923 0.2203
vn 0.1285 -0.9357 0.3285
vn -0.0915 0.9588 -0.2691
vn -0.3569 0.8907 -0.2815
vn -0.1301 -0.9475 0.2920
vn -0.3509 -0.8868 0.3008
vn -0.5648 -0.7935 0.2266
vn -0.7980 0.5752 -0.1798
vn 0.9962 -0.0761 0.0431
vn 0.6683 -0.5496 0.5013
vn -0.8769 0.1995 -0.4374
vn 0.3794 -0.8896 0.2543
vn -0.2231 0.5631 -0.7957
vn 0.0657 -0.9960 0.0607
vn -0.3605 -0.9324 0.0263
vn -0.5575 -0.8251 -0.0916
vn -0.0028 0.9721 -0.2344
vn -0.1396 0.9902 -0.0072
vn -0.2400 -0.8587 -0.4527
vn -0.4412 -0.6764 -0.5898
vn 0.8901 -0.4495 -0.0747
vn -0.8192 -0.5536 -0.1499
vn 0.4759 0.8709 -0.1229
vn -0.8257 -0.3235 -0.4621
vn -0.8478 -0.5296 -0.0271
vn 0.5853 -0.7941 0.1638
vn -0.8171 -0.5747 0.0451
vn -0.4393 0.8763 -0.1978
vn 0.0878 0.9444 -0.3167
vn 0.6063 -0.5386 0.5851
vn -0.1900 -0.9816 0.0198
vn 0.0701 -0.9815 0.1779
vn -0.7921 -0.4116 0.4507
vn -0.8796 0.2454 0.4075
vn 0.0274 -0.8799 0.4743
vn -0.2461 -0.9677 -0.0540
vn -0.4032 0.7483 -0.5268
vn 0.3170 0.9480 0.0275
vn -0.5834 0.8099 -0.0612
vn -0.3577 0.9338 -0.0097
vn 0.7102 -0.7038 0.0134
vn -0.1393 0.9894 -0.0417
vn 0.8682 -0.4821 0.1178
vn -0.3129 0.9448 -0.0971
vn 0.0832 0.9961 0.0277
vn -0.5739 0.8146 0.0837
vn 0.6122 -0.7372 -0.2859
vn -0.4534 0.7797 0.4318
vn -0.7476 -0.5310 -0.3989
vn -0.6205 -0.6376 -0.4566
vn 0.6447 -0.6447 -0.4108
vn 0.0270 0.7629 0.6460
vn -0.2996 -0.5313 -0.7924
vn 0.1711 -0.6429 -0.7466
vn 0.8428 0.5381 0.0107
vn -0.8737 0.4822 0.0649
vn 0.8690 -0.4306 0.2437
vn -0.8731 0.4812 0.0780
vn -0.7667 -0.6217 -0.1602
vn 0.6584 -0.7258 -0.1993
vn -0.7551 0.2720 0.5966
vn 0.7436 0.6680 -0.0300
vn 0.8336 0.5521 -0.0191
vn 0.2862 -0.9137 0.2884
vn -0.1162 -0.9340 0.3378
vn 0.4415 0.8713 -0.2142
vn 0.3979 0.8788 -0.2634
vn 0.9128 -0.3847 0.1368
vn 0.9847 -0.1561 0.0777
vn -0.8600 -0.4850 0.1587
vn 0.9945 0.0242 0.1015
vn -0.2709 -0.6206 0.7358
vn -0.7896 -0.5950 0.1502
vn 0.1950 -0.9657 0.1713
vn 0.3233 -0.9217 0.2145
vn -0.1260 -0.9671 0.2209
vn -0.9071 -0.3185 0.2753
vn -0.7340 0.2275 -0.6399
vn 0.1224 0.9751 -0.1849
vn -0.1923 0.9659 -0.1733
vn 0.0556 0.9170 -0.3951
vn 0.3035 0.9487 0.0888
vn 0.1388 0.8733 -0.4670
vn -0.3563 0.9316 0.0713
vn -0.1892 0.9714 0.1434
vn -0.1875 0.9636 -0.1906
vn 0.5631 0.8257 -0.0335
vn 0.1530 0.9778 0.1434
vn 0.6957 -0.6898 -0.2004
vn 0.5626 0.8204 0.1026
vn 0.0492 0.9945 -0.0929
vn 0.5334 0.8316 0.1546
vn 0.0303 0.9974 0.0653
vn -0.5872 0.7824 0.2074
vn -0.4286 -0.6958 -0.5764
vn -0.4013 0.7328 0.5495
vn 0.4386 0.6813 0.5861
vn -0.3193 0.5309 0.7850
vn -0.0331 0.7519 0.6584
vn 0.0436 -0.7684 -0.6385
vn 0.5259 -0.8445 0.1018
vn 0.4313 0.8125 -0.3922
vn 0.7487 -0.3598 -0.5568
vn 0.8876 0.3073 0.3430
vn 0.8379 -0.5383 -0.0902
vn -0.8187 -0.0434 -0.5726
vn 0.9319 0.3298 0.1510
vn 0.1888 -0.9166 0.3523
vn -0.1735 0.9423 -0.2863
vn 0.8770 -0.4544 0.1563
vn 0.6238 0.7547 -0.2033
vn -0.9216 0.3667 -0.1275
vn 0.8114 0.5592 -0.1697
vn 0.9151 0.3762 -0.1449
vn 0.8990 -0.1966 0.3914
vn -0.1616 -0.9815 -0.1025
vn -0.0451 -0.9864 -0.1582
vn -0.0587 -0.9983 0.0036
vn -0.5499 0.7064 -0.4458
vn -0.9557 0.2942 0.0126
vn 0.1003 -0.9718 0.2132
vn 0.1261 -0.9919 -0.0178
vn 0.4205 -0.9052 0.0620
vn 0.5027 -0.7306 0.4621
vn -0.4515 0.8861 -0.1049
vn 0.1439 -0.9082 -0.3929
vn -0.1080 -0.9024 -0.4171
vn -0.3970 -0.9119 -0.1044
vn -0.5693 -0.8139 -0.1161
vn -0.0451 0.9496 -0.3101
vn -0.8356 0.5379 -0.1114
vn -0.2575 0.9618 0.0933
vn 0.8733 -0.4852 0.0451
vn 0.3061 0.9256 0.2229
vn 0.2612 0.9563 0.1312
vn -0.6299 0.7002 0.3360
vn 0.4442 0.8595 0.2530
vn -0.0118 -0.8663 -0.4994
vn -0.8776 -0.4778 0.0396
vn -0.7867 0.5871 0.1909
vn 0.8167 -0.4389 -0.3747
vn -0.8197 0.5324 0.2114
vn -0.8289 -0.5572 -0.0497
vn 0.3758 -0.8660 0.3300
vn -0.5208 0.8378 -0.1637
vn -0.3579 -0.8987 0.2535
vn -0.3137 -0.8576 0.4076
vn 0.2142 -0.9489 0.2316
vn 0.0862 -0.9580 0.2736
vn 0.3250 -0.9040 0.2778
vn -0.1547 -0.9786 0.1356
vn 0.3235 -0.9430 0.0782
vn -0.0889 -0.9351 0.3430
vn 0.1157 0.9678 -0.2235
vn 0.4600 -0.8837 -0.0865
vn 0.1335 0.9216 -0.3645
vn 0.8072 0.4130 -0.4218
vn 0.2693 0.7648 -0.5853
vn 0.2318 0.9559 -0.1804
vn -0.6431 0.7657 0.0062
vn -0.5302 0.8367 0.1372
vn -0.7011 -0.6515 -0.2897
vn -0.6753 -0.6593 -0.3306
vn 0.5382 0.8294 0.1499
vn 0.4173 0.8709 0.2597
vn 0.4503 0.7668 0.4574
vn 0.4321 0.5778 0.6924
vn -0.4022 0.5275 0.7483
vn -0.3920 -0.4509 -0.8019
vn -0.2489 0.5706 0.7826
vn 0.3646 -0.4444 -0.8183
vn -0.2801 -0.1849 0.9420
vn -0.5099 -0.8554 0.0913
vn -0.4346 0.7415 -0.5112
vn 0.1354 -0.9183 0.3721
vn -0.1413 0.9335 -0.3295
vn 0.6051 -0.7544 0.2545
vn -0.5704 -0.7846 0.2431
vn -0.7975 -0.5792 0.1689
vn -0.9399 -0.3126 0.1372
vn -0.1879 -0.9522 0.2407
vn -0.1250 -0.9921 -0.0075
vn -0.3093 -0.9504 0.0336
vn 0.9652 0.1889 -0.1806
vn -0.1009 -0.8962 0.4321
vn 0.3453 -0.9345 -0.0870
vn -0.8564 -0.3342 0.3935
vn -0.0656 -0.9785 -0.1957
vn 0.0317 -0.2240 0.9741
vn 0.4315 0.8429 -0.3214
vn 0.6031 0.7573 -0.2506
vn -0.0067 0.8239 -0.5667
vn -0.4361 0.8860 0.1573
vn 0.6681 0.7039 0.2413
vn -0.6392 -0.6177 -0.4581
vn -0.6010 -0.5714 -0.5588
vn 0.4635 0.6594 0.5919
vn -0.0574 0.6974 0.7144
vn 0.0160 -0.8456 -0.5336
vn 0.0424 -0.9070 -0.4191
vn -0.7411 0.4143 0.5283
vn 0.8932 0.4454 0.0611
vn -0.4771 0.8388 -0.2621
vn -0.7730 -0.6338 0.0268
vn 0.8105 0.1767 0.5584
vn -0.8680 -0.3843 -0.3145
vn 0.7297 -0.6791 0.0797
vn -0.6252 -0.7741 0.0996
vn 0.8954 -0.4222 0.1417
vn -0.7503 -0.6352 0.1833
vn -0.9921 0.1130 -0.0547
vn 0.0042 -0.9579 0.2872
vn 0.0659 -0.9702 0.2333
vn -0.0595 -0.9662 0.2507
vn 0.7171 -0.2930 0.6324
vn 0.4931 -0.1570 0.8557
vn -0.2205 -0.9730 0.0684
vn -0.3250 0.5903 -0.7388
vn 0.5193 -0.6736 0.5259
vn 0.2065 -0.9073 0.3662
vn 0.4254 0.8287 -0.3638
vn -0.2613 0.9398 -0.2201
vn 0.0945 0.9936 -0.0616
vn 0.0714 -0.8370 -0.5425
vn -0.2145 0.9696 -0.1182
vn 0.1014 0.9948 -0.0116
vn 0.1138 0.9912 -0.0672
vn -0.2393 0.7626 0.6009
vn -0.4572 0.8429 -0.2837
vn 0.0775 -0.9739 -0.2134
vn -0.2282 0.4950 0.8384
vn 0.9025 0.3487 -0.2526
vn -0.1884 0.9796 -0.0695
vn 0.1831 0.9826 0.0299
vn 0.0009 -0.9363 -0.3513
vn -0.5530 -0.8090 -0.1993
vn -0.3903 0.8938 -0.2210
vn 0.4314 0.9022 -0.0007
vn -0.8125 0.5787 -0.0696
vn -0.7272 -0.6407 -0.2464
vn 0.7405 -0.6349 -0.2203
vn 0.5455 0.7878 0.2859
vn 0.5531 0.6942 0.4606
vn -0.4631 0.6030 0.6496
vn -0.4647 -0.5296 -0.7096
vn 0.4157 -0.4647 -0.7818
vn 0.0116 0.8772 0.4800
vn 0.1508 0.6429 0.7509
vn -0.0611 -0.8561 -0.5132
vn 0.0816 -0.7896 -0.6082
vn 0.8606 0.5017 0.0873
vn 0.8322 -0.5294 -0.1648
vn -0.7540 0.6200 0.2169
vn -0.4547 0.8635 -0.2181
vn 0.7608 -0.6153 0.2062
vn 0.5071 0.8430 -0.1794
vn 0.6735 0.7047 -0.2230
vn 0.8337 0.5270 -0.1650
vn -0.9831 -0.0980 0.1549
vn 0.3253 0.8621 -0.3885
vn 0.9638 0.2445 -0.1065
vn 0.6512 -0.7509 -0.1099
vn -0.4455 -0.8915 -0.0821
vn -0.4431 -0.7051 0.5536
vn -0.1489 0.9712 -0.1862
vn -0.3625 0.9006 -0.2396
vn 0.2098 -0.9701 -0.1220
vn 0.7330 -0.6611 -0.1605
vn -0.3765 0.8656 0.3301
vn 0.4466 0.8909 0.0823
vn 0.5453 0.5462 -0.6359
vn -0.5999 0.7966 0.0751
vn 0.7460 -0.6655 0.0256
vn 0.6967 0.6085 0.3799
vn 0.6895 -0.5957 -0.4120
vn -0.5573 0.6400 0.5289
vn 0.0158 0.8948 0.4463
vn -0.8861 -0.4579 -0.0716
vn -0.6863 -0.7249 0.0588
vn 0.7922 -0.6070 0.0627
vn 0.7311 0.6822 0.0100
vn 0.8356 0.5493 0.0083
vn -0.6078 0.7526 -0.2531
vn -0.8783 0.4518 -0.1564
vn -0.9571 0.2674 -0.1115
vn 0.9786 -0.1815 0.0971
vn -0.9923 0.0997 -0.0736
vn 0.1638 -0.9374 0.3074
vn -0.1721 -0.9604 0.2193
vn -0.3918 -0.7938 0.4652
vn -0.9800 -0.0875 0.1786
vn 0.4743 -0.8172 0.3276
vn -0.1612 0.7003 -0.6954
vn 0.9536 0.2276 0.1970
vn -0.8293 -0.4286 0.3585
vn -0.7777 -0.5171 0.3575
vn -0.0085 0.9794 -0.2016
vn 0.2178 0.9724 -0.0834
vn 0.4795 0.8301 -0.2847
vn -0.4574 0.8700 -0.1841
vn 0.2988 0.9211 -0.2494
vn -0.0612 0.6641 -0.7451
vn -0.3297 0.8857 -0.3270
vn 0.6225 0.0227 0.7823
vn -0.4683 -0.8579 -0.2116
vn 0.8125 -0.5576 -0.1699
vn 0.4102 0.9071 0.0940
vn 0.4408 0.8925 0.0954
vn 0.2444 -0.9281 -0.2810
vn -0.7018 0.6891 0.1808
vn 0.6995 -0.6560 -0.2836
vn 0.4702 0.5889 0.6574
vn -0.4504 -0.3707 -0.8122
vn 0.3116 0.5510 0.7741
vn 0.3221 -0.5204 -0.7908
vn -0.0142 -0.8843 -0.4666
vn -0.0099 -0.9570 -0.2898
vn 0.8327 0.5320 0.1535
vn 0.6032 0.7927 0.0880
vn -0.7586 0.6499 -0.0456
vn 0.5680 -0.7625 0.3098
vn -0.2499 -0.9053 0.3434
vn 0.1831 0.9355 -0.3021
vn -0.5795 -0.7656 0.2793
vn 0.3204 0.8902 -0.3239
vn -0.9308 -0.3388 0.1371
vn -0.1182 -0.9158 0.3839
vn -0.2802 -0.8732 0.3986
vn 0.3933 -0.9166 0.0715
vn -0.9476 0.1759 -0.2667
vn -0.3862 -0.9215 -0.0406
vn -0.3158 0.8247 0.4692
vn -0.3157 0.8247 0.4692
vn -0.0450 0.9855 -0.1637
vn -0.1428 0.9898 -0.0009
vn 0.1550 0.9841 0.0873
vn 0.6877 0.4933 -0.5327
vn 0.3503 0.9345 0.0638
vn 0.9912 -0.0379 -0.1272
vn 0.0594 0.8621 -0.5032
vn 0.8557 0.0771 -0.5116
vn -0.2945 0.9288 -0.2250
vn -0.1658 0.9861 -0.0091
vn -0.0217 0.8235 0.5669
vn 0.5319 0.8320 0.1576
vn 0.6133 -0.5409 -0.5756
vn 0.4735 -0.5900 -0.6540
vn 0.4597 0.5440 0.7019
vn 0.4801 -0.4239 -0.7680
vn -0.0084 0.8397 0.5430
vn -0.0008 0.8494 0.5277
vn -0.1243 0.8092 0.5743
vn 0.0646 0.0355 0.9973
vn 0.9183 -0.3827 -0.1014
vn 0.8792 -0.4726 -0.0607
vn 0.8321 -0.5032 -0.2333
vn 0.7788 0.6093 0.1491
vn -0.5266 0.8273 -0.1957
vn 0.5111 0.8370 -0.1955
vn 0.7258 -0.3752 -0.5766
vn -0.3639 0.8719 -0.3277
vn -0.8137 0.5533 -0.1784
vn -0.7517 -0.6297 0.1958
vn -0.8975 -0.4163 0.1457
vn -0.2198 -0.7683 0.6012
vn 0.2100 -0.9248 0.3173
vn 0.9505 0.2824 -0.1299
vn 0.9951 0.0410 0.0896
vn 0.3909 -0.8642 0.3167
vn -0.4483 -0.8444 0.2934
vn -0.3718 -0.9248 -0.0810
vn 0.5482 -0.8332 -0.0730
vn -0.5361 -0.7367 0.4123
vn 0.1135 0.9107 -0.3972
vn 0.2873 0.9236 -0.2538
vn 0.5514 0.7197 -0.4219
vn -0.2008 0.9597 -0.1967
vn -0.4145 0.8593 -0.2998
vn 0.1692 -0.7054 0.6883
vn 0.1811 0.9601 -0.2132
vn 0.2962 0.9519 -0.0785
vn -0.2972 -0.7919 0.5334
vn -0.1924 0.9810 -0.0266
vn 0.3762 0.8400 -0.3910
vn 0.9925 -0.1221 0.0087
vn -0.6121 -0.7646 -0.2019
vn -0.2229 0.9606 -0.1661
vn 0.8023 -0.3353 0.4939
vn -0.4612 0.8650 -0.1977
vn 0.5142 0.8384 0.1808
vn -0.1169 0.7748 0.6213
vn -0.0006 0.9228 0.3854
vn -0.1261 0.4395 -0.8893
vn 0.6696 0.7341 0.1127
vn 0.6330 -0.7384 -0.2326
vn -0.2358 -0.9166 -0.3228
vn 0.2263 -0.9620 -0.1528
vn 0.0913 -0.9620 -0.2574
vn -0.6323 -0.7428 -0.2201
vn 0.6854 0.6085 0.4000
vn 0.6188 0.5495 0.5614
vn -0.5068 0.5423 0.6701
vn -0.3874 -0.3481 -0.8537
vn 0.1424 0.7576 0.6370
vn -0.1715 -0.7245 -0.6676
vn -0.0698 -0.9590 -0.2747
vn 0.0085 -0.9761 -0.2170
vn 0.0825 -0.8899 -0.4486
vn -0.8355 -0.4212 0.3530
vn -0.8674 0.4917 0.0765
vn -0.6775 0.6923 -0.2484
vn -0.7937 -0.1016 -0.5997
vn 0.4788 -0.8390 0.2584
vn 0.2637 -0.8997 0.3478
vn -0.1754 0.9241 -0.3395
vn -0.4448 -0.8642 0.2352
vn 0.3714 -0.3772 0.8484
vn -0.4832 -0.4649 0.7419
vn -0.5753 -0.6586 0.4851
vn -0.1067 0.9396 -0.3252
vn 0.0231 0.9993 -0.0310
vn 0.4941 0.8335 -0.2473
vn -0.7596 -0.3329 0.5587
vn -0.6899 -0.4995 0.5240
vn 0.4356 -0.2721 0.8581
vn 0.3619 0.9319 0.0221
vn 0.2521 -0.7583 0.6012
vn -0.1303 0.5036 -0.8540
vn -0.5766 0.8164 0.0316
vn -0.3721 0.9255 0.0702
vn 0.0973 0.9886 0.1152
vn 0.0494 0.9881 0.1458
vn -0.8214 -0.4188 0.3871
vn 0.8171 0.2253 0.5306
vn 0.4038 0.4302 -0.8074
vn -0.1481 0.8585 -0.4910
vn -0.5215 -0.8128 -0.2594
vn 0.7602 -0.6053 -0.2358
vn 0.0822 -0.9572 -0.2776
vn 0.7160 0.6821 0.1485
vn -0.7378 0.5860 0.3350
vn 0.2867 -0.6552 -0.6989
vn -0.0100 -0.9515 -0.3076
vn 0.7699 0.4217 0.4790
vn -0.9176 0.3874 0.0891
vn 0.7126 -0.0131 0.7014
vn 0.8399 0.2200 0.4961
vn 0.7888 0.6131 0.0426
vn 0.3105 -0.8647 0.3948
vn 0.6179 0.7756 -0.1291
vn 0.4944 -0.1584 0.8547
vn 0.5027 -0.7428 0.4422
vn -0.9942 -0.0875 0.0627
vn 0.8115 -0.1573 0.5628
vn -0.2038 0.9363 -0.2860
vn 0.8233 -0.5509 0.1366
vn 0.4887 -0.6214 0.6124
vn -0.2404 -0.6985 -0.6740
vn -0.5661 -0.4675 -0.6790
vn -0.3718 0.9217 -0.1108
vn -0.4023 0.9024 -0.1543
vn 0.3877 0.9119 0.1349
vn -0.8242 0.5583 0.0952
vn -0.6055 0.7476 -0.2728
vn -0.6167 -0.7481 -0.2450
vn -0.6459 0.7476 0.1546
vn 0.4945 0.8349 0.2417
vn 0.9238 -0.2413 -0.2974
vn 0.6634 0.7284 0.1713
vn -0.6764 -0.6668 -0.3128
vn -0.6917 0.5548 0.4624
vn 0.4335 0.3712 0.8212
vn -0.3968 0.3177 0.8612
vn 0.4107 -0.3845 -0.8267
vn -0.3512 -0.4463 -0.8231
vn -0.1432 -0.8645 -0.4818
vn -0.0753 -0.8186 -0.5694
vn -0.0090 -0.2250 -0.9743
vn 0.9164 -0.4002 -0.0105
vn -0.8994 0.3937 0.1898
vn -0.8133 -0.1938 -0.5486
vn -0.8136 0.5311 0.2367
vn -0.3743 0.8812 -0.2887
vn -0.6610 0.7093 -0.2448
vn 0.9868 -0.1433 0.0755
vn 0.8157 0.5532 -0.1693
vn -0.9107 -0.3935 0.1253
vn -0.9727 -0.2031 0.1125
vn -0.5103 0.5992 0.6169
vn 0.4911 -0.7731 0.4014
vn -0.5207 -0.6791 0.5173
vn -0.4511 0.3772 0.8088
vn -0.0003 0.9019 -0.4319
vn 0.6226 -0.6918 0.3657
vn 0.4369 0.7340 -0.5199
vn -0.9882 -0.1189 0.0964
vn 0.7076 -0.1477 0.6910
vn 0.9974 0.0277 -0.0668
vn -0.6038 -0.1966 0.7725
vn -0.6037 -0.1965 0.7727
vn -0.2403 -0.6986 -0.6740
vn -0.6899 -0.4993 0.5241
vn -0.1610 0.7003 -0.6955
vn -0.3157 0.8248 0.4692
vn -0.6734 0.7133 0.1941
vn 0.6120 0.6448 -0.4579
vn 0.6700 0.5099 -0.5395
vn 0.9545 -0.0545 -0.2931
vn -0.1491 0.9457 0.2887
vn 0.5377 -0.8419 -0.0463
vn 0.7337 0.6375 0.2352
vn 0.7681 -0.6361 -0.0731
vn -0.7526 -0.5018 -0.4264
vn -0.5047 -0.5206 -0.6887
vn -0.4786 0.4134 0.7746
vn 0.4310 -0.2644 -0.8627
vn 0.0063 0.9474 0.3200
vn -0.3945 -0.5454 -0.7396
vn 0.1524 -0.6762 -0.7208
vn -0.8341 0.5040 0.2241
vn 0.7505 0.6526 -0.1040
vn -0.8031 -0.5819 0.1279
vn 0.8196 0.5712 0.0445
vn 0.8300 0.2178 0.5135
vn 0.5975 -0.7913 0.1293
vn 0.2483 0.8984 -0.3622
vn -0.9909 0.1210 -0.0595
vn 0.0577 -0.6139 0.7873
vn 0.9634 0.2392 -0.1212
vn 0.4413 0.1710 0.8809
vn -0.5274 -0.0995 0.8438
vn -0.1192 0.9683 -0.2196
vn -0.1705 0.9580 -0.2304
vn -0.3800 0.9131 -0.1481
vn -0.5330 -0.8273 -0.1774
vn -0.2917 -0.9555 -0.0428
vn 0.4398 0.8979 -0.0193
vn 0.9060 0.3365 0.2567
vn 0.8289 -0.4408 -0.3445
vn 0.7023 -0.6335 -0.3247
vn -0.9745 0.1311 0.1819
vn -0.9415 0.3073 0.1385
vn 0.9968 -0.0051 -0.0793
vn -0.5395 0.8410 0.0396
vn 0.5285 -0.7834 -0.3271
vn 0.5168 0.5011 0.6941
vn 0.4611 0.3748 0.8043
vn -0.3645 0.5805 0.7281
vn 0.0412 0.9392 0.3410
vn -0.3276 -0.7602 -0.5610
vn 0.0181 -0.2468 -0.9689
vn -0.0615 0.1172 -0.9912
vn 0.0147 0.0230 -0.9996
vn -0.8864 -0.4476 -0.1181
vn -0.8517 -0.4835 -0.2019
vn 0.8852 -0.3714 -0.2803
vn 0.7296 -0.6760 -0.1034
vn -0.5829 0.7903 -0.1890
vn 0.3626 -0.8588 0.3620
vn -0.6876 -0.7245 0.0476
vn -0.3716 0.8598 -0.3502
vn -0.3849 -0.8428 0.3762
vn 0.3320 0.9009 -0.2794
vn 0.9190 -0.3795 0.1067
vn -0.6461 0.5153 0.5631
vn -0.3352 -0.6868 0.6449
vn -0.4141 0.6949 0.5879
vn -0.0302 0.9179 0.3956
vn 0.5699 -0.6921 0.4429
vn 0.6662 -0.7236 0.1807
vn -0.4855 0.7759 -0.4028
vn 0.6398 0.7606 -0.1103
vn -0.6098 -0.7900 0.0633
vn -0.9977 0.0673 -0.0124
vn -0.7916 -0.5525 0.2611
vn 0.0395 0.9992 -0.0062
vn 0.3880 0.9145 -0.1144
vn -0.1332 0.3179 -0.9387
vn -0.4642 -0.3985 0.7910
vn 0.5449 0.8268 0.1398
vn 0.0382 0.5667 -0.8230
vn -0.8140 0.4686 0.3431
vn 0.9660 0.2088 0.1524
vn -0.4952 0.6917 -0.5257
vn -0.7330 -0.5987 -0.3229
vn -0.6617 -0.6820 -0.3115
vn -0.0600 0.9729 0.2231
vn 0.2040 -0.9531 -0.2237
vn 0.6652 0.7155 0.2137
vn 0.4710 -0.8705 -0.1429
vn -0.4484 0.2648 0.8537
vn -0.0409 0.9614 0.2722
vn 0.0267 0.7836 -0.6207
vn -0.0327 0.9731 -0.2282
vn -0.0844 0.0412 0.9956
vn -0.9113 0.4117 -0.0066
vn -0.8175 0.5688 -0.0905
vn 0.6079 -0.7254 0.3228
vn -0.2891 -0.8810 0.3745
vn 0.9465 0.3049 -0.1055
vn 0.4011 0.8373 0.3715
vn 0.9994 0.0276 -0.0230
vn -0.5194 0.5535 -0.6511
vn 0.6499 0.7248 0.2287
vn -0.5083 0.6607 -0.5524
vn -0.7132 0.5207 0.4692
vn -0.7984 0.5515 0.2416
vn -0.8757 -0.3510 0.3317
vn -0.9251 0.2018 -0.3217
vn -0.7224 -0.6211 -0.3039
vn -0.6344 0.1697 -0.7542
vn -0.6822 -0.4835 -0.5485
vn -0.6363 0.4789 0.6048
vn 0.5344 -0.4179 -0.7346
vn 0.4806 0.4241 0.7676
vn -0.4743 -0.3491 -0.8082
vn 0.4326 -0.1767 -0.8841
vn 0.1924 0.8827 0.4287
vn 0.4789 -0.4302 -0.7652
vn 0.0509 0.9833 0.1748
vn 0.1520 0.9288 -0.3380
vn 0.0926 0.8520 -0.5153
vn -0.1237 0.9096 -0.3967
vn -0.9003 -0.4185 -0.1199
vn 0.9079 0.4162 0.0501
vn 0.8552 0.5135 0.0700
vn 0.9164 -0.3815 -0.1211
vn -0.8197 0.5499 -0.1603
vn 0.9897 -0.1351 0.0464
vn 0.5481 0.7810 -0.2993
vn -0.9989 0.0126 -0.0459
vn 0.2453 -0.0623 0.9674
vn 0.9999 -0.0101 0.0078
vn 0.6041 -0.1499 0.7827
vn -0.9920 0.0642 -0.1086
vn -0.7663 0.1550 -0.6235
vn 0.5570 0.6111 -0.5624
vn 0.5136 -0.1903 0.8367
vn 0.1270 0.9130 0.3878
vn -0.7682 0.5513 -0.3256
vn 0.7492 -0.4953 0.4397
vn 0.5462 -0.2810 -0.7891
vn -0.6285 0.7767 0.0420
vn 0.6612 -0.1909 0.7255
vn 0.6417 0.7647 0.0593
vn 0.5337 -0.4860 0.6920
vn -0.9617 0.0263 0.2727
vn -0.6143 -0.7446 -0.2611
vn 0.9715 -0.0441 -0.2330
vn 0.2973 -0.0315 -0.9543
vn -0.8242 -0.3700 -0.4287
vn -0.8865 0.3687 -0.2797
vn 0.7525 0.4595 -0.4718
vn 0.9346 -0.1020 -0.3407
vn -0.3698 0.1589 -0.9154
vn 0.4517 0.8505 0.2694
vn -0.6594 0.6973 0.2809
vn -0.0805 0.9674 0.2403
vn 0.5925 -0.7553 -0.2802
vn 0.7658 0.5429 0.3447
vn -0.8132 -0.4547 -0.3633
vn 0.6854 0.4968 0.5323
vn -0.6727 -0.4542 -0.5841
vn 0.6431 -0.4056 -0.6496
vn -0.4374 -0.1863 -0.8798
vn 0.4035 0.3388 0.8500
vn 0.3109 0.7257 0.6137
vn -0.2160 0.9655 0.1454
vn -0.1216 -0.4778 -0.8700
vn 0.9079 0.4075 0.0985
vn -0.9089 -0.4156 -0.0350
vn 0.8967 0.4407 0.0424
vn 0.8615 -0.4269 -0.2750
vn -0.7204 -0.0332 -0.6928
vn -0.5136 -0.8353 0.1962
vn 0.5570 0.8126 -0.1714
vn -0.9993 0.0348 0.0119
vn 0.5859 0.7802 0.2191
vn 0.6158 -0.6078 0.5014
vn 0.1331 0.9599 -0.2469
vn 0.3253 0.8013 -0.5021
vn 0.7645 -0.6379 -0.0932
vn -0.9947 -0.1026 0.0061
vn -0.9687 -0.1164 0.2191
vn -0.7985 -0.3041 0.5195
vn 0.9716 -0.1205 0.2035
vn -0.9876 -0.0731 0.1387
vn -0.9986 -0.0117 0.0506
vn 0.9967 0.0105 -0.0810
vn -0.5541 0.8242 0.1167
vn -0.7690 -0.5328 -0.3532
vn 0.7399 -0.4322 -0.5155
vn 0.4326 0.2127 0.8761
vn -0.2877 0.7461 0.6005
vn -0.7514 0.3566 0.5552
vn 0.7713 -0.3126 0.5544
vn 0.8815 0.4432 0.1627
vn -0.8650 -0.4955 -0.0791
vn -0.7548 0.4454 0.4816
vn 0.7442 -0.5647 -0.3568
vn -0.8392 -0.4852 -0.2458
vn 0.7603 -0.6117 0.2185
vn -0.8747 -0.4570 0.1612
vn 0.8092 0.5537 -0.1964
vn -0.9817 -0.1713 0.0827
vn 0.9992 0.0039 0.0396
vn -0.6101 -0.5711 0.5492
vn 0.9823 -0.0358 0.1837
vn 0.6734 0.6440 0.3630
vn -0.5348 0.8450 -0.0029
vn -0.6984 -0.6234 -0.3515
vn -0.9865 -0.1622 0.0239
vn -0.8591 0.2825 0.4267
vn 0.5516 0.6103 -0.5686
vn 0.9900 0.1141 -0.0834
vn -0.9950 0.0603 0.0796
vn -0.8203 -0.4745 -0.3193
vn 0.7272 0.6081 0.3185
vn 0.4384 -0.1920 -0.8780
vn -0.4380 0.3256 0.8379
vn -0.4507 -0.3198 -0.8334
vn 0.2832 -0.4430 -0.8506
vn 0.3909 0.7099 -0.5858
vn -0.8420 -0.5394 -0.0109
vn 0.8124 0.5577 0.1703
vn -0.3072 0.8719 -0.3814
vn -0.7284 -0.6353 0.2567
vn -0.9350 0.3443 -0.0845
vn -0.9633 0.2546 -0.0852
vn 0.8983 0.4173 -0.1373
vn -0.0058 0.6857 0.7279
vn 0.1446 0.7332 0.6644
vn -0.4932 0.0427 0.8689
vn 0.5222 0.8508 0.0592
vn -0.3286 -0.5996 0.7297
vn 0.6689 -0.2774 0.6897
vn -0.2011 0.1757 -0.9637
vn -0.6961 0.7155 0.0591
vn -0.7420 -0.6690 -0.0434
vn -0.9439 -0.3300 -0.0093
vn -0.7152 0.5518 0.4290
vn -0.1456 -0.1027 -0.9840
vn 0.9192 0.3262 -0.2207
vn 0.6463 0.1924 -0.7384
vn 0.6289 0.7089 0.3194
vn -0.8561 -0.3515 -0.3788
vn 0.6954 0.6446 0.3178
vn -0.4597 0.8350 0.3025
vn 0.9461 -0.2128 -0.2442
vn -0.7041 0.6640 0.2519
vn -0.7479 -0.4013 -0.5289
vn -0.5591 -0.3271 -0.7618
vn 0.4950 0.7635 0.4148
vn -0.1314 -0.1966 -0.9716
vn -0.1669 0.0995 0.9809
vn 0.8614 -0.4741 -0.1821
vn -0.8970 0.4166 0.1481
vn 0.7821 0.1587 0.6026
vn -0.4525 -0.8074 0.3786
vn 0.4502 0.8148 -0.3654
vn 0.9959 0.0540 -0.0728
vn -0.7619 0.5003 0.4114
vn 0.0743 -0.2821 0.9565
vn -0.5323 0.7337 -0.4223
vn -0.9959 -0.0507 0.0745
vn 0.5214 0.5754 -0.6301
vn -0.5821 0.6091 -0.5386
vn -0.8099 0.5432 -0.2214
vn -0.8222 -0.3553 0.4447
vn 0.6169 -0.1512 0.7724
vn -0.8346 -0.0009 -0.5508
vn -0.4049 -0.3585 -0.8411
vn -0.7694 -0.4709 -0.4317
vn 0.6516 -0.6318 -0.4199
vn 0.7385 -0.5002 -0.4521
vn 0.7223 0.6251 0.2958
vn -0.8105 -0.4262 -0.4019
vn 0.7864 -0.4685 -0.4027
vn 0.7450 -0.5261 -0.4101
vn 0.4311 0.1353 0.8921
vn -0.4623 -0.1652 -0.8712
vn -0.3100 0.4665 -0.8284
vn 0.7919 0.1392 0.5946
vn 0.4947 -0.7553 0.4298
vn -0.4270 0.7919 -0.4366
vn -0.7448 0.6237 -0.2372
vn 0.6778 -0.5305 0.5091
vn 0.8170 -0.5373 0.2095
vn 0.8521 -0.5201 -0.0590
vn 0.7298 0.4388 -0.5242
vn -0.8390 0.3490 -0.4174
vn 0.9966 -0.0606 -0.0564
vn -0.7367 0.6064 0.2992
vn 0.7047 0.6905 0.1632
vn 0.9574 0.2155 -0.1924
vn -0.9330 0.1046 -0.3444
vn 0.6594 0.7495 0.0586
vn 0.1043 0.6618 -0.7423
vn -0.2790 0.9461 -0.1642
vn 0.7841 0.5064 0.3589
vn -0.9262 0.2866 0.2449
vn -0.8336 -0.4245 -0.3535
vn 0.7673 0.4046 0.4975
vn -0.4170 -0.2984 -0.8585
vn -0.4443 0.7611 0.4725
vn 0.8981 -0.4387 0.0302
vn 0.8090 -0.5844 -0.0630
vn 0.6266 0.7696 -0.1226
vn 0.3632 0.8745 -0.3214
vn -0.6132 -0.4875 0.6216
vn 0.6728 -0.5565 0.4875
vn 0.9104 0.4136 0.0108
vn -0.4520 -0.1055 -0.8857
vn 0.4571 0.2404 0.8563
vn 0.3570 0.0761 -0.9310
vn -0.7461 0.4747 -0.4670
vn 0.8552 0.1156 0.5052
vn -0.5685 0.6648 0.4846
vn -0.5820 0.6992 0.4152
vn -0.9962 0.0873 0.0073
vn 0.8850 0.2924 -0.3623
vn 0.9668 0.2521 0.0407
vn -0.8140 -0.3494 -0.4641
vn -0.7815 0.4125 0.4680
vn 0.6470 0.4274 0.6315
vn -0.4432 0.2400 0.8637
vn -0.4278 0.0495 0.9025
vn -0.4752 0.3256 0.8174
vn 0.0876 -0.0568 -0.9945
vn 0.8749 -0.3711 0.3112
vn -0.9254 0.3791 -0.0009
vn -0.8539 0.4814 0.1976
vn 0.7281 -0.6441 -0.2344
vn -0.8425 -0.3239 -0.4304
vn 0.9935 0.1060 -0.0425
vn 0.6709 0.6553 -0.3472
vn 0.4772 0.7531 0.4529
vn -0.1657 -0.2595 0.9514
vn -0.3443 0.6728 0.6549
vn -0.7275 0.2062 -0.6544
vn 0.6399 0.3166 0.7002
vn 0.7969 0.2844 -0.5329
vn -0.0388 0.2115 -0.9766
vn -0.9537 0.0683 -0.2930
vn -0.8294 -0.3951 -0.3950
vn -0.6638 0.6426 0.3827
vn 0.8371 0.3546 0.4165
vn 0.4739 0.3080 0.8250
vn 0.4301 0.1811 0.8844
vn 0.4025 -0.0232 -0.9151
vn 0.5141 -0.1651 -0.8417
vn 0.5543 0.1850 0.8115
vn -0.7454 -0.2986 0.5960
vn 0.5290 0.3297 0.7820
vn 0.8709 -0.4772 -0.1177
vn 0.8819 0.4550 0.1238
vn -0.8602 0.4002 0.3161
vn -0.6461 0.7611 -0.0569
vn -0.7701 -0.6367 -0.0391
vn 0.8389 -0.5112 0.1869
vn -0.4330 -0.8615 0.2653
vn 0.6813 0.6782 -0.2755
vn -0.9998 -0.0045 -0.0187
vn 0.5595 0.4134 0.7184
vn -0.2667 -0.3019 0.9153
vn 0.5373 0.5750 -0.6170
vn 0.6370 -0.0330 0.7701
vn -0.9124 -0.3929 0.1147
vn 0.3245 -0.0274 0.9455
vn -0.8825 -0.4698 0.0204
vn -0.6471 -0.0730 0.7589
vn 0.6470 -0.6693 -0.3653
vn 0.9354 -0.0469 -0.3504
vn 0.8078 0.4847 0.3356
vn 0.0691 0.0811 0.9943
vn -0.9903 -0.1383 0.0108
vn -0.7207 0.3787 0.5807
vn 0.5811 0.3141 0.7508
vn 0.5421 0.5150 0.6640
vn -0.6448 -0.2280 -0.7295
vn 0.9240 -0.3805 -0.0389
vn 0.7879 0.5884 -0.1818
vn -0.8984 -0.3195 -0.3013
vn 0.5650 -0.7966 0.2150
vn -0.4098 0.8168 -0.4061
vn 0.7393 0.6726 -0.0326
vn -0.9050 0.4131 -0.1013
vn 0.9939 -0.1096 0.0071
vn -0.8629 0.5004 0.0705
vn -0.9949 0.0092 0.1000
vn -0.4585 -0.4340 -0.7755
vn -0.5187 -0.5119 -0.6848
vn 0.2422 -0.2365 -0.9410
vn 0.9314 0.0512 -0.3604
vn -0.6138 0.2199 -0.7582
vn 0.8199 0.3973 0.4123
vn 0.8304 -0.4244 -0.3610
vn -0.9430 -0.1602 -0.2918
vn 0.8694 0.3610 0.3375
vn -0.4844 0.2938 0.8240
vn 0.4873 0.0460 0.8720
vn 0.4743 0.5846 -0.6583
vn -0.7497 0.6498 0.1256
vn -0.8406 0.3833 0.3827
vn -0.8379 -0.5457 0.0124
vn 0.8141 -0.5558 -0.1686
vn -0.7462 0.6342 0.2022
vn -0.5569 -0.7896 0.2577
vn 0.9690 0.2371 -0.0693
vn 0.9979 0.0577 0.0285
vn 0.8733 -0.4563 0.1706
vn -0.3244 -0.0740 0.9430
vn 0.8554 0.1897 -0.4820
vn -0.9991 0.0139 -0.0392
vn 0.9725 0.1873 0.1386
vn 0.4496 0.0642 -0.8909
vn 0.8197 0.2387 -0.5207
vn 0.5041 -0.4562 0.7333
vn -0.5646 0.7219 0.4001
vn -0.7802 0.4909 0.3876
vn 0.6961 -0.3551 -0.6240
vn -0.4244 -0.1575 -0.8917
vn -0.5533 0.0318 0.8324
vn 0.8009 0.5264 0.2856
vn 0.8273 -0.5003 -0.2554
vn 0.8298 0.5137 0.2181
vn -0.9461 -0.3086 0.0980
vn 0.9944 0.0312 0.1005
vn -0.9988 0.0289 0.0387
vn -0.7253 -0.2017 0.6582
vn 0.9908 -0.1031 -0.0877
vn 0.7492 0.0477 0.6606
vn 0.8885 -0.2923 -0.3536
vn -0.6789 0.6505 0.3405
vn 0.7153 -0.5971 -0.3632
vn 0.3695 -0.3267 0.8699
vn -0.4588 -0.5033 0.7323
vn -0.6789 0.5726 0.4596
vn 0.8726 0.3189 0.3699
vn -0.9552 0.2462 0.1646
vn -0.9919 -0.1200 0.0415
vn 0.9885 0.1358 -0.0668
vn -0.8105 0.4319 0.3958
vn -0.6187 0.2853 0.7320
vn -0.4311 0.0258 -0.9019
vn 0.4781 0.1439 -0.8664
vn -0.8984 -0.4291 -0.0934
vn -0.9075 0.4200 -0.0022
vn -0.8776 -0.4462 -0.1755
vn 0.8860 0.4423 0.1391
vn -0.9998 0.0188 0.0066
vn -0.9957 -0.0895 -0.0231
vn -0.9904 -0.1331 0.0385
vn -0.9925 0.0309 -0.1181
vn 0.9933 -0.0871 0.0755
vn 0.7393 -0.4348 0.5142
vn 0.0192 -0.0509 0.9985
vn 0.6731 0.3222 -0.6657
vn -0.8363 0.3371 -0.4324
vn -0.8012 0.1410 -0.5816
vn -0.8009 -0.1792 0.5713
vn 0.8523 0.2722 -0.4466
vn 0.4520 0.0310 0.8915
vn 0.0029 0.8257 0.5641
vn -0.4619 0.0372 -0.8861
vn 0.8022 0.4900 0.3411
vn -0.9604 0.1617 0.2268
vn 0.5365 -0.7511 -0.3848
vn 0.9960 0.0084 -0.0892
vn 0.9932 -0.0936 -0.0694
vn 0.8409 0.4017 0.3627
vn -0.9656 0.0884 0.2447
vn 0.9763 -0.0232 -0.2151
vn 0.7236 0.2901 0.6263
vn -0.5236 -0.0593 -0.8499
vn -0.6331 0.2881 0.7185
vn 0.6298 -0.1107 -0.7688
vn -0.8029 -0.3064 -0.5113
vn -0.4786 0.7710 -0.4201
vn -0.5448 -0.7498 0.3754
vn -0.6824 0.6363 -0.3599
vn 0.5082 0.7832 -0.3583
vn 0.6947 0.6535 -0.3006
vn 0.8904 0.4307 -0.1475
vn 0.9920 0.1266 0.0004
vn 0.8466 -0.2494 0.4701
vn 0.7692 -0.0983 0.6314
vn 0.8960 -0.4440 0.0033
vn -0.5473 -0.1052 -0.8303
vn 0.8834 -0.2728 0.3809
vn 0.0008 0.1045 0.9945
vn -0.6931 0.5213 0.4978
vn -0.6162 0.6833 -0.3917
vn -0.4124 0.3439 0.8436
vn -0.9837 -0.0284 0.1778
vn -0.7612 -0.3913 -0.5171
vn 0.3084 0.2793 -0.9093
vn 0.4845 -0.7726 -0.4103
vn -0.8577 -0.3044 -0.4144
vn -0.7130 -0.2747 -0.6451
vn 0.4739 -0.1763 -0.8628
vn -0.3587 0.0342 -0.9328
vn 0.4960 -0.0473 -0.8670
vn 0.9128 0.4033 0.0641
vn 0.7944 0.6012 -0.0867
vn -0.8513 -0.5198 0.0718
vn 0.8192 0.1491 0.5537
vn 0.8001 0.2177 0.5590
vn 0.5677 -0.7675 0.2978
vn 0.7507 -0.5788 0.3185
vn -0.6535 -0.6737 0.3451
vn -0.9917 0.1256 0.0279
vn -0.9078 -0.3987 0.1304
vn -0.8640 0.4825 0.1441
vn -0.9975 0.0508 0.0485
vn 0.5824 0.3700 -0.7238
vn -0.8457 0.3537 -0.3996
vn 0.9696 -0.0533 -0.2388
vn -0.9322 0.0134 -0.3618
vn 0.7830 -0.0725 -0.6178
vn 0.5042 0.5395 0.6743
vn -0.7955 -0.0377 0.6048
vn 0.4104 0.0040 0.9119
vn -0.9336 0.2748 -0.2300
vn -0.8476 -0.2000 0.4915
vn -0.9557 -0.1288 0.2646
vn 0.9850 -0.0392 -0.1680
vn -0.8388 -0.3284 -0.4342
vn 0.8873 0.3030 0.3477
vn 0.8783 -0.2634 -0.3990
vn -0.3880 0.0613 0.9196
vn 0.3750 0.1557 -0.9138
vn -0.5667 -0.0901 0.8190
vn -0.3759 0.0886 -0.9224
vn -0.9122 0.3861 0.1370
vn 0.9126 0.4027 0.0705
vn 0.9725 -0.2328 0.0098
vn -0.1728 -0.1243 0.9771
vn -0.9861 0.1540 0.0621
vn -0.3281 0.2798 0.9022
vn 0.9243 0.3228 -0.2037
vn 0.9993 -0.0134 -0.0353
vn -0.9140 -0.3537 -0.1986
vn 0.1566 -0.0858 -0.9839
vn 0.9228 -0.0822 -0.3764
vn 0.9347 0.1717 0.3112
vn -0.7941 -0.1391 0.5917
vn 0.8429 0.3141 0.4370
vn 0.8195 -0.4954 -0.2882
vn -0.9127 -0.2135 -0.3485
vn 0.7857 -0.2785 -0.5524
vn 0.5238 0.1313 0.8416
vn -0.4474 -0.1869 -0.8746
vn -0.4852 0.1977 -0.8518
vn 0.7601 0.1977 0.6190
vn 0.8399 0.4032 0.3633
vn -0.7639 0.6424 0.0614
vn 0.9990 0.0456 -0.0001
vn 0.8771 0.4759 0.0655
vn 0.9883 -0.1431 -0.0528
vn 0.7743 -0.0092 0.6328
vn 0.9543 -0.2903 -0.0714
vn 0.7298 -0.1260 0.6720
vn -0.9070 0.3780 0.1857
vn 0.5595 -0.0503 -0.8273
vn 0.0992 0.1444 -0.9845
vn 0.7799 0.3528 -0.5171
vn -0.3605 0.6632 0.6559
vn -0.5690 0.7278 0.3829
vn 0.8194 0.3732 0.4351
vn 0.4710 0.4588 -0.7534
vn -0.2936 0.2591 -0.9201
vn 0.9320 0.1586 0.3259
vn 0.9895 -0.1119 -0.0917
vn 0.4473 -0.1061 0.8881
vn 0.5827 0.1731 -0.7941
vn -0.8020 -0.2285 -0.5519
vn 0.9820 0.1816 -0.0520
vn -0.9933 -0.0816 -0.0818
vn 0.8012 -0.1549 -0.5780
vn -0.8880 0.2108 0.4086
vn 0.8487 -0.2725 0.4533
vn -0.7914 0.5575 0.2509
vn -0.9481 0.1625 -0.2734
vn -0.5012 -0.5669 -0.6538
vn -0.4872 0.0437 0.8722
vn -0.9816 0.0529 0.1835
vn 0.9596 0.0438 -0.2779
vn 0.6737 -0.6489 -0.3536
vn 0.4213 -0.8291 -0.3677
vn -0.9445 0.2822 0.1683
vn -0.4132 0.1218 0.9025
vn -0.8622 0.1167 0.4930
vn -0.7134 0.4202 -0.5608
vn -0.9200 -0.3905 -0.0323
vn 0.6334 0.7325 -0.2496
vn -0.9158 0.3836 -0.1191
vn 0.9842 0.1293 -0.1212
vn 0.9968 -0.0672 -0.0437
vn -0.5714 -0.2499 -0.7817
vn -0.6788 0.0731 -0.7307
vn -0.9793 -0.2018 0.0155
vn -0.8985 0.4388 0.0114
vn -0.9012 0.0242 0.4328
vn -0.0695 -0.2494 0.9659
vn -0.0318 0.1775 -0.9836
vn -0.4786 -0.3318 0.8129
vn 0.7908 0.4554 0.4088
vn 0.2113 0.6992 0.6830
vn 0.7650 0.0915 -0.6375
vn -0.7111 0.3770 -0.5935
vn 0.9771 -0.1687 -0.1295
vn -0.9478 0.0950 0.3045
vn -0.8042 0.2431 0.5424
vn 0.6083 -0.2081 -0.7659
vn 0.3530 0.0524 -0.9342
vn 0.5144 -0.2142 0.8304
vn 0.4852 -0.2872 0.8259
vn -0.5539 -0.3369 0.7614
vn 0.5429 0.5371 -0.6456
vn 0.9065 -0.4190 -0.0514
vn 0.7964 -0.5481 0.2555
vn -0.6430 -0.7279 0.2379
vn 0.9479 -0.3140 0.0531
vn -0.9669 -0.2143 0.1383
vn -0.9935 0.1054 -0.0419
vn 0.9942 -0.1043 -0.0275
vn 0.9637 -0.1792 0.1980
vn 0.6546 -0.0639 -0.7533
vn 0.7031 0.1010 0.7039
vn -0.2519 0.1702 0.9527
vn 0.7503 -0.1841 -0.6350
vn 0.0670 -0.0096 0.9977
vn 0.9993 -0.0288 0.0238
vn 0.8013 -0.0092 0.5982
vn -0.8220 -0.3550 -0.4453
vn -0.4214 0.8187 0.3900
vn -0.9155 0.1804 0.3595
vn -0.9017 -0.1622 -0.4008
vn 0.3335 -0.1563 0.9297
vn -0.4048 -0.2683 0.8742
vn -0.0087 0.0875 0.9961
vn -0.9022 -0.4054 -0.1470
vn -0.8170 -0.5757 -0.0330
vn 0.7761 0.6124 -0.1507
vn 0.8905 0.2562 0.3761
vn 0.9780 0.2043 0.0423
vn 0.9968 -0.0705 -0.0367
vn -0.8988 -0.1970 -0.3915
vn 0.9067 -0.2485 0.3409
vn -0.9985 0.0499 0.0225
vn 0.9923 0.0920 -0.0827
vn 0.8484 -0.3485 -0.3986
vn -0.7646 0.5530 0.3310
vn 0.9262 0.2228 0.3041
vn 0.4069 0.0200 0.9133
vn -0.8852 0.1166 0.4503
vn -0.9533 -0.1741 -0.2468
vn 0.4126 0.1312 -0.9014
vn -0.9892 -0.0163 0.1457
vn -0.8711 0.3334 0.3607
vn -0.5925 0.4062 0.6957
vn -0.9429 0.0639 0.3270
vn 0.9358 -0.0174 -0.3522
vn 0.9516 -0.0793 -0.2969
vn 0.5418 -0.7557 -0.3679
vn -0.4836 0.8082 0.3361
vn 0.6127 -0.7306 -0.3013
vn 0.9324 0.1360 0.3349
vn -0.8212 -0.2016 -0.5338
vn -0.7386 0.0812 0.6692
vn 0.7219 -0.1948 -0.6640
vn -0.2937 -0.2043 0.9338
vn -0.5770 -0.3491 0.7384
vn -0.6366 0.1657 -0.7532
vn 0.7564 -0.0668 0.6507
vn 0.9271 0.1930 0.3213
vn -0.6630 0.1622 -0.7308
vn 0.9321 0.3612 0.0264
vn -0.8697 -0.4936 0.0018
vn 0.7989 0.5925 0.1038
vn -0.9793 -0.2012 0.0218
vn 0.9825 0.1854 -0.0170
vn 0.9975 -0.0648 0.0273
vn 0.6531 -0.1477 0.7427
vn -0.9072 0.3000 -0.2949
vn 0.9998 -0.0149 -0.0160
vn 0.9962 -0.0856 0.0160
vn -0.9868 -0.1140 0.1151
vn 0.3282 -0.9220 -0.2053
vn -0.9787 -0.0710 0.1925
vn 0.9930 -0.0727 -0.0934
vn -0.7149 0.5694 0.4058
vn 0.9405 0.1064 0.3227
vn -0.9739 0.1917 0.1218
vn 0.8406 0.2171 0.4963
vn -0.3528 0.2244 -0.9084
vn 0.3870 -0.4466 0.8067
vn 0.8420 0.5381 0.0376
vn -0.9033 0.4211 0.0819
vn -0.8010 0.5561 0.2219
vn 0.7872 -0.6003 -0.1412
vn -0.7133 -0.6840 0.1531
vn -0.6316 0.6982 -0.3372
vn 0.6696 0.6561 -0.3481
vn -0.9793 -0.1904 -0.0684
vn -0.7624 -0.0596 0.6443
vn 0.9715 0.1835 -0.1498
vn -0.8909 0.4425 0.1021
vn 0.8747 -0.1559 -0.4589
vn 0.8500 0.0216 0.5263
vn -0.9323 0.1701 -0.3191
vn -0.7775 -0.4518 -0.4374
vn -0.5719 0.7858 -0.2355
vn -0.6428 0.2556 0.7222
vn 0.9237 -0.3780 -0.0625
vn 0.9105 -0.0059 -0.4134
vn 0.9478 -0.1512 -0.2806
vn 0.9432 -0.1817 -0.2782
vn 0.3618 -0.3727 -0.8545
vn -0.8128 -0.4049 -0.4188
vn 0.9449 -0.1356 -0.2979
vn 0.9612 -0.1727 -0.2150
vn -0.5697 -0.1965 -0.7980
vn 0.2698 0.2485 -0.9303
vn 0.6602 0.1791 -0.7294
vn 0.6829 -0.7305 0.0022
vn -0.5905 0.7859 -0.1834
vn 0.7224 0.6859 -0.0882
vn -0.6365 -0.6993 0.3254
vn -0.8124 -0.5374 0.2262
vn -0.9992 -0.0370 -0.0143
vn -0.9984 0.0486 -0.0295
vn 0.7239 0.2599 0.6391
vn -0.7841 0.1938 0.5896
vn -0.7631 -0.2087 -0.6117
vn -0.4215 -0.3321 -0.8438
vn -0.7466 -0.0585 0.6627
vn -0.1128 -0.6038 0.7891
vn -0.9784 0.0331 0.2039
vn -0.2156 0.0482 0.9753
vn 0.8507 -0.2508 -0.4619
vn -0.9950 -0.0774 -0.0633
vn -0.5151 0.3490 0.7828
vn -0.7549 -0.4144 -0.5083
vn 0.3803 -0.1641 0.9102
vn 0.8120 0.0031 -0.5837
vn -0.8154 0.4439 0.3716
vn -0.9733 0.1447 0.1783
vn 0.8018 0.1466 0.5794
vn -0.4980 0.0476 0.8659
vn 0.3176 -0.0943 0.9435
vn -0.3317 0.0922 -0.9389
vn 0.7525 -0.3469 0.5598
vn 0.9287 -0.3700 0.0259
vn -0.8140 -0.5551 -0.1712
vn 0.7678 -0.6270 0.1321
vn -0.8927 0.4316 -0.1297
vn -0.9962 0.0261 0.0829
vn -0.9392 0.2296 0.2555
vn -0.9935 0.0272 0.1107
vn -0.7953 -0.4074 0.4490
vn 0.5021 -0.1665 0.8486
vn 0.9986 -0.0333 -0.0400
vn -0.8588 -0.3378 -0.3852
vn -0.7661 0.2080 0.6081
vn -0.9908 -0.0198 0.1342
vn -0.4160 -0.0683 0.9068
vn 0.4705 -0.8094 -0.3513
vn 0.9564 0.0242 -0.2911
vn -0.3461 0.8643 0.3649
vn 0.8588 0.3082 0.4093
vn 0.9069 0.1346 0.3993
vn -0.6335 -0.0397 -0.7728
vn 0.4278 0.1114 0.8970
vn 0.4925 0.4263 -0.7588
vn -0.4582 0.4024 -0.7925
vn -0.8303 -0.2985 -0.4707
vn 0.8539 0.5186 -0.0445
vn 0.8420 0.5007 -0.2006
vn 0.9993 0.0236 0.0285
vn 0.9829 0.1502 0.1070
vn 0.9818 -0.1856 -0.0405
vn 0.9408 0.0214 0.3382
vn -0.9999 0.0159 -0.0051
vn -0.6867 0.2558 0.6804
vn -0.2854 0.1706 0.9431
vn 0.0798 -0.1733 0.9816
vn -0.9224 0.1130 0.3693
vn 0.8639 -0.0589 -0.5003
vn -0.9653 -0.0506 0.2563
vn 0.9166 -0.1165 -0.3825
vn 0.8904 -0.1432 -0.4320
vn -0.2427 0.2939 -0.9245
vn 0.8330 -0.2755 0.4798
vn -0.7513 -0.2960 0.5898
vn -0.7617 -0.3160 0.5656
vn -0.9084 0.4113 0.0752
vn 0.9385 -0.3424 -0.0443
vn -0.9199 -0.3921 -0.0107
vn 0.6208 -0.7720 0.1366
vn -0.9833 -0.1818 0.0004
vn 0.9849 0.0431 0.1677
vn -0.4939 0.0821 0.8656
vn 0.9708 0.1775 -0.1614
vn -0.3845 -0.9183 0.0944
vn -0.5865 0.2305 0.7765
vn -0.9639 0.2269 -0.1391
vn 0.6459 0.4497 0.6169
vn 0.3677 0.3264 -0.8708
vn 0.7585 -0.5824 0.2924
vn -0.9603 -0.0259 0.2779
vn 0.9389 -0.1308 -0.3184
vn -0.3469 0.8664 0.3593
vn 0.5413 -0.7487 -0.3827
vn -0.8935 -0.2370 -0.3813
vn 0.6116 -0.7246 -0.3177
vn 0.6877 0.0457 0.7246
vn -0.4767 -0.0264 -0.8787
vn 0.4942 -0.5023 0.7095
vn 0.6240 0.4086 -0.6661
vn 0.4964 0.5795 -0.6463
vn 0.9805 0.0905 -0.1746
vn -0.9943 0.0890 0.0582
vn 0.9245 -0.0133 0.3810
vn 0.8819 -0.0218 0.4710
vn -0.9337 0.0849 0.3478
vn -0.4911 0.2832 0.8238
vn -0.8640 0.4576 -0.2100
vn 0.9900 0.1011 0.0988
vn 0.4724 -0.3836 -0.7935
vn 0.8576 0.3260 0.3978
vn -0.7880 -0.0809 -0.6103
vn 0.8910 0.0654 0.4492
vn 0.9158 0.1586 0.3689
vn -0.9754 -0.1221 -0.1836
vn -0.2346 0.5876 0.7744
vn -0.9927 -0.0521 0.1089
vn -0.9492 -0.2856 0.1324
vn -0.5760 0.3493 -0.7391
vn -0.9981 0.0259 -0.0568
vn 0.7773 -0.2261 0.5871
vn 0.0309 -0.5275 -0.8490
vn -0.8414 0.4149 0.3462
vn -0.4679 0.8096 0.3545
vn 0.9626 -0.0915 -0.2550
vn -0.7690 -0.0163 -0.6391
vn 0.2170 -0.3387 0.9155
vn 0.2139 -0.4633 0.8600
vn -0.3742 -0.4820 0.7922
vn -0.6055 -0.4927 0.6250
vn -0.4819 0.4836 -0.7307
vn -0.9253 0.0411 0.3769
vn 0.9202 0.2660 0.2872
vn -0.7221 0.6797 0.1288
vn 0.9508 0.2903 -0.1082
vn 0.9630 0.2685 -0.0220
vn 0.9587 0.2843 0.0013
vn 0.9646 0.2398 0.1097
vn -0.9807 -0.0936 -0.1715
vn -0.8485 -0.0435 -0.5274
vn -0.1561 0.1833 0.9706
vn 0.4649 0.8428 -0.2711
vn -0.9365 0.3450 -0.0624
vn 0.8257 0.0374 0.5629
vn -0.7321 0.4261 0.5315
vn -0.4085 -0.1972 -0.8912
vn 0.1540 0.1157 0.9813
vn 0.3288 0.1355 -0.9346
vn -0.7581 -0.4994 -0.4195
vn -0.9594 0.0545 0.2769
vn 0.9641 0.0474 -0.2613
vn -0.7852 -0.4488 -0.4267
vn 0.8789 0.2746 0.3900
vn -0.7864 0.5566 0.2679
vn 0.9176 0.1458 0.3697
vn -0.9158 -0.1575 -0.3695
vn -0.8721 0.0706 0.4843
vn -0.3353 -0.1511 0.9299
vn 0.2903 0.4486 -0.8453
vn -0.6526 0.4142 -0.6345
vn 0.9277 0.3732 0.0043
vn 0.9381 -0.3458 -0.0169
vn 0.6889 0.6828 -0.2434
vn -0.9474 -0.3047 0.0978
vn -0.9591 -0.2796 -0.0434
vn -0.9963 0.0612 -0.0599
vn -0.3138 0.8429 0.4370
vn -0.9477 0.3174 0.0342
vn 0.3435 0.4471 0.8259
vn -0.4150 -0.4635 -0.7829
vn 0.8299 -0.3235 -0.4545
vn 0.9241 0.3361 -0.1817
vn 0.8668 0.0551 0.4956
vn 0.7865 -0.4707 -0.3998
vn -0.9504 0.2949 0.0988
vn 0.4098 -0.2967 0.8626
vn -0.9333 0.1918 -0.3037
vn 0.7831 0.4494 0.4299
vn 0.8782 -0.1482 0.4548
vn -0.6232 -0.0234 0.7817
vn 0.8179 -0.5752 0.0097
vn -0.7916 -0.3815 -0.4773
vn -0.7470 0.6508 -0.1360
vn -0.9896 0.1432 0.0141
vn -0.9868 0.1417 0.0790
vn 0.9848 -0.1651 -0.0539
vn -0.8606 -0.0079 -0.5092
vn 0.9915 -0.0464 -0.1214
vn -0.7825 0.0157 -0.6224
vn 0.3986 -0.8547 -0.3325
vn -0.7875 -0.6133 -0.0616
vn 0.5754 -0.6476 0.4995
vn -0.2208 0.4399 0.8705
vn 0.9541 0.2995 -0.0009
vn -0.8915 0.3019 0.3378
vn -0.3672 0.8204 0.4383
vn 0.7537 -0.4477 -0.4812
vn -0.8209 0.0074 0.5710
vn 0.7995 -0.0448 -0.5990
vn 0.3910 -0.1123 0.9135
vn -0.3072 0.4328 -0.8475
vn -0.4936 -0.5598 0.6656
vn 0.4907 0.4868 -0.7226
vn 0.0598 -0.0126 0.9981
vn -0.9306 -0.3595 0.0682
vn -0.8136 0.3721 0.4467
vn -0.9483 0.3173 0.0089
vn 0.9842 -0.1641 -0.0660
vn -0.9873 -0.0190 0.1578
vn 0.9975 0.0121 0.0699
vn -0.9748 0.2169 -0.0529
vn -0.6366 0.0664 0.7684
vn 0.9103 0.2705 0.3134
vn 0.9642 0.0043 -0.2651
vn 0.1516 -0.7292 0.6673
vn 0.5349 0.1565 0.8303
vn -0.9760 0.1257 0.1780
vn -0.9685 0.2197 0.1173
vn 0.9674 -0.1713 0.1868
vn -0.7281 -0.5567 -0.4001
vn 0.4593 -0.4121 -0.7869
vn -0.8963 0.3298 0.2966
vn 0.1349 -0.3670 -0.9204
vn -0.6935 -0.5609 -0.4523
vn -0.8470 0.4202 0.3257
vn 0.9434 -0.0261 -0.3306
vn -0.7720 -0.4502 -0.4488
vn 0.7579 -0.5705 -0.3164
vn 0.6750 0.0639 -0.7351
vn 0.4544 0.1520 -0.8777
vn -0.2227 -0.4279 0.8760
vn 0.4577 0.5625 -0.6885
vn 0.4884 0.2137 0.8460
vn -0.9469 -0.3191 -0.0383
vn 0.9564 0.2762 0.0950
vn -0.9432 -0.2148 0.2533
vn -0.9733 -0.2291 0.0100
vn 0.9465 0.2588 -0.1927
vn 0.9926 -0.1094 0.0528
vn -0.9652 -0.2295 -0.1251
vn 0.5745 0.0519 0.8169
vn 0.9714 0.0361 -0.2348
vn 0.9408 -0.0354 -0.3370
vn 0.9422 -0.2663 -0.2035
vn -0.8899 0.0512 0.4532
vn 0.6483 -0.4986 -0.5754
vn 0.9929 -0.0837 -0.0844
vn 0.9900 -0.0310 -0.1377
vn 0.7086 0.5507 0.4411
vn -0.9893 -0.0925 0.1129
vn -0.1194 -0.4648 -0.8773
vn 0.9109 -0.2118 -0.3542
vn -0.8700 0.0398 -0.4915
vn 0.8678 0.0370 -0.4955
vn 0.7874 -0.0862 0.6104
vn 0.2235 -0.3476 0.9106
vn -0.1969 -0.4028 0.8939
vn 0.4701 0.5591 -0.6829
vn -0.3460 -0.0830 0.9345
vn 0.9750 -0.2211 0.0233
vn 0.7767 0.3719 0.5084
vn -0.7548 0.6560 0.0011
vn -0.9897 -0.1235 0.0726
vn 0.9837 -0.1669 -0.0672
vn 0.8624 0.3733 -0.3419
vn -0.7258 0.3264 0.6056
vn -0.9233 -0.0900 -0.3734
vn -0.6722 -0.4001 -0.6229
vn -0.8136 0.1156 0.5698
vn -0.8768 0.1534 0.4557
vn -0.6763 -0.4095 0.6123
vn 0.9828 0.0402 0.1801
vn -0.9000 0.0199 -0.4355
vn -0.6794 0.5258 0.5118
vn -0.7783 0.5412 0.3183
vn 0.5509 0.3240 0.7691
vn 0.0970 -0.3460 0.9332
vn -0.9012 -0.2840 0.3273
vn 0.7503 -0.6578 -0.0662
vn -0.7679 0.4645 0.4411
vn -0.8931 0.3437 0.2903
vn 0.8710 -0.1854 -0.4549
vn 0.5364 -0.1795 0.8246
vn 0.6474 0.5108 -0.5656
vn -0.9447 -0.3069 -0.1152
vn -0.9117 0.4099 -0.0286
vn -0.7947 -0.5923 -0.1329
vn -0.9553 -0.2954 -0.0094
vn -0.9726 -0.1724 -0.1561
vn 0.9817 -0.1905 0.0004
vn -0.7998 0.1638 0.5776
vn -0.9665 -0.0610 -0.2494
vn 0.9827 0.0403 0.1806
vn 0.0616 0.0111 -0.9980
vn 0.9181 -0.0081 -0.3963
vn 0.9739 -0.1110 0.1982
vn -0.9929 0.0832 -0.0845
vn 0.4971 -0.2886 0.8183
vn 0.7634 0.4842 0.4275
vn 0.8644 -0.3783 -0.3311
vn 0.9584 0.0949 -0.2691
vn -0.9448 0.1283 0.3016
vn -0.8657 -0.1214 -0.4856
vn -0.6357 0.2078 -0.7434
vn -0.5973 0.5522 -0.5817
vn 0.9399 0.3102 0.1429
vn 0.8496 -0.3546 0.3905
vn -0.8733 -0.3432 -0.3458
vn 0.7403 0.5972 -0.3087
vn -0.9420 -0.2677 0.2025
vn 0.9925 0.0885 0.0839
vn 0.9155 0.0448 0.3999
vn 0.9910 -0.0354 0.1292
vn 0.7722 0.1647 0.6137
vn -0.8542 0.0364 0.5187
vn 0.8440 -0.0765 0.5309
vn 0.8425 -0.5387 0.0076
vn -0.8326 -0.5405 -0.1209
vn -0.9632 0.2266 -0.1446
vn -0.5782 0.2407 -0.7796
vn 0.7832 0.4404 0.4389
vn 0.8602 -0.0194 0.5096
vn -0.7914 -0.5163 0.3272
vn -0.8589 0.3871 -0.3353
vn 0.9656 -0.2581 -0.0321
vn -0.9708 -0.2388 -0.0233
vn -0.9571 -0.2695 -0.1062
vn 0.8059 0.5876 -0.0721
vn -0.8255 -0.5482 0.1343
vn 0.9780 0.1301 0.1628
vn -0.9916 0.1118 0.0652
vn 0.2973 -0.8624 -0.4097
vn -0.5773 0.6157 0.5363
vn -0.9936 -0.1130 -0.0016
vn 0.9704 0.2291 0.0761
vn 0.3429 0.4118 0.8443
vn -0.8836 0.2087 -0.4192
vn 0.9977 -0.0559 0.0379
vn -0.1724 0.3748 0.9109
vn 0.8336 -0.4705 -0.2892
vn -0.7713 -0.4602 -0.4397
vn -0.4470 0.2388 -0.8621
vn -0.4561 -0.2947 0.8397
vn 0.4746 -0.6354 0.6091
vn 0.5320 -0.5792 0.6177
vn -0.6480 -0.5525 0.5243
vn 0.6012 0.4177 -0.6812
vn -0.9975 0.0605 -0.0376
vn -0.9734 0.2286 0.0137
vn -0.9919 0.0631 -0.1098
vn -0.9831 0.1720 -0.0619
vn -0.9555 -0.2775 -0.1003
vn 0.9674 -0.2467 0.0566
vn 0.9759 0.1559 0.1529
vn -0.9735 -0.0993 -0.2058
vn 0.8839 -0.4208 -0.2040
vn -0.4958 -0.5204 -0.6952
vn -0.9891 -0.0556 0.1363
vn 0.6496 -0.7095 -0.2732
vn -0.9786 0.1936 -0.0702
vn 0.6431 -0.7081 -0.2916
vn -0.8763 0.2836 0.3895
vn -0.9030 0.1400 0.4061
vn -0.8867 -0.1036 0.4507
vn -0.2283 -0.4056 0.8851
vn 0.2396 0.3365 -0.9107
vn -0.1320 -0.5569 0.8200
vn -0.2569 -0.5912 0.7645
vn -0.4424 0.1775 0.8791
vn 0.9967 -0.0639 -0.0501
vn 0.8072 0.4429 0.3902
vn -0.6307 -0.5167 -0.5791
vn 0.9973 -0.0711 0.0185
vn -0.9904 0.1337 -0.0362
vn 0.9109 0.3945 -0.1207
vn 0.9814 -0.1684 0.0923
vn 0.9751 -0.1480 0.1650
vn 0.9830 0.0235 0.1820
vn 0.9532 0.2697 0.1370
vn -0.6655 0.5114 0.5436
vn 0.7972 -0.2438 -0.5523
vn 0.3548 0.5320 0.7688
vn -0.5867 -0.5984 -0.5456
vn 0.9342 0.2401 0.2639
vn -0.9457 0.1280 0.2988
vn 0.8107 0.2103 0.5464
vn -0.6731 0.6653 0.3231
vn -0.2027 -0.2002 -0.9586
vn 0.7030 -0.6396 -0.3111
vn 0.9398 0.1630 -0.3004
vn 0.9106 0.0810 -0.4053
vn -0.8718 -0.0813 -0.4831
vn 0.1258 -0.5653 0.8152
vn -0.4102 -0.6763 0.6118
vn 0.1641 0.4870 -0.8578
vn -0.2762 0.6247 -0.7304
vn -0.4880 0.6547 -0.5772
vn 0.4402 0.6249 -0.6447
vn 0.9583 0.2831 0.0400
vn 0.9363 0.2086 -0.2824
vn 0.9951 0.0372 0.0916
vn -0.9848 -0.0931 0.1466
vn -0.9109 -0.1352 -0.3898
vn -0.9736 -0.0432 0.2241
vn -0.9796 -0.1661 0.1132
vn 0.9705 0.0430 0.2371
vn 0.4132 -0.7325 -0.5410
vn 0.5209 0.4573 0.7208
vn -0.9951 0.0046 -0.0986
vn -0.0629 0.5796 0.8125
vn -0.9266 0.1453 0.3467
vn -0.8364 -0.1109 0.5368
vn -0.6571 -0.2660 0.7053
vn -0.9309 0.3511 0.1009
vn 0.9474 0.2969 0.1192
vn 0.7660 0.5663 0.3042
vn 0.7910 0.5712 -0.2192
vn 0.9622 0.2139 0.1686
vn 0.5785 -0.6695 -0.4660
vn 0.4247 -0.1573 0.8916
vn 0.7034 -0.6970 0.1391
vn 0.1121 0.0708 0.9912
vn -0.6722 0.7052 0.2254
vn 0.9809 -0.1943 -0.0126
vn -0.9830 0.1737 0.0590
vn -0.7080 -0.5369 -0.4588
vn 0.7162 -0.1594 0.6795
vn 0.2929 -0.2337 0.9271
vn -0.9707 -0.0315 -0.2381
vn 0.6695 -0.6698 -0.3210
vn 0.8074 0.3561 0.4705
vn -0.8318 -0.2505 -0.4953
vn 0.8109 0.3249 0.4868
vn 0.8804 -0.3336 -0.3370
vn 0.8541 0.1939 0.4826
vn -0.8614 -0.0983 -0.4983
vn 0.7593 0.2357 -0.6065
vn 0.3104 -0.3917 0.8661
vn 0.2523 -0.5754 0.7780
vn -0.3502 0.5150 -0.7824
vn -0.7916 0.1876 -0.5815
vn -0.8198 -0.1725 0.5461
vn -0.8021 -0.5664 -0.1892
vn 0.9471 0.1286 -0.2941
vn 0.9604 -0.2703 0.0670
vn -0.9641 0.2646 0.0232
vn -0.7317 -0.4532 -0.5092
vn -0.4279 0.5949 0.6804
vn 0.7311 -0.2840 -0.6204
vn 0.7476 0.4593 0.4798
vn -0.6215 0.7401 0.2570
vn -0.6816 -0.0946 -0.7256
vn -0.7816 0.5292 0.3302
vn -0.8583 0.0990 -0.5035
vn 0.8812 0.0451 -0.4705
vn 0.8095 0.2635 -0.5246
vn -0.2275 0.4577 -0.8595
vn 0.6236 0.5864 -0.5170
vn 0.4656 0.2128 0.8590
vn 0.9909 0.1308 0.0313
vn -0.9380 -0.3446 -0.0385
vn -0.9820 0.0819 -0.1703
vn -0.3005 0.0583 0.9520
vn 0.6168 -0.0134 0.7870
vn -0.9647 -0.2249 -0.1372
vn 0.9962 -0.0832 0.0261
vn 0.4132 -0.7326 -0.5409
vn 0.2975 -0.8625 -0.4094
vn -0.6314 0.6601 0.4069
vn 0.4589 -0.8703 -0.1790
vn 0.7922 0.3302 0.5132
vn -0.9369 -0.2500 0.2444
vn -0.8771 0.0147 0.4801
vn -0.7492 -0.4007 -0.5273
vn 0.0939 -0.5608 -0.8226
vn 0.4841 -0.4366 -0.7583
vn -0.7921 -0.3485 -0.5011
vn 0.7914 0.3904 0.4704
vn 0.7167 -0.5664 -0.4069
vn -0.8416 0.0192 -0.5397
vn 0.7963 -0.2784 0.5370
vn -0.7611 -0.2009 0.6168
vn -0.7452 0.2176 -0.6303
vn -0.1539 0.5196 -0.8404
vn -0.5883 -0.6269 0.5107
vn 0.7696 -0.5500 0.3244
vn 0.4432 0.6199 -0.6476
vn -0.9378 -0.3064 -0.1635
vn -0.9903 -0.1097 0.0855
vn 0.9790 0.2022 -0.0253
vn -0.9586 -0.2618 0.1119
vn 0.9686 -0.2454 -0.0405
vn 0.0317 0.6771 0.7352
vn 0.9716 -0.0555 -0.2301
vn 0.8144 -0.2193 -0.5372
vn -0.7363 -0.3082 -0.6024
vn -0.5962 0.7455 0.2981
vn 0.7234 -0.5713 -0.3877
vn 0.8372 -0.1549 0.5244
vn -0.8798 -0.0187 0.4750
vn 0.8242 0.2880 -0.4876
vn 0.1757 -0.6535 0.7363
vn -0.7225 0.2644 -0.6388
vn 0.5764 0.1543 0.8025
vn -0.9811 -0.1784 -0.0751
vn -0.9859 0.0993 0.1350
vn -0.9645 -0.2339 -0.1229
vn 0.9927 0.1171 0.0276
vn -0.9924 -0.1137 0.0474
vn -0.9512 -0.1127 0.2872
vn 0.9852 0.1668 -0.0400
vn 0.9415 0.2527 -0.2231
vn 0.9648 -0.2266 0.1338
vn 0.9563 0.2768 -0.0942
vn 0.9468 -0.2337 -0.2213
vn 0.9974 0.0482 -0.0531
vn -0.9730 -0.1536 -0.1723
vn 0.9765 0.2010 -0.0783
vn -0.9970 0.0777 0.0046
vn -0.9699 0.2283 0.0846
vn -0.9660 0.2429 0.0887
vn 0.7735 -0.4904 -0.4014
vn 0.2969 0.6200 0.7262
vn -0.6946 0.4579 0.5548
vn 0.5164 0.4893 0.7028
vn 0.3858 -0.6688 -0.6355
vn 0.2169 0.9559 -0.1979
vn 0.9198 0.1223 -0.3728
vn -0.7945 0.4719 0.3823
vn 0.8589 -0.0657 0.5079
vn 0.8805 -0.2630 -0.3945
vn -0.8220 0.2719 -0.5004
vn 0.6529 -0.3354 0.6791
vn 0.5755 0.3759 -0.7263
vn 0.2602 0.6314 -0.7305
vn 0.5088 -0.1356 0.8501
vn 0.9737 -0.2182 -0.0649
vn 0.9574 0.2778 0.0791
vn -0.4004 0.2382 0.8848
vn 0.7725 0.1729 0.6110
vn -0.9949 -0.0863 0.0524
vn 0.9969 0.0722 0.0312
vn 0.9881 0.1510 0.0299
vn 0.8050 -0.1830 -0.5644
vn -0.8470 0.4883 0.2102
vn 0.9898 -0.1240 0.0701
vn 0.6091 0.0192 0.7928
vn 0.6475 -0.6732 -0.3572
vn 0.3904 -0.2542 -0.8848
vn 0.8096 -0.1939 0.5540
vn 0.8371 -0.1975 0.5102
vn -0.8191 0.2574 -0.5127
vn 0.8135 -0.3610 0.4560
vn 0.3132 0.4547 -0.8338
vn 0.1362 0.5474 -0.8257
vn 0.1557 0.6312 -0.7598
vn -0.9728 -0.2314 -0.0142
vn 0.9918 0.1044 -0.0740
vn -0.9702 0.2303 0.0757
vn -0.2619 0.6840 0.6809
vn -0.3039 0.4910 0.8164
vn -0.1503 0.4764 0.8663
vn 0.7059 -0.6825 -0.1895
vn -0.8046 0.1414 -0.5768
vn -0.8168 0.3544 -0.4552
vn -0.8665 0.0296 0.4983
vn 0.7613 -0.4936 0.4205
vn -0.7745 0.5050 -0.3810
vn -0.7839 -0.3294 0.5264
vn -0.7546 0.3389 -0.5619
vn 0.3771 -0.5027 0.7779
vn 0.1671 -0.5272 0.8332
vn 0.7273 0.1110 -0.6773
vn 0.9614 -0.2449 -0.1255
vn 0.9766 0.2040 0.0675
vn 0.9717 0.0264 -0.2348
vn -0.9817 -0.0949 0.1652
vn -0.9989 -0.0335 -0.0335
vn 0.9831 -0.1097 0.1469
vn 0.9551 -0.1895 0.2277
vn 0.9469 -0.3109 0.0818
vn -0.5664 0.6090 0.5553
vn -0.5921 0.7091 0.3830
vn -0.5397 -0.6114 -0.5787
vn -0.9816 -0.1318 -0.1382
vn 0.8298 0.0949 0.5499
vn -0.9060 0.1516 -0.3952
vn 0.4536 -0.0074 0.8912
vn 0.8029 -0.0927 -0.5888
vn -0.6705 0.6629 0.3331
vn -0.7539 0.3805 -0.5356
vn -0.6859 0.6233 0.3755
vn -0.6632 0.6384 0.3907
vn -0.1132 -0.7027 0.7025
vn -0.1271 0.6724 -0.7292
vn -0.2232 0.5552 -0.8012
vn 0.9486 0.1305 0.2884
vn 0.8112 0.4568 0.3651
vn -0.9865 -0.1464 -0.0727
vn 0.5828 0.4512 0.6759
vn 0.5727 -0.2645 0.7759
vn 0.2768 -0.8386 -0.4692
vn -0.9675 0.0034 0.2529
vn 0.3743 -0.2433 0.8948
vn 0.1944 -0.3356 0.9217
vn 0.9854 0.1070 0.1327
vn 0.7240 -0.5122 -0.4621
vn -0.3618 -0.1090 0.9259
vn 0.7904 -0.2944 0.5372
vn 0.5204 -0.5794 -0.6273
vn 0.4122 -0.8417 0.3487
vn 0.4252 -0.8719 0.2428
vn 0.5371 -0.7875 0.3022
vn -0.8385 0.1645 0.5195
vn 0.6908 -0.6891 0.2190
vn -0.2493 -0.5669 0.7851
vn 0.3808 -0.7306 0.5668
vn 0.0743 0.6348 -0.7691
vn 0.9831 -0.1577 -0.0934
vn -0.9817 0.1712 0.0829
vn 0.9070 0.4008 0.1291
vn -0.9643 0.2012 -0.1720
vn -0.9486 -0.1928 0.2511
vn 0.9497 -0.3131 -0.0074
vn -0.9543 -0.2493 -0.1649
vn 0.6037 -0.1232 0.7876
vn -0.9808 -0.1949 -0.0074
vn -0.9896 -0.0608 -0.1306
vn 0.9962 -0.0222 0.0838
vn -0.4134 0.6318 0.6557
vn -0.9750 0.0750 -0.2091
vn -0.9407 -0.0199 0.3386
vn 0.7939 -0.3974 -0.4601
vn -0.5725 0.4077 0.7114
vn 0.6178 0.2889 0.7313
vn -0.6283 0.6615 -0.4095
vn -0.5851 0.7372 -0.3379
vn -0.6936 -0.4064 0.5948
vn -0.6306 0.3780 -0.6778
vn -0.1035 -0.6221 0.7761
vn -0.2332 -0.7188 0.6549
vn -0.6673 0.6455 -0.3716
vn -0.8271 0.1448 0.5430
vn -0.9923 -0.1105 -0.0554
vn -0.9835 0.1565 -0.0909
vn -0.9526 0.2872 -0.1006
vn -0.9497 -0.2681 -0.1617
vn 0.9579 0.2302 0.1715
vn 0.0573 0.1338 0.9893
vn -0.9600 0.2701 0.0733
vn -0.8534 -0.3770 -0.3601
vn -0.9359 0.2152 0.2789
vn -0.9615 -0.2038 -0.1842
vn 0.9695 -0.2280 -0.0901
vn 0.6472 -0.6057 0.4629
vn 0.9379 -0.2469 -0.2437
vn -0.7435 0.5988 0.2978
vn 0.9950 -0.0905 -0.0411
vn 0.3278 -0.8804 0.3427
vn -0.1987 -0.5917 -0.7813
vn 0.0895 -0.9861 0.1397
vn 0.2813 -0.9533 0.1096
vn 0.4189 -0.8864 0.1970
vn 0.4603 -0.8783 0.1295
vn -0.6063 0.7225 -0.3322
vn 0.8171 -0.4837 0.3136
vn 0.8020 -0.4231 0.4216
vn 0.4353 -0.5886 0.6812
vn -0.4520 0.4835 -0.7496
vn 0.0629 -0.6806 0.7299
vn -0.0896 0.6611 -0.7450
vn 0.4713 0.6685 -0.5753
vn -0.9731 0.2013 0.1120
vn 0.9805 -0.0947 -0.1722
vn -0.9971 -0.0548 -0.0532
vn 0.9933 0.0959 0.0642
vn 0.9583 -0.2636 0.1106
vn 0.9112 0.3207 0.2585
vn -0.8446 -0.3973 -0.3590
vn -0.0087 0.6691 0.7431
vn 0.3171 0.6286 0.7102
vn -0.9649 0.2249 0.1358
vn 0.9615 -0.2368 -0.1395
vn 0.8222 -0.4832 -0.3008
vn -0.2818 0.3867 0.8781
vn -0.6336 -0.6853 -0.3592
vn -0.0142 -0.7716 0.6359
vn 0.7466 -0.5415 0.3864
vn 0.0597 -0.9797 0.1912
vn 0.6512 -0.7327 0.1976
vn 0.8435 -0.1256 -0.5222
vn 0.8432 -0.0903 -0.5300
vn -0.7870 0.4496 -0.4225
vn -0.5293 -0.5393 0.6550
vn -0.9853 -0.1061 -0.1341
vn 0.9740 0.1911 0.1213
vn -0.9938 -0.0657 -0.0902
vn 0.9930 0.0650 0.0985
vn -0.9506 0.3072 -0.0457
vn -0.8626 -0.2527 0.4382
vn 0.9595 -0.2721 -0.0725
vn -0.7702 -0.5181 -0.3719
vn 0.9617 0.2489 0.1147
vn 0.9977 0.0225 0.0636
vn -0.9375 0.2866 0.1974
vn 0.5939 0.5502 0.5870
vn -0.4157 0.5743 0.7053
vn 0.2536 -0.9356 0.2458
vn 0.4653 -0.3858 0.7966
vn 0.2690 -0.9316 0.2443
vn -0.8536 -0.3665 -0.3701
vn -0.6116 -0.2514 -0.7502
vn 0.8435 -0.2227 -0.4887
vn -0.8494 0.2757 0.4501
vn -0.2762 0.9176 -0.2858
vn -0.8239 0.1939 0.5325
vn -0.7646 0.6124 -0.2010
vn -0.7219 -0.5646 0.4001
vn 0.1313 -0.6480 0.7502
vn 0.1089 0.6503 -0.7518
vn 0.1718 -0.7553 0.6324
vn -0.4447 0.7352 -0.5116
vn 0.9747 0.2202 -0.0389
vn -0.9450 0.3209 0.0631
vn 0.8745 -0.2577 -0.4108
vn -0.5103 0.6625 0.5484
vn -0.4803 0.4587 0.7476
vn 0.9583 -0.0338 0.2836
vn -0.6361 -0.1728 -0.7520
vn 0.0321 -0.9433 0.3303
vn -0.5598 0.7672 -0.3132
vn -0.8323 0.2659 0.4864
vn -0.5401 0.7013 -0.4653
vn 0.8436 -0.4529 0.2884
vn -0.2439 0.9546 -0.1709
vn 0.8827 -0.4193 0.2123
vn -0.5123 0.8459 -0.1482
vn 0.7312 0.5034 -0.4605
vn 0.6968 0.4618 -0.5488
vn 0.5636 0.5777 -0.5904
vn 0.0857 -0.7397 0.6675
vn 0.1179 0.6813 -0.7224
vn -0.2083 0.7340 -0.6464
vn 0.3635 0.7297 -0.5791
vn 0.9195 0.1151 -0.3758
vn 0.9480 0.2810 0.1493
vn 0.9616 0.2702 -0.0487
vn -0.0815 0.7857 0.6132
vn 0.0951 0.6770 0.7298
vn 0.1662 -0.8076 0.5658
vn 0.4581 -0.7945 0.3987
vn 0.8765 -0.3799 0.2955
vn 0.7124 -0.6166 0.3352
vn 0.9214 -0.2901 0.2586
vn -0.5187 0.8397 -0.1605
vn -0.6667 -0.6156 0.4201
vn 0.7524 0.3777 -0.5397
vn -0.5964 -0.7213 0.3522
vn 0.5458 0.7209 -0.4271
vn 0.6576 0.7043 -0.2675
vn -0.9308 -0.3457 -0.1187
vn 0.9923 -0.1011 0.0716
vn 0.9426 -0.3282 -0.0621
vn 0.9284 0.3287 0.1735
vn 0.8345 -0.4554 -0.3101
vn -0.6420 0.2962 0.7072
vn 0.9778 0.2016 -0.0566
vn -0.9708 0.2373 0.0343
vn 0.8492 0.4623 0.2553
vn 0.9344 0.2816 0.2183
vn -0.8689 0.0839 0.4878
vn 0.1505 -0.7534 -0.6401
vn 0.8182 -0.3299 -0.4709
vn -0.8753 -0.2075 -0.4368
vn 0.8292 0.1427 -0.5405
vn -0.1835 0.9652 -0.1863
vn -0.8440 -0.1507 0.5147
vn 0.7618 0.4125 -0.4995
vn 0.8857 -0.4075 0.2224
vn 0.6536 0.6348 -0.4121
vn 0.7042 -0.5127 0.4912
vn -0.6533 -0.5613 0.5081
vn 0.5730 -0.5828 0.5763
vn -0.0382 -0.7763 0.6292
vn 0.6789 -0.7156 0.1645
vn 0.7221 -0.1534 -0.6746
vn 0.9875 0.0741 0.1392
vn 0.9813 -0.1852 0.0526
vn 0.9608 -0.1419 0.2383
vn 0.7411 0.3517 0.5719
vn 0.8813 -0.3606 -0.3054
vn -0.8828 -0.4693 -0.0218
vn -0.2819 -0.4835 0.8287
vn 0.9522 0.1572 0.2620
vn -0.1738 -0.3877 0.9053
vn 0.4382 -0.7675 -0.4678
vn 0.3927 -0.8308 -0.3944
vn -0.4461 -0.8756 -0.1854
vn 0.8833 -0.4680 -0.0284
vn -0.8789 -0.0029 0.4770
vn -0.1487 0.9355 -0.3206
vn -0.9518 -0.1357 -0.2751
vn -0.8373 -0.2504 0.4860
vn -0.7751 0.5712 -0.2699
vn 0.7892 0.3791 -0.4831
vn -0.7171 -0.5190 0.4652
vn -0.7129 -0.5308 0.4582
vn 0.7675 0.4013 -0.4999
vn 0.7105 -0.6193 0.3341
vn -0.5938 0.5411 -0.5954
vn -0.0549 -0.7450 0.6648
vn 0.0540 0.7058 -0.7063
vn 0.0952 0.7399 -0.6660
vn 0.2067 0.7420 -0.6377
vn -0.6686 0.7069 -0.2309
vn -0.4321 0.6743 -0.5989
vn -0.9888 -0.0568 0.1380
vn 0.9628 0.0887 -0.2552
vn 0.9871 0.1586 0.0209
vn 0.9630 -0.2525 0.0945
vn 0.9371 0.1150 -0.3295
vn -0.9633 -0.2683 -0.0029
vn -0.9451 -0.3228 -0.0515
vn 0.9813 0.0691 0.1797
vn -0.9570 -0.2699 -0.1064
vn 0.2310 0.6969 0.6790
vn -0.8183 -0.5720 0.0575
vn 0.8082 0.4402 0.3912
vn 0.4437 0.5777 -0.6851
vn -0.9700 0.0603 -0.2355
vn 0.0961 0.8535 0.5121
vn -0.1392 -0.6864 0.7138
vn 0.9315 0.3602 -0.0502
vn -0.5933 0.3662 0.7169
vn -0.8054 -0.2830 0.5208
vn -0.0270 0.9413 -0.3366
vn 0.3865 -0.6511 -0.6532
vn -0.8817 0.3924 -0.2618
vn -0.9147 0.3190 -0.2480
vn -0.8616 0.4636 -0.2065
vn -0.4770 -0.8243 0.3050
vn -0.7126 0.5105 -0.4812
vn 0.0335 -0.7884 0.6143
vn -0.1492 0.7014 -0.6970
vn -0.5370 -0.0014 0.8436
vn -0.9921 0.0183 0.1245
vn -0.9652 -0.1350 0.2241
vn -0.9729 0.2203 -0.0700
vn 0.9654 -0.1750 0.1935
vn -0.3292 0.2545 0.9093
vn 0.9658 0.1416 0.2171
vn -0.5372 0.5409 0.6472
vn 0.9941 -0.0865 0.0654
vn 0.3501 0.7302 0.5867
vn -0.4704 0.7263 0.5012
vn -0.4991 -0.5644 -0.6575
vn -0.1386 0.9591 -0.2467
vn 0.9792 0.1558 -0.1303
vn -0.5659 0.7157 -0.4093
vn -0.7036 -0.5880 0.3990
vn 0.8688 -0.4553 0.1946
vn 0.9002 -0.2575 -0.3512
vn -0.0500 -0.4054 -0.9128
vn -0.1760 -0.9560 0.2348
vn -0.3219 -0.8931 0.3143
vn 0.6004 -0.7663 0.2288
vn -0.7597 0.5797 -0.2947
vn -0.1079 0.7631 -0.6372
vn -0.3209 -0.7820 0.5344
vn 0.7716 0.0766 0.6315
vn 0.9519 -0.0672 0.2988
vn 0.9862 -0.0437 -0.1595
vn 0.9931 0.0130 -0.1168
vn 0.9866 0.0873 -0.1376
vn 0.9606 0.1477 -0.2354
vn -0.9635 0.1783 -0.1995
vn -0.9012 -0.4064 -0.1505
vn -0.3854 0.0843 0.9189
vn 0.5594 -0.7459 0.3615
vn 0.7777 -0.5546 0.2959
vn -0.3356 0.7318 -0.5932
vn -0.2618 0.8419 -0.4719
vn -0.3372 -0.8896 -0.3082
vn -0.1284 -0.2749 -0.9529
vn -0.9592 0.2193 0.1786
vn 0.7677 0.4097 -0.4927
vn -0.3532 -0.9257 0.1356
vn 0.1715 -0.9851 0.0162
vn 0.2125 -0.9736 0.0835
vn -0.4689 -0.8810 0.0630
vn 0.0176 -0.9997 0.0183
vn 0.1777 -0.9815 0.0708
vn 0.6353 0.6409 -0.4309
vn -0.5414 -0.8383 0.0647
vn -0.1360 -0.9677 0.2123
vn -0.3647 -0.9268 0.0895
vn -0.5087 -0.8355 0.2080
vn 0.3299 0.6576 -0.6773
vn 0.4172 -0.8226 0.3863
vn 0.5443 0.7348 -0.4048
vn -0.2579 0.4692 -0.8446
vn -0.9957 -0.0176 -0.0908
vn -0.9685 -0.1833 0.1684
vn -0.9856 -0.1691 -0.0055
vn 0.9458 -0.3114 -0.0919
vn 0.0392 -0.6230 0.7812
vn -0.6113 0.7114 0.3468
vn -0.1062 0.7957 0.5963
vn -0.5488 -0.7358 0.3968
vn -0.9394 0.2837 0.1927
vn 0.4739 0.3129 0.8231
vn -0.6135 -0.6854 0.3923
vn -0.1644 -0.9714 0.1716
vn -0.6746 -0.7299 0.1106
vn 0.6276 0.6699 -0.3966
vn -0.1752 -0.5624 -0.8081
vn 0.8308 -0.4784 0.2844
vn 0.6306 0.6686 -0.3941
vn -0.7936 -0.5821 0.1773
vn -0.2813 -0.7058 0.6502
vn 0.1161 -0.7907 0.6011
vn 0.2193 -0.7836 0.5812
vn -0.0837 -0.0227 0.9962
vn 0.9952 -0.0186 0.0958
vn 0.9910 -0.0818 0.1057
vn -0.9344 -0.1080 0.3395
vn -0.1345 0.1391 0.9811
vn 0.8151 0.5084 0.2776
vn -0.1991 0.7590 0.6199
vn 0.8458 0.4043 0.3481
vn 0.6970 -0.3422 -0.6301
vn -0.2927 -0.7449 -0.5995
vn 0.3285 -0.8836 -0.3337
vn -0.7415 -0.5724 -0.3500
vn -0.9073 0.0676 -0.4150
vn -0.4141 0.3478 0.8412
vn -0.8408 0.2567 0.4767
vn 0.2863 -0.9546 0.0818
vn -0.8005 -0.5863 0.1247
vn 0.6768 -0.3858 -0.6270
vn 0.8960 -0.3482 0.2757
vn 0.8034 -0.4940 -0.3323
vn 0.2705 -0.9607 0.0628
vn -0.2451 -0.9444 0.2193
vn -0.7992 0.5379 -0.2682
vn -0.9131 -0.3945 0.1034
vn 0.8403 -0.4752 0.2610
vn -0.8311 0.4971 -0.2494
vn 0.3915 0.8882 -0.2403
vn 0.4938 0.8032 -0.3332
vn 0.5855 -0.7120 0.3876
vn 0.6440 -0.7434 0.1806
vn -0.6665 0.6728 -0.3212
vn -0.3720 0.6926 -0.6180
vn 0.1593 -0.7546 0.6366
vn -0.1232 -0.7804 0.6130
vn 0.0301 0.7895 -0.6130
vn -0.0385 0.7744 -0.6315
vn -0.2317 -0.7774 0.5848
vn 0.9571 -0.2352 0.1691
vn 0.9680 -0.1662 0.1879
vn 0.9504 0.3039 0.0668
vn -0.8025 0.4808 0.3532
vn -0.9569 0.2818 0.0701
vn -0.4728 0.8785 0.0688
vn 0.8589 0.5118 -0.0197
vn 0.6805 0.3122 0.6629
vn -0.9615 0.2741 -0.0212
vn -0.0740 0.7561 0.6503
vn -0.6815 0.5499 -0.4830
vn 0.7384 0.5936 -0.3201
vn 0.0526 -0.8548 -0.5162
vn -0.0306 -0.9539 0.2987
vn 0.8242 -0.5081 0.2501
vn 0.9216 0.1724 0.3477
vn -0.2737 0.6398 0.7182
vn -0.9190 0.2798 -0.2777
vn -0.9440 -0.1640 -0.2862
vn 0.2124 0.9455 -0.2468
vn 0.4999 -0.8481 0.1755
vn 0.6750 -0.4809 -0.5595
vn -0.7609 -0.4256 -0.4898
vn 0.1592 0.3590 -0.9197
vn -0.9737 0.2239 -0.0431
vn 0.9630 0.1617 -0.2156
vn 0.9675 -0.2528 0.0069
vn 0.9472 0.2952 0.1251
vn -0.4127 0.8346 0.3648
vn -0.1473 -0.8958 0.4194
vn -0.4610 -0.8642 0.2014
vn -0.9209 -0.3165 -0.2276
vn -0.3361 -0.9112 0.2382
vn 0.9591 -0.2802 0.0406
vn 0.0744 -0.9882 0.1342
vn 0.1202 -0.9900 0.0741
vn 0.4408 0.4939 0.7495
vn -0.9575 0.1011 0.2700
vn -0.3504 -0.9234 0.1565
vn -0.6777 -0.7232 0.1333
vn -0.4602 -0.7158 0.5252
vn -0.3293 0.7842 -0.5259
vn 0.4990 0.7789 -0.3798
vn -0.5210 0.8035 -0.2880
vn -0.9923 0.0742 -0.0994
vn 0.9708 0.2334 -0.0547
vn 0.8860 0.4488 0.1166
vn 0.9102 0.3967 0.1187
vn -0.6503 -0.6629 0.3711
vn 0.8220 0.5570 0.1188
vn -0.9329 0.3491 0.0887
vn -0.6501 0.3517 0.6735
vn 0.9372 -0.3207 -0.1372
vn 0.8609 0.4997 -0.0962
vn 0.2532 0.8997 0.3555
vn 0.6945 0.6917 -0.1981
vn 0.1161 -0.6395 -0.7599
vn 0.5016 0.7749 -0.3846
vn 0.2544 -0.8877 -0.3837
vn -0.0647 -0.9912 0.1153
vn 0.4954 0.8664 -0.0633
vn -0.1675 0.9849 -0.0429
vn 0.2229 0.9733 -0.0551
vn 0.1007 0.9733 -0.2062
vn -0.8256 -0.5244 0.2082
vn 0.2717 -0.9458 0.1781
vn 0.7899 0.6025 -0.1141
vn -0.5570 -0.7687 0.3145
vn 0.6084 0.7717 -0.1855
vn 0.3744 -0.9263 0.0425
vn 0.6447 0.6982 -0.3112
vn 0.5843 0.6696 -0.4586
vn -0.5951 0.6725 -0.4401
vn 0.0517 0.7918 -0.6086
vn 0.5669 -0.8224 0.0488
vn -0.0723 0.4819 -0.8732
vn 0.9875 0.0907 -0.1292
vn -0.9259 -0.3631 -0.1044
vn 0.9016 0.4017 0.1607
vn -0.7376 -0.6224 -0.2618
vn 0.0801 -0.8261 0.5578
vn -0.3479 0.7867 0.5100
vn -0.0955 -0.7104 0.6973
vn 0.1233 -0.8480 0.5155
vn -0.8448 0.4780 -0.2405
vn -0.3537 -0.8728 0.3364
vn 0.7074 0.7068 -0.0047
vn -0.0636 0.8999 0.4314
vn -0.8474 -0.5308 0.0153
vn -0.8762 -0.2799 -0.3923
vn 0.8475 0.2063 -0.4890
vn -0.3022 -0.8951 -0.3277
vn -0.1812 0.4088 0.8945
vn 0.9382 0.2914 0.1867
vn -0.2601 -0.8269 -0.4986
vn -0.7375 -0.6737 0.0482
vn 0.3809 0.9068 -0.1805
vn 0.8197 0.5622 -0.1094
vn 0.3980 0.8856 -0.2394
vn 0.8716 0.4857 -0.0662
vn -0.7262 -0.6611 0.1885
vn -0.1380 -0.9903 0.0161
vn 0.1739 -0.9837 0.0462
vn 0.6089 -0.7932 -0.0053
vn 0.5464 0.7973 -0.2565
vn -0.6884 -0.6876 0.2309
vn -0.5366 -0.7791 0.3242
vn 0.3983 -0.7553 0.5205
vn 0.0768 -0.8126 0.5778
vn 0.3445 0.7977 -0.4950
vn -0.5721 0.7741 -0.2710
vn -0.9240 -0.0827 0.3734
vn -0.8555 0.0657 0.5137
vn -0.9619 0.2140 -0.1701
vn -0.9761 -0.1198 0.1815
vn -0.9306 0.3633 0.0453
vn -0.8249 -0.5281 -0.2016
vn 0.5970 0.5781 0.5562
vn 0.7939 -0.4805 0.3726
vn -0.5952 0.7702 -0.2292
vn 0.0587 0.7772 0.6265
vn -0.1392 -0.9854 0.0978
vn -0.2656 -0.9631 0.0439
vn 0.2231 -0.9724 0.0683
vn -0.6996 -0.5754 -0.4236
vn -0.4994 -0.8343 -0.2335
vn 0.8775 0.4771 -0.0497
vn -0.2223 0.9718 -0.0783
vn 0.3704 0.9024 -0.2204
vn 0.2182 0.9629 -0.1589
vn -0.3653 -0.8041 -0.4691
vn 0.3751 -0.9270 0.0030
vn 0.6576 -0.7519 0.0468
vn -0.8897 -0.3139 -0.3314
vn -0.7951 -0.6023 0.0709
vn 0.3172 -0.9434 0.0972
vn -0.1052 -0.9620 0.2520
vn 0.7149 0.5751 -0.3976
vn -0.5077 0.8266 -0.2428
vn -0.5493 0.8184 -0.1689
vn -0.4573 0.7511 -0.4761
vn 0.0418 -0.8420 0.5378
vn -0.3522 0.1103 -0.9294
vn 0.4043 0.0039 0.9146
vn -0.9807 -0.1952 -0.0115
vn 0.9499 -0.3058 0.0645
vn 0.9375 -0.3477 -0.0158
vn 0.6228 -0.7792 0.0708
vn 0.0226 -0.9729 0.2302
vn -0.0575 -0.9266 0.3716
vn -0.2036 -0.9323 0.2988
vn -0.5975 -0.8010 0.0364
vn -0.4053 0.7640 0.5020
vn -0.2407 0.8138 0.5289
vn 0.3488 0.8891 0.2965
vn -0.7670 0.6334 -0.1028
vn 0.2811 -0.9459 0.1622
vn 0.6521 -0.7544 0.0746
vn -0.9301 0.3140 0.1907
vn 0.8125 0.5763 -0.0877
vn 0.9740 0.0517 0.2204
vn -0.1111 0.9917 -0.0647
vn -0.1882 -0.9806 0.0547
vn 0.9484 -0.3159 -0.0269
vn 0.5062 -0.8305 0.2326
vn 0.9715 0.2311 -0.0530
vn 0.1002 -0.9786 0.1797
vn 0.9584 0.2725 -0.0853
vn 0.4505 -0.8636 0.2265
vn -0.5222 0.7915 -0.3177
vn -0.1789 -0.8114 0.5565
vn -0.0146 -0.8315 0.5553
vn 0.1269 0.7953 -0.5928
vn -0.9877 0.1025 -0.1184
vn -0.9672 -0.2270 0.1136
vn -0.9645 0.1991 -0.1733
vn 0.9567 -0.2432 0.1598
vn 0.5377 -0.7687 -0.3464
vn -0.9438 0.3099 0.1150
vn 0.4550 0.8785 -0.1458
vn -0.7091 0.6870 -0.1589
vn 0.0133 -0.9920 0.1258
vn -0.9452 0.3035 0.1201
vn 0.1254 0.8954 0.4272
vn -0.5380 -0.8422 -0.0364
vn 0.4588 0.8557 -0.2393
vn 0.0656 0.9218 -0.3821
vn 0.4846 0.8707 -0.0838
vn -0.1707 0.9721 -0.1611
vn -0.2966 -0.9546 0.0274
vn 0.6907 -0.5821 -0.4291
vn -0.4809 0.3702 0.7948
vn -0.0711 0.9950 -0.0707
vn 0.8970 -0.3114 -0.3138
vn 0.2981 0.9256 -0.2331
vn -0.2529 0.0193 0.9673
vn 0.5334 -0.8211 0.2031
vn 0.7245 -0.6769 -0.1297
vn 0.7445 -0.6675 -0.0149
vn 0.8419 0.4968 -0.2109
vn 0.7314 -0.6819 -0.0059
vn 0.2138 0.9446 -0.2492
vn 0.6482 0.7462 -0.1517
vn 0.0963 -0.8644 0.4936
vn 0.3274 0.7667 -0.5522
vn 0.2360 -0.8258 0.5121
vn -0.1997 0.7967 -0.5705
vn -0.4922 -0.8400 0.2285
vn -0.3486 0.8214 -0.4514
vn 0.9241 0.1219 0.3622
vn 0.9626 -0.1165 0.2446
vn 0.9688 -0.2053 0.1388
vn 0.9200 -0.3840 -0.0783
vn 0.0376 -0.9991 -0.0181
vn 0.1156 -0.9903 0.0773
vn -0.9225 0.3559 0.1497
vn 0.3184 -0.5478 0.7737
vn 0.4724 0.5298 0.7043
vn -0.2450 -0.8696 0.4286
vn 0.8717 0.3955 0.2894
vn -0.1241 0.9411 -0.3145
vn 0.8154 0.5787 0.0146
vn -0.8524 0.3002 0.4281
vn -0.1541 -0.8950 -0.4186
vn 0.3312 -0.8816 -0.3362
vn -0.8155 -0.4705 -0.3369
vn 0.1447 -0.9353 -0.3230
vn -0.7639 0.5830 -0.2767
vn -0.5330 -0.8376 0.1196
vn 0.2564 -0.9539 0.1561
vn -0.0995 -0.9669 0.2351
vn -0.7256 -0.6855 0.0603
vn -0.2854 0.9406 -0.1840
vn -0.3315 0.9272 0.1745
vn 0.0579 -0.9854 0.1603
vn -0.8433 -0.5330 0.0687
vn -0.0085 0.9486 -0.3165
vn 0.7107 0.6977 -0.0902
vn 0.4844 -0.8160 0.3155
vn -0.4677 0.8085 -0.3572
vn -0.1628 -0.8004 0.5769
vn -0.1026 0.8031 -0.5870
vn -0.0289 0.8182 -0.5743
vn 0.0793 0.8021 -0.5918
vn 0.0256 0.8251 -0.5644
vn -0.2106 -0.8192 0.5335
vn -0.6698 -0.5917 -0.4486
vn 0.9701 -0.2158 0.1109
vn -0.9611 -0.0252 0.2750
vn -0.9777 -0.2059 0.0401
vn 0.8423 0.5060 0.1857
vn -0.8430 -0.5242 -0.1210
vn 0.5477 -0.8206 0.1633
vn -0.5655 -0.7898 -0.2375
vn -0.3406 -0.6111 0.7145
vn -0.5360 0.7086 0.4589
vn -0.6794 -0.7282 -0.0905
vn 0.5201 0.2170 0.8261
vn -0.2970 -0.9230 0.2447
vn 0.1882 -0.9616 0.1998
vn 0.4217 -0.9038 0.0725
vn 0.8822 -0.4705 -0.0188
vn -0.4529 -0.8864 0.0958
vn 0.5681 -0.8203 0.0658
vn 0.1165 0.9631 -0.2427
vn 0.2079 -0.9699 0.1267
vn -0.9058 0.4105 0.1049
vn -0.2343 0.9111 0.3392
vn 0.8447 0.2558 0.4702
vn 0.2829 -0.7396 -0.6107
vn 0.8415 -0.5387 0.0397
vn 0.6571 -0.7537 0.0155
vn 0.0378 -0.9952 0.0900
vn -0.2625 0.9636 -0.0495
vn -0.6166 -0.7514 0.2350
vn 0.5403 0.7916 -0.2853
vn 0.0908 0.8159 -0.5711
vn 0.1995 0.7947 -0.5733
vn 0.5751 0.7956 -0.1907
vn 0.9592 -0.2241 0.1722
vn -0.8933 -0.4446 -0.0656
vn -0.5241 0.7502 0.4031
vn 0.9401 0.3213 0.1139
vn 0.6045 -0.7466 -0.2776
vn 0.2117 -0.9753 0.0638
vn -0.9317 -0.3565 -0.0692
vn -0.9619 0.2670 -0.0588
vn 0.1206 0.9763 -0.1797
vn 0.2840 0.6873 0.6685
vn 0.7028 -0.7112 0.0128
vn 0.8177 0.2753 0.5055
vn 0.6089 -0.7886 -0.0861
vn -0.1828 0.9771 -0.1092
vn 0.0958 0.9949 -0.0303
vn 0.2663 0.9631 -0.0403
vn -0.5989 0.7979 -0.0678
vn -0.3357 -0.9362 0.1039
vn -0.1942 0.9808 -0.0159
vn -0.3109 -0.9426 -0.1220
vn 0.1517 -0.7186 -0.6787
vn 0.6391 -0.6676 -0.3819
vn 0.0113 0.9942 -0.1067
vn -0.5505 0.8346 -0.0179
vn 0.0888 0.9956 -0.0296
vn -0.3314 0.9272 0.1744
vn 0.3507 -0.9325 0.0858
vn -0.4863 0.8555 -0.1780
vn -0.4040 -0.8126 0.4200
vn 0.4824 0.7550 -0.4442
vn -0.0809 -0.8177 0.5700
vn -0.2153 -0.8573 0.4677
vn 0.4162 0.7962 -0.4392
vn -0.3583 -0.0800 0.9302
vn 0.9541 0.2086 -0.2148
vn -0.9610 -0.1544 0.2295
vn 0.9572 -0.0083 -0.2893
vn -0.9539 0.2259 -0.1974
vn 0.9776 0.0456 -0.2053
vn -0.9069 0.4159 0.0681
vn 0.2883 -0.0795 0.9542
vn -0.5328 0.8155 0.2260
vn -0.8769 -0.4506 -0.1673
vn 0.0130 -0.7853 0.6190
vn -0.3488 -0.8906 0.2918
vn 0.6985 0.7136 -0.0545
vn -0.0573 0.8977 0.4368
vn -0.6036 0.7932 -0.0804
vn -0.3808 0.6558 0.6519
vn 0.3595 0.8896 0.2816
vn 0.3524 0.9358 -0.0105
vn -0.5330 0.8216 -0.2022
vn -0.3384 -0.9344 0.1109
vn 0.9342 -0.2402 0.2638
vn -0.7428 -0.6653 0.0751
vn 0.7093 0.7047 -0.0175
vn -0.7908 -0.6106 -0.0415
vn 0.2732 -0.8861 -0.3744
vn 0.3071 -0.9304 -0.2001
vn -0.3905 -0.7402 -0.5473
vn -0.8006 0.5978 -0.0405
vn -0.9173 -0.3979 0.0144
vn -0.3064 -0.9436 -0.1253
vn 0.3473 -0.9249 -0.1548
vn 0.2812 0.9423 -0.1815
vn -0.3755 0.9033 -0.2074
vn -0.4347 0.8754 -0.2114
vn 0.6009 -0.7969 0.0615
vn -0.6804 0.7259 -0.1008
vn 0.6957 0.7142 -0.0772
vn -0.7194 0.6940 0.0287
vn -0.6656 0.7457 -0.0282
vn 0.8316 0.5394 -0.1322
vn 0.3221 -0.8255 0.4634
vn -0.0889 0.8832 -0.4606
vn -0.0881 0.8059 -0.5855
vn 0.3797 0.8618 -0.3364
vn -0.4917 0.8607 -0.1323
vn -0.2442 0.6949 -0.6764
vn 0.9458 -0.3125 0.0887
vn 0.9698 -0.2413 0.0352
vn -0.9468 0.0287 0.3204
vn -0.9634 0.2097 -0.1671
vn 0.1593 0.6359 0.7552
vn -0.1351 -0.9829 -0.1249
vn 0.5650 0.8034 0.1878
vn 0.8957 -0.4233 -0.1364
vn -0.2134 -0.8005 0.5601
vn -0.2205 -0.9650 -0.1421
vn -0.8995 -0.4193 -0.1227
vn 0.4538 0.6858 0.5690
vn 0.2559 -0.9664 0.0258
vn 0.0970 0.9355 -0.3397
vn -0.1127 0.9551 -0.2742
vn -0.1074 0.9690 -0.2223
vn 0.2005 0.9772 -0.0700
vn 0.9381 -0.3200 -0.1323
vn 0.9597 -0.2525 0.1231
vn -0.2975 -0.9536 0.0455
vn 0.5195 0.8390 0.1617
vn 0.1244 0.8956 0.4270
vn -0.4083 -0.9101 -0.0714
vn 0.9633 -0.2098 0.1677
vn -0.1947 0.5430 0.8168
vn -0.5612 -0.7299 -0.3904
vn -0.6532 -0.7568 0.0244
vn 0.7140 -0.6886 -0.1265
vn -0.5314 -0.8434 0.0787
vn 0.7501 0.6573 -0.0730
vn 0.2530 -0.9514 -0.1754
vn 0.2324 0.9588 -0.1633
vn -0.5537 -0.7914 0.2589
vn 0.1423 -0.8571 0.4951
vn -0.1618 0.8521 -0.4978
vn 0.3743 -0.9129 0.1629
vn 0.5344 -0.8172 -0.2158
vn 0.5242 0.8492 -0.0645
vn -0.5465 -0.7611 -0.3493
vn 0.3022 0.0228 -0.9530
vn -0.9627 0.2392 -0.1267
vn -0.9381 -0.3459 -0.0198
vn -0.2644 -0.0966 0.9596
vn -0.1975 -0.9407 0.2759
vn -0.6008 0.0496 0.7979
vn 0.4815 0.3039 0.8221
vn -0.5472 0.6990 0.4604
vn -0.0735 -0.9478 0.3103
vn 0.1901 0.9807 0.0454
vn -0.2369 0.9705 -0.0456
vn 0.3134 0.8388 -0.4453
vn -0.2260 -0.9724 -0.0574
vn -0.4369 0.8913 -0.1212
vn -0.2969 0.9514 -0.0822
vn -0.5020 0.7698 0.3941
vn -0.8351 0.5500 0.0080
vn -0.3827 0.8725 0.3037
vn -0.5445 0.8387 0.0100
vn 0.1012 0.9437 0.3149
vn -0.8442 -0.3541 -0.4024
vn -0.3755 0.9052 0.1989
vn 0.4027 0.7201 0.5651
vn -0.2442 -0.9680 0.0581
vn -0.1283 -0.9468 -0.2951
vn -0.3088 -0.8656 -0.3941
vn 0.6322 -0.7747 -0.0148
vn 0.6685 0.7339 -0.1203
vn 0.6941 -0.7184 0.0457
vn -0.0072 -0.9991 -0.0418
vn -0.7493 0.6613 -0.0351
vn 0.9201 0.3804 -0.0935
vn -0.2679 -0.9398 0.2120
vn -0.1549 -0.8723 0.4638
vn 0.2093 0.8262 -0.5231
vn -0.3439 -0.9223 0.1761
vn -0.2893 0.1332 -0.9479
vn -0.2283 -0.9710 0.0715
vn -0.5996 0.7708 0.2151
vn -0.0170 0.9970 -0.0755
vn 0.3949 0.9109 -0.1196
vn 0.0621 -0.9981 -0.0011
vn 0.2421 -0.9702 0.0043
vn -0.4365 0.8997 0.0078
vn 0.1711 0.9839 -0.0508
vn -0.6516 -0.7567 0.0519
vn -0.8643 0.4930 -0.0996
vn 0.7949 0.5870 0.1534
vn -0.2433 0.9065 0.3452
vn 0.7485 -0.6587 0.0768
vn 0.3554 -0.9135 -0.1981
vn 0.1260 0.9657 -0.2270
vn -0.0858 0.9768 -0.1964
vn 0.3987 -0.8878 -0.2299
vn 0.0040 -0.9973 0.0730
vn 0.3678 -0.9298 -0.0156
vn -0.5958 -0.7708 0.2257
vn 0.3282 -0.9418 0.0727
vn -0.5542 -0.8215 0.1344
vn 0.4822 0.7961 -0.3656
vn 0.1694 -0.8904 0.4224
vn 0.9641 0.2156 -0.1548
vn -0.9712 0.2180 -0.0961
vn 0.9092 -0.4134 -0.0491
vn -0.4551 0.5475 0.7022
vn -0.4079 0.8804 0.2419
vn 0.3564 -0.3666 0.8594
vn 0.3086 0.9507 0.0293
vn -0.2406 -0.9638 0.1145
vn 0.2292 0.9085 -0.3494
vn -0.3533 -0.9265 0.1293
vn 0.6335 -0.7696 -0.0798
vn -0.4950 -0.8627 -0.1036
vn 0.7873 0.6162 -0.0222
vn -0.4062 0.8698 0.2801
vn -0.9390 -0.2910 -0.1835
vn 0.7431 -0.4017 -0.5352
vn -0.4488 0.8928 -0.0395
vn 0.7177 0.6921 -0.0768
vn 0.3140 -0.8920 -0.3252
vn 0.2882 -0.9549 0.0714
vn -0.0300 -0.9575 0.2868
vn -0.3128 0.9308 -0.1892
vn 0.6517 -0.7511 0.1058
vn 0.1204 -0.8917 0.4363
vn -0.2879 0.8479 -0.4451
vn -0.3037 -0.1577 -0.9396
vn 0.2725 -0.0488 0.9609
vn -0.9175 -0.2419 0.3157
vn -0.9239 -0.3824 0.0131
vn 0.9539 0.0902 -0.2862
vn 0.9561 -0.2183 0.1956
vn 0.9274 0.3727 0.0308
vn 0.2518 -0.8754 0.4126
vn 0.0499 -0.9946 -0.0906
vn 0.1466 -0.9721 -0.1829
vn -0.1462 0.9660 -0.2133
vn -0.4723 -0.8634 -0.1774
vn -0.8594 -0.4072 -0.3093
vn -0.3079 0.8561 0.4152
vn -0.0456 -0.9990 -0.0009
vn -0.7310 0.6123 0.3012
vn -0.5813 -0.8124 -0.0463
vn 0.1348 0.9726 0.1894
vn 0.7597 -0.5040 -0.4109
vn 0.2670 -0.9537 -0.1385
vn -0.9202 -0.3908 -0.0213
vn 0.1415 -0.9351 -0.3248
vn 0.8688 0.4943 -0.0290
vn -0.5391 -0.8388 0.0763
vn 0.4637 -0.8755 -0.1357
vn -0.5379 0.8413 -0.0531
vn 0.4851 -0.8716 0.0707
vn 0.7696 0.5978 -0.2243
vn 0.5717 -0.7661 0.2937
vn 0.0941 -0.8753 0.4743
vn -0.0946 -0.8504 0.5176
vn -0.5006 0.7880 -0.3585
vn 0.1463 0.8532 -0.5007
vn 0.0153 0.8486 -0.5289
vn -0.3527 -0.8265 -0.4387
vn 0.3494 0.9260 -0.1432
vn 0.3515 -0.9286 -0.1186
vn -0.8801 0.2400 0.4097
vn -0.9556 -0.2495 0.1566
vn -0.9250 0.3392 -0.1714
vn -0.9521 0.3057 -0.0057
vn 0.9626 0.2594 -0.0780
vn -0.9583 0.2769 -0.0703
vn -0.0465 0.8744 0.4829
vn 0.8822 -0.4664 -0.0647
vn -0.2787 0.9582 0.0645
vn -0.1139 0.9904 -0.0781
vn -0.1957 -0.9744 0.1103
vn -0.2497 0.9595 0.1303
vn 0.3607 -0.9259 -0.1123
vn -0.8822 0.3112 0.3534
vn 0.8010 -0.5791 0.1516
vn 0.1461 0.9890 -0.0247
vn 0.2315 0.8795 0.4159
vn -0.3794 0.8203 0.4280
vn -0.5861 -0.8040 -0.1006
vn 0.1291 0.9704 -0.2039
vn -0.2352 0.9585 0.1613
vn 0.4312 0.9019 -0.0259
vn -0.5018 -0.7489 -0.4328
vn 0.1837 0.9729 0.1404
vn -0.2163 -0.8284 -0.5167
vn -0.4473 0.8640 -0.2313
vn -0.0066 -0.8957 0.4447
vn 0.5447 0.7948 -0.2674
vn -0.1206 -0.8188 0.5612
vn 0.1306 -0.8132 0.5672
vn -0.3105 0.9438 -0.1134
vn 0.4307 -0.7100 -0.5572
vn -0.3619 0.8860 -0.2900
vn -0.0850 0.2513 -0.9642
vn 0.3068 0.8860 -0.3478
vn -0.9820 -0.0197 0.1879
vn -0.9568 0.2086 -0.2025
vn 0.9890 0.0777 -0.1258
vn 0.4304 0.1744 0.8856
vn -0.2253 0.9688 -0.1037
vn 0.8871 0.4501 0.1021
vn -0.0435 -0.9962 -0.0748
vn 0.8963 0.4294 0.1105
vn 0.1886 0.9806 0.0537
vn -0.5749 -0.8038 -0.1529
vn -0.8761 0.4718 -0.0993
vn 0.6719 0.7393 -0.0448
vn 0.8691 -0.4682 0.1596
vn 0.5424 0.8394 -0.0342
vn 0.5503 -0.8342 0.0349
vn -0.5463 0.8355 -0.0588
vn 0.6658 -0.6644 -0.3397
vn -0.0727 -0.9669 -0.2444
vn 0.5970 -0.8021 -0.0110
vn 0.1367 -0.9859 0.0965
vn 0.4663 0.7924 -0.3933
vn 0.1726 -0.9828 0.0658
vn -0.1503 -0.9763 0.1560
vn 0.6175 0.2767 0.7363
vn 0.9466 0.3084 -0.0937
vn -0.9526 0.2849 -0.1063
vn -0.9384 0.3379 -0.0726
vn -0.9164 0.3992 0.0301
vn -0.7686 -0.6161 -0.1723
vn 0.7626 0.5989 0.2445
vn -0.0542 0.8072 0.5878
vn 0.1504 0.9847 0.0881
vn 0.4117 0.8584 0.3060
vn 0.1269 0.9907 0.0488
vn 0.2670 0.9147 -0.3035
vn -0.8883 -0.4477 -0.1021
vn 0.2914 0.9366 -0.1945
vn 0.3584 0.9241 0.1325
vn 0.5362 -0.8439 -0.0141
vn -0.5575 0.6601 0.5034
vn 0.8078 0.4298 0.4035
vn 0.1518 0.9404 0.3043
vn 0.1382 0.8865 0.4417
vn 0.2461 0.9673 -0.0620
vn 0.0461 -0.9906 -0.1288
vn -0.2082 0.9659 0.1538
vn -0.2933 -0.9560 -0.0115
vn 0.1590 -0.9678 0.1952
vn -0.1746 0.9818 -0.0744
vn 0.0836 0.9019 -0.4238
vn 0.1650 -0.8242 0.5417
vn 0.0805 0.8409 -0.5352
vn -0.0168 -0.9960 0.0878
vn -0.0775 -0.9878 -0.1351
vn -0.1536 0.8969 -0.4148
vn 0.1276 -0.9798 -0.1537
vn -0.2334 -0.7507 -0.6180
vn 0.9088 -0.4010 0.1155
vn 0.8717 -0.4399 0.2159
vn 0.9188 -0.3827 0.0970
vn 0.2113 0.9772 0.0195
vn 0.8841 -0.4362 -0.1675
vn 0.4093 0.9098 0.0696
vn 0.3822 0.9231 0.0427
vn -0.7823 0.3746 0.4977
vn -0.6373 0.7481 0.1849
vn -0.3953 0.8528 0.3413
vn -0.4737 0.8616 0.1822
vn -0.0929 0.9957 -0.0003
vn 0.7173 0.6802 -0.1509
vn -0.4094 -0.8534 -0.3227
vn 0.6881 -0.6868 -0.2341
vn 0.1717 0.9536 -0.2474
vn -0.4627 -0.8603 0.2141
vn -0.6606 0.7334 -0.1603
vn -0.4118 0.8168 -0.4041
vn 0.0896 0.8908 -0.4454
vn -0.1145 0.8515 -0.5118
vn 0.0401 -0.9369 0.3472
vn 0.2690 -0.4246 -0.8645
vn -0.9021 -0.4208 0.0958
vn -0.9203 -0.3279 0.2135
vn 0.9418 -0.3334 -0.0427
vn -0.9568 -0.0537 0.2857
vn -0.9510 -0.2235 0.2137
vn 0.8828 0.4659 0.0601
vn 0.8032 0.5767 0.1494
vn -0.2543 0.9499 0.1819
vn 0.1228 0.9400 0.3182
vn 0.7680 0.5836 0.2639
vn 0.0282 0.9975 -0.0652
vn -0.1002 -0.9818 -0.1616
vn 0.0694 -0.9967 -0.0419
vn -0.3742 0.9273 -0.0107
vn 0.1353 -0.9908 -0.0086
vn -0.7774 0.4211 0.4672
vn 0.3649 -0.9307 0.0255
vn -0.9379 -0.2230 -0.2656
vn -0.5722 -0.5087 -0.6433
vn -0.2959 -0.9528 -0.0676
vn -0.3780 -0.9253 -0.0292
vn -0.4719 0.8732 -0.1219
vn 0.5545 -0.7864 0.2721
vn 0.1239 -0.8375 0.5322
vn -0.1583 -0.8177 0.5534
vn -0.2210 0.8870 -0.4054
vn 0.1416 0.8108 -0.5679
vn -0.1153 -0.8701 0.4793
vn 0.0042 -0.9245 0.3810
vn 0.1718 0.8990 -0.4028
vn -0.0249 -0.7963 -0.6044
vn -0.2013 -0.7419 -0.6396
vn -0.0069 0.7483 -0.6634
vn 0.8070 -0.2953 0.5114
vn -0.9561 -0.0634 0.2862
vn 0.9697 -0.0108 -0.2442
vn -0.9881 -0.0890 0.1254
vn 0.9628 -0.2504 0.1012
vn -0.9701 -0.2399 0.0367
vn -0.8605 0.4843 0.1584
vn 0.1792 0.9706 -0.1607
vn 0.0210 0.9993 0.0309
vn 0.5891 0.6236 0.5139
vn 0.7994 -0.2575 -0.5429
vn 0.8902 -0.1390 -0.4339
vn -0.5878 0.7738 0.2361
vn -0.4686 0.8825 0.0397
vn 0.4270 0.8913 -0.1524
vn -0.0377 -0.9254 0.3770
vn -0.0762 -0.9096 0.4085
vn -0.2661 -0.9136 0.3073
vn -0.1634 -0.9194 0.3578
vn -0.1043 0.8193 -0.5637
vn -0.0402 -0.8970 0.4401
vn 0.1613 0.9763 -0.1444
vn -0.1604 -0.0977 -0.9822
vn -0.3025 0.1373 0.9432
vn -0.6146 -0.1857 0.7667
vn -0.8915 -0.4262 0.1537
vn -0.8748 0.4404 -0.2020
vn -0.8311 -0.5560 -0.0116
vn 0.9452 -0.2674 0.1871
vn 0.9471 -0.2767 0.1627
vn 0.4282 0.9017 0.0595
vn 0.3897 0.9189 0.0604
vn 0.3801 0.9209 0.0865
vn -0.3836 0.9132 0.1376
vn -0.4349 0.9000 0.0280
vn 0.1739 0.9468 0.2707
vn -0.0876 0.9931 0.0777
vn 0.0823 0.9958 0.0400
vn -0.3899 0.9198 0.0440
vn -0.4243 0.8942 0.1429
vn 0.4296 0.8912 0.1455
vn 0.6907 0.6889 0.2200
vn 0.2868 0.8635 0.4149
vn -0.7781 -0.6205 -0.0974
vn -0.7908 0.6074 -0.0752
vn 0.1205 0.8817 -0.4562
vn -0.1969 0.8700 -0.4521
vn 0.1608 -0.8477 0.5055
vn -0.1154 -0.8457 0.5210
vn -0.1428 0.8541 -0.5001
vn 0.0323 0.5896 -0.8070
vn -0.1676 0.2612 -0.9506
vn 0.9071 0.4048 -0.1156
vn 0.8537 -0.5143 0.0815
vn 0.9620 0.0424 -0.2697
vn 0.9837 0.1649 -0.0718
vn -0.7663 -0.5953 -0.2416
vn 0.0652 0.9852 0.1587
vn -0.8470 -0.4767 -0.2351
vn 0.8374 0.3986 0.3740
vn -0.8008 -0.4673 -0.3746
vn 0.5891 0.7884 0.1774
vn 0.5851 0.7832 0.2103
vn -0.7096 0.6260 0.3234
vn -0.0277 0.9967 -0.0761
vn -0.7020 0.7122 0.0087
vn 0.5221 0.8518 -0.0438
vn 0.5491 -0.8348 0.0408
vn -0.5237 -0.8394 0.1458
vn 0.3175 -0.9190 0.2338
vn 0.0633 -0.8819 0.4672
vn 0.1615 0.8231 -0.5445
vn -0.0586 0.9523 -0.2996
vn -0.1234 0.9890 0.0812
vn 0.1294 0.9673 -0.2181
vn -0.0101 0.9601 -0.2794
vn 0.8847 0.4083 -0.2249
vn -0.8628 0.4900 -0.1245
vn 0.8836 0.4657 -0.0488
vn 0.9296 -0.3672 0.0304
vn 0.9405 -0.3382 0.0343
vn 0.8371 -0.5260 -0.1500
vn -0.8924 0.4122 0.1837
vn -0.3663 0.9300 -0.0315
vn 0.8329 0.3834 0.3992
vn -0.9373 -0.3415 -0.0701
vn 0.8571 0.3271 0.3980
vn 0.8335 -0.5083 -0.2164
vn -0.0178 0.9958 0.0897
vn 0.4144 0.9087 0.0504
vn -0.6667 -0.7181 -0.1996
vn 0.3427 0.9392 0.0230
vn 0.4816 0.8610 -0.1634
vn -0.1418 0.8175 -0.5582
vn 0.0053 -0.9001 0.4356
vn 0.0061 -0.8984 0.4391
vn 0.0403 0.9974 -0.0591
vn -0.9189 0.3584 0.1646
vn 0.8946 -0.4339 0.1066
vn -0.8970 0.4295 -0.1043
vn -0.8895 -0.4453 0.1022
vn -0.9637 -0.2622 0.0504
vn -0.8759 0.4234 0.2313
vn 0.8532 0.3959 0.3396
vn 0.4848 0.8140 0.3200
vn 0.8099 -0.5441 -0.2192
vn -0.0546 0.9617 0.2685
vn -0.0123 0.9957 -0.0917
vn -0.2533 -0.8646 0.4340
vn 0.2888 -0.8878 0.3583
vn 0.0886 0.8892 -0.4489
vn 0.1266 0.8241 -0.5522
vn -0.8670 -0.4880 0.1011
vn 0.8751 0.4653 -0.1329
vn 0.7198 -0.6502 0.2431
vn -0.7639 -0.6310 0.1355
vn -0.7730 -0.6340 0.0245
vn -0.8869 0.4592 0.0511
vn -0.0565 0.9967 0.0587
vn 0.6998 0.5803 0.4167
vn -0.8391 0.3946 0.3745
vn -0.9412 -0.3233 -0.0979
vn 0.2466 0.9270 -0.2825
vn -0.0939 0.8962 -0.4336
vn 0.0246 0.9118 -0.4100
vn 0.2922 -0.2172 0.9314
vn -0.8919 0.4390 -0.1088
vn 0.9290 0.3314 -0.1645
vn 0.7859 -0.5052 -0.3565
vn -0.8209 0.5221 0.2313
vn 0.1144 -0.9372 0.3295
vn -0.8361 -0.5054 0.2135
vn -0.5779 0.7888 -0.2094
vn -0.1481 -0.8303 0.5372
vn 0.1122 0.8682 -0.4833
vn -0.0400 0.8960 -0.4422
vn 0.7760 0.4396 0.4523
vn -0.8699 -0.4643 0.1666
vn 0.7934 0.5586 -0.2419
vn 0.7850 0.6137 -0.0846
vn 0.9875 0.1259 -0.0951
vn -0.8773 -0.4775 -0.0481
vn 0.7697 0.6105 0.1866
vn -0.8007 -0.5300 -0.2792
vn 0.3775 0.9252 0.0375
vn 0.3524 0.9358 0.0043
vn -0.7828 -0.6189 -0.0654
vn -0.6952 0.7141 -0.0821
vn -0.8811 -0.2358 0.4100
vn 0.2311 -0.9104 0.3432
vn 0.2660 -0.8747 0.4052
vn -0.2449 -0.8759 0.4157
vn -0.0797 0.9333 -0.3502
vn 0.1257 -0.8211 0.5568
vn -0.7920 -0.5599 0.2436
vn 0.8910 -0.4409 0.1080
vn -0.7677 0.5173 0.3782
vn -0.8579 0.3549 0.3715
vn 0.9045 0.2478 0.3472
vn -0.7743 -0.4212 -0.4722
vn -0.6141 -0.6647 -0.4254
vn 0.8922 0.4417 0.0947
vn 0.4659 -0.8823 0.0666
vn 0.8073 0.5854 0.0748
vn 0.7942 0.6054 0.0529
vn 0.3866 0.8934 -0.2290
vn -0.1252 0.8185 -0.5606
vn -0.0045 -0.8931 0.4499
vn -0.8178 0.4245 0.3886
vn -0.9541 0.2505 -0.1641
vn -0.9889 -0.0212 0.1469
vn 0.9684 0.2148 -0.1267
vn -0.9027 -0.4295 -0.0244
vn -0.7063 -0.6975 -0.1208
vn -0.4823 -0.1239 -0.8672
vn -0.1190 -0.9921 0.0402
vn -0.4387 0.8979 -0.0371
vn 0.2767 -0.9156 0.2916
vn -0.1804 0.9296 -0.3213
vn 0.1842 0.9211 -0.3430
vn 0.1906 0.8638 -0.4664
vn 0.7751 -0.6166 0.1378
vn 0.6863 0.7273 -0.0090
vn -0.6565 -0.7531 0.0423
vn 0.7422 0.6700 0.0162
vn -0.8998 0.4253 -0.0976
vn -0.9112 -0.3790 0.1614
vn -0.9262 0.3759 -0.0284
vn -0.7680 -0.6078 -0.2018
vn 0.8444 -0.4356 -0.3119
vn 0.7788 0.5280 0.3387
vn 0.7943 0.5000 0.3451
vn -0.7298 -0.6459 -0.2240
vn -0.7410 0.6327 0.2249
vn 0.5054 -0.8629 -0.0056
vn -0.3436 -0.9318 -0.1168
vn 0.8242 0.5546 0.1142
vn -0.2782 0.8783 -0.3889
vn 0.1737 -0.8399 0.5141
vn -0.1540 0.8387 -0.5223
vn 0.8330 0.5435 -0.1037
vn 0.8376 -0.5374 0.0984
vn -0.7317 -0.6453 0.2195
vn 0.8563 -0.5164 -0.0046
vn -0.8315 0.5554 -0.0085
vn -0.9421 -0.3347 0.0214
vn 0.8929 0.4492 0.0298
vn 0.7555 -0.5371 -0.3753
vn 0.5557 -0.8298 0.0514
vn -0.4740 -0.8796 0.0394
vn 0.0477 -0.9870 0.1537
vn -0.2190 -0.9617 -0.1649
vn -0.3504 -0.9038 0.2455
vn 0.2893 0.9285 -0.2326
vn -0.8812 -0.2358 0.4097
vn 0.0842 -0.8541 0.5133
vn -0.0191 -0.8932 0.4493
vn 0.0127 -0.8858 0.4639
vn 0.6574 -0.5458 0.5195
vn 0.8153 -0.5666 0.1196
vn -0.6073 -0.7909 -0.0747
vn 0.9354 0.3114 -0.1676
vn -0.9223 0.3617 -0.1362
vn 0.9595 -0.2450 0.1393
vn 0.9648 0.2606 -0.0341
vn -0.8187 0.5327 0.2144
vn -0.7482 0.6376 0.1833
vn 0.6895 -0.7157 -0.1114
vn -0.4823 -0.1237 -0.8672
vn 0.0577 0.8986 -0.4350
vn -0.2749 0.8738 -0.4012
vn 0.0095 -0.8986 0.4387
vn -0.0013 0.8962 -0.4436
vn -0.7266 0.6798 -0.0996
vn 0.6711 -0.7078 0.2206
vn -0.6287 -0.7473 0.2152
vn -0.6362 -0.7564 0.1521
vn 0.9717 0.1470 -0.1847
vn -0.9665 -0.2030 0.1568
vn 0.9025 -0.4306 -0.0065
vn 0.6698 0.6967 0.2570
vn -0.6564 -0.7539 -0.0281
vn 0.3784 -0.8841 0.2740
vn -0.6068 0.7868 0.1128
vn -0.1168 -0.8288 0.5472
vn -0.0548 -0.8681 0.4934
vn 0.1372 0.8243 -0.5493
vn -0.1191 0.8356 -0.5363
vn 0.0171 0.8863 -0.4628
vn -0.0247 0.8867 -0.4617
vn -0.7399 -0.6647 0.1034
vn 0.7501 0.6157 -0.2415
vn -0.7388 0.6339 -0.2286
vn 0.6718 -0.7385 0.0576
vn -0.5458 -0.8348 0.0722
vn 0.7980 -0.6014 0.0383
vn -0.6914 -0.7217 -0.0323
vn -0.9713 -0.2109 0.1102
vn 0.7689 -0.6037 -0.2106
vn 0.7952 0.5516 0.2518
vn -0.1018 0.8920 -0.4404
vn 0.3229 -0.8657 0.3824
vn 0.1003 0.8447 -0.5258
vn 0.1678 0.1516 0.9741
vn -0.6871 -0.4552 0.5663
vn -0.7938 0.5954 -0.1241
vn 0.6376 0.7373 -0.2231
vn -0.7417 0.6682 -0.0589
vn 0.7260 0.6876 -0.0110
vn -0.9088 -0.3870 0.1562
vn -0.7526 0.6309 0.1885
vn -0.8533 0.5202 0.0369
vn 0.5285 0.7943 0.2997
vn -0.5677 0.8217 -0.0500
vn -0.3349 0.9342 -0.1226
vn 0.2704 0.9022 -0.3360
vn -0.4329 0.3114 0.8459
vn -0.7342 0.6582 -0.1664
vn 0.6915 -0.7140 -0.1100
vn 0.5594 0.8250 0.0800
vn -0.4380 -0.8921 -0.1114
vn -0.9219 -0.3729 0.1054
vn 0.9438 -0.3194 0.0852
vn 0.9651 0.2553 -0.0589
vn 0.8777 -0.4787 0.0233
vn -0.8604 -0.5058 -0.0618
vn -0.4204 -0.8819 0.2133
vn 0.1527 0.9352 -0.3194
vn -0.3561 -0.8842 0.3023
vn 0.0862 0.9778 -0.1909
vn -0.0434 -0.8683 0.4941
vn -0.0244 -0.9125 0.4083
vn -0.0300 0.8772 -0.4792
vn 0.7232 -0.6776 0.1335
vn -0.6969 -0.7104 0.0979
vn -0.9355 0.3318 -0.1217
vn 0.8840 0.4658 0.0409
vn -0.6400 -0.7252 -0.2539
vn 0.7050 -0.6698 -0.2332
vn 0.6942 0.6693 0.2648
vn 0.0156 -0.8908 0.4541
vn 0.6718 0.7314 -0.1171
vn -0.7183 0.6829 0.1327
vn 0.5982 0.7952 -0.0991
vn 0.5725 0.8142 0.0964
vn 0.4237 -0.8662 0.2650
vn -0.3832 0.8859 -0.2616
vn -0.1211 -0.8467 0.5182
vn 0.0826 -0.8470 0.5252
vn -0.0010 -0.9141 0.4054
vn -0.1262 0.8314 -0.5412
vn -0.7517 0.6592 0.0202
vn -0.0937 -0.0362 0.9949
vn 0.6770 0.5856 0.4458
vn 0.7087 -0.6967 0.1111
vn 0.5760 -0.7933 0.1971
vn 0.5507 -0.8341 -0.0329
vn -0.8365 0.5438 -0.0675
vn 0.7795 -0.6215 -0.0780
vn -0.6902 -0.6677 -0.2789
vn 0.5184 -0.8488 0.1040
vn 0.2932 0.9427 -0.1591
vn 0.3112 0.8858 -0.3444
vn -0.2270 -0.8692 0.4393
vn -0.2930 0.8638 -0.4099
vn -0.1846 0.8518 -0.4903
vn -0.0850 0.8427 -0.5317
vn -0.5805 -0.7958 0.1726
vn -0.4138 -0.9095 -0.0403
vn -0.8355 0.5465 -0.0573
vn 0.8259 -0.5599 0.0661
vn 0.8730 -0.4770 0.1018
vn -0.9439 0.3148 -0.0994
vn -0.9340 -0.3435 0.0988
vn -0.9058 0.4210 -0.0470
vn -0.4767 -0.8694 0.1302
vn 0.4399 0.8754 -0.2003
vn 0.0045 -0.8848 0.4660
vn 0.1808 0.8543 -0.4873
vn -0.0148 0.9112 -0.4117
vn 0.4625 0.8843 0.0639
vn 0.7312 -0.6818 0.0220
vn -0.3741 -0.9190 -0.1243
vn -0.6365 -0.7709 -0.0231
vn 0.9751 0.1876 -0.1184
vn -0.6594 0.7408 0.1285
vn -0.6084 -0.7927 -0.0380
vn 0.5637 0.8250 0.0410
vn 0.0260 -0.9129 0.4073
vn -0.5457 -0.6043 0.5805
vn 0.7123 0.6926 -0.1137
vn 0.7218 0.6826 -0.1145
vn -0.5682 0.8229 -0.0073
vn -0.6759 0.7332 0.0747
vn -0.5697 -0.8106 0.1352
vn -0.7423 0.6698 -0.0192
vn 0.6982 0.7158 0.0135
vn 0.8230 0.5635 -0.0716
vn -0.8753 0.4736 -0.0981
vn 0.9026 -0.4143 0.1170
vn -0.9435 -0.3247 0.0666
vn -0.7343 0.6382 0.2314
vn 0.1051 -0.8746 0.4734
vn 0.0350 -0.9357 0.3512
vn 0.1157 0.8466 -0.5195
vn 0.0211 0.9119 -0.4098
vn 0.0406 0.8767 -0.4794
vn 0.4988 -0.8344 0.2346
vn 0.4975 -0.8507 -0.1698
vn -0.5997 -0.7699 0.2182
vn 0.6337 -0.7723 -0.0434
vn -0.7009 0.7131 -0.0137
vn -0.8373 -0.5426 0.0681
vn 0.6653 0.7299 0.1570
vn 0.2778 -0.8825 0.3795
vn -0.5260 -0.8443 0.1024
vn -0.4615 -0.8789 0.1205
vn -0.5390 0.8235 0.1771
vn 0.5687 0.8088 -0.1500
vn 0.4250 0.8995 0.1017
vn -0.6263 -0.7795 -0.0095
vn -0.8936 -0.4463 0.0489
vn 0.6459 0.7351 0.2059
vn -0.4278 0.8696 -0.2464
vn -0.1445 -0.8871 0.4384
vn -0.0062 -0.9392 0.3434
vn 0.5442 -0.8294 0.1262
vn -0.5766 0.7823 -0.2357
vn -0.4641 -0.8606 0.2099
vn 0.5948 0.7888 -0.1551
vn -0.5323 -0.8396 0.1085
vn 0.4696 0.8822 -0.0355
vn -0.3205 -0.9403 -0.1146
vn 0.8584 -0.5057 0.0854
vn 0.7807 0.6118 0.1276
vn 0.6518 0.7129 0.2588
vn -0.7528 -0.6414 -0.1478
vn -0.6136 -0.7695 -0.1773
vn 0.5887 -0.8075 -0.0378
vn 0.2979 0.8871 -0.3525
vn -0.0784 -0.9175 0.3899
vn 0.5581 -0.7808 0.2809
vn -0.0031 0.0130 0.9999
vn -0.6297 0.7631 -0.1456
vn 0.5595 0.8210 -0.1135
vn 0.5597 0.8099 -0.1755
vn 0.4896 -0.8530 0.1810
vn 0.3916 0.9125 0.1179
vn 0.9457 0.3135 -0.0861
vn -0.5316 0.8459 -0.0431
vn -0.1506 0.8738 -0.4624
vn 0.0019 0.8887 -0.4586
vn -0.0436 0.9038 -0.4258
vn -0.5144 -0.8533 0.0849
vn -0.2848 -0.9555 -0.0764
vn 0.4658 0.8815 0.0769
vn -0.8478 -0.5265 0.0632
vn 0.8710 0.4872 -0.0629
vn 0.8960 0.4378 -0.0747
vn 0.6364 -0.7613 -0.1242
vn -0.3250 -0.8946 0.3066
vn -0.0541 -0.9449 0.3227
vn 0.0739 -0.9177 0.3903
vn -0.2826 0.8914 -0.3543
vn 0.0588 0.9149 -0.3993
vn 0.5992 0.7060 0.3775
vn 0.5230 -0.8454 0.1088
vn -0.3977 -0.9121 0.0999
vn 0.4588 -0.8883 -0.0227
vn 0.5005 -0.8654 -0.0226
vn -0.4799 -0.8761 0.0463
vn 0.7278 -0.6841 0.0483
vn -0.6866 -0.7198 -0.1026
vn 0.0386 -0.9025 0.4290
vn -0.0732 0.8638 -0.4986
vn -0.4286 -0.6821 0.5924
vn -0.5459 0.8281 -0.1272
vn -0.2449 -0.9668 -0.0729
vn 0.7294 0.6837 -0.0217
vn -0.6345 -0.7729 -0.0073
vn -0.8543 0.5098 -0.1017
vn -0.8419 -0.5366 0.0577
vn 0.8370 0.5443 -0.0562
vn 0.1744 0.8882 -0.4250
vn -0.0125 0.9285 -0.3712
vn -0.0643 0.9238 -0.3775
vn 0.0687 -0.1246 0.9898
vn 0.4935 0.8661 -0.0799
vn 0.4720 -0.8742 -0.1137
vn -0.5807 0.8119 0.0606
vn -0.5618 -0.8188 0.1181
vn 0.3227 0.9444 0.0636
vn 0.6009 -0.7993 0.0026
vn -0.2982 -0.9500 -0.0922
vn -0.7118 0.7016 0.0328
vn 0.6570 0.7416 0.1354
vn -0.6114 0.7758 0.1561
vn 0.4786 -0.8767 -0.0486
vn -0.4697 -0.8807 0.0619
vn 0.4141 -0.8894 0.1938
vn 0.1458 -0.9164 0.3727
vn 0.4241 0.8887 -0.1742
vn -0.7150 -0.6989 0.0168
vn 0.7561 0.6542 -0.0180
vn 0.7039 -0.7068 0.0708
vn 0.6906 -0.7217 0.0461
vn 0.2454 -0.9371 0.2484
vn 0.0982 -0.9478 0.3035
vn -0.0412 -0.9196 0.3907
vn -0.0036 -0.9110 0.4125
vn 0.0236 0.9482 -0.3169
vn -0.0519 0.9196 -0.3893
vn -0.5844 0.7583 0.2890
vn 0.3474 0.6369 0.6882
vn 0.3813 -0.9183 0.1068
vn -0.5073 0.8516 -0.1318
vn 0.3773 -0.9171 0.1286
vn -0.4364 0.8854 -0.1603
vn -0.4752 0.8597 -0.1874
vn -0.4190 -0.9080 -0.0028
vn 0.5930 0.7804 -0.1984
vn -0.5260 -0.8428 0.1141
vn 0.1864 0.9733 0.1339
vn -0.7232 0.6897 -0.0365
vn -0.1368 -0.9866 -0.0888
vn 0.5752 0.8175 0.0278
vn -0.7768 0.6265 -0.0635
vn -0.3342 -0.9395 -0.0752
vn -0.7363 -0.6752 0.0444
vn -0.5000 -0.8569 -0.1251
vn 0.5358 0.8439 -0.0276
vn -0.2790 -0.9377 0.2071
vn 0.3497 0.9057 -0.2398
vn 0.0077 -0.9630 0.2694
vn -0.0522 0.9461 -0.3197
vn 0.2944 -0.6425 0.7075
vn -0.3491 -0.9276 0.1332
vn 0.4088 -0.9045 0.1218
vn -0.4661 0.8815 0.0756
vn -0.5663 -0.8057 0.1737
vn 0.3789 0.9217 0.0827
vn 0.6285 -0.7767 0.0417
vn -0.6042 -0.7969 0.0050
vn -0.8005 0.5969 -0.0546
vn -0.1361 -0.9466 0.2922
vn -0.2173 0.2898 0.9321
vn -0.3493 -0.9296 0.1174
vn 0.3809 -0.9100 -0.1636
vn 0.5521 0.8269 -0.1068
vn 0.4277 0.9039 -0.0116
vn 0.2029 0.9755 0.0847
vn 0.6288 -0.7760 0.0497
vn -0.4097 -0.9107 -0.0526
vn 0.7973 0.6018 -0.0466
vn 0.3148 -0.9435 0.1037
vn -0.0634 -0.9705 0.2324
vn -0.4048 0.9034 -0.1416
vn -0.1241 -0.9522 0.2792
vn 0.0669 -0.9464 0.3161
vn 0.0780 0.9105 -0.4061
vn 0.2763 -0.9583 0.0733
vn 0.3961 0.9133 -0.0948
vn -0.3985 0.9053 -0.1473
vn -0.4846 0.8743 0.0271
vn 0.3718 -0.9282 -0.0163
vn 0.4419 -0.8971 -0.0066
vn -0.4209 -0.9070 0.0154
vn -0.4780 -0.8775 -0.0384
vn 0.4573 0.8875 0.0568
vn 0.0787 -0.9726 0.2188
vn -0.1672 -0.9250 0.3413
vn 0.1138 0.9476 -0.2985
vn -0.4348 0.8615 0.2621
vn -0.1795 -0.4112 0.8937
vn 0.4079 0.9030 -0.1349
vn -0.3990 0.9115 -0.0998
vn 0.3151 -0.9475 0.0543
vn -0.4435 0.8921 -0.0869
vn -0.3774 -0.9244 0.0554
vn -0.4263 0.8944 0.1356
vn 0.3641 -0.9276 -0.0834
vn -0.5270 0.8498 0.0128
vn 0.1877 0.9760 0.1101
vn -0.2708 -0.9624 -0.0222
vn 0.5162 0.8562 0.0235
vn -0.1056 -0.9899 -0.0946
vn -0.0417 -0.9961 -0.0780
vn -0.6796 0.7302 -0.0702
vn -0.5140 -0.8572 0.0308
vn 0.4039 -0.9136 -0.0477
vn 0.0036 -0.9846 0.1747
vn -0.0378 0.9108 -0.4112
vn 0.0729 0.9310 -0.3577
vn -0.1006 0.4164 0.9036
vn 0.2321 -0.6905 0.6851
vn -0.2734 -0.9604 0.0545
vn -0.3393 0.9373 -0.0790
vn 0.3978 -0.9172 -0.0222
vn 0.4952 0.8663 -0.0655
vn -0.4198 -0.9072 0.0283
vn -0.4731 -0.8743 0.1086
vn 0.3019 -0.9532 -0.0125
vn -0.5095 -0.8569 0.0786
vn -0.5510 0.8344 -0.0143
vn -0.2209 -0.9750 -0.0238
vn -0.0487 -0.9962 -0.0720
vn -0.3411 -0.9394 -0.0345
vn -0.5857 0.8071 -0.0745
vn -0.3870 -0.9221 -0.0025
vn -0.5586 0.8232 0.1017
vn -0.4889 0.8684 0.0832
vn -0.2941 -0.9558 0.0059
vn -0.1408 -0.9761 0.1655
vn -0.2325 -0.7150 0.6593
vn -0.3695 0.9291 -0.0158
vn 0.2251 -0.9738 0.0336
vn 0.3296 0.9440 0.0148
vn -0.4310 -0.9019 0.0281
vn 0.3352 -0.9421 0.0062
vn -0.0588 -0.9958 -0.0707
vn -0.3187 -0.9479 -0.0015
vn 0.3785 -0.9239 0.0552
vn 0.2930 -0.9545 0.0552
vn -0.0469 -0.9877 0.1490
vn 0.1344 -0.9761 0.1708
vn 0.0504 -0.9652 0.2565
vn 0.1873 0.9334 -0.3062
vn -0.1573 0.9270 -0.3406
vn 0.3389 -0.9404 0.0268
vn 0.4183 0.9082 0.0134
vn -0.3983 0.9113 0.1046
vn 0.5300 0.8367 -0.1379
vn 0.5317 0.8438 -0.0733
vn 0.0980 0.9902 0.0998
vn 0.1640 0.9817 0.0967
vn -0.5569 0.8300 -0.0300
vn 0.2810 -0.9594 0.0236
vn 0.5677 0.8231 -0.0180
vn -0.0717 -0.9957 -0.0579
vn -0.2460 -0.9693 0.0057
vn -0.1566 -0.9863 -0.0524
vn 0.2470 -0.9681 -0.0426
vn 0.0713 -0.9891 0.1291
vn -0.0965 -0.9743 0.2034
vn -0.2487 0.9479 -0.1992
vn 0.0492 0.9777 -0.2043
vn -0.0624 0.9748 -0.2141
vn -0.1203 0.9485 -0.2932
vn 0.1341 -0.6775 0.7232
vn 0.2044 0.7939 0.5727
vn -0.1985 -0.8802 0.4312
vn -0.2860 0.9526 -0.1040
vn -0.3727 0.9277 0.0237
vn 0.5544 0.8223 -0.1284
vn 0.2314 -0.9728 0.0053
vn -0.6534 0.7544 -0.0622
vn -0.2387 -0.9708 -0.0226
vn -0.1442 -0.9889 -0.0357
vn 0.0927 -0.9956 -0.0157
vn -0.0766 -0.9936 0.0831
vn 0.0029 -0.9936 0.1132
vn 0.2954 0.9444 -0.1441
vn -0.2034 -0.9782 0.0415
vn 0.2494 -0.9683 -0.0099
vn -0.3279 0.9437 -0.0437
vn 0.3771 0.9240 -0.0634
vn -0.3859 -0.9225 0.0029
vn 0.2954 -0.9527 -0.0716
vn -0.4258 -0.9029 0.0582
vn 0.1785 0.9826 0.0510
vn 0.0116 0.9958 0.0909
vn 0.1360 0.9864 0.0927
vn -0.1763 -0.9832 0.0472
vn -0.0599 -0.9981 -0.0145
vn 0.5110 0.8595 0.0114
vn 0.0476 -0.9927 0.1108
vn 0.0421 -0.9990 0.0180
vn -0.4097 0.9112 0.0426
vn -0.0613 -0.9964 0.0590
vn 0.1195 -0.9893 0.0843
vn -0.1798 0.6971 0.6941
vn -0.0587 -0.1241 0.9905
vn 0.1648 -0.9488 0.2696
vn 0.1754 -0.9845 -0.0036
vn 0.2893 0.9498 -0.1192
vn 0.2844 0.9572 -0.0528
vn -0.2316 -0.9726 -0.0185
vn -0.2916 -0.9562 -0.0245
vn -0.3513 0.9334 0.0736
vn -0.3657 0.9306 0.0146
vn 0.4931 0.8687 -0.0458
vn 0.4471 0.8940 -0.0310
vn 0.1413 -0.9898 0.0159
vn 0.1412 -0.9895 0.0319
vn 0.2838 0.9588 0.0150
vn 0.2819 0.9578 0.0569
vn -0.4217 0.9061 -0.0342
vn 0.1068 -0.9940 0.0231
vn -0.4589 0.8856 -0.0711
vn -0.0301 -0.9955 0.0899
vn -0.0127 -0.9972 0.0732
vn 0.0290 -0.9952 0.0937
vn -0.0214 -0.9954 0.0936
vn -0.0333 -0.9994 -0.0045
vn -0.3234 0.9462 0.0083
vn 0.0747 -0.9958 0.0530
vn 0.0223 -0.9895 0.1430
vn 0.1387 0.9733 -0.1829
vn 0.0724 -0.1653 0.9836
vn -0.2507 0.9677 -0.0276
vn -0.3991 0.9156 -0.0488
vn 0.3354 -0.9420 -0.0154
vn 0.4127 0.9108 -0.0062
vn 0.1916 -0.9810 0.0305
vn -0.3549 0.9349 0.0018
vn -0.3599 0.9329 -0.0108
vn -0.3627 -0.9308 0.0454
vn 0.0662 0.9949 0.0765
vn 0.2459 0.9690 0.0249
vn 0.0778 -0.9953 0.0584
vn 0.0535 -0.9932 0.1030
vn -0.0073 -0.9966 0.0825
vn -0.0501 -0.9987 -0.0000
vn -0.1255 0.9785 -0.1638
vn 0.1249 0.9725 -0.1967
vn -0.1036 0.9780 -0.1812
vn -0.1581 0.8758 0.4560
vn 0.1774 -0.8506 0.4950
vn -0.0283 -0.2020 0.9790
vn -0.1668 -0.9033 0.3952
vn -0.3262 -0.9451 -0.0174
vn -0.3253 -0.9454 0.0221
vn 0.2168 -0.9760 0.0211
vn 0.1785 -0.9834 0.0329
vn 0.1392 -0.9893 0.0444
vn -0.0006 0.9964 0.0851
vn -0.2571 -0.9648 0.0552
vn 0.0317 0.9971 0.0686
vn 0.2414 0.9704 0.0029
vn 0.1699 0.9840 0.0533
vn 0.0716 0.9886 -0.1322
vn -0.0295 0.9907 -0.1330
vn 0.1888 0.9818 0.0186
vn -0.0523 0.9714 -0.2317
vn 0.0559 0.9606 -0.2722
vn 0.2015 0.9772 -0.0666
vn 0.1968 -0.9798 -0.0347
vn -0.1919 -0.9813 0.0140
vn 0.2431 -0.9685 -0.0546
vn 0.3770 0.9262 -0.0081
vn -0.3666 -0.9292 0.0475
vn -0.2657 0.9641 0.0008
vn 0.4752 0.8779 -0.0591
vn 0.1298 -0.9906 0.0437
vn -0.2178 0.9760 -0.0038
vn 0.0771 -0.9953 0.0582
vn -0.0084 -0.9969 0.0784
vn 0.0557 -0.9946 0.0872
vn 0.2326 0.9720 0.0324
vn -0.0079 0.9982 0.0591
vn 0.0707 0.9964 0.0467
vn -0.2304 0.9723 -0.0396
vn -0.2157 0.9765 0.0034
vn 0.0857 0.9941 -0.0668
vn 0.1530 0.9768 -0.1498
vn 0.0043 0.1801 0.9836
vn -0.1718 0.9851 -0.0049
vn -0.1929 -0.9796 -0.0571
vn -0.2253 -0.9690 -0.1016
vn 0.2564 -0.9666 -0.0067
vn 0.3861 0.9209 -0.0532
vn 0.2286 -0.9735 -0.0000
vn 0.4271 0.9014 -0.0711
vn -0.2732 -0.9605 0.0538
vn -0.1858 0.9826 -0.0051
vn -0.0279 -0.9955 0.0911
vn -0.1440 0.9894 -0.0165
vn 0.1395 0.9893 -0.0437
vn -0.1470 0.9887 -0.0284
vn 0.0404 0.9940 -0.1015
vn -0.0601 0.9943 -0.0883
vn -0.1008 0.9028 0.4181
vn -0.0589 -0.1606 0.9853
vn 0.1173 0.7626 0.6362
vn 0.1255 0.7586 0.6393
vn -0.1869 -0.9019 0.3895
vn 0.1782 -0.9314 0.3173
vn -0.3303 0.9438 -0.0143
vn -0.3302 0.9426 0.0489
vn 0.3364 0.9417 -0.0062
vn -0.2654 0.9638 0.0259
vn -0.1865 0.9820 -0.0291
vn -0.1516 0.9882 -0.0196
vn -0.0954 0.9953 -0.0153
vn 0.0211 -0.9979 0.0605
vn 0.0377 -0.9959 0.0828
vn -0.0022 -0.9967 0.0815
vn -0.0903 0.9956 -0.0250
vn -0.0584 0.9982 0.0139
vn -0.0112 0.9999 0.0015
vn 0.0164 0.9979 0.0633
vn -0.0320 0.9935 -0.1096
vn 0.0177 0.9954 -0.0942
vn 0.0126 0.9988 -0.0476
vn 0.0835 -0.3229 0.9427
vn 0.1968 -0.8625 0.4663
vn 0.1824 -0.9815 -0.0586
vn 0.2719 -0.9618 -0.0313
vn -0.2756 -0.9607 0.0325
vn 0.1890 -0.9815 0.0300
vn 0.1445 -0.9887 0.0402
vn -0.2034 0.9788 -0.0235
vn 0.3385 0.9394 -0.0540
vn 0.4207 0.9055 -0.0561
vn -0.1210 -0.9903 0.0679
vn -0.1527 0.9877 -0.0350
vn 0.2227 0.9729 -0.0622
vn -0.0345 0.9951 -0.0927
vn 0.0116 0.9946 -0.1035
vn -0.0417 0.9977 -0.0542
vn 0.0334 0.9960 -0.0828
vn 0.0187 0.9992 -0.0361
vn -0.1740 0.8347 0.5225
vn -0.0220 -0.0347 0.9992
vn -0.1683 -0.9857 0.0043
vn 0.2067 0.9783 0.0140
vn -0.2581 0.9650 0.0471
vn 0.1965 -0.9749 -0.1049
vn 0.2873 0.9573 0.0309
vn 0.2823 -0.9588 0.0324
vn 0.2036 -0.9786 0.0293
vn -0.2213 -0.9740 0.0490
vn -0.1898 0.9813 -0.0317
vn 0.0379 -0.9970 0.0672
vn 0.0541 -0.9948 0.0867
vn 0.0511 -0.9953 0.0820
vn -0.0556 0.9963 -0.0653
vn 0.0271 0.9965 -0.0794
vn -0.1788 0.9778 0.1092
vn -0.1723 -0.9271 0.3328
vn 0.1512 0.9065 0.3941
vn 0.1597 -0.9871 -0.0052
vn -0.2005 0.9780 0.0568
vn 0.3286 0.9444 0.0096
vn 0.1121 -0.9923 0.0530
vn -0.0065 0.9969 -0.0788
vn -0.0102 0.9957 -0.0925
vn 0.0472 -0.0684 0.9965
vn -0.2148 -0.9767 0.0015
vn 0.3180 0.9476 -0.0312
vn -0.2093 -0.9775 0.0244
vn -0.1955 0.9801 -0.0341
vn -0.0230 -0.9973 0.0702
vn -0.1263 0.9910 -0.0435
vn -0.1007 0.9935 -0.0524
vn -0.0670 0.9939 -0.0871
vn 0.1856 0.9824 -0.0198
vn 0.1627 0.8474 0.5054
vn -0.1100 -0.9934 0.0334
vn 0.0793 -0.9940 -0.0751
vn -0.0992 -0.9913 -0.0862
vn -0.2511 0.9676 -0.0279
vn 0.3081 0.9511 -0.0210
vn -0.2059 0.9783 -0.0221
vn 0.0493 -0.9962 0.0717
vn 0.2948 0.9543 -0.0494
vn -0.0031 0.9980 -0.0635
vn 0.1522 -0.7673 0.6230
vn -0.0485 0.3823 0.9228
vn 0.2110 0.8614 0.4620
vn -0.1985 0.9795 0.0338
vn -0.0107 -0.9999 0.0122
vn 0.2351 0.9677 0.0908
vn 0.1390 -0.9871 -0.0799
vn -0.1088 -0.9891 -0.0991
vn 0.2151 -0.9758 0.0389
vn 0.1360 -0.9881 0.0717
vn -0.1630 -0.9852 0.0524
vn -0.0690 -0.9969 0.0390
vn -0.0497 -0.9973 0.0547
vn 0.2687 0.9628 -0.0280
vn 0.1791 0.9819 -0.0619
vn -0.0124 0.9970 -0.0760
vn 0.0597 0.9954 -0.0750
vn -0.0235 -0.6124 0.7902
vn 0.0749 -0.9640 0.2551
vn 0.1838 0.9802 0.0735
vn -0.1320 0.9889 0.0677
vn -0.1778 0.9780 0.1090
vn 0.0338 -0.9966 0.0745
vn -0.1375 0.9896 -0.0421
vn -0.0526 0.9952 -0.0828
vn -0.0399 0.9976 -0.0572
vn 0.0378 -0.1429 0.9890
vn -0.1411 0.9900 -0.0040
vn -0.0014 -0.9962 -0.0870
vn -0.2538 0.9664 0.0409
vn 0.2765 0.9610 -0.0015
vn 0.1076 -0.9942 0.0089
vn 0.0673 -0.9939 0.0869
vn -0.0285 -0.9969 0.0731
vn -0.1474 0.9880 -0.0460
vn -0.0591 0.9961 -0.0656
vn -0.0185 0.9968 -0.0775
vn 0.1704 0.7735 0.6105
vn -0.1302 0.9460 0.2970
vn 0.0207 -0.9997 0.0103
vn -0.0558 -0.9981 0.0249
vn 0.2444 0.9690 -0.0352
vn 0.1121 0.9922 -0.0551
vn 0.0087 0.9971 -0.0761
vn 0.0554 0.6759 0.7349
vn 0.1356 0.9908 0.0037
vn 0.1650 0.9794 0.1166
vn 0.1294 0.9909 -0.0381
vn 0.1546 0.9839 0.0895
vn -0.1674 0.9849 -0.0448
vn -0.1519 0.9853 -0.0781
vn -0.0614 0.9954 -0.0734
vn -0.0165 0.9977 -0.0652
vn 0.0116 0.9994 -0.0328
vn -0.0072 0.9990 0.0432
vn 0.0461 0.9948 0.0903
vn -0.0481 0.9942 0.0965
vn 0.1430 0.9883 -0.0534
vn -0.1168 0.9899 0.0806
vn -0.0679 0.9932 -0.0941
vn 0.1424 0.9886 -0.0482
vn 0.0172 0.9975 -0.0688
vn 0.0175 0.9993 0.0324
vn -0.0370 0.9991 -0.0198
vt 0.583201 0.574056
vt 0.570556 0.541907
vt 0.580935 0.553464
vt 0.571455 0.554578
vt 0.565829 0.548348
vt 0.561330 0.534079
vt 0.567633 0.532479
vt 0.558505 0.525571
vt 0.585026 0.589475
vt 0.592895 0.596296
vt 0.594337 0.588421
vt 0.587334 0.569943
vt 0.571131 0.567052
vt 0.561134 0.512523
vt 0.554746 0.511796
vt 0.597658 0.618703
vt 0.609637 0.627539
vt 0.592354 0.610336
vt 0.604054 0.604931
vt 0.603977 0.598969
vt 0.501014 0.593180
vt 0.496244 0.576184
vt 0.505036 0.580101
vt 0.494703 0.564307
vt 0.486055 0.560020
vt 0.489591 0.548649
vt 0.481310 0.548978
vt 0.571637 0.526585
vt 0.548790 0.516116
vt 0.563819 0.501924
vt 0.477489 0.538344
vt 0.470063 0.544478
vt 0.652643 0.741263
vt 0.660742 0.747123
vt 0.643500 0.757582
vt 0.594078 0.777657
vt 0.598795 0.762852
vt 0.608769 0.771427
vt 0.588734 0.769242
vt 0.625136 0.755362
vt 0.666871 0.740319
vt 0.632357 0.739594
vt 0.614260 0.752886
vt 0.655428 0.732142
vt 0.597693 0.751196
vt 0.582998 0.753782
vt 0.648058 0.726134
vt 0.615050 0.647314
vt 0.603832 0.631003
vt 0.612504 0.625444
vt 0.593634 0.576349
vt 0.578533 0.592339
vt 0.570493 0.584136
vt 0.508931 0.613752
vt 0.502833 0.606522
vt 0.511339 0.606611
vt 0.514607 0.596765
vt 0.492139 0.586855
vt 0.555940 0.545995
vt 0.574811 0.522582
vt 0.568318 0.484431
vt 0.577447 0.497953
vt 0.460289 0.553931
vt 0.457158 0.539006
vt 0.481416 0.525887
vt 0.554491 0.484795
vt 0.548557 0.505477
vt 0.461912 0.523911
vt 0.555297 0.470553
vt 0.624114 0.766907
vt 0.582397 0.783542
vt 0.578470 0.770095
vt 0.667295 0.728777
vt 0.614304 0.736657
vt 0.622343 0.643048
vt 0.607678 0.649320
vt 0.616573 0.623535
vt 0.508448 0.622908
vt 0.516230 0.628648
vt 0.519147 0.622002
vt 0.586138 0.559257
vt 0.563537 0.569078
vt 0.744623 0.003840
vt 0.747432 0.022361
vt 0.740750 0.031299
vt 0.550352 0.535138
vt 0.477354 0.561794
vt 0.496112 0.541810
vt 0.546009 0.486589
vt 0.454250 0.517348
vt 0.570120 0.472933
vt 0.465875 0.508719
vt 0.663213 0.756100
vt 0.619608 0.777193
vt 0.665343 0.748286
vt 0.638492 0.768038
vt 0.588147 0.789620
vt 0.575851 0.752700
vt 0.637215 0.725231
vt 0.625396 0.663994
vt 0.583626 0.628641
vt 0.513081 0.631769
vt 0.518648 0.643862
vt 0.524722 0.639358
vt 0.531844 0.637680
vt 0.525961 0.619015
vt 0.122286 0.551684
vt 0.134026 0.534081
vt 0.126792 0.554760
vt 0.525461 0.594545
vt 0.512827 0.570159
vt 0.494664 0.597542
vt 0.134670 0.540063
vt 0.742888 0.038950
vt 0.140896 0.526098
vt 0.484944 0.573120
vt 0.141295 0.515705
vt 0.580398 0.518465
vt 0.589685 0.514253
vt 0.451255 0.552766
vt 0.583201 0.478911
vt 0.536554 0.496880
vt 0.601450 0.784835
vt 0.678506 0.738734
vt 0.659761 0.717691
vt 0.586662 0.745505
vt 0.612751 0.670121
vt 0.632216 0.660301
vt 0.531562 0.659720
vt 0.572483 0.609254
vt 0.740750 0.081751
vt 0.741692 0.057278
vt 0.743955 0.072827
vt 0.112898 0.580476
vt 0.117956 0.566354
vt 0.116482 0.581120
vt 0.128515 0.554994
vt 0.125943 0.573940
vt 0.111700 0.573892
vt 0.130141 0.534694
vt 0.138464 0.555484
vt 0.748872 0.033499
vt 0.142124 0.530682
vt 0.486885 0.590251
vt 0.135703 0.522078
vt 0.594593 0.525742
vt 0.147013 0.509473
vt 0.587514 0.488652
vt 0.438724 0.532612
vt 0.443361 0.518165
vt 0.476044 0.503146
vt 0.559911 0.463126
vt 0.536064 0.473597
vt 0.600713 0.790201
vt 0.621120 0.781683
vt 0.640474 0.773263
vt 0.651652 0.768322
vt 0.675328 0.756404
vt 0.582990 0.798698
vt 0.570500 0.786810
vt 0.565418 0.760576
vt 0.647688 0.714595
vt 0.622556 0.675094
vt 0.636095 0.658196
vt 0.537962 0.685480
vt 0.523839 0.663259
vt 0.545927 0.669694
vt 0.100224 0.596112
vt 0.105027 0.601453
vt 0.512422 0.639682
vt 0.501448 0.617575
vt 0.549618 0.553556
vt 0.213041 0.548025
vt 0.214039 0.558881
vt 0.208430 0.561356
vt 0.140916 0.505544
vt 0.226893 0.533787
vt 0.219890 0.534038
vt 0.541012 0.525998
vt 0.536838 0.511378
vt 0.543347 0.458169
vt 0.454533 0.490722
vt 0.604382 0.790295
vt 0.666256 0.761130
vt 0.588211 0.796451
vt 0.561183 0.774353
vt 0.100375 0.760649
vt 0.104592 0.747187
vt 0.117215 0.765072
vt 0.041167 0.734306
vt 0.052667 0.720450
vt 0.058723 0.731738
vt 0.119202 0.749888
vt 0.620205 0.720456
vt 0.634847 0.708142
vt 0.633518 0.671991
vt 0.611633 0.683288
vt 0.552948 0.696334
vt 0.633312 0.645733
vt 0.102857 0.620875
vt 0.096180 0.615210
vt 0.616378 0.613970
vt 0.543866 0.634621
vt 0.745068 0.100993
vt 0.111330 0.600522
vt 0.507236 0.632886
vt 0.122074 0.600221
vt 0.564024 0.590636
vt 0.534986 0.617121
vt 0.109212 0.572489
vt 0.752139 0.056800
vt 0.192017 0.597253
vt 0.196256 0.585065
vt 0.200262 0.588552
vt 0.749494 0.045335
vt 0.211332 0.567792
vt 0.208786 0.579132
vt 0.996332 0.763470
vt 0.997661 0.747524
vt 0.997669 0.765784
vt 0.188938 0.581623
vt 0.582468 0.533575
vt 0.152885 0.515121
vt 0.224874 0.549787
vt 0.465160 0.574021
vt 0.510342 0.548378
vt 0.595454 0.503870
vt 0.147853 0.491465
vt 0.224529 0.525119
vt 0.158487 0.495980
vt 0.243055 0.529550
vt 0.240431 0.518086
vt 0.492559 0.514073
vt 0.132348 0.483356
vt 0.147217 0.468933
vt 0.143433 0.488140
vt 0.152662 0.487272
vt 0.519666 0.483324
vt 0.548798 0.452574
vt 0.787610 0.822575
vt 0.785874 0.825735
vt 0.788502 0.809190
vt 0.791342 0.790767
vt 0.791142 0.800309
vt 0.793967 0.784824
vt 0.795192 0.770478
vt 0.800747 0.742991
vt 0.802743 0.744512
vt 0.797577 0.758745
vt 0.682344 0.752433
vt 0.105749 0.771625
vt 0.088665 0.753316
vt 0.086318 0.760723
vt 0.078202 0.750927
vt 0.058636 0.743070
vt 0.118971 0.772328
vt 0.126703 0.765669
vt 0.090339 0.741209
vt 0.076875 0.732879
vt 0.043182 0.720388
vt 0.129306 0.751952
vt 0.047513 0.713214
vt 0.064125 0.718244
vt 0.678528 0.723111
vt 0.592617 0.728777
vt 0.623856 0.685986
vt 0.588871 0.664757
vt 0.582528 0.647682
vt 0.529839 0.686042
vt 0.626795 0.632981
vt 0.086629 0.628505
vt 0.093187 0.636749
vt 0.092274 0.609991
vt 0.518041 0.661844
vt 0.103499 0.581768
vt 0.193218 0.611502
vt 0.187142 0.614670
vt 0.993325 0.789701
vt 0.992723 0.778630
vt 0.554639 0.572074
vt 0.203026 0.592575
vt 0.149735 0.536517
vt 0.989631 0.751662
vt 0.215723 0.569525
vt 0.204008 0.548236
vt 0.581811 0.542216
vt 0.602577 0.536924
vt 0.479165 0.580960
vt 0.220604 0.564810
vt 0.541894 0.545925
vt 0.213776 0.526838
vt 0.243957 0.545154
vt 0.603974 0.501492
vt 0.509518 0.532886
vt 0.526613 0.502510
vt 0.434259 0.550337
vt 0.238283 0.504278
vt 0.227499 0.498538
vt 0.130737 0.462182
vt 0.249406 0.508701
vt 0.251528 0.527624
vt 0.440653 0.495906
vt 0.803095 0.733124
vt 0.804625 0.735415
vt 0.681295 0.754049
vt 0.685579 0.740336
vt 0.069011 0.758535
vt 0.044107 0.748687
vt 0.563614 0.788589
vt 0.030935 0.729970
vt 0.037264 0.713472
vt 0.089766 0.731955
vt 0.103453 0.734140
vt 0.079582 0.723445
vt 0.118501 0.737839
vt 0.055139 0.708973
vt 0.125540 0.740714
vt 0.577130 0.736159
vt 0.644828 0.670281
vt 0.603212 0.689101
vt 0.597387 0.679871
vt 0.546434 0.705118
vt 0.538545 0.700980
vt 0.561783 0.678577
vt 0.082824 0.642751
vt 0.522623 0.676484
vt 0.557660 0.653102
vt 0.510951 0.646269
vt 0.176539 0.621870
vt 0.181917 0.606551
vt 0.186184 0.629480
vt 0.987318 0.766481
vt 0.345477 0.635834
vt 0.339274 0.617750
vt 0.343013 0.616284
vt 0.208619 0.583456
vt 0.477687 0.940329
vt 0.472856 0.942715
vt 0.472856 0.933046
vt 0.524963 0.575654
vt 0.991497 0.742764
vt 0.587972 0.543506
vt 0.590619 0.539182
vt 0.997537 0.734124
vt 0.996411 0.717772
vt 0.599574 0.516154
vt 0.130979 0.512458
vt 0.237876 0.554825
vt 0.456870 0.575567
vt 0.121821 0.498653
vt 0.529571 0.523530
vt 0.124377 0.472889
vt 0.166492 0.465359
vt 0.143438 0.455029
vt 0.578255 0.461881
vt 0.154468 0.459547
vt 0.489972 0.496102
vt 0.426304 0.524586
vt 0.559957 0.451049
vt 0.479813 0.487800
vt 0.519599 0.465797
vt 0.445967 0.488240
vt 0.537369 0.448730
vt 0.795188 0.787302
vt 0.107220 0.781211
vt 0.087484 0.725884
vt 0.652042 0.708706
vt 0.603954 0.697836
vt 0.638876 0.677818
vt 0.563986 0.704135
vt 0.075407 0.650193
vt 0.082899 0.655393
vt 0.075938 0.640033
vt 0.081409 0.623276
vt 0.174640 0.649348
vt 0.170439 0.645960
vt 0.992846 0.829660
vt 0.987522 0.824123
vt 0.994609 0.814025
vt 0.991802 0.800359
vt 0.542967 0.611938
vt 0.560981 0.601992
vt 0.197335 0.611362
vt 0.200624 0.602248
vt 0.983949 0.781833
vt 0.137654 0.574479
vt 0.338279 0.610872
vt 0.490004 0.594084
vt 0.187957 0.566936
vt 0.608458 0.528712
vt 0.127604 0.527662
vt 0.526961 0.560189
vt 0.469430 0.589924
vt 0.246456 0.553141
vt 0.432085 0.565219
vt 0.161450 0.517870
vt 0.597533 0.486804
vt 0.521947 0.513814
vt 0.590827 0.472435
vt 0.507555 0.512175
vt 0.170287 0.480403
vt 0.257878 0.504621
vt 0.432954 0.510540
vt 0.452176 0.481293
vt 0.517505 0.455999
vt 0.792419 0.803141
vt 0.800641 0.756219
vt 0.788794 0.826843
vt 0.785825 0.831381
vt 0.806257 0.727384
vt 0.573932 0.802583
vt 0.569456 0.803836
vt 0.689951 0.749017
vt 0.094021 0.776069
vt 0.116545 0.785754
vt 0.026247 0.741334
vt 0.126210 0.776917
vt 0.137412 0.762425
vt 0.106622 0.722818
vt 0.067807 0.704211
vt 0.561110 0.749020
vt 0.569360 0.735763
vt 0.624474 0.694953
vt 0.582708 0.701080
vt 0.579416 0.709442
vt 0.583220 0.684823
vt 0.551918 0.712276
vt 0.074557 0.661885
vt 0.647152 0.661540
vt 0.089763 0.667258
vt 0.744949 0.136711
vt 0.745371 0.122518
vt 0.747694 0.130613
vt 0.117938 0.620691
vt 0.567569 0.625934
vt 0.164360 0.640141
vt 0.561157 0.639869
vt 0.753419 0.088238
vt 0.193057 0.624039
vt 0.752759 0.071315
vt 0.553923 0.586938
vt 0.540880 0.587875
vt 0.204083 0.597068
vt 0.544471 0.567362
vt 0.587357 0.552011
vt 0.525079 0.532154
vt 0.111678 0.510925
vt 0.115787 0.488688
vt 0.207490 0.519855
vt 0.511174 0.494145
vt 0.267038 0.512655
vt 0.585818 0.457041
vt 0.421794 0.542116
vt 0.251507 0.489316
vt 0.168834 0.446493
vt 0.161378 0.437910
vt 0.553145 0.440267
vt 0.537857 0.439429
vt 0.790089 0.816669
vt 0.367492 0.550680
vt 0.365596 0.533689
vt 0.367492 0.527662
vt 0.038532 0.751318
vt 0.050007 0.755723
vt 0.079132 0.769247
vt 0.690658 0.730904
vt 0.668069 0.708266
vt 0.577916 0.727030
vt 0.099058 0.647406
vt 0.531074 0.705502
vt 0.528280 0.693770
vt 0.571734 0.655562
vt 0.169881 0.671804
vt 0.160010 0.666957
vt 0.176677 0.660196
vt 0.988225 0.846287
vt 0.751466 0.117535
vt 0.184574 0.646803
vt 0.354454 0.679890
vt 0.349520 0.674025
vt 0.350046 0.663643
vt 0.190148 0.633221
vt 0.554299 0.610806
vt 0.168444 0.608063
vt 0.710670 0.526946
vt 0.710823 0.514163
vt 0.712216 0.517284
vt 0.176379 0.585255
vt 0.338872 0.634006
vt 0.592763 0.562722
vt 0.595432 0.561040
vt 0.607290 0.547514
vt 0.618582 0.547178
vt 0.105962 0.520826
vt 0.115496 0.525195
vt 0.228020 0.566835
vt 0.102332 0.501479
vt 0.192425 0.539865
vt 0.606665 0.494718
vt 0.171005 0.501034
vt 0.261921 0.539096
vt 0.269349 0.526343
vt 0.579705 0.453095
vt 0.496001 0.481430
vt 0.242436 0.482681
vt 0.504681 0.469079
vt 0.472790 0.478493
vt 0.526905 0.440652
vt 0.810742 0.724135
vt 0.810781 0.718093
vt 0.814299 0.717896
vt 0.030216 0.746969
vt 0.020181 0.733222
vt 0.136489 0.776313
vt 0.023549 0.723429
vt 0.046798 0.701907
vt 0.557056 0.762502
vt 0.629511 0.703525
vt 0.616950 0.708895
vt 0.591519 0.711338
vt 0.572966 0.719196
vt 0.631312 0.689079
vt 0.537730 0.708991
vt 0.064400 0.657762
vt 0.106720 0.662875
vt 0.157279 0.685166
vt 0.164861 0.677710
vt 0.141566 0.689929
vt 0.144733 0.667236
vt 0.751019 0.142363
vt 0.147766 0.653228
vt 0.340997 0.422911
vt 0.339298 0.410460
vt 0.345994 0.419758
vt 0.161304 0.621666
vt 0.131492 0.599070
vt 0.343848 0.652098
vt 0.348850 0.651089
vt 0.713132 0.535277
vt 0.982307 0.794218
vt 0.710937 0.504847
vt 0.712613 0.498577
vt 0.147791 0.561334
vt 0.613320 0.552329
vt 0.597481 0.554746
vt 0.711818 0.484909
vt 0.710445 0.481345
vt 0.718129 0.486042
vt 0.713582 0.469409
vt 0.482782 0.596567
vt 0.120218 0.528879
vt 0.183486 0.559843
vt 0.465377 0.598394
vt 0.236411 0.570362
vt 0.243908 0.565521
vt 0.108575 0.478110
vt 0.615354 0.477299
vt 0.610707 0.471866
vt 0.619012 0.471724
vt 0.604854 0.476325
vt 0.596553 0.465642
vt 0.607398 0.464884
vt 0.613097 0.461834
vt 0.121621 0.455064
vt 0.592002 0.454922
vt 0.151711 0.434535
vt 0.259703 0.484855
vt 0.482744 0.475542
vt 0.787458 0.841493
vt 0.789373 0.835838
vt 0.019695 0.740538
vt 0.132994 0.792711
vt 0.029206 0.710770
vt 0.089461 0.715099
vt 0.122922 0.723267
vt 0.646412 0.701590
vt 0.588224 0.719864
vt 0.608015 0.707033
vt 0.563397 0.723184
vt 0.653856 0.676781
vt 0.089512 0.675296
vt 0.064811 0.662501
vt 0.100510 0.675028
vt 0.168183 0.688972
vt 0.074201 0.631936
vt 0.065075 0.648173
vt 0.989532 0.863010
vt 0.984445 0.857080
vt 0.758152 0.104984
vt 0.710723 0.536090
vt 0.721357 0.500643
vt 0.123030 0.535704
vt 0.218486 0.578239
vt 0.103453 0.516915
vt 0.612023 0.515857
vt 0.194094 0.523167
vt 0.624106 0.480047
vt 0.202426 0.503747
vt 0.178278 0.500529
vt 0.603562 0.465646
vt 0.599734 0.457768
vt 0.609632 0.456008
vt 0.182304 0.476305
vt 0.131948 0.446771
vt 0.584672 0.448378
vt 0.593103 0.451936
vt 0.581840 0.446923
vt 0.267857 0.498522
vt 0.567263 0.441263
vt 0.253141 0.476601
vt 0.430155 0.496214
vt 0.445383 0.480148
vt 0.124719 0.789263
vt 0.551591 0.778680
vt 0.141502 0.743827
vt 0.063055 0.693365
vt 0.662222 0.697138
vt 0.623258 0.701174
vt 0.632389 0.697600
vt 0.638373 0.689290
vt 0.073732 0.678292
vt 0.104356 0.684580
vt 0.539040 0.718559
vt 0.653669 0.668460
vt 0.149604 0.698560
vt 0.161510 0.695253
vt 0.749950 0.157418
vt 0.354278 0.430370
vt 0.346769 0.430017
vt 0.174696 0.679233
vt 0.124308 0.636192
vt 0.982740 0.839991
vt 0.180043 0.666665
vt 0.346480 0.668944
vt 0.717772 0.525398
vt 0.144941 0.574057
vt 0.599160 0.572378
vt 0.604789 0.566169
vt 0.492939 0.600674
vt 0.492337 0.609007
vt 0.155334 0.550173
vt 0.624053 0.541553
vt 0.112180 0.543028
vt 0.612957 0.503421
vt 0.445669 0.588590
vt 0.169192 0.530003
vt 0.102544 0.490863
vt 0.114025 0.465894
vt 0.617255 0.465301
vt 0.218504 0.483523
vt 0.184208 0.458576
vt 0.579855 0.440612
vt 0.432072 0.481673
vt 0.547902 0.431893
vt 0.791418 0.845188
vt 0.554197 0.795869
vt 0.143740 0.765289
vt 0.555552 0.750659
vt 0.136158 0.725853
vt 0.073393 0.695886
vt 0.085948 0.697606
vt 0.568536 0.725679
vt 0.644680 0.687720
vt 0.558834 0.722297
vt 0.094842 0.691655
vt 0.085027 0.684331
vt 0.136296 0.698404
vt 0.119288 0.688894
vt 0.533718 0.718182
vt 0.118890 0.675513
vt 0.133578 0.678807
vt 0.525992 0.702445
vt 0.172585 0.690150
vt 0.755002 0.133156
vt 0.131586 0.619210
vt 0.333798 0.411683
vt 0.148048 0.631310
vt 0.710418 0.550371
vt 0.155783 0.608607
vt 0.140501 0.597124
vt 0.979463 0.811953
vt 0.720672 0.511630
vt 0.498817 0.616959
vt 0.170226 0.579164
vt 0.626394 0.561316
vt 0.159308 0.559422
vt 0.488273 0.609632
vt 0.115821 0.549277
vt 0.472026 0.604008
vt 0.177481 0.547643
vt 0.089700 0.537266
vt 0.212084 0.587570
vt 0.235108 0.588052
vt 0.178877 0.521497
vt 0.191403 0.502998
vt 0.622486 0.485874
vt 0.534647 0.914184
vt 0.538410 0.915536
vt 0.537001 0.923683
vt 0.302828 0.909737
vt 0.302266 0.905638
vt 0.306533 0.907945
vt 0.608776 0.471197
vt 0.610165 0.474434
vt 0.193509 0.484023
vt 0.491705 0.941966
vt 0.492251 0.937037
vt 0.496299 0.943077
vt 0.496299 0.933606
vt 0.614364 0.454216
vt 0.195408 0.462570
vt 0.498648 0.460062
vt 0.468203 0.469854
vt 0.532616 0.433656
vt 0.146366 0.754233
vt 0.037927 0.699173
vt 0.547961 0.755539
vt 0.106254 0.713519
vt 0.100745 0.703810
vt 0.640231 0.694748
vt 0.560527 0.735403
vt 0.118560 0.693140
vt 0.157685 0.702055
vt 0.057308 0.656571
vt 0.124715 0.654350
vt 0.526361 0.707521
vt 0.979748 0.870896
vt 0.982952 0.875351
vt 0.135443 0.656008
vt 0.351978 0.437628
vt 0.714545 0.556013
vt 0.712650 0.569061
vt 0.145797 0.610781
vt 0.149724 0.580278
vt 0.156388 0.585273
vt 0.339193 0.647808
vt 0.091885 0.542489
vt 0.086014 0.528798
vt 0.219609 0.585602
vt 0.239625 0.583875
vt 0.262691 0.562488
vt 0.301537 0.918678
vt 0.306005 0.915083
vt 0.301515 0.925762
vt 0.615870 0.486595
vt 0.535664 0.907744
vt 0.102782 0.464198
vt 0.305811 0.900335
vt 0.424424 0.552745
vt 0.110447 0.454529
vt 0.278608 0.518212
vt 0.119684 0.447192
vt 0.125434 0.440037
vt 0.208760 0.475402
vt 0.136597 0.432077
vt 0.223669 0.473536
vt 0.267084 0.484723
vt 0.419310 0.501125
vt 0.234265 0.466015
vt 0.188752 0.446836
vt 0.173669 0.433443
vt 0.259710 0.473307
vt 0.480148 0.467263
vt 0.788249 0.846093
vt 0.562055 0.807819
vt 0.143807 0.780781
vt 0.698754 0.734011
vt 0.690925 0.715509
vt 0.117340 0.702258
vt 0.139870 0.707601
vt 0.354558 0.440744
vt 0.716800 0.560012
vt 0.137754 0.633968
vt 0.605674 0.585586
vt 0.607676 0.578306
vt 0.619362 0.575232
vt 0.633914 0.558230
vt 0.104881 0.545755
vt 0.625913 0.528480
vt 0.620671 0.496148
vt 0.627585 0.497140
vt 0.628921 0.488062
vt 0.611512 0.474117
vt 0.301515 0.899393
vt 0.612259 0.446370
vt 0.409148 0.528846
vt 0.113534 0.442848
vt 0.203649 0.457074
vt 0.509525 0.446441
vt 0.446392 0.470487
vt 0.440387 0.471116
vt 0.822018 0.707584
vt 0.702048 0.743341
vt 0.012869 0.727150
vt 0.016952 0.718399
vt 0.679103 0.705526
vt 0.051774 0.689494
vt 0.526741 0.717431
vt 0.165979 0.708011
vt 0.712325 0.592470
vt 0.711433 0.582411
vt 0.714728 0.590607
vt 0.715501 0.579438
vt 0.718537 0.545711
vt 0.757754 0.090435
vt 0.628129 0.571499
vt 0.099093 0.563758
vt 0.477495 0.619048
vt 0.085422 0.516465
vt 0.625626 0.505256
vt 0.543037 0.930197
vt 0.615862 0.482275
vt 0.606687 0.464960
vt 0.277815 0.534170
vt 0.537150 0.896750
vt 0.538836 0.904647
vt 0.411134 0.556301
vt 0.409871 0.544389
vt 0.284038 0.531390
vt 0.602937 0.445364
vt 0.429355 0.932796
vt 0.429477 0.924902
vt 0.435079 0.935796
vt 0.281733 0.509521
vt 0.430187 0.921948
vt 0.435079 0.928684
vt 0.413397 0.513758
vt 0.166957 0.424687
vt 0.460361 0.463398
vt 0.792071 0.855304
vt 0.821052 0.706656
vt 0.012695 0.738564
vt 0.007176 0.735246
vt 0.548459 0.743348
vt 0.133534 0.717462
vt 0.115985 0.709193
vt 0.090278 0.694261
vt 0.553067 0.732277
vt 0.074086 0.688182
vt 0.133555 0.709877
vt 0.051358 0.664081
vt 0.978991 0.886282
vt 0.974825 0.881830
vt 0.171821 0.701085
vt 0.971845 0.850187
vt 0.351506 0.689895
vt 0.343802 0.680239
vt 0.339198 0.661012
vt 0.614103 0.590049
vt 0.973191 0.799709
vt 0.474286 0.625323
vt 0.231986 0.600816
vt 0.257028 0.582838
vt 0.624645 0.498960
vt 0.620506 0.490535
vt 0.430608 0.575475
vt 0.096310 0.483526
vt 0.541252 0.932505
vt 0.092563 0.473516
vt 0.606183 0.459399
vt 0.601206 0.450706
vt 0.593764 0.447372
vt 0.283819 0.496402
vt 0.223936 0.459964
vt 0.275024 0.484207
vt 0.269464 0.468650
vt 0.255794 0.464173
vt 0.522153 0.429430
vt 0.152564 0.777111
vt 0.044344 0.688827
vt 0.062338 0.672657
vt 0.539161 0.724753
vt 0.666342 0.676311
vt 0.049162 0.659092
vt 0.751960 0.166758
vt 0.755721 0.162934
vt 0.756370 0.155632
vt 0.174342 0.699882
vt 0.717597 0.573218
vt 0.974094 0.833599
vt 0.760274 0.098084
vt 0.616779 0.601406
vt 0.336773 0.641815
vt 0.613736 0.582887
vt 0.499989 0.626056
vt 0.107731 0.563014
vt 0.459424 0.615423
vt 0.622957 0.515252
vt 0.088550 0.490844
vt 0.631305 0.491221
vt 0.543812 0.925977
vt 0.273731 0.547202
vt 0.540974 0.910950
vt 0.420541 0.567215
vt 0.413023 0.565611
vt 0.095735 0.461459
vt 0.542002 0.888216
vt 0.601484 0.435686
vt 0.569803 0.430820
vt 0.496432 0.450552
vt 0.538169 0.425064
vt 0.819836 0.712501
vt 0.796011 0.855437
vt 0.002918 0.733210
vt 0.006903 0.722433
vt 0.026385 0.701757
vt 0.666202 0.696304
vt 0.065360 0.683231
vt 0.649761 0.689717
vt 0.142637 0.712765
vt 0.151439 0.715234
vt 0.526682 0.725669
vt 0.717267 0.589930
vt 0.759649 0.111360
vt 0.641545 0.573668
vt 0.078173 0.557239
vt 0.633364 0.538363
vt 0.633116 0.498565
vt 0.424133 0.570142
vt 0.540844 0.904926
vt 0.279387 0.543650
vt 0.542055 0.897205
vt 0.539571 0.888746
vt 0.595414 0.443181
vt 0.598549 0.442353
vt 0.119641 0.438227
vt 0.212451 0.449780
vt 0.198790 0.441642
vt 0.417686 0.491495
vt 0.185624 0.432491
vt 0.264298 0.462303
vt 0.173080 0.422474
vt 0.471283 0.458340
vt 0.431151 0.470143
vt 0.751313 0.246412
vt 0.746572 0.239374
vt 0.755878 0.226590
vt 0.972292 0.940347
vt 0.980065 0.946711
vt 0.974629 0.959765
vt 0.148697 0.732790
vt 0.546064 0.729638
vt 0.760395 0.180158
vt 0.759994 0.171740
vt 0.972141 0.892460
vt 0.716589 0.599210
vt 0.355454 0.711929
vt 0.340705 0.702650
vt 0.353837 0.700783
vt 0.337636 0.672653
vt 0.630976 0.586042
vt 0.638174 0.586051
vt 0.092659 0.575637
vt 0.492987 0.623472
vt 0.082780 0.562188
vt 0.077024 0.534025
vt 0.215063 0.598607
vt 0.083552 0.502431
vt 0.090369 0.466633
vt 0.403360 0.915214
vt 0.403104 0.908460
vt 0.404568 0.911055
vt 0.398724 0.912378
vt 0.403960 0.904029
vt 0.397765 0.905987
vt 0.402365 0.903373
vt 0.285942 0.541335
vt 0.400365 0.900649
vt 0.397231 0.898150
vt 0.098697 0.451100
vt 0.156530 0.422839
vt 0.239022 0.457993
vt 0.532028 0.424744
vt 0.823877 0.708602
vt 0.709051 0.739289
vt 0.556995 0.810330
vt 0.141767 0.796077
vt 0.966021 0.952037
vt 0.154715 0.757418
vt 0.031955 0.687745
vt 0.541284 0.761887
vt 0.153629 0.743761
vt 0.056190 0.684263
vt 0.660908 0.683113
vt 0.723634 0.526972
vt 0.484514 0.632555
vt 0.502736 0.638105
vt 0.072467 0.552615
vt 0.641890 0.555556
vt 0.206865 0.601917
vt 0.634825 0.529067
vt 0.447631 0.606354
vt 0.432947 0.585275
vt 0.275972 0.560301
vt 0.282312 0.550147
vt 0.400353 0.920725
vt 0.569258 0.891865
vt 0.570037 0.887607
vt 0.571914 0.889798
vt 0.408233 0.559249
vt 0.571952 0.881133
vt 0.611853 0.462493
vt 0.614164 0.457693
vt 0.615719 0.470276
vt 0.291602 0.537429
vt 0.368797 0.578512
vt 0.365596 0.577997
vt 0.368797 0.568099
vt 0.336452 0.944266
vt 0.337450 0.941146
vt 0.338089 0.945472
vt 0.263981 0.924510
vt 0.265239 0.927968
vt 0.265964 0.934102
vt 0.313690 0.905450
vt 0.313266 0.922489
vt 0.308379 0.911473
vt 0.293150 0.525352
vt 0.400364 0.540806
vt 0.308379 0.899393
vt 0.593577 0.441810
vt 0.124552 0.429986
vt 0.595559 0.432254
vt 0.585376 0.433316
vt 0.447762 0.464125
vt 0.150674 0.785920
vt 0.156324 0.770333
vt 0.151825 0.722386
vt 0.049587 0.670509
vt 0.529627 0.731568
vt 0.725890 0.560311
vt 0.974153 0.809693
vt 0.624718 0.591744
vt 0.335533 0.652852
vt 0.090647 0.586676
vt 0.101862 0.574427
vt 0.249242 0.598262
vt 0.425060 0.576571
vt 0.084819 0.473199
vt 0.414006 0.579909
vt 0.411696 0.566937
vt 0.415198 0.573541
vt 0.397231 0.927721
vt 0.570816 0.896323
vt 0.569224 0.897992
vt 0.365998 0.582070
vt 0.616846 0.464897
vt 0.294801 0.545738
vt 0.339160 0.940027
vt 0.338925 0.937810
vt 0.336452 0.937650
vt 0.291605 0.511142
vt 0.544061 0.881133
vt 0.605773 0.436424
vt 0.610293 0.439250
vt 0.146510 0.420120
vt 0.283075 0.477645
vt 0.225795 0.446033
vt 0.211577 0.443795
vt 0.180289 0.420672
vt 0.507224 0.437060
vt 0.796050 0.861734
vt 0.677166 0.695584
vt 0.661382 0.685794
vt 0.720845 0.597411
vt 0.765285 0.150504
vt 0.341238 0.710393
vt 0.340505 0.692002
vt 0.971432 0.820898
vt 0.626419 0.604379
vt 0.621298 0.607711
vt 0.726059 0.515750
vt 0.089399 0.567402
vt 0.211466 0.611659
vt 0.225100 0.614553
vt 0.070874 0.521118
vt 0.635626 0.508548
vt 0.435063 0.597953
vt 0.081646 0.483916
vt 0.544061 0.936112
vt 0.498613 0.923251
vt 0.502545 0.925021
vt 0.499475 0.929327
vt 0.498208 0.919128
vt 0.417691 0.580963
vt 0.567687 0.905375
vt 0.570226 0.903536
vt 0.570218 0.907205
vt 0.415568 0.570073
vt 0.571574 0.897823
vt 0.400974 0.563682
vt 0.291311 0.553017
vt 0.403566 0.552196
vt 0.409884 0.555616
vt 0.942161 0.396604
vt 0.939624 0.396280
vt 0.941390 0.394474
vt 0.939575 0.391477
vt 0.268554 0.930075
vt 0.299471 0.528297
vt 0.269050 0.927304
vt 0.106476 0.441943
vt 0.195932 0.430092
vt 0.554935 0.418937
vt 0.251685 0.454451
vt 0.976363 0.088727
vt 0.965612 0.087872
vt 0.967149 0.078722
vt 0.489654 0.445594
vt 0.829845 0.700120
vt 0.966864 0.968212
vt 0.760621 0.241068
vt 0.617388 0.852724
vt 0.603707 0.857932
vt 0.607777 0.841753
vt 0.964001 0.937909
vt 0.966505 0.924931
vt 0.048603 0.675806
vt 0.042204 0.661837
vt 0.966479 0.893089
vt 0.359880 0.453201
vt 0.354832 0.450765
vt 0.356699 0.444686
vt 0.720916 0.602392
vt 0.963696 0.868799
vt 0.069220 0.567670
vt 0.476550 0.636014
vt 0.496364 0.635237
vt 0.066735 0.552614
vt 0.471078 0.630498
vt 0.641637 0.541727
vt 0.079915 0.508589
vt 0.269454 0.573457
vt 0.080112 0.492062
vt 0.503030 0.931629
vt 0.417832 0.586844
vt 0.567746 0.911013
vt 0.280024 0.559299
vt 0.405147 0.576974
vt 0.622072 0.475549
vt 0.615700 0.456146
vt 0.625602 0.460559
vt 0.619416 0.475767
vt 0.397131 0.565044
vt 0.396972 0.557469
vt 0.397870 0.545482
vt 0.620162 0.450045
vt 0.613493 0.454943
vt 0.938881 0.388731
vt 0.938995 0.383803
vt 0.940533 0.387364
vt 0.269050 0.922632
vt 0.265053 0.917828
vt 0.591891 0.432967
vt 0.835749 0.924949
vt 0.836852 0.931806
vt 0.834469 0.929578
vt 0.290096 0.491477
vt 0.405871 0.509649
vt 0.238519 0.451050
vt 0.163561 0.415383
vt 0.833252 0.700096
vt 0.595741 0.850727
vt 0.591496 0.841032
vt 0.754633 0.211625
vt 0.766256 0.209171
vt 0.575413 0.835926
vt 0.573501 0.814564
vt 0.581410 0.823574
vt 0.043463 0.664029
vt 0.175857 0.705048
vt 0.728223 0.587213
vt 0.762578 0.132291
vt 0.763113 0.110234
vt 0.635948 0.609079
vt 0.074138 0.574541
vt 0.485976 0.643205
vt 0.067780 0.540848
vt 0.234756 0.615725
vt 0.636089 0.517260
vt 0.272855 0.570923
vt 0.430687 0.585742
vt 0.421073 0.575311
vt 0.626249 0.484221
vt 0.624575 0.480952
vt 0.632228 0.475472
vt 0.696397 0.891582
vt 0.693876 0.888909
vt 0.696133 0.887038
vt 0.394995 0.560948
vt 0.094300 0.446456
vt 0.099046 0.441502
vt 0.609762 0.449088
vt 0.109747 0.430863
vt 0.267511 0.920273
vt 0.397259 0.525638
vt 0.600308 0.432302
vt 0.297090 0.508881
vt 0.131226 0.421861
vt 0.969537 0.103698
vt 0.170482 0.415138
vt 0.518956 0.420754
vt 0.961521 0.967369
vt 0.761343 0.202106
vt 0.536182 0.743911
vt 0.160081 0.716931
vt 0.358428 0.462772
vt 0.764646 0.127210
vt 0.728590 0.551658
vt 0.644845 0.602560
vt 0.499587 0.647342
vt 0.482475 0.651856
vt 0.203146 0.618024
vt 0.209651 0.618372
vt 0.463122 0.634311
vt 0.568090 0.917700
vt 0.571952 0.916050
vt 0.420594 0.591008
vt 0.632427 0.482149
vt 0.691179 0.895892
vt 0.695115 0.894868
vt 0.417054 0.574035
vt 0.397558 0.574362
vt 0.394371 0.565178
vt 0.401226 0.579509
vt 0.284341 0.557438
vt 0.089401 0.459963
vt 0.703726 0.935379
vt 0.707523 0.928971
vt 0.707925 0.936708
vt 0.391934 0.562722
vt 0.611180 0.443620
vt 0.942161 0.382846
vt 0.940356 0.381009
vt 0.818766 0.404154
vt 0.820404 0.402858
vt 0.820404 0.405402
vt 0.369971 0.942050
vt 0.369971 0.937459
vt 0.371479 0.941031
vt 0.268810 0.916455
vt 0.268105 0.913459
vt 0.838930 0.928223
vt 0.712039 0.869854
vt 0.721105 0.873858
vt 0.710418 0.877711
vt 0.464061 0.452853
vt 0.443686 0.453166
vt 0.162600 0.730226
vt 0.042926 0.680610
vt 0.765636 0.177465
vt 0.966222 0.898182
vt 0.335281 0.683485
vt 0.729728 0.537353
vt 0.649989 0.592165
vt 0.082223 0.587401
vt 0.070927 0.514570
vt 0.361247 0.489781
vt 0.364934 0.491966
vt 0.361656 0.497799
vt 0.364158 0.480573
vt 0.073487 0.495269
vt 0.075793 0.489101
vt 0.366405 0.473870
vt 0.368155 0.483670
vt 0.959444 0.734088
vt 0.957502 0.741617
vt 0.956304 0.735677
vt 0.498208 0.937345
vt 0.412213 0.589790
vt 0.628516 0.493054
vt 0.633229 0.493607
vt 0.634788 0.484501
vt 0.577458 0.944464
vt 0.573501 0.941774
vt 0.577458 0.933789
vt 0.687391 0.930303
vt 0.679225 0.929623
vt 0.687391 0.919990
vt 0.423888 0.583354
vt 0.079847 0.471868
vt 0.291526 0.561719
vt 0.703726 0.941727
vt 0.974601 0.176267
vt 0.972885 0.170831
vt 0.976363 0.172259
vt 0.392238 0.554577
vt 0.394528 0.556895
vt 0.389248 0.556574
vt 0.294957 0.543744
vt 0.393518 0.532791
vt 0.840068 0.933205
vt 0.567340 0.417377
vt 0.715967 0.777420
vt 0.710962 0.772474
vt 0.718043 0.766282
vt 0.833563 0.702238
vt 0.759012 0.256366
vt 0.613049 0.868335
vt 0.590678 0.830555
vt 0.580566 0.842300
vt 0.754838 0.196583
vt 0.765441 0.193332
vt 0.773811 0.167088
vt 0.726028 0.605505
vt 0.730550 0.595690
vt 0.349864 0.453147
vt 0.628181 0.617870
vt 0.633747 0.618090
vt 0.967124 0.834764
vt 0.333798 0.669154
vt 0.082469 0.581960
vt 0.489021 0.656392
vt 0.196182 0.626753
vt 0.201959 0.629171
vt 0.474528 0.647991
vt 0.220281 0.623807
vt 0.765779 0.041803
vt 0.768932 0.032799
vt 0.772625 0.045177
vt 0.263514 0.589762
vt 0.640355 0.513869
vt 0.443685 0.613242
vt 0.954367 0.743812
vt 0.557665 0.938408
vt 0.560809 0.940743
vt 0.557665 0.944937
vt 0.571499 0.920371
vt 0.427060 0.585784
vt 0.635854 0.471216
vt 0.296329 0.552915
vt 0.084118 0.455936
vt 0.090153 0.446208
vt 0.972312 0.172797
vt 0.304022 0.538164
vt 0.305220 0.530708
vt 0.100356 0.425582
vt 0.115687 0.421825
vt 0.836388 0.918330
vt 0.833775 0.922829
vt 0.593558 0.430396
vt 0.212933 0.435798
vt 0.489636 0.438458
vt 0.501957 0.430675
vt 0.712488 0.696356
vt 0.716061 0.682808
vt 0.723421 0.695813
vt 0.535660 0.737281
vt 0.956333 0.887826
vt 0.343797 0.451718
vt 0.730338 0.576091
vt 0.963332 0.848827
vt 0.506954 0.655771
vt 0.508177 0.644429
vt 0.511771 0.656527
vt 0.651510 0.581950
vt 0.062468 0.578376
vt 0.060325 0.569617
vt 0.229773 0.627008
vt 0.455355 0.625982
vt 0.070482 0.505592
vt 0.956779 0.747766
vt 0.272058 0.577548
vt 0.267275 0.947509
vt 0.263981 0.945485
vt 0.267275 0.942961
vt 0.639261 0.492737
vt 0.643651 0.493132
vt 0.642012 0.482366
vt 0.645228 0.481479
vt 0.943646 0.375957
vt 0.945957 0.370108
vt 0.945957 0.378115
vt 0.688907 0.905625
vt 0.644615 0.477486
vt 0.642872 0.474942
vt 0.417392 0.578134
vt 0.420999 0.584279
vt 0.637786 0.481136
vt 0.408091 0.589694
vt 0.643163 0.468496
vt 0.679225 0.941712
vt 0.679225 0.931669
vt 0.684031 0.936483
vt 0.395011 0.578359
vt 0.633329 0.461150
vt 0.934862 0.379642
vt 0.933199 0.375497
vt 0.937362 0.367288
vt 0.933199 0.360343
vt 0.080247 0.448467
vt 0.394200 0.550610
vt 0.390246 0.547225
vt 0.969632 0.162908
vt 0.091020 0.428732
vt 0.975257 0.160983
vt 0.969444 0.151291
vt 0.608110 0.442908
vt 0.611531 0.434306
vt 0.606263 0.439494
vt 0.603316 0.435562
vt 0.840068 0.922786
vt 0.550731 0.947384
vt 0.551131 0.943518
vt 0.553807 0.947384
vt 0.716318 0.894189
vt 0.721643 0.890049
vt 0.957063 0.099485
vt 0.536569 0.415840
vt 0.974726 0.075700
vt 0.956395 0.058223
vt 0.966332 0.979048
vt 0.956045 0.979153
vt 0.768883 0.221625
vt 0.956283 0.949338
vt 0.166764 0.758097
vt 0.168326 0.746903
vt 0.769585 0.185833
vt 0.523547 0.723919
vt 0.174631 0.718302
vt 0.959291 0.879204
vt 0.769250 0.143292
vt 0.768362 0.123053
vt 0.084833 0.596836
vt 0.063312 0.588410
vt 0.729765 0.525379
vt 0.058267 0.564033
vt 0.766165 0.067446
vt 0.769794 0.055890
vt 0.772735 0.068345
vt 0.960746 0.787273
vt 0.954085 0.788301
vt 0.959004 0.769756
vt 0.821038 0.943569
vt 0.816830 0.943569
vt 0.818754 0.937647
vt 0.643022 0.504817
vt 0.638822 0.506752
vt 0.636505 0.497485
vt 0.420219 0.599531
vt 0.424002 0.600340
vt 0.343120 0.926965
vt 0.349080 0.922592
vt 0.349080 0.931250
vt 0.630545 0.496942
vt 0.693367 0.904682
vt 0.735827 0.435373
vt 0.728956 0.436603
vt 0.728826 0.422982
vt 0.639115 0.487669
vt 0.420687 0.587738
vt 0.078226 0.481659
vt 0.283642 0.566769
vt 0.637136 0.462117
vt 0.641466 0.464856
vt 0.073776 0.464374
vt 0.394182 0.572764
vt 0.302277 0.548367
vt 0.395850 0.555343
vt 0.084560 0.438724
vt 0.969643 0.167241
vt 0.386634 0.539689
vt 0.726393 0.789076
vt 0.716658 0.795648
vt 0.471294 0.445085
vt 0.805232 0.867604
vt 0.762427 0.184877
vt 0.490219 0.930474
vt 0.483714 0.924927
vt 0.490219 0.921672
vt 0.036122 0.664332
vt 0.521590 0.739194
vt 0.179263 0.716872
vt 0.706607 0.847697
vt 0.706607 0.832475
vt 0.709051 0.843548
vt 0.177732 0.710414
vt 0.342829 0.719058
vt 0.637090 0.627531
vt 0.654966 0.605982
vt 0.769691 0.094361
vt 0.773100 0.087630
vt 0.217407 0.632891
vt 0.953699 0.763282
vt 0.954532 0.757322
vt 0.956976 0.764345
vt 0.773751 0.039493
vt 0.773296 0.035997
vt 0.436751 0.608418
vt 0.952501 0.747503
vt 0.649500 0.492009
vt 0.651357 0.500699
vt 0.428840 0.596362
vt 0.595329 0.931079
vt 0.599866 0.930985
vt 0.598772 0.937245
vt 0.692463 0.912453
vt 0.732162 0.442354
vt 0.000683 0.941105
vt 0.000814 0.937477
vt 0.006329 0.934897
vt 0.404897 0.589797
vt 0.072617 0.474282
vt 0.302121 0.552328
vt 0.974857 0.179144
vt 0.967810 0.178321
vt 0.972375 0.174682
vt 0.391803 0.542528
vt 0.308893 0.520401
vt 0.608409 0.427249
vt 0.601056 0.432002
vt 0.965453 0.144528
vt 0.969024 0.143237
vt 0.233059 0.824387
vt 0.245127 0.823669
vt 0.240080 0.834296
vt 0.144487 0.410460
vt 0.604517 0.930369
vt 0.604517 0.917097
vt 0.612547 0.927287
vt 0.239845 0.443342
vt 0.723511 0.774699
vt 0.801940 0.868522
vt 0.552192 0.813198
vt 0.545689 0.802048
vt 0.039408 0.669901
vt 0.959575 0.900751
vt 0.881272 0.340330
vt 0.884649 0.356745
vt 0.878676 0.349987
vt 0.076891 0.608972
vt 0.075275 0.601256
vt 0.205052 0.639530
vt 0.222960 0.636341
vt 0.953617 0.801583
vt 0.243230 0.623041
vt 0.366406 0.499300
vt 0.646519 0.503203
vt 0.653316 0.511824
vt 0.422241 0.605002
vt 0.347191 0.934827
vt 0.482315 0.933046
vt 0.482315 0.946116
vt 0.479054 0.937426
vt 0.008198 0.946147
vt 0.400839 0.586584
vt 0.069107 0.474322
vt 0.002446 0.929141
vt 0.303099 0.563490
vt 0.071900 0.456523
vt 0.634549 0.446296
vt 0.436902 0.915756
vt 0.441182 0.917322
vt 0.437932 0.924990
vt 0.625050 0.443944
vt 0.965276 0.168799
vt 0.395243 0.546326
vt 0.964234 0.149356
vt 0.306712 0.513874
vt 0.957429 0.116274
vt 0.968252 0.125128
vt 0.730447 0.886172
vt 0.715689 0.855129
vt 0.730801 0.852135
vt 0.958993 0.908936
vt 0.967059 0.904855
vt 0.966981 0.912284
vt 0.485947 0.914014
vt 0.959814 0.903054
vt 0.354314 0.467374
vt 0.646020 0.625121
vt 0.657453 0.603630
vt 0.733751 0.553444
vt 0.658449 0.597300
vt 0.050939 0.583635
vt 0.466776 0.647879
vt 0.956038 0.810615
vt 0.454862 0.633027
vt 0.952065 0.772689
vt 0.443863 0.617642
vt 0.258326 0.602932
vt 0.951298 0.757966
vt 0.647735 0.508237
vt 0.643308 0.510927
vt 0.949110 0.752663
vt 0.428341 0.610814
vt 0.656888 0.492816
vt 0.731371 0.457283
vt 0.735050 0.450998
vt 0.413605 0.600334
vt 0.425082 0.594184
vt 0.423533 0.594942
vt 0.003049 0.951976
vt 0.071343 0.484071
vt 0.641414 0.456638
vt 0.639928 0.454592
vt 0.438762 0.928237
vt 0.440764 0.910835
vt 0.436800 0.909004
vt 0.966634 0.160452
vt 0.390009 0.529003
vt 0.598973 0.424564
vt 0.581919 0.419901
vt 0.951959 0.061644
vt 0.715402 0.674580
vt 0.726015 0.677606
vt 0.956989 0.925636
vt 0.953517 0.914135
vt 0.671882 0.688819
vt 0.669265 0.682861
vt 0.735103 0.606766
vt 0.958498 0.861612
vt 0.643147 0.632277
vt 0.652868 0.615684
vt 0.068885 0.597832
vt 0.050138 0.596171
vt 0.503162 0.666351
vt 0.486801 0.668961
vt 0.477932 0.663529
vt 0.950039 0.819213
vt 0.780543 0.065185
vt 0.814472 0.909999
vt 0.806194 0.905878
vt 0.810990 0.900431
vt 0.697764 0.940874
vt 0.697764 0.928971
vt 0.702359 0.934152
vt 0.657588 0.497057
vt 0.595329 0.942181
vt 0.688758 0.915944
vt 0.639479 0.499999
vt 0.354822 0.939274
vt 0.354822 0.946225
vt 0.352169 0.944166
vt 0.404516 0.600309
vt 0.276589 0.572332
vt 0.394183 0.583677
vt 0.386606 0.575424
vt 0.299319 0.568467
vt 0.306378 0.557186
vt 0.387394 0.559663
vt 0.386557 0.530742
vt 0.954669 0.128658
vt 0.451688 0.915436
vt 0.451688 0.899381
vt 0.463155 0.905685
vt 0.771014 0.240395
vt 0.591827 0.860253
vt 0.166593 0.727169
vt 0.519000 0.733214
vt 0.335325 0.703316
vt 0.773292 0.140177
vt 0.334094 0.692018
vt 0.072561 0.608116
vt 0.513875 0.668775
vt 0.212453 0.649044
vt 0.778077 0.042600
vt 0.806194 0.913058
vt 0.734637 0.470911
vt 0.400358 0.612702
vt 0.410779 0.623818
vt 0.947472 0.750168
vt 0.948458 0.746734
vt 0.952366 0.740893
vt 0.428559 0.600076
vt 0.397160 0.600468
vt 0.824117 0.369526
vt 0.827604 0.376505
vt 0.818766 0.373156
vt 0.068132 0.480814
vt 0.062516 0.472536
vt 0.058186 0.476053
vt 0.062593 0.464475
vt 0.014251 0.937584
vt 0.846451 0.916124
vt 0.841435 0.914180
vt 0.847437 0.905577
vt 0.008736 0.925479
vt 0.841435 0.901438
vt 0.842690 0.900431
vt 0.005570 0.918154
vt 0.308007 0.548948
vt 0.306510 0.542288
vt 0.245881 0.877223
vt 0.238322 0.873624
vt 0.242460 0.867304
vt 0.627841 0.439056
vt 0.096757 0.420559
vt 0.956993 0.158689
vt 0.962538 0.156046
vt 0.384175 0.533681
vt 0.006684 0.874738
vt 0.009498 0.879905
vt 0.001589 0.882797
vt 0.719020 0.812856
vt 0.727490 0.807115
vt 0.950098 0.078272
vt 0.523565 0.416053
vt 0.725483 0.689091
vt 0.946960 0.972144
vt 0.774033 0.257657
vt 0.947831 0.961253
vt 0.581857 0.852769
vt 0.774459 0.198065
vt 0.950908 0.895768
vt 0.179808 0.721437
vt 0.356266 0.476524
vt 0.735522 0.567225
vt 0.647545 0.632229
vt 0.496075 0.674692
vt 0.194672 0.638671
vt 0.197847 0.647783
vt 0.219272 0.652187
vt 0.777657 0.089983
vt 0.780448 0.078374
vt 0.968540 0.512056
vt 0.971581 0.499855
vt 0.971274 0.518728
vt 0.776739 0.048204
vt 0.947481 0.765090
vt 0.647633 0.514401
vt 0.653107 0.518829
vt 0.662216 0.509841
vt 0.414949 0.613746
vt 0.416984 0.606824
vt 0.826126 0.383456
vt 0.823812 0.378509
vt 0.057552 0.483628
vt 0.065339 0.475972
vt 0.065200 0.478991
vt 0.066296 0.463336
vt 0.066635 0.470190
vt 0.286906 0.573846
vt 0.063140 0.458495
vt 0.631006 0.938365
vt 0.634210 0.935073
vt 0.634311 0.942538
vt 0.310073 0.565652
vt 0.307282 0.562266
vt 0.308966 0.559544
vt 0.244439 0.888969
vt 0.640051 0.450046
vt 0.315417 0.562727
vt 0.309875 0.555187
vt 0.313519 0.550716
vt 0.310532 0.549940
vt 0.235027 0.865160
vt 0.237910 0.855904
vt 0.441182 0.898150
vt 0.957503 0.139576
vt 0.238331 0.847356
vt 0.229675 0.836161
vt 0.299212 0.487781
vt 0.248257 0.812043
vt 0.730813 0.761169
vt 0.717090 0.760777
vt 0.727489 0.833304
vt 0.723351 0.839244
vt 0.458333 0.446754
vt 0.674547 0.683877
vt 0.178517 0.727706
vt 0.778004 0.173589
vt 0.650593 0.935706
vt 0.654741 0.920412
vt 0.654741 0.938126
vt 0.739825 0.600037
vt 0.776417 0.161338
vt 0.347685 0.465468
vt 0.735304 0.586858
vt 0.962380 0.836176
vt 0.659113 0.620592
vt 0.061587 0.612446
vt 0.951922 0.829857
vt 0.778936 0.105812
vt 0.231025 0.643600
vt 0.947150 0.804831
vt 0.734364 0.496067
vt 0.737409 0.481863
vt 0.738519 0.471678
vt 0.366820 0.506298
vt 0.667142 0.501298
vt 0.670723 0.498540
vt 0.671864 0.507395
vt 0.805203 0.376141
vt 0.799317 0.377021
vt 0.800689 0.372743
vt 0.805563 0.369526
vt 0.971012 0.473801
vt 0.975514 0.479390
vt 0.970918 0.488142
vt 0.662331 0.496488
vt 0.660741 0.492246
vt 0.665122 0.489687
vt 0.692236 0.922820
vt 0.427872 0.603696
vt 0.052124 0.483825
vt 0.657034 0.485180
vt 0.660297 0.484574
vt 0.393060 0.612085
vt 0.651406 0.484080
vt 0.076699 0.484335
vt 0.842329 0.919505
vt 0.384827 0.589458
vt 0.302750 0.568128
vt 0.298390 0.574301
vt 0.246142 0.900954
vt 0.239769 0.901456
vt 0.243349 0.896307
vt 0.630660 0.944607
vt 0.070677 0.456931
vt 0.068671 0.452928
vt 0.011663 0.915825
vt 0.008352 0.911720
vt 0.312730 0.541602
vt 0.309997 0.536360
vt 0.306537 0.534279
vt 0.229328 0.859829
vt 0.313174 0.520643
vt 0.009797 0.895467
vt 0.962310 0.152389
vt 0.235951 0.807205
vt 0.489276 0.429826
vt 0.496841 0.899381
vt 0.490668 0.909421
vt 0.483714 0.899381
vt 0.718580 0.666800
vt 0.949940 0.939578
vt 0.770811 0.190626
vt 0.039179 0.674768
vt 0.772984 0.182452
vt 0.952246 0.904107
vt 0.876618 0.355068
vt 0.335613 0.456966
vt 0.339182 0.444998
vt 0.647379 0.641480
vt 0.665178 0.624793
vt 0.958154 0.849294
vt 0.507589 0.675557
vt 0.189716 0.655074
vt 0.773852 0.110702
vt 0.655548 0.520519
vt 0.678631 0.516413
vt 0.673042 0.515320
vt 0.417871 0.626908
vt 0.403536 0.631161
vt 0.685346 0.507417
vt 0.362872 0.509620
vt 0.419290 0.611386
vt 0.689473 0.928225
vt 0.054545 0.489666
vt 0.662750 0.482631
vt 0.065040 0.484862
vt 0.936932 0.358532
vt 0.936932 0.351143
vt 0.938277 0.354457
vt 0.821748 0.900431
vt 0.818836 0.904953
vt 0.818855 0.901344
vt 0.283687 0.578218
vt 0.303824 0.574489
vt 0.241071 0.893272
vt 0.063585 0.454607
vt 0.065649 0.445946
vt 0.630660 0.931354
vt 0.377334 0.561774
vt 0.450322 0.913203
vt 0.447827 0.923856
vt 0.442549 0.909623
vt 0.314982 0.534341
vt 0.315373 0.530825
vt 0.314119 0.517350
vt 0.729125 0.902770
vt 0.228652 0.800937
vt 0.246629 0.797443
vt 0.950250 0.087959
vt 0.735293 0.769521
vt 0.004473 0.823537
vt 0.009388 0.826039
vt 0.000683 0.837178
vt 0.809619 0.874882
vt 0.526473 0.745854
vt 0.810711 0.405456
vt 0.805342 0.400552
vt 0.810711 0.398646
vt 0.952662 0.907006
vt 0.657542 0.631499
vt 0.065017 0.619602
vt 0.515950 0.678116
vt 0.050594 0.606317
vt 0.663431 0.612674
vt 0.480572 0.671814
vt 0.458884 0.643083
vt 0.966645 0.506665
vt 0.668975 0.523238
vt 0.663546 0.511648
vt 0.389343 0.632792
vt 0.742551 0.469193
vt 0.425806 0.616563
vt 0.675303 0.488238
vt 0.946001 0.757963
vt 0.944049 0.756060
vt 0.668782 0.490651
vt 0.946664 0.744337
vt 0.068259 0.489379
vt 0.278440 0.578864
vt 0.288424 0.580701
vt 0.248257 0.912462
vt 0.070589 0.441491
vt 0.322417 0.550563
vt 0.077442 0.440374
vt 0.081565 0.432391
vt 0.445023 0.904791
vt 0.233376 0.846363
vt 0.954608 0.151358
vt 0.107086 0.415560
vt 0.718353 0.934608
vt 0.725777 0.913488
vt 0.730153 0.934248
vt 0.732499 0.779909
vt 0.472598 0.439036
vt 0.500894 0.421809
vt 0.495557 0.906512
vt 0.844812 0.697723
vt 0.732704 0.685475
vt 0.534444 0.752120
vt 0.675762 0.677039
vt 0.033428 0.671535
vt 0.031018 0.666630
vt 0.518646 0.742692
vt 0.733772 0.612435
vt 0.730449 0.613100
vt 0.728246 0.609779
vt 0.877487 0.362001
vt 0.339860 0.465303
vt 0.775932 0.151487
vt 0.333798 0.716445
vt 0.520038 0.689537
vt 0.515470 0.685533
vt 0.781613 0.116297
vt 0.469651 0.659255
vt 0.945119 0.791725
vt 0.678463 0.522222
vt 0.410701 0.645981
vt 0.661246 0.522158
vt 0.782273 0.046126
vt 0.812011 0.916423
vt 0.396729 0.641611
vt 0.800920 0.387778
vt 0.805563 0.387470
vt 0.644696 0.517509
vt 0.430206 0.619262
vt 0.423747 0.620685
vt 0.053809 0.498610
vt 0.044468 0.498584
vt 0.054391 0.495245
vt 0.944643 0.746685
vt 0.294302 0.596217
vt 0.300841 0.596130
vt 0.302209 0.602662
vt 0.279457 0.915915
vt 0.276383 0.916673
vt 0.279036 0.913495
vt 0.486821 0.943908
vt 0.490219 0.941443
vt 0.490219 0.946182
vt 0.669933 0.477889
vt 0.567687 0.939858
vt 0.569782 0.943569
vt 0.567687 0.944690
vt 0.740767 0.446326
vt 0.298060 0.583690
vt 0.739900 0.439471
vt 0.815895 0.908059
vt 0.303514 0.586092
vt 0.662001 0.477123
vt 0.384840 0.600523
vt 0.289574 0.586457
vt 0.311078 0.570801
vt 0.229844 0.894850
vt 0.236917 0.885723
vt 0.378183 0.572294
vt 0.639655 0.446036
vt 0.318109 0.545304
vt 0.450322 0.899381
vt 0.317344 0.520555
vt 0.225621 0.820516
vt 0.952457 0.111107
vt 0.731456 0.743320
vt 0.005333 0.842744
vt 0.012690 0.832933
vt 0.618754 0.846943
vt 0.619231 0.828701
vt 0.627100 0.837943
vt 0.734551 0.861911
vt 0.453084 0.442823
vt 0.509037 0.416393
vt 0.732194 0.667133
vt 0.779702 0.200249
vt 0.942923 0.920595
vt 0.031445 0.676073
vt 0.061633 0.632632
vt 0.058659 0.625843
vt 0.669080 0.616588
vt 0.192202 0.664299
vt 0.224670 0.659199
vt 0.739672 0.505527
vt 0.736637 0.519825
vt 0.968932 0.528849
vt 0.946165 0.762012
vt 0.942429 0.763267
vt 0.050153 0.502345
vt 0.740879 0.456355
vt 0.685898 0.495868
vt 0.385770 0.625609
vt 0.965061 0.482707
vt 0.292656 0.610203
vt 0.432196 0.605739
vt 0.047264 0.487482
vt 0.672031 0.943167
vt 0.675753 0.942413
vt 0.675753 0.946615
vt 0.313367 0.938616
vt 0.313367 0.945381
vt 0.310574 0.940991
vt 0.666615 0.482797
vt 0.672483 0.476040
vt 0.239857 0.918205
vt 0.247839 0.922396
vt 0.311633 0.591102
vt 0.282988 0.930568
vt 0.281891 0.925487
vt 0.287559 0.922777
vt 0.233307 0.908812
vt 0.015531 0.930161
vt 0.367867 0.913672
vt 0.365559 0.906799
vt 0.368128 0.895989
vt 0.017516 0.890485
vt 0.228816 0.844210
vt 0.626962 0.846379
vt 0.602566 0.875771
vt 0.529079 0.759390
vt 0.524902 0.751288
vt 0.684718 0.681089
vt 0.682736 0.687349
vt 0.181365 0.727882
vt 0.739195 0.582903
vt 0.043796 0.598042
vt 0.943493 0.831003
vt 0.942618 0.817996
vt 0.782848 0.087743
vt 0.942076 0.803666
vt 0.688717 0.526133
vt 0.400623 0.653679
vt 0.660664 0.525285
vt 0.964304 0.494014
vt 0.423185 0.634988
vt 0.795660 0.382179
vt 0.366836 0.514484
vt 0.962570 0.489473
vt 0.941009 0.757192
vt 0.948214 0.284217
vt 0.948214 0.291519
vt 0.946433 0.285946
vt 0.295762 0.618952
vt 0.302534 0.616861
vt 0.340034 0.606385
vt 0.341265 0.609452
vt 0.338112 0.609506
vt 0.281891 0.944827
vt 0.281891 0.936724
vt 0.285583 0.942608
vt 0.289172 0.600173
vt 0.062614 0.494145
vt 0.800131 0.401247
vt 0.803975 0.397608
vt 0.803975 0.405456
vt 0.798993 0.404301
vt 0.569349 0.947224
vt 0.301515 0.939660
vt 0.304384 0.939557
vt 0.304045 0.942227
vt 0.272757 0.914652
vt 0.271554 0.912698
vt 0.381462 0.614751
vt 0.681728 0.489407
vt 0.309226 0.600968
vt 0.815839 0.912040
vt 0.313833 0.583623
vt 0.013815 0.946488
vt 0.011431 0.907931
vt 0.235273 0.879256
vt 0.228169 0.877825
vt 0.636690 0.439570
vt 0.364709 0.903799
vt 0.364709 0.893329
vt 0.731284 0.926567
vt 0.946386 0.105153
vt 0.738768 0.865757
vt 0.525959 0.412115
vt 0.460841 0.441335
vt 0.478878 0.431521
vt 0.762525 0.258119
vt 0.944333 0.979094
vt 0.735824 0.653391
vt 0.172956 0.738920
vt 0.952027 0.873147
vt 0.669682 0.629285
vt 0.781954 0.132223
vt 0.495782 0.686820
vt 0.184774 0.668563
vt 0.197117 0.662769
vt 0.486946 0.686686
vt 0.214366 0.663607
vt 0.965413 0.520962
vt 0.680844 0.531953
vt 0.674130 0.533049
vt 0.695993 0.514015
vt 0.942264 0.773012
vt 0.319464 0.938513
vt 0.315057 0.942850
vt 0.315971 0.937267
vt 0.387064 0.640919
vt 0.854718 0.405626
vt 0.852599 0.403668
vt 0.854718 0.399762
vt 0.368155 0.510059
vt 0.031607 0.501082
vt 0.031245 0.489934
vt 0.033810 0.496031
vt 0.852330 0.401768
vt 0.346788 0.602033
vt 0.346610 0.609236
vt 0.309594 0.607809
vt 0.744070 0.461405
vt 0.333798 0.607677
vt 0.056734 0.498421
vt 0.790954 0.943539
vt 0.794268 0.944627
vt 0.790954 0.946950
vt 0.373078 0.895361
vt 0.375910 0.892815
vt 0.379106 0.896335
vt 0.045603 0.482923
vt 0.066348 0.493940
vt 0.050261 0.475707
vt 0.039016 0.475008
vt 0.046716 0.473049
vt 0.273583 0.583835
vt 0.946284 0.399622
vt 0.943527 0.401241
vt 0.943527 0.391799
vt 0.656277 0.481639
vt 0.012113 0.949979
vt 0.319509 0.568191
vt 0.957011 0.184534
vt 0.956604 0.171501
vt 0.319239 0.526700
vt 0.015121 0.900577
vt 0.016422 0.870593
vt 0.722632 0.942777
vt 0.593174 0.416771
vt 0.007396 0.853155
vt 0.015912 0.856405
vt 0.007977 0.866897
vt 0.731314 0.912943
vt 0.018084 0.847755
vt 0.619202 0.873695
vt 0.624092 0.863627
vt 0.626605 0.877584
vt 0.737707 0.783113
vt 0.358028 0.693536
vt 0.356821 0.705188
vt 0.356821 0.687183
vt 0.779496 0.247864
vt 0.613355 0.885293
vt 0.779260 0.225981
vt 0.782030 0.210838
vt 0.729571 0.650474
vt 0.731386 0.640443
vt 0.736809 0.639700
vt 0.025667 0.672380
vt 0.176957 0.733572
vt 0.783179 0.180788
vt 0.734536 0.617299
vt 0.053234 0.641812
vt 0.041904 0.613599
vt 0.941267 0.846211
vt 0.475426 0.675506
vt 0.967963 0.548124
vt 0.964705 0.541720
vt 0.411485 0.658016
vt 0.416580 0.651811
vt 0.742581 0.487950
vt 0.786496 0.054246
vt 0.422285 0.643383
vt 0.386242 0.654140
vt 0.385520 0.647230
vt 0.693067 0.504508
vt 0.934091 0.347756
vt 0.929334 0.343266
vt 0.936263 0.343627
vt 0.653317 0.525168
vt 0.033369 0.516031
vt 0.040854 0.510601
vt 0.795106 0.385666
vt 0.027643 0.503446
vt 0.285901 0.617164
vt 0.429852 0.626206
vt 0.302003 0.632410
vt 0.310757 0.623843
vt 0.962570 0.485284
vt 0.694805 0.931505
vt 0.042205 0.492432
vt 0.059419 0.502555
vt 0.744900 0.456142
vt 0.376432 0.629429
vt 0.041280 0.482856
vt 0.370202 0.896783
vt 0.373098 0.892575
vt 0.069265 0.492672
vt 0.283916 0.589844
vt 0.270596 0.916673
vt 0.313566 0.597041
vt 0.835398 0.944267
vt 0.833775 0.939626
vt 0.837708 0.941932
vt 0.041887 0.470407
vt 0.819171 0.385781
vt 0.315439 0.584623
vt 0.670010 0.470302
vt 0.658592 0.471947
vt 0.654793 0.469313
vt 0.662219 0.469175
vt 0.651852 0.473950
vt 0.963061 0.216659
vt 0.959142 0.210957
vt 0.965829 0.206548
vt 0.959002 0.193742
vt 0.066906 0.435545
vt 0.324252 0.536014
vt 0.725875 0.952490
vt 0.723928 0.947306
vt 0.735382 0.947121
vt 0.218223 0.832193
vt 0.946205 0.081370
vt 0.737499 0.853876
vt 0.624547 0.893807
vt 0.439330 0.446579
vt 0.462075 0.433524
vt 0.482903 0.428322
vt 0.487947 0.417554
vt 0.491164 0.912647
vt 0.938566 0.945070
vt 0.024820 0.668379
vt 0.345760 0.478983
vt 0.653056 0.651461
vt 0.658668 0.651633
vt 0.660188 0.643809
vt 0.052210 0.623039
vt 0.512352 0.692822
vt 0.946632 0.844782
vt 0.688217 0.536756
vt 0.400011 0.657471
vt 0.656363 0.532586
vt 0.290783 0.632552
vt 0.040210 0.501136
vt 0.048732 0.508773
vt 0.479809 0.931679
vt 0.472856 0.931679
vt 0.476482 0.925708
vt 0.940947 0.765069
vt 0.937624 0.764641
vt 0.544061 0.937479
vt 0.544061 0.943655
vt 0.540074 0.939024
vt 0.353062 0.608052
vt 0.314227 0.617719
vt 0.694604 0.937207
vt 0.057080 0.501869
vt 0.054674 0.503898
vt 0.433232 0.608471
vt 0.023469 0.484599
vt 0.029934 0.476407
vt 0.037765 0.483715
vt 0.034279 0.475074
vt 0.301515 0.945398
vt 0.064828 0.496550
vt 0.277075 0.909499
vt 0.270955 0.908836
vt 0.740767 0.435846
vt 0.745958 0.443902
vt 0.283644 0.583276
vt 0.377923 0.609574
vt 0.667444 0.463232
vt 0.658302 0.460222
vt 0.319920 0.573447
vt 0.221176 0.867775
vt 0.630623 0.824506
vt 0.513707 0.411764
vt 0.475786 0.421879
vt 0.815600 0.877259
vt 0.735127 0.695508
vt 0.095359 0.799839
vt 0.098992 0.803202
vt 0.081685 0.797443
vt 0.935077 0.969900
vt 0.777737 0.193985
vt 0.031063 0.662994
vt 0.883364 0.368836
vt 0.741667 0.607877
vt 0.741670 0.590726
vt 0.670065 0.638330
vt 0.186804 0.681026
vt 0.693030 0.527966
vt 0.700467 0.517256
vt 0.939138 0.783197
vt 0.789459 0.052999
vt 0.023080 0.505940
vt 0.426611 0.634090
vt 0.426877 0.628295
vt 0.648201 0.524083
vt 0.826593 0.360656
vt 0.832111 0.368159
vt 0.824349 0.363099
vt 0.018300 0.496017
vt 0.668697 0.943854
vt 0.670643 0.946310
vt 0.668697 0.948417
vt 0.688980 0.936644
vt 0.948496 0.336526
vt 0.946434 0.335042
vt 0.948496 0.331890
vt 0.281991 0.606376
vt 0.315419 0.610444
vt 0.238926 0.942595
vt 0.236840 0.936653
vt 0.238458 0.932163
vt 0.940539 0.749097
vt 0.282090 0.593434
vt 0.376745 0.619437
vt 0.234958 0.926150
vt 0.323290 0.601705
vt 0.016171 0.967520
vt 0.014653 0.951341
vt 0.021429 0.966135
vt 0.031571 0.469479
vt 0.277235 0.583655
vt 0.237164 0.917932
vt 0.255179 0.850183
vt 0.249623 0.854730
vt 0.251977 0.843052
vt 0.650303 0.466109
vt 0.953203 0.202797
vt 0.219598 0.856312
vt 0.735474 0.899832
vt 0.740590 0.751259
vt 0.015443 0.815938
vt 0.945700 0.069795
vt 0.946808 0.054143
vt 0.448946 0.433701
vt 0.462088 0.428208
vt 0.480624 0.418321
vt 0.783311 0.238594
vt 0.946485 0.911416
vt 0.941387 0.909375
vt 0.353872 0.493401
vt 0.359634 0.484809
vt 0.944683 0.889530
vt 0.050387 0.633367
vt 0.180634 0.685038
vt 0.037159 0.610467
vt 0.788390 0.105333
vt 0.744802 0.530021
vt 0.741035 0.536076
vt 0.961175 0.555737
vt 0.961895 0.530707
vt 0.292379 0.937116
vt 0.292379 0.945592
vt 0.288926 0.937238
vt 0.425535 0.650343
vt 0.671714 0.540438
vt 0.470068 0.933682
vt 0.471489 0.926180
vt 0.471489 0.937643
vt 0.023940 0.517996
vt 0.430945 0.639626
vt 0.035704 0.520604
vt 0.960653 0.510723
vt 0.931809 0.339362
vt 0.746788 0.480657
vt 0.802010 0.396241
vt 0.317639 0.935305
vt 0.646777 0.526547
vt 0.315057 0.934909
vt 0.793256 0.384317
vt 0.792067 0.381726
vt 0.411920 0.937382
vt 0.410554 0.935438
vt 0.411920 0.933806
vt 0.549365 0.944023
vt 0.549365 0.948494
vt 0.547106 0.947385
vt 0.539833 0.942475
vt 0.015857 0.486806
vt 0.064346 0.505094
vt 0.850892 0.405583
vt 0.847008 0.400497
vt 0.850892 0.399816
vt 0.750597 0.450919
vt 0.287553 0.930933
vt 0.837708 0.934572
vt 0.040324 0.458727
vt 0.249813 0.865884
vt 0.650291 0.459661
vt 0.323853 0.563713
vt 0.019643 0.912205
vt 0.950121 0.173237
vt 0.945813 0.137180
vt 0.218804 0.818288
vt 0.018011 0.830612
vt 0.734028 0.835903
vt 0.630345 0.861940
vt 0.942717 0.057926
vt 0.496809 0.411563
vt 0.947610 0.028007
vt 0.947960 0.011348
vt 0.948973 0.016572
vt 0.938045 0.932079
vt 0.734597 0.631175
vt 0.172621 0.749274
vt 0.178163 0.740366
vt 0.688083 0.686486
vt 0.519098 0.755731
vt 0.182973 0.733381
vt 0.738628 0.620703
vt 0.741164 0.618902
vt 0.888089 0.362569
vt 0.784007 0.163218
vt 0.664045 0.658449
vt 0.522589 0.704476
vt 0.204843 0.679530
vt 0.933394 0.832598
vt 0.963663 0.563971
vt 0.424420 0.660598
vt 0.745897 0.501810
vt 0.442844 0.859027
vt 0.445148 0.846935
vt 0.446770 0.847247
vt 0.394166 0.657204
vt 0.381868 0.655862
vt 0.016201 0.510520
vt 0.290927 0.644638
vt 0.011529 0.502182
vt 0.319932 0.935021
vt 0.376559 0.639702
vt 0.935602 0.767272
vt 0.316302 0.629794
vt 0.353771 0.599266
vt 0.015758 0.975272
vt 0.022362 0.971331
vt 0.024522 0.982364
vt 0.381110 0.891765
vt 0.233320 0.932359
vt 0.816840 0.915935
vt 0.230826 0.921378
vt 0.021086 0.953814
vt 0.230585 0.912654
vt 0.380722 0.592342
vt 0.016838 0.945009
vt 0.228718 0.900974
vt 0.657646 0.450872
vt 0.018541 0.924616
vt 0.736446 0.938553
vt 0.737518 0.910536
vt 0.743608 0.773138
vt 0.630783 0.876110
vt 0.439441 0.443398
vt 0.452842 0.430910
vt 0.493489 0.412398
vt 0.359815 0.794642
vt 0.362824 0.787212
vt 0.365168 0.786736
vt 0.944749 0.034320
vt 0.946330 0.026324
vt 0.588252 0.872539
vt 0.583638 0.866400
vt 0.019204 0.676257
vt 0.785063 0.186928
vt 0.876618 0.373195
vt 0.785965 0.170173
vt 0.042770 0.647963
vt 0.668839 0.654253
vt 0.517697 0.713572
vt 0.523919 0.715291
vt 0.036425 0.620697
vt 0.497089 0.700731
vt 0.940741 0.857749
vt 0.194231 0.678336
vt 0.791409 0.139826
vt 0.625291 0.928271
vt 0.629293 0.933807
vt 0.627626 0.937988
vt 0.680456 0.543825
vt 0.379615 0.923469
vt 0.379615 0.933311
vt 0.377744 0.926398
vt 0.305751 0.939558
vt 0.308924 0.939558
vt 0.305775 0.944863
vt 0.447157 0.851450
vt 0.430968 0.644873
vt 0.705847 0.508943
vt 0.279836 0.629439
vt 0.938342 0.336781
vt 0.050530 0.511912
vt 0.377554 0.653424
vt 0.958778 0.506924
vt 0.646382 0.528196
vt 0.303016 0.642087
vt 0.312782 0.635187
vt 0.706151 0.871135
vt 0.708869 0.873800
vt 0.706151 0.875067
vt 0.848541 0.824692
vt 0.848541 0.834014
vt 0.846178 0.830599
vt 0.816231 0.366413
vt 0.816496 0.361857
vt 0.819685 0.363795
vt 0.779373 0.403919
vt 0.780313 0.394849
vt 0.782181 0.399635
vt 0.957320 0.494387
vt 0.380981 0.935491
vt 0.384245 0.937397
vt 0.380981 0.941708
vt 0.473413 0.924919
vt 0.323641 0.619337
vt 0.640715 0.936870
vt 0.638603 0.938865
vt 0.639019 0.933051
vt 0.059789 0.506591
vt 0.234973 0.949643
vt 0.232955 0.942830
vt 0.067833 0.501724
vt 0.275015 0.905383
vt 0.279328 0.587120
vt 0.960770 0.227789
vt 0.956307 0.232310
vt 0.954555 0.218140
vt 0.048833 0.461550
vt 0.373409 0.596850
vt 0.653042 0.454555
vt 0.255782 0.832865
vt 0.258204 0.841829
vt 0.648881 0.451525
vt 0.220063 0.804094
vt 0.633831 0.842734
vt 0.011398 0.813636
vt 0.945351 0.020475
vt 0.945519 0.012916
vt 0.818968 0.881894
vt 0.817227 0.882352
vt 0.931211 0.953143
vt 0.941729 0.915824
vt 0.946715 0.913976
vt 0.020890 0.671760
vt 0.942131 0.883145
vt 0.677730 0.639356
vt 0.179241 0.693766
vt 0.507490 0.702516
vt 0.747006 0.515306
vt 0.948229 0.316286
vt 0.946433 0.311840
vt 0.948229 0.309450
vt 0.444729 0.863490
vt 0.751187 0.490394
vt 0.819303 0.360229
vt 0.822873 0.360831
vt 0.821607 0.363864
vt 0.277984 0.615959
vt 0.017886 0.986322
vt 0.384915 0.940502
vt 0.275002 0.611553
vt 0.276148 0.604231
vt 0.493375 0.948417
vt 0.491872 0.947914
vt 0.493375 0.945032
vt 0.822421 0.931688
vt 0.823936 0.933718
vt 0.822421 0.937782
vt 0.932259 0.755791
vt 0.279176 0.603902
vt 0.836948 0.353239
vt 0.846501 0.355751
vt 0.839149 0.356643
vt 0.960643 0.246494
vt 0.957012 0.243558
vt 0.960144 0.237268
vt 0.375727 0.888193
vt 0.819707 0.913964
vt 0.820599 0.393569
vt 0.048609 0.473588
vt 0.052741 0.464680
vt 0.019988 0.937446
vt 0.646135 0.447557
vt 0.956642 0.166262
vt 0.942857 0.155052
vt 0.214731 0.842421
vt 0.023657 0.856716
vt 0.736636 0.922874
vt 0.942231 0.122787
vt 0.738903 0.736784
vt 0.021105 0.819848
vt 0.636474 0.887987
vt 0.013218 0.805999
vt 0.022180 0.804956
vt 0.641061 0.850779
vt 0.636901 0.864626
vt 0.942908 0.034370
vt 0.944692 0.026245
vt 0.944801 0.006921
vt 0.944928 0.000683
vt 0.975514 0.716405
vt 0.964885 0.709258
vt 0.973703 0.698004
vt 0.738658 0.671608
vt 0.745786 0.637648
vt 0.663213 0.926013
vt 0.657191 0.936334
vt 0.657191 0.924822
vt 0.785977 0.196356
vt 0.935783 0.858296
vt 0.792541 0.120166
vt 0.214713 0.675810
vt 0.932491 0.816285
vt 0.682954 0.543991
vt 0.791268 0.073027
vt 0.450996 0.840834
vt 0.705248 0.512433
vt 0.802355 0.360484
vt 0.808726 0.361738
vt 0.807833 0.367002
vt 0.040240 0.522356
vt 0.931848 0.333547
vt 0.314545 0.643626
vt 0.889455 0.364796
vt 0.901310 0.371560
vt 0.894787 0.372137
vt 0.870568 0.353239
vt 0.875177 0.353583
vt 0.872359 0.357922
vt 0.708277 0.878854
vt 0.011037 0.490512
vt 0.669222 0.910310
vt 0.672778 0.901519
vt 0.674043 0.910138
vt 0.412098 0.946739
vt 0.414411 0.944173
vt 0.414411 0.947693
vt 0.325415 0.631734
vt 0.669175 0.899890
vt 0.954927 0.498720
vt 0.374327 0.645231
vt 0.751207 0.470235
vt 0.383519 0.944188
vt 0.474884 0.922265
vt 0.642181 0.942008
vt 0.527405 0.939314
vt 0.525866 0.942043
vt 0.523719 0.934108
vt 0.385953 0.891542
vt 0.387485 0.887200
vt 0.400676 0.933165
vt 0.397231 0.943843
vt 0.397231 0.929088
vt 0.026461 0.957863
vt 0.566043 0.878363
vt 0.565197 0.869265
vt 0.569995 0.879767
vt 0.323382 0.588119
vt 0.320401 0.582600
vt 0.225728 0.907546
vt 0.048702 0.453038
vt 0.054694 0.455490
vt 0.374988 0.580705
vt 0.647706 0.444360
vt 0.254917 0.823058
vt 0.264570 0.821388
vt 0.942090 0.190693
vt 0.257686 0.810202
vt 0.738025 0.956697
vt 0.943091 0.150237
vt 0.025725 0.864637
vt 0.940484 0.092999
vt 0.742654 0.874807
vt 0.634614 0.896611
vt 0.630179 0.896475
vt 0.640252 0.837870
vt 0.641296 0.842991
vt 0.641273 0.860995
vt 0.442186 0.435225
vt 0.941876 0.042685
vt 0.945152 0.038466
vt 0.743339 0.684406
vt 0.965797 0.693840
vt 0.966661 0.677202
vt 0.746276 0.659903
vt 0.784385 0.202418
vt 0.346468 0.489826
vt 0.514064 0.705562
vt 0.186904 0.691109
vt 0.933834 0.795578
vt 0.442549 0.868065
vt 0.445866 0.873015
vt 0.445897 0.876958
vt 0.431565 0.654289
vt 0.014348 0.519407
vt 0.019771 0.522602
vt 0.301776 0.647220
vt 0.292844 0.648672
vt 0.027254 0.523867
vt 0.006818 0.508894
vt 0.309750 0.646699
vt 0.322017 0.645362
vt 0.279856 0.621418
vt 0.696625 0.497855
vt 0.709051 0.502142
vt 0.696397 0.944153
vt 0.478410 0.923170
vt 0.491705 0.944443
vt 0.854655 0.358268
vt 0.850207 0.360004
vt 0.848739 0.356079
vt 0.255347 0.944519
vt 0.253700 0.942763
vt 0.255347 0.939122
vt 0.847605 0.360167
vt 0.527477 0.941408
vt 0.930447 0.763612
vt 0.757699 0.465188
vt 0.280140 0.595984
vt 0.226290 0.926868
vt 0.225377 0.916677
vt 0.025859 0.934523
vt 0.220960 0.889005
vt 0.943834 0.199506
vt 0.020049 0.917013
vt 0.023520 0.910158
vt 0.728041 0.962065
vt 0.025922 0.884147
vt 0.743038 0.892486
vt 0.636769 0.826776
vt 0.641453 0.879497
vt 0.641305 0.868656
vt 0.847834 0.846585
vt 0.846178 0.840217
vt 0.847834 0.835381
vt 0.108275 0.805635
vt 0.787494 0.258866
vt 0.746439 0.649648
vt 0.576648 0.867108
vt 0.739618 0.629158
vt 0.937883 0.896675
vt 0.787268 0.174151
vt 0.339321 0.478542
vt 0.677973 0.631242
vt 0.477642 0.686307
vt 0.219379 0.680453
vt 0.958445 0.540560
vt 0.793968 0.091041
vt 0.663024 0.541246
vt 0.793421 0.055111
vt 0.055193 0.514809
vt 0.706842 0.881020
vt 0.007186 0.496832
vt 0.823043 0.357308
vt 0.825887 0.357573
vt 0.955141 0.258281
vt 0.931308 0.747424
vt 0.945195 0.744073
vt 0.227114 0.934705
vt 0.823626 0.398785
vt 0.287559 0.935357
vt 0.028748 0.951482
vt 0.221526 0.907911
vt 0.041576 0.452481
vt 0.949924 0.213129
vt 0.263105 0.835460
vt 0.030382 0.841261
vt 0.744497 0.761334
vt 0.936546 0.063630
vt 0.632626 0.814564
vt 0.944571 0.051229
vt 0.642425 0.835701
vt 0.506465 0.407029
vt 0.940443 0.040728
vt 0.565123 0.885629
vt 0.559741 0.893273
vt 0.563355 0.881133
vt 0.550731 0.942152
vt 0.550731 0.929675
vt 0.554848 0.941458
vt 0.746504 0.602614
vt 0.040047 0.639664
vt 0.488413 0.702002
vt 0.932247 0.857543
vt 0.932871 0.847772
vt 0.748921 0.537321
vt 0.287661 0.650223
vt 0.019253 0.528521
vt 0.452773 0.842271
vt 0.934288 0.778367
vt 0.552080 0.925856
vt 0.545427 0.928308
vt 0.550844 0.921842
vt 0.371218 0.656091
vt 0.322757 0.636252
vt 0.647427 0.531781
vt 0.675966 0.900428
vt 0.677633 0.911027
vt 0.812688 0.356678
vt 0.645156 0.530264
vt 0.233639 0.963094
vt 0.229314 0.961124
vt 0.234366 0.955682
vt 0.370202 0.652973
vt 0.787161 0.395130
vt 0.818345 0.356661
vt 0.959171 0.261778
vt 0.960356 0.255804
vt 0.348478 0.941663
vt 0.350718 0.936193
vt 0.350718 0.944575
vt 0.230517 0.951722
vt 0.523719 0.944636
vt 0.371768 0.640177
vt 0.383787 0.883331
vt 0.273937 0.899394
vt 0.758697 0.451069
vt 0.821748 0.921537
vt 0.818766 0.393708
vt 0.325979 0.595838
vt 0.949113 0.228387
vt 0.328440 0.588315
vt 0.323883 0.574804
vt 0.046028 0.444236
vt 0.056543 0.440389
vt 0.022653 0.921375
vt 0.027316 0.920801
vt 0.219800 0.885406
vt 0.938266 0.166669
vt 0.935642 0.142683
vt 0.628175 0.908146
vt 0.640102 0.893849
vt 0.937550 0.046224
vt 0.114842 0.811018
vt 0.791677 0.217123
vt 0.930444 0.915227
vt 0.887446 0.375884
vt 0.500033 0.712827
vt 0.205536 0.689697
vt 0.958034 0.573247
vt 0.754709 0.510210
vt 0.629293 0.922547
vt 0.431011 0.661742
vt 0.277131 0.649578
vt 0.277532 0.642576
vt 0.954379 0.523092
vt 0.034058 0.525326
vt 0.908145 0.378396
vt 0.905504 0.382854
vt 0.651243 0.537479
vt 0.024310 0.996832
vt 0.029377 0.996849
vt 0.024413 0.999317
vt 0.556298 0.913891
vt 0.680748 0.908071
vt 0.816791 0.359703
vt 0.772256 0.395177
vt 0.771520 0.390531
vt 0.777772 0.393037
vt 0.823113 0.355051
vt 0.848697 0.892639
vt 0.846178 0.899065
vt 0.846178 0.890951
vt 0.948287 0.267269
vt 0.478144 0.919599
vt 0.348918 0.596110
vt 0.343062 0.604707
vt 0.030502 0.971369
vt 0.028179 0.963633
vt 0.329142 0.616699
vt 0.949820 0.240793
vt 0.652196 0.441470
vt 0.030015 0.901981
vt 0.746835 0.908622
vt 0.936574 0.075770
vt 0.642230 0.826440
vt 0.365307 0.779492
vt 0.368359 0.777722
vt 0.937958 0.980174
vt 0.920262 0.979108
vt 0.933194 0.978322
vt 0.878370 0.379765
vt 0.680270 0.646702
vt 0.030014 0.631345
vt 0.028099 0.620559
vt 0.931720 0.870000
vt 0.789402 0.148990
vt 0.751123 0.556135
vt 0.831295 0.900431
vt 0.829304 0.909417
vt 0.827102 0.906174
vt 0.434623 0.647364
vt 0.863905 0.357179
vt 0.861028 0.365414
vt 0.000683 0.500611
vt 0.868322 0.364498
vt 0.323288 0.644385
vt 0.399372 0.890981
vt 0.408914 0.886376
vt 0.414150 0.892778
vt 0.761267 0.395177
vt 0.762307 0.389700
vt 0.766994 0.393968
vt 0.757156 0.475298
vt 0.946433 0.324249
vt 0.946433 0.317652
vt 0.948237 0.320301
vt 0.638603 0.944925
vt 0.227464 0.955391
vt 0.327895 0.634334
vt 0.758613 0.468961
vt 0.854718 0.363147
vt 0.853011 0.367242
vt 0.677800 0.937586
vt 0.677171 0.938795
vt 0.673222 0.935743
vt 0.258985 0.872666
vt 0.256484 0.857629
vt 0.259398 0.860574
vt 0.260089 0.850096
vt 0.328780 0.570485
vt 0.215689 0.895886
vt 0.220997 0.898810
vt 0.944227 0.208302
vt 0.273091 0.804610
vt 0.932672 0.051048
vt 0.938728 0.365582
vt 0.942280 0.360343
vt 0.942280 0.375176
vt 0.642379 0.888642
vt 0.792209 0.229696
vt 0.347091 0.782113
vt 0.338619 0.788135
vt 0.333798 0.780727
vt 0.798858 0.184123
vt 0.355570 0.502692
vt 0.520523 0.725608
vt 0.185910 0.705335
vt 0.193188 0.698383
vt 0.669907 0.544440
vt 0.456654 0.835103
vt 0.679563 0.903024
vt 0.645159 0.532829
vt 0.399769 0.887289
vt 0.680930 0.912393
vt 0.680930 0.918406
vt 0.679166 0.915470
vt 0.814652 0.353946
vt 0.781554 0.386303
vt 0.820630 0.352842
vt 0.394680 0.884468
vt 0.394693 0.889144
vt 0.672031 0.941047
vt 0.935565 0.354334
vt 0.935265 0.358532
vt 0.929334 0.357211
vt 0.672031 0.932728
vt 0.221632 0.948383
vt 0.844624 0.364391
vt 0.374356 0.882140
vt 0.376466 0.878160
vt 0.557715 0.876197
vt 0.568983 0.867678
vt 0.029176 0.937033
vt 0.935729 0.181150
vt 0.207459 0.864291
vt 0.743015 0.950414
vt 0.205414 0.816747
vt 0.748567 0.745549
vt 0.749811 0.765299
vt 0.318858 0.871275
vt 0.323139 0.866608
vt 0.328038 0.873837
vt 0.639863 0.823713
vt 0.367958 0.769657
vt 0.113464 0.807974
vt 0.920074 0.962188
vt 0.926256 0.937772
vt 0.795414 0.179131
vt 0.341865 0.490285
vt 0.668516 0.663903
vt 0.179385 0.708702
vt 0.754933 0.528315
vt 0.025921 0.532000
vt 0.275447 0.636827
vt 0.894062 0.377962
vt 0.870937 0.362363
vt 0.552503 0.916579
vt 0.451688 0.927964
vt 0.458357 0.929967
vt 0.457962 0.932772
vt 0.030646 0.992573
vt 0.826114 0.940641
vt 0.825303 0.931688
vt 0.830753 0.931688
vt 0.328342 0.643547
vt 0.768047 0.386349
vt 0.789894 0.390878
vt 0.787735 0.386924
vt 0.930876 0.770074
vt 0.828093 0.354399
vt 0.259294 0.932262
vt 0.257719 0.929734
vt 0.258901 0.926764
vt 0.672124 0.871726
vt 0.670878 0.871750
vt 0.672602 0.869273
vt 0.667601 0.867563
vt 0.951320 0.492051
vt 0.955166 0.484060
vt 0.956710 0.486991
vt 0.833477 0.371362
vt 0.949936 0.249791
vt 0.054369 0.433570
vt 0.273174 0.816421
vt 0.745758 0.931495
vt 0.749525 0.920071
vt 0.030507 0.833557
vt 0.024811 0.814707
vt 0.750749 0.866230
vt 0.018058 0.797443
vt 0.829672 0.891630
vt 0.826287 0.885508
vt 0.566320 0.900742
vt 0.797354 0.219009
vt 0.747745 0.624636
vt 0.747059 0.621041
vt 0.932480 0.906844
vt 0.930311 0.894149
vt 0.337722 0.488872
vt 0.334668 0.469879
vt 0.680967 0.634231
vt 0.511889 0.711744
vt 0.212514 0.689257
vt 0.927051 0.843486
vt 0.451707 0.882680
vt 0.675726 0.548677
vt 0.418674 0.887923
vt 0.458679 0.837486
vt 0.935627 0.325545
vt 0.931356 0.329688
vt 0.929375 0.333314
vt 0.617060 0.934891
vt 0.613913 0.935282
vt 0.617328 0.929372
vt 0.671331 0.892452
vt 0.925656 0.769089
vt 0.950590 0.498496
vt 0.031440 0.979408
vt 0.762693 0.473757
vt 0.954774 0.270589
vt 0.262221 0.928147
vt 0.255457 0.887025
vt 0.263319 0.877449
vt 0.929524 0.353439
vt 0.216445 0.914104
vt 0.027904 0.910024
vt 0.646158 0.436189
vt 0.207846 0.850160
vt 0.746351 0.944086
vt 0.741720 0.853287
vt 0.747965 0.857943
vt 0.931943 0.060323
vt 0.745359 0.849635
vt 0.792771 0.244135
vt 0.750079 0.629552
vt 0.352612 0.511202
vt 0.678039 0.662148
vt 0.033979 0.644431
vt 0.754300 0.604735
vt 0.751985 0.595914
vt 0.929020 0.868421
vt 0.797243 0.141646
vt 0.444710 0.878781
vt 0.451840 0.886254
vt 0.025584 0.534868
vt 0.895622 0.386192
vt 0.948468 0.501703
vt 0.771987 0.386059
vt 0.664580 0.899491
vt 0.821058 0.351173
vt 0.822300 0.346361
vt 0.258737 0.887676
vt 0.825241 0.344709
vt 0.353009 0.589219
vt 0.558249 0.859635
vt 0.819599 0.401491
vt 0.263522 0.868199
vt 0.031928 0.950529
vt 0.940690 0.214463
vt 0.332432 0.576195
vt 0.770276 0.399516
vt 0.776174 0.396544
vt 0.776174 0.405585
vt 0.202885 0.828402
vt 0.749512 0.880295
vt 0.025156 0.798014
vt 0.642425 0.900769
vt 0.365080 0.772455
vt 0.746853 0.693913
vt 0.917226 0.977992
vt 0.792938 0.259723
vt 0.573501 0.879024
vt 0.798972 0.191280
vt 0.925655 0.900768
vt 0.794936 0.173900
vt 0.513536 0.721588
vt 0.792662 0.153020
vt 0.757034 0.551538
vt 0.799178 0.109674
vt 0.856085 0.363635
vt 0.420356 0.891816
vt 0.800845 0.051819
vt 0.609303 0.937188
vt 0.604517 0.941768
vt 0.604517 0.931735
vt 0.868688 0.367928
vt 0.679880 0.897513
vt 0.932134 0.326014
vt 0.402239 0.884395
vt 0.943756 0.509857
vt 0.815504 0.350963
vt 0.790384 0.387636
vt 0.779138 0.385157
vt 0.256840 0.927027
vt 0.391331 0.879833
vt 0.931237 0.351461
vt 0.216864 0.938950
vt 0.216435 0.923576
vt 0.213973 0.885909
vt 0.743815 0.967853
vt 0.032733 0.869912
vt 0.931703 0.115682
vt 0.333181 0.889414
vt 0.327920 0.882445
vt 0.335085 0.881016
vt 0.752491 0.856964
vt 0.317425 0.876751
vt 0.316794 0.868386
vt 0.931905 0.050112
vt 0.797460 0.200313
vt 0.755380 0.612152
vt 0.029744 0.653640
vt 0.957035 0.592157
vt 0.951494 0.582519
vt 0.808107 0.090961
vt 0.944986 0.543211
vt 0.328672 0.865241
vt 0.321875 0.863490
vt 0.329693 0.859346
vt 0.339271 0.864048
vt 0.800288 0.062887
vt 0.400699 0.884251
vt 0.872140 0.363233
vt 0.873772 0.360765
vt 0.874841 0.365765
vt 0.676876 0.897697
vt 0.666155 0.893307
vt 0.038473 0.982170
vt 0.221232 0.954955
vt 0.361213 0.749121
vt 0.368359 0.750266
vt 0.365344 0.757491
vt 0.317893 0.947775
vt 0.317893 0.944216
vt 0.319932 0.946050
vt 0.947169 0.484153
vt 0.951681 0.481605
vt 0.217625 0.933912
vt 0.265542 0.851818
vt 0.217076 0.920518
vt 0.267143 0.837943
vt 0.208683 0.901191
vt 0.032661 0.926742
vt 0.209096 0.881631
vt 0.199025 0.835730
vt 0.933356 0.090805
vt 0.031964 0.822177
vt 0.641009 0.901278
vt 0.955166 0.676852
vt 0.917486 0.941751
vt 0.576639 0.881653
vt 0.754065 0.627607
vt 0.750765 0.615826
vt 0.517118 0.732611
vt 0.924816 0.855147
vt 0.923606 0.831933
vt 0.952173 0.557595
vt 0.928133 0.798199
vt 0.800752 0.075185
vt 0.413415 0.936775
vt 0.418121 0.942048
vt 0.415215 0.942806
vt 0.418121 0.933502
vt 0.430885 0.889767
vt 0.423277 0.883585
vt 0.522449 0.872987
vt 0.516367 0.872487
vt 0.520069 0.865122
vt 0.523777 0.866677
vt 0.388933 0.931118
vt 0.392957 0.941801
vt 0.388933 0.943490
vt 0.528533 0.869841
vt 0.415381 0.881663
vt 0.463120 0.831772
vt 0.035540 0.996065
vt 0.788801 0.381618
vt 0.819302 0.348420
vt 0.265412 0.882951
vt 0.946795 0.489258
vt 0.929334 0.349122
vt 0.361585 0.742322
vt 0.032685 0.944356
vt 0.036060 0.936367
vt 0.272555 0.826423
vt 0.210046 0.889761
vt 0.034250 0.915044
vt 0.752850 0.958851
vt 0.931126 0.070336
vt 0.753495 0.772827
vt 0.028834 0.806313
vt 0.582028 0.886834
vt 0.341609 0.497910
vt 0.023496 0.647597
vt 0.509104 0.725168
vt 0.020123 0.636797
vt 0.197480 0.708113
vt 0.209236 0.700969
vt 0.751998 0.567273
vt 0.759006 0.570226
vt 0.801682 0.129681
vt 0.797627 0.404986
vt 0.792067 0.401266
vt 0.797627 0.397608
vt 0.833477 0.350327
vt 0.838047 0.348773
vt 0.843486 0.351872
vt 0.858286 0.369347
vt 0.864014 0.372036
vt 0.808697 0.351387
vt 0.036730 0.993914
vt 0.670055 0.890710
vt 0.226244 0.969873
vt 0.219865 0.968825
vt 0.258809 0.894874
vt 0.948381 0.273425
vt 0.262615 0.925000
vt 0.760705 0.467119
vt 0.393847 0.879906
vt 0.947810 0.493162
vt 0.349235 0.586153
vt 0.920519 0.753484
vt 0.945059 0.259942
vt 0.890570 0.362830
vt 0.889455 0.360372
vt 0.890570 0.357934
vt 0.566505 0.855997
vt 0.033188 0.964280
vt 0.035965 0.952008
vt 0.935027 0.218546
vt 0.929438 0.154994
vt 0.751437 0.708280
vt 0.751266 0.721835
vt 0.737889 0.722847
vt 0.039603 0.850344
vt 0.927829 0.108875
vt 0.752475 0.758391
vt 0.029454 0.800055
vt 0.320502 0.881085
vt 0.759369 0.678916
vt 0.756131 0.638382
vt 0.255473 0.899874
vt 0.249623 0.906766
vt 0.251597 0.899393
vt 0.753775 0.624649
vt 0.887836 0.390894
vt 0.684816 0.660636
vt 0.689158 0.650581
vt 0.496483 0.719827
vt 0.921323 0.870317
vt 0.948342 0.598703
vt 0.823115 0.915811
vt 0.823115 0.902267
vt 0.350802 0.921225
vt 0.345222 0.914616
vt 0.350793 0.917080
vt 0.943883 0.523163
vt 0.590355 0.942950
vt 0.592278 0.934333
vt 0.593962 0.939833
vt 0.903248 0.387896
vt 0.409789 0.881770
vt 0.803963 0.343038
vt 0.404796 0.881370
vt 0.762005 0.382609
vt 0.552869 0.909080
vt 0.944667 0.500394
vt 0.674932 0.889690
vt 0.441070 0.938739
vt 0.436800 0.941945
vt 0.436800 0.929603
vt 0.764620 0.375671
vt 0.922943 0.763255
vt 0.946577 0.492836
vt 0.819574 0.344954
vt 0.277902 0.945248
vt 0.280162 0.943525
vt 0.280162 0.948348
vt 0.764674 0.461893
vt 0.935444 0.233630
vt 0.326860 0.938166
vt 0.323214 0.944863
vt 0.323214 0.935635
vt 0.270980 0.833033
vt 0.038212 0.897822
vt 0.754927 0.728329
vt 0.035117 0.829109
vt 0.324766 0.887722
vt 0.928590 0.054490
vt 0.917518 0.967409
vt 0.762662 0.654742
vt 0.879492 0.388081
vt 0.800561 0.170735
vt 0.802166 0.158503
vt 0.315057 0.860411
vt 0.315437 0.854090
vt 0.513186 0.863214
vt 0.533018 0.865683
vt 0.919786 0.780259
vt 0.457858 0.926620
vt 0.555971 0.903179
vt 0.401939 0.878698
vt 0.668632 0.887909
vt 0.765407 0.476559
vt 0.922226 0.768111
vt 0.257722 0.922103
vt 0.824736 0.405188
vt 0.824736 0.402858
vt 0.825546 0.403835
vt 0.674169 0.858790
vt 0.674922 0.866491
vt 0.675475 0.861480
vt 0.035542 0.971592
vt 0.948346 0.308083
vt 0.946433 0.305539
vt 0.948346 0.301413
vt 0.943958 0.488578
vt 0.927422 0.744003
vt 0.274793 0.854551
vt 0.035486 0.943411
vt 0.937489 0.201846
vt 0.038679 0.882775
vt 0.757969 0.943306
vt 0.926569 0.128828
vt 0.926836 0.086281
vt 0.755220 0.862782
vt 0.757043 0.691348
vt 0.333798 0.795022
vt 0.255473 0.914985
vt 0.354013 0.512724
vt 0.920464 0.905890
vt 0.761651 0.621903
vt 0.950348 0.610523
vt 0.764358 0.546230
vt 0.709051 0.831108
vt 0.706785 0.824465
vt 0.709051 0.822222
vt 0.459108 0.892012
vt 0.433542 0.881298
vt 0.593962 0.944890
vt 0.812047 0.057263
vt 0.810768 0.052965
vt 0.871657 0.373382
vt 0.464512 0.834106
vt 0.679019 0.887773
vt 0.812513 0.346947
vt 0.790701 0.381853
vt 0.217312 0.959351
vt 0.759537 0.467433
vt 0.763779 0.469383
vt 0.259796 0.918953
vt 0.509422 0.902493
vt 0.511477 0.899380
vt 0.511819 0.904057
vt 0.946824 0.301868
vt 0.368159 0.465937
vt 0.362172 0.458269
vt 0.368266 0.456078
vt 0.277146 0.867978
vt 0.847496 0.776999
vt 0.848419 0.779639
vt 0.846178 0.783638
vt 0.561058 0.856771
vt 0.273604 0.843743
vt 0.039328 0.929023
vt 0.751726 0.894321
vt 0.033238 0.814406
vt 0.756111 0.765338
vt 0.340796 0.507447
vt 0.804767 0.137125
vt 0.917332 0.818002
vt 0.459566 0.888349
vt 0.433451 0.889565
vt 0.324465 0.855874
vt 0.407915 0.874440
vt 0.874609 0.375877
vt 0.508801 0.905787
vt 0.313368 0.927416
vt 0.309853 0.928322
vt 0.311185 0.923855
vt 0.943527 0.390433
vt 0.943527 0.382572
vt 0.946534 0.384300
vt 0.261893 0.920959
vt 0.846178 0.811325
vt 0.846178 0.801546
vt 0.848732 0.808570
vt 0.308379 0.926302
vt 0.217058 0.952830
vt 0.850405 0.376284
vt 0.767635 0.467421
vt 0.820179 0.339854
vt 0.668502 0.860897
vt 0.950391 0.484797
vt 0.944507 0.487546
vt 0.946999 0.484196
vt 0.839969 0.400269
vt 0.839969 0.405207
vt 0.835158 0.402263
vt 0.364798 0.472503
vt 0.361247 0.470047
vt 0.837169 0.374342
vt 0.386898 0.872848
vt 0.367813 0.734212
vt 0.360163 0.730246
vt 0.039450 0.941364
vt 0.209009 0.909211
vt 0.758127 0.717206
vt 0.762767 0.770795
vt 0.363997 0.765924
vt 0.951402 0.693588
vt 0.680865 0.666579
vt 0.184240 0.715089
vt 0.189304 0.714746
vt 0.920146 0.879386
vt 0.757890 0.578531
vt 0.805296 0.147863
vt 0.768157 0.493061
vt 0.530883 0.862270
vt 0.533253 0.863002
vt 0.337922 0.855016
vt 0.918266 0.771210
vt 0.900341 0.390989
vt 0.831932 0.379818
vt 0.828971 0.376343
vt 0.831741 0.369526
vt 0.453757 0.921060
vt 0.932980 0.317214
vt 0.773943 0.377088
vt 0.845641 0.402046
vt 0.841335 0.405207
vt 0.841335 0.399816
vt 0.945935 0.381009
vt 0.941775 0.492147
vt 0.697764 0.946874
vt 0.700343 0.942240
vt 0.701140 0.946874
vt 0.396399 0.876616
vt 0.280131 0.875322
vt 0.270429 0.920800
vt 0.271588 0.918040
vt 0.271588 0.922019
vt 0.768008 0.456095
vt 0.848419 0.789131
vt 0.043059 0.919736
vt 0.204373 0.884056
vt 0.197393 0.857857
vt 0.041188 0.859427
vt 0.043435 0.841827
vt 0.756837 0.876345
vt 0.758494 0.882574
vt 0.332826 0.896422
vt 0.434315 0.937986
vt 0.429355 0.943118
vt 0.429355 0.937162
vt 0.515431 0.882443
vt 0.516009 0.881133
vt 0.519955 0.889323
vt 0.367672 0.765166
vt 0.804976 0.247655
vt 0.693531 0.653619
vt 0.509238 0.732417
vt 0.805914 0.167284
vt 0.915134 0.867998
vt 0.917432 0.791514
vt 0.812088 0.068294
vt 0.349617 0.909390
vt 0.419919 0.884209
vt 0.419957 0.875458
vt 0.861748 0.377122
vt 0.469307 0.831825
vt 0.464731 0.829605
vt 0.403764 0.871241
vt 0.614399 0.925805
vt 0.672676 0.886662
vt 0.353864 0.583595
vt 0.664580 0.856677
vt 0.664829 0.859881
vt 0.937072 0.251310
vt 0.211432 0.927773
vt 0.198750 0.874834
vt 0.928989 0.191899
vt 0.755342 0.900730
vt 0.757972 0.746953
vt 0.315057 0.882954
vt 0.922951 0.056643
vt 0.834259 0.893251
vt 0.835842 0.891430
vt 0.559493 0.909204
vt 0.574456 0.885357
vt 0.504397 0.928695
vt 0.506464 0.919128
vt 0.508578 0.927389
vt 0.758927 0.629498
vt 0.923224 0.886354
vt 0.807221 0.114742
vt 0.769087 0.513684
vt 0.526070 0.860465
vt 0.843482 0.345619
vt 0.840117 0.340717
vt 0.935734 0.514276
vt 0.536314 0.862616
vt 0.414589 0.874925
vt 0.870085 0.379412
vt 0.895007 0.396929
vt 0.411726 0.872387
vt 0.458357 0.918512
vt 0.474380 0.830340
vt 0.214320 0.964191
vt 0.214892 0.970334
vt 0.810253 0.342171
vt 0.943054 0.496653
vt 0.947465 0.497155
vt 0.511819 0.910004
vt 0.257581 0.917096
vt 0.848689 0.803661
vt 0.676062 0.856451
vt 0.212948 0.956160
vt 0.465060 0.942732
vt 0.468300 0.947416
vt 0.464995 0.947416
vt 0.941396 0.482264
vt 0.212125 0.946975
vt 0.213493 0.941366
vt 0.945910 0.481125
vt 0.918555 0.748675
vt 0.042778 0.967510
vt 0.378415 0.871868
vt 0.043259 0.960981
vt 0.038662 0.955246
vt 0.367608 0.721707
vt 0.360071 0.719944
vt 0.205261 0.917109
vt 0.042114 0.931699
vt 0.277386 0.825992
vt 0.925179 0.173874
vt 0.189926 0.847289
vt 0.041421 0.865341
vt 0.760183 0.734991
vt 0.327440 0.894329
vt 0.923742 0.064962
vt 0.758537 0.865786
vt 0.806193 0.940519
vt 0.809328 0.934910
vt 0.809328 0.945937
vt 0.922715 0.059167
vt 0.765784 0.670270
vt 0.250010 0.914900
vt 0.767982 0.618906
vt 0.806712 0.175479
vt 0.919151 0.851898
vt 0.765518 0.564386
vt 0.766466 0.532393
vt 0.356935 0.778417
vt 0.353497 0.779360
vt 0.350264 0.774361
vt 0.521854 0.859363
vt 0.775161 0.478664
vt 0.936431 0.315623
vt 0.044879 0.993058
vt 0.615761 0.921465
vt 0.418121 0.945743
vt 0.416047 0.946049
vt 0.415777 0.944173
vt 0.213781 0.959662
vt 0.670734 0.851477
vt 0.770405 0.454714
vt 0.361424 0.451135
vt 0.367698 0.444432
vt 0.282337 0.831416
vt 0.202759 0.898319
vt 0.282810 0.805797
vt 0.925522 0.093665
vt 0.761593 0.889359
vt 0.518251 0.891801
vt 0.759933 0.645242
vt 0.910804 0.931969
vt 0.920289 0.917377
vt 0.808023 0.207826
vt 0.879036 0.395689
vt 0.686126 0.669132
vt 0.507361 0.740457
vt 0.013992 0.642846
vt 0.203567 0.716809
vt 0.915732 0.830542
vt 0.849784 0.349371
vt 0.317022 0.846394
vt 0.426635 0.877911
vt 0.525360 0.858371
vt 0.300148 0.935054
vt 0.296237 0.927328
vt 0.299780 0.927369
vt 0.348467 0.905704
vt 0.538230 0.858275
vt 0.828971 0.380629
vt 0.767705 0.369526
vt 0.787841 0.376450
vt 0.939744 0.274156
vt 0.767964 0.470143
vt 0.874598 0.395912
vt 0.874106 0.399720
vt 0.871661 0.397421
vt 0.766660 0.468294
vt 0.312032 0.932387
vt 0.046767 0.977815
vt 0.049378 0.989930
vt 0.391945 0.871601
vt 0.349783 0.578834
vt 0.939369 0.487920
vt 0.662256 0.923455
vt 0.659482 0.919425
vt 0.663213 0.920308
vt 0.209715 0.934557
vt 0.932591 0.242466
vt 0.041749 0.942438
vt 0.043137 0.946240
vt 0.044916 0.906804
vt 0.927720 0.143294
vt 0.042004 0.832489
vt 0.759186 0.758160
vt 0.035953 0.804489
vt 0.319583 0.891039
vt 0.254985 0.920709
vt 0.757806 0.634842
vt 0.804391 0.191323
vt 0.693773 0.672805
vt 0.920457 0.899052
vt 0.758453 0.601376
vt 0.762520 0.606513
vt 0.504666 0.733974
vt 0.942319 0.616770
vt 0.939338 0.583656
vt 0.941038 0.565220
vt 0.464393 0.891619
vt 0.325243 0.852212
vt 0.423407 0.875893
vt 0.530565 0.854311
vt 0.534546 0.857847
vt 0.899256 0.395749
vt 0.421427 0.940950
vt 0.419487 0.937429
vt 0.421427 0.935554
vt 0.277902 0.936901
vt 0.280474 0.936409
vt 0.279322 0.942159
vt 0.455910 0.916803
vt 0.892200 0.392760
vt 0.046594 0.994766
vt 0.936840 0.501654
vt 0.937225 0.497068
vt 0.400789 0.868771
vt 0.779138 0.379383
vt 0.937963 0.493845
vt 0.938481 0.483496
vt 0.826222 0.337255
vt 0.935848 0.261735
vt 0.665576 0.852487
vt 0.385620 0.867688
vt 0.361664 0.445467
vt 0.199635 0.888101
vt 0.757766 0.968330
vt 0.192252 0.830335
vt 0.761541 0.921452
vt 0.919002 0.121428
vt 0.514008 0.887266
vt 0.514078 0.891610
vt 0.124366 0.812615
vt 0.804109 0.260543
vt 0.804612 0.225643
vt 0.019387 0.653256
vt 0.512331 0.746949
vt 0.698454 0.660346
vt 0.912774 0.891652
vt 0.914381 0.882624
vt 0.708010 0.814564
vt 0.467764 0.897188
vt 0.704057 0.885671
vt 0.699169 0.881479
vt 0.702652 0.877080
vt 0.341779 0.906016
vt 0.911435 0.774730
vt 0.830714 0.383519
vt 0.676686 0.879775
vt 0.772868 0.470861
vt 0.935205 0.270766
vt 0.871313 0.400946
vt 0.940527 0.493856
vt 0.308379 0.933294
vt 0.842586 0.382318
vt 0.618754 0.938443
vt 0.622401 0.938443
vt 0.621671 0.944130
vt 0.389915 0.869419
vt 0.776558 0.459039
vt 0.363209 0.439057
vt 0.283110 0.839353
vt 0.360688 0.710588
vt 0.282746 0.814219
vt 0.753635 0.973410
vt 0.921220 0.149973
vt 0.761776 0.705289
vt 0.760163 0.932902
vt 0.749883 0.390160
vt 0.759021 0.384583
vt 0.759901 0.397403
vt 0.039329 0.820509
vt 0.315448 0.892882
vt 0.952114 0.705476
vt 0.353856 0.521577
vt 0.345853 0.520729
vt 0.709051 0.849225
vt 0.706134 0.858829
vt 0.706134 0.849064
vt 0.761019 0.637943
vt 0.336928 0.507333
vt 0.495008 0.730034
vt 0.768806 0.588762
vt 0.770337 0.557427
vt 0.814463 0.101677
vt 0.516005 0.856359
vt 0.435102 0.876370
vt 0.788882 0.939316
vt 0.785906 0.931941
vt 0.788882 0.929048
vt 0.910319 0.786484
vt 0.845195 0.338109
vt 0.333386 0.845561
vt 0.889455 0.398983
vt 0.613913 0.917097
vt 0.917617 0.767884
vt 0.784098 0.372767
vt 0.209324 0.960132
vt 0.372215 0.936093
vt 0.370970 0.929540
vt 0.374150 0.929479
vt 0.676823 0.851956
vt 0.206585 0.953825
vt 0.477687 0.947373
vt 0.474943 0.944735
vt 0.477687 0.944081
vt 0.351926 0.575666
vt 0.685411 0.941110
vt 0.687340 0.945847
vt 0.685411 0.947776
vt 0.043565 0.893250
vt 0.915688 0.109784
vt 0.764876 0.867705
vt 0.839226 0.941683
vt 0.842657 0.936697
vt 0.842657 0.945465
vt 0.323929 0.895682
vt 0.039505 0.801487
vt 0.359815 0.758858
vt 0.846178 0.755539
vt 0.848223 0.752455
vt 0.847075 0.759941
vt 0.907878 0.964705
vt 0.814918 0.241782
vt 0.573841 0.893101
vt 0.509249 0.931782
vt 0.695685 0.665403
vt 0.914585 0.893625
vt 0.941049 0.603338
vt 0.816958 0.081039
vt 0.347980 0.767887
vt 0.840562 0.336484
vt 0.414106 0.870856
vt 0.788234 0.943872
vt 0.788234 0.947117
vt 0.785906 0.945088
vt 0.420252 0.933502
vt 0.787964 0.940683
vt 0.479101 0.834130
vt 0.673837 0.881003
vt 0.773245 0.371333
vt 0.265189 0.890680
vt 0.277615 0.885687
vt 0.256840 0.913459
vt 0.415777 0.947934
vt 0.850072 0.382167
vt 0.392728 0.868607
vt 0.475637 0.947346
vt 0.205384 0.944969
vt 0.663161 0.916110
vt 0.657645 0.916872
vt 0.052805 0.954920
vt 0.367642 0.433213
vt 0.362804 0.431417
vt 0.367968 0.709596
vt 0.925945 0.207133
vt 0.046025 0.922082
vt 0.763886 0.953264
vt 0.919544 0.133040
vt 0.764992 0.878891
vt 0.039165 0.810795
vt 0.521228 0.895051
vt 0.566176 0.909781
vt 0.253075 0.925900
vt 0.504397 0.937248
vt 0.811681 0.169043
vt 0.934988 0.536067
vt 0.684982 0.905006
vt 0.687378 0.908680
vt 0.687391 0.918624
vt 0.470296 0.893980
vt 0.856544 0.341307
vt 0.326047 0.847571
vt 0.327624 0.846909
vt 0.698996 0.875778
vt 0.425746 0.871099
vt 0.704756 0.869473
vt 0.704550 0.877969
vt 0.295671 0.919430
vt 0.347826 0.901621
vt 0.540213 0.854204
vt 0.865638 0.384002
vt 0.819200 0.052163
vt 0.896643 0.399490
vt 0.909334 0.769155
vt 0.708945 0.885328
vt 0.706151 0.882387
vt 0.709021 0.882387
vt 0.277902 0.934356
vt 0.680354 0.881689
vt 0.205546 0.970673
vt 0.913417 0.763174
vt 0.935738 0.273749
vt 0.872170 0.404847
vt 0.874598 0.404956
vt 0.678181 0.852743
vt 0.421847 0.917395
vt 0.424812 0.918415
vt 0.421847 0.920367
vt 0.866727 0.405051
vt 0.932298 0.491188
vt 0.667351 0.849225
vt 0.820864 0.332760
vt 0.207326 0.929102
vt 0.206404 0.922782
vt 0.202263 0.918701
vt 0.202653 0.915468
vt 0.200817 0.908652
vt 0.047169 0.934169
vt 0.045384 0.929937
vt 0.362704 0.701484
vt 0.919148 0.164939
vt 0.765376 0.907954
vt 0.766869 0.894475
vt 0.763856 0.751588
vt 0.328476 0.900416
vt 0.918743 0.081535
vt 0.320112 0.895411
vt 0.767842 0.632757
vt 0.910390 0.918008
vt 0.813928 0.137917
vt 0.771005 0.583429
vt 0.813366 0.128119
vt 0.822245 0.117094
vt 0.905541 0.800378
vt 0.436477 0.870412
vt 0.526709 0.849525
vt 0.527126 0.855971
vt 0.405935 0.944330
vt 0.409187 0.941872
vt 0.408373 0.946141
vt 0.935022 0.307249
vt 0.933966 0.309470
vt 0.872912 0.382683
vt 0.311335 0.937250
vt 0.912923 0.753756
vt 0.393177 0.866204
vt 0.370515 0.926571
vt 0.385384 0.862687
vt 0.817349 0.338228
vt 0.624991 0.942515
vt 0.629293 0.939355
vt 0.629293 0.943765
vt 0.658503 0.914193
vt 0.383335 0.868514
vt 0.562872 0.849005
vt 0.930273 0.250671
vt 0.195080 0.919395
vt 0.050642 0.940970
vt 0.927780 0.229281
vt 0.286929 0.831598
vt 0.193586 0.895328
vt 0.289091 0.823694
vt 0.922725 0.199939
vt 0.192137 0.870388
vt 0.765774 0.717186
vt 0.044857 0.828543
vt 0.917987 0.068943
vt 0.767156 0.646789
vt 0.808037 0.215416
vt 0.195612 0.724646
vt 0.911416 0.859294
vt 0.911473 0.842620
vt 0.516692 0.849321
vt 0.848954 0.336953
vt 0.276786 0.932989
vt 0.274921 0.927633
vt 0.279457 0.922327
vt 0.698781 0.867743
vt 0.702922 0.866810
vt 0.339756 0.898407
vt 0.343769 0.900064
vt 0.536788 0.850437
vt 0.875177 0.381988
vt 0.405447 0.865488
vt 0.675262 0.878560
vt 0.615441 0.917475
vt 0.781858 0.369526
vt 0.053185 0.978920
vt 0.376310 0.928715
vt 0.375850 0.926207
vt 0.932614 0.482391
vt 0.660965 0.911125
vt 0.833894 0.386746
vt 0.285215 0.849695
vt 0.366511 0.424382
vt 0.299032 0.817434
vt 0.188359 0.839669
vt 0.515213 0.899126
vt 0.813698 0.197855
vt 0.340934 0.518060
vt 0.017224 0.660284
vt 0.007311 0.651992
vt 0.930264 0.544470
vt 0.928505 0.526170
vt 0.781353 0.509068
vt 0.530031 0.851014
vt 0.821109 0.059101
vt 0.649226 0.941757
vt 0.644021 0.942634
vt 0.644021 0.936699
vt 0.895329 0.401561
vt 0.401990 0.866357
vt 0.548652 0.897087
vt 0.552800 0.895203
vt 0.266619 0.939839
vt 0.264764 0.938177
vt 0.267811 0.937682
vt 0.263981 0.935469
vt 0.440311 0.943312
vt 0.439840 0.947008
vt 0.436800 0.943312
vt 0.704342 0.943404
vt 0.707925 0.943094
vt 0.707925 0.946746
vt 0.371286 0.923488
vt 0.663205 0.912854
vt 0.659227 0.911210
vt 0.656865 0.910983
vt 0.198230 0.911157
vt 0.199335 0.909527
vt 0.362019 0.425193
vt 0.368359 0.696525
vt 0.188038 0.855995
vt 0.049615 0.875858
vt 0.765018 0.933121
vt 0.917467 0.091428
vt 0.753045 0.395476
vt 0.741042 0.391665
vt 0.768023 0.761446
vt 0.917836 0.059886
vt 0.045916 0.804396
vt 0.129866 0.816293
vt 0.566125 0.916672
vt 0.906984 0.977745
vt 0.902755 0.949169
vt 0.189582 0.721422
vt 0.815140 0.181106
vt 0.907927 0.891937
vt 0.767108 0.594448
vt 0.772751 0.579003
vt 0.930274 0.567743
vt 0.476683 0.898014
vt 0.695640 0.871138
vt 0.842358 0.332790
vt 0.418740 0.867488
vt 0.340663 0.851824
vt 0.408151 0.937464
vt 0.408049 0.861721
vt 0.802523 0.333645
vt 0.679486 0.877883
vt 0.054653 0.993086
vt 0.803788 0.941764
vt 0.800568 0.936990
vt 0.803788 0.936202
vt 0.932954 0.497274
vt 0.674654 0.876842
vt 0.483762 0.945760
vt 0.483762 0.941443
vt 0.485455 0.945279
vt 0.681689 0.849975
vt 0.823369 0.405027
vt 0.821771 0.405027
vt 0.823344 0.402858
vt 0.935566 0.496001
vt 0.664580 0.928246
vt 0.670066 0.927507
vt 0.670712 0.930513
vt 0.668055 0.923162
vt 0.670280 0.924113
vt 0.358494 0.575048
vt 0.671189 0.844020
vt 0.931234 0.268273
vt 0.348679 0.567711
vt 0.199613 0.946000
vt 0.556751 0.844903
vt 0.829467 0.398434
vt 0.828971 0.392046
vt 0.832024 0.393943
vt 0.366292 0.939594
vt 0.368542 0.934192
vt 0.368542 0.943925
vt 0.928145 0.260625
vt 0.195653 0.938767
vt 0.049308 0.923029
vt 0.919473 0.210046
vt 0.050429 0.916342
vt 0.049251 0.912937
vt 0.052132 0.861784
vt 0.052252 0.851103
vt 0.766395 0.746670
vt 0.334320 0.905549
vt 0.045673 0.818367
vt 0.844812 0.899065
vt 0.941072 0.686492
vt 0.772384 0.642614
vt 0.705415 0.672997
vt 0.903567 0.880219
vt 0.936153 0.617440
vt 0.815895 0.152609
vt 0.775062 0.554056
vt 0.906625 0.827278
vt 0.342787 0.763352
vt 0.432985 0.862732
vt 0.421593 0.865810
vt 0.300148 0.917307
vt 0.412194 0.863987
vt 0.542511 0.852491
vt 0.799725 0.944251
vt 0.799574 0.939480
vt 0.891218 0.400997
vt 0.852374 0.385025
vt 0.852818 0.389028
vt 0.850709 0.388527
vt 0.269943 0.938297
vt 0.399680 0.863511
vt 0.263981 0.941595
vt 0.783770 0.470105
vt 0.350601 0.566939
vt 0.289409 0.876432
vt 0.841716 0.386744
vt 0.911953 0.749126
vt 0.818523 0.331534
vt 0.820771 0.326173
vt 0.364382 0.939758
vt 0.780284 0.455537
vt 0.051574 0.969533
vt 0.915870 0.182909
vt 0.051896 0.889684
vt 0.766148 0.965692
vt 0.768911 0.920611
vt 0.771735 0.729883
vt 0.913134 0.062710
vt 0.892107 0.359874
vt 0.894153 0.352442
vt 0.895897 0.352619
vt 0.846178 0.745378
vt 0.848311 0.724800
vt 0.847505 0.730469
vt 0.846178 0.723584
vt 0.946575 0.670246
vt 0.815233 0.201697
vt 0.770951 0.628472
vt 0.887363 0.404457
vt 0.904114 0.915405
vt 0.000683 0.661989
vt 0.907859 0.903959
vt 0.342957 0.766534
vt 0.323277 0.840066
vt 0.787141 0.487563
vt 0.847132 0.332440
vt 0.341556 0.843793
vt 0.531987 0.851417
vt 0.536630 0.846251
vt 0.405935 0.933807
vt 0.891716 0.404457
vt 0.871870 0.385818
vt 0.930016 0.498184
vt 0.843979 0.388495
vt 0.553825 0.895597
vt 0.554470 0.889035
vt 0.682284 0.844131
vt 0.928719 0.496038
vt 0.202990 0.969589
vt 0.200543 0.955615
vt 0.929981 0.276481
vt 0.374010 0.920428
vt 0.669411 0.843346
vt 0.663213 0.906976
vt 0.827117 0.326235
vt 0.364531 0.933685
vt 0.832024 0.388510
vt 0.194470 0.903670
vt 0.361247 0.418901
vt 0.192242 0.891560
vt 0.364626 0.692782
vt 0.053753 0.906848
vt 0.767292 0.947758
vt 0.047139 0.816359
vt 0.904315 0.979754
vt 0.939489 0.700761
vt 0.905166 0.924411
vt 0.336067 0.519702
vt 0.188550 0.736149
vt 0.811140 0.183620
vt 0.903189 0.848861
vt 0.905411 0.812754
vt 0.780045 0.530871
vt 0.685927 0.901752
vt 0.328200 0.842862
vt 0.844185 0.331286
vt 0.918711 0.352774
vt 0.915604 0.358137
vt 0.915604 0.350020
vt 0.410704 0.866008
vt 0.657191 0.937701
vt 0.660325 0.937832
vt 0.657191 0.944328
vt 0.873935 0.385370
vt 0.369917 0.947854
vt 0.369917 0.943417
vt 0.371479 0.945079
vt 0.596083 0.904456
vt 0.595329 0.894468
vt 0.601111 0.899961
vt 0.677380 0.873116
vt 0.635690 0.937881
vt 0.637236 0.936269
vt 0.636016 0.940722
vt 0.469708 0.942404
vt 0.471489 0.942241
vt 0.471489 0.946677
vt 0.413415 0.931014
vt 0.413415 0.924413
vt 0.416894 0.932135
vt 0.678969 0.839928
vt 0.393225 0.861844
vt 0.905738 0.760169
vt 0.375930 0.921838
vt 0.798207 0.938862
vt 0.796046 0.940086
vt 0.796046 0.936202
vt 0.926596 0.483659
vt 0.286605 0.861316
vt 0.055311 0.944539
vt 0.055487 0.926187
vt 0.190357 0.912910
vt 0.916892 0.219749
vt 0.363939 0.410460
vt 0.911707 0.151988
vt 0.907064 0.073971
vt 0.774119 0.680723
vt 0.816644 0.261794
vt 0.557665 0.924168
vt 0.342312 0.524039
vt 0.768693 0.605425
vt 0.773593 0.600951
vt 0.903205 0.871740
vt 0.821149 0.064809
vt 0.857988 0.335572
vt 0.849596 0.334899
vt 0.349417 0.899458
vt 0.348397 0.896428
vt 0.698733 0.864916
vt 0.482612 0.830276
vt 0.680748 0.874608
vt 0.054957 0.990056
vt 0.420154 0.927518
vt 0.921388 0.280400
vt 0.463074 0.944599
vt 0.459713 0.945583
vt 0.459893 0.940072
vt 0.909607 0.753809
vt 0.659041 0.905751
vt 0.560447 0.841485
vt 0.290847 0.835566
vt 0.365542 0.687183
vt 0.295928 0.808727
vt 0.286849 0.799876
vt 0.324737 0.912272
vt 0.341753 0.922592
vt 0.341753 0.929385
vt 0.336452 0.929134
vt 0.317552 0.901167
vt 0.813461 0.227530
vt 0.937743 0.670001
vt 0.939526 0.662423
vt 0.950778 0.660274
vt 0.509450 0.756505
vt 0.776639 0.615336
vt 0.499919 0.749802
vt 0.823804 0.091467
vt 0.695671 0.868698
vt 0.923811 0.508544
vt 0.350707 0.897042
vt 0.415934 0.859976
vt 0.339270 0.838578
vt 0.904645 0.770090
vt 0.871685 0.389215
vt 0.404908 0.858236
vt 0.403269 0.865744
vt 0.552164 0.886194
vt 0.414617 0.922800
vt 0.392421 0.856386
vt 0.371825 0.913277
vt 0.670712 0.912778
vt 0.595329 0.943547
vt 0.597881 0.946826
vt 0.595329 0.947819
vt 0.054187 0.963728
vt 0.919598 0.244561
vt 0.909004 0.136904
vt 0.776987 0.705209
vt 0.555975 0.009566
vt 0.545511 0.000797
vt 0.556267 0.000683
vt 0.774494 0.872393
vt 0.329955 0.910360
vt 0.520423 0.906368
vt 0.521750 0.900994
vt 0.545427 0.942656
vt 0.545427 0.929675
vt 0.549364 0.934429
vt 0.940990 0.651006
vt 0.902500 0.905630
vt 0.935082 0.604072
vt 0.929990 0.587743
vt 0.895940 0.839218
vt 0.780404 0.545164
vt 0.824740 0.074927
vt 0.530595 0.845324
vt 0.272954 0.924032
vt 0.848297 0.330783
vt 0.402042 0.946279
vt 0.402042 0.939325
vt 0.404450 0.943046
vt 0.511808 0.920791
vt 0.510616 0.923278
vt 0.510616 0.919128
vt 0.268641 0.944225
vt 0.270837 0.942962
vt 0.270837 0.948299
vt 0.702231 0.859779
vt 0.540920 0.842538
vt 0.546228 0.849441
vt 0.601689 0.905047
vt 0.682834 0.850547
vt 0.687391 0.844191
vt 0.613781 0.938512
vt 0.617328 0.936649
vt 0.617328 0.945387
vt 0.848660 0.392741
vt 0.056468 0.983120
vt 0.375259 0.916352
vt 0.837577 0.393088
vt 0.056775 0.978887
vt 0.189241 0.893592
vt 0.186098 0.885681
vt 0.180707 0.881709
vt 0.295211 0.797443
vt 0.772987 0.720640
vt 0.751034 0.379675
vt 0.759901 0.375653
vt 0.773884 0.737487
vt 0.674595 0.056263
vt 0.666410 0.061892
vt 0.665952 0.049686
vt 0.894615 0.978964
vt 0.136925 0.817447
vt 0.767115 0.691892
vt 0.820429 0.209461
vt 0.571958 0.938492
vt 0.567687 0.935826
vt 0.570999 0.930118
vt 0.336558 0.523547
vt 0.817777 0.193151
vt 0.902095 0.913014
vt 0.774912 0.593618
vt 0.776376 0.576665
vt 0.778087 0.583874
vt 0.854389 0.328502
vt 0.424414 0.862761
vt 0.272954 0.918040
vt 0.693868 0.865847
vt 0.299967 0.913480
vt 0.341254 0.887346
vt 0.549489 0.839723
vt 0.550713 0.844811
vt 0.684318 0.838610
vt 0.854718 0.389346
vt 0.668723 0.912393
vt 0.373997 0.915136
vt 0.196926 0.952045
vt 0.565293 0.842175
vt 0.830634 0.384885
vt 0.564453 0.845757
vt 0.568476 0.846465
vt 0.056053 0.954746
vt 0.054631 0.921065
vt 0.056045 0.910358
vt 0.914164 0.191180
vt 0.775854 0.911342
vt 0.776315 0.758537
vt 0.658329 0.056330
vt 0.740750 0.382304
vt 0.907761 0.087965
vt 0.907825 0.080834
vt 0.657154 0.046448
vt 0.664210 0.042030
vt 0.054575 0.827693
vt 0.945826 0.360343
vt 0.945826 0.368741
vt 0.943646 0.365842
vt 0.776044 0.660838
vt 0.823077 0.162779
vt 0.777577 0.592187
vt 0.685286 0.894051
vt 0.517494 0.841431
vt 0.524490 0.840899
vt 0.330673 0.837106
vt 0.900090 0.780009
vt 0.844175 0.327504
vt 0.845343 0.321819
vt 0.402042 0.930509
vt 0.404162 0.930317
vt 0.403534 0.937959
vt 0.417159 0.860725
vt 0.420033 0.861918
vt 0.347545 0.892877
vt 0.700968 0.854320
vt 0.870940 0.394546
vt 0.932182 0.302997
vt 0.346824 0.840522
vt 0.344194 0.847054
vt 0.481534 0.833789
vt 0.187240 0.902503
vt 0.181891 0.866281
vt 0.177519 0.846784
vt 0.063218 0.055220
vt 0.073000 0.061608
vt 0.059249 0.064889
vt 0.895811 0.965853
vt 0.778735 0.634112
vt 0.777697 0.625638
vt 0.777611 0.603853
vt 0.826282 0.104457
vt 0.333557 0.838322
vt 0.408987 0.857768
vt 0.061153 0.992024
vt 0.060176 0.990502
vt 0.848657 0.878014
vt 0.846645 0.872972
vt 0.848657 0.870551
vt 0.195294 0.965325
vt 0.674523 0.837787
vt 0.925430 0.496147
vt 0.398036 0.857380
vt 0.923657 0.270319
vt 0.671235 0.839096
vt 0.796749 0.944743
vt 0.391452 0.860512
vt 0.390012 0.855112
vt 0.924026 0.482916
vt 0.927842 0.481337
vt 0.816713 0.318048
vt 0.701835 0.927605
vt 0.697764 0.911478
vt 0.707518 0.914111
vt 0.292712 0.851009
vt 0.919110 0.232270
vt 0.292152 0.845433
vt 0.058020 0.931336
vt 0.315057 0.933542
vt 0.315980 0.922317
vt 0.321848 0.931170
vt 0.295816 0.825119
vt 0.912998 0.197141
vt 0.060292 0.878611
vt 0.773126 0.936401
vt 0.774143 0.887870
vt 0.561704 0.006768
vt 0.907475 0.068112
vt 0.320278 0.906262
vt 0.814123 0.944619
vt 0.810695 0.940404
vt 0.814123 0.934910
vt 0.848311 0.715638
vt 0.899331 0.925653
vt 0.333798 0.526296
vt 0.824792 0.175083
vt 0.782309 0.560688
vt 0.922501 0.549874
vt 0.844447 0.323259
vt 0.337859 0.892185
vt 0.336452 0.886395
vt 0.539571 0.841604
vt 0.543846 0.836283
vt 0.488382 0.829475
vt 0.405392 0.856556
vt 0.890630 0.350005
vt 0.890630 0.356567
vt 0.889455 0.350297
vt 0.635690 0.933051
vt 0.470992 0.939010
vt 0.359529 0.562410
vt 0.364229 0.569006
vt 0.904217 0.764417
vt 0.555612 0.881133
vt 0.545427 0.885116
vt 0.418756 0.917395
vt 0.190825 0.957817
vt 0.463074 0.937218
vt 0.898691 0.747285
vt 0.563041 0.838764
vt 0.699349 0.902847
vt 0.190842 0.925713
vt 0.914427 0.206073
vt 0.064195 0.907509
vt 0.062246 0.887826
vt 0.177903 0.835973
vt 0.764664 0.697723
vt 0.904854 0.130069
vt 0.056743 0.822025
vt 0.910194 0.064900
vt 0.774837 0.690740
vt 0.566320 0.927753
vt 0.784532 0.649385
vt 0.933096 0.649266
vt 0.933351 0.645334
vt 0.931145 0.611590
vt 0.341296 0.757533
vt 0.481071 0.895082
vt 0.315640 0.837572
vt 0.895325 0.784811
vt 0.418530 0.855115
vt 0.402042 0.929088
vt 0.299375 0.944811
vt 0.296333 0.943588
vt 0.300148 0.941873
vt 0.934660 0.301057
vt 0.489522 0.825929
vt 0.844230 0.396635
vt 0.919937 0.485461
vt 0.912663 0.398169
vt 0.910942 0.404457
vt 0.909511 0.397340
vt 0.921169 0.267468
vt 0.342300 0.558377
vt 0.343929 0.555526
vt 0.343484 0.566373
vt 0.920085 0.257739
vt 0.618754 0.909513
vt 0.629293 0.909513
vt 0.623612 0.921180
vt 0.063086 0.937706
vt 0.917499 0.242319
vt 0.302670 0.806331
vt 0.179060 0.853380
vt 0.909735 0.166052
vt 0.908508 0.107406
vt 0.774139 0.877414
vt 0.655994 0.051683
vt 0.341384 0.936284
vt 0.515986 0.918693
vt 0.053282 0.812025
vt 0.138037 0.821498
vt 0.934151 0.655309
vt 0.897530 0.920745
vt 0.505461 0.759405
vt 0.932725 0.634354
vt 0.780270 0.601615
vt 0.894995 0.854158
vt 0.787628 0.516185
vt 0.859602 0.340239
vt 0.759815 0.405351
vt 0.756135 0.402389
vt 0.759815 0.398769
vt 0.414266 0.860364
vt 0.296333 0.936420
vt 0.931128 0.300852
vt 0.790534 0.458929
vt 0.552935 0.839440
vt 0.347778 0.560143
vt 0.821536 0.316088
vt 0.828405 0.318693
vt 0.191102 0.936690
vt 0.707518 0.901253
vt 0.293501 0.857041
vt 0.178637 0.891081
vt 0.062451 0.891703
vt 0.778897 0.892629
vt 0.322396 0.912462
vt 0.076780 0.037951
vt 0.077756 0.044312
vt 0.073700 0.036808
vt 0.901330 0.344196
vt 0.897818 0.345084
vt 0.900129 0.340045
vt 0.931287 0.685150
vt 0.891985 0.930281
vt 0.618754 0.926031
vt 0.623715 0.931060
vt 0.618754 0.937076
vt 0.569281 0.928508
vt 0.826856 0.199421
vt 0.897562 0.905068
vt 0.895371 0.893185
vt 0.782784 0.610565
vt 0.827789 0.149472
vt 0.788421 0.578131
vt 0.832362 0.137094
vt 0.436500 0.857412
vt 0.438677 0.859739
vt 0.423702 0.857115
vt 0.688758 0.856374
vt 0.831361 0.061714
vt 0.334474 0.833237
vt 0.338096 0.836008
vt 0.915673 0.516440
vt 0.910743 0.503390
vt 0.412587 0.855278
vt 0.345117 0.887250
vt 0.347670 0.891201
vt 0.345683 0.837616
vt 0.932006 0.298972
vt 0.374575 0.938938
vt 0.376310 0.945105
vt 0.372846 0.943403
vt 0.551552 0.839139
vt 0.332235 0.947465
vt 0.332235 0.940457
vt 0.334473 0.944877
vt 0.195667 0.970976
vt 0.400125 0.852333
vt 0.401968 0.854550
vt 0.314951 0.948466
vt 0.314951 0.944216
vt 0.316526 0.945231
vt 0.825683 0.314849
vt 0.823692 0.318086
vt 0.184217 0.909877
vt 0.321848 0.922090
vt 0.060552 0.919262
vt 0.296074 0.834581
vt 0.249848 0.937755
vt 0.249848 0.927267
vt 0.255473 0.932288
vt 0.909788 0.189295
vt 0.775680 0.958936
vt 0.062877 0.864011
vt 0.073504 0.066507
vt 0.143786 0.821384
vt 0.824905 0.227776
vt 0.929913 0.656566
vt 0.775949 0.627865
vt 0.829119 0.127204
vt 0.683302 0.893060
vt 0.482380 0.897579
vt 0.865228 0.332720
vt 0.330517 0.832509
vt 0.533027 0.834709
vt 0.852961 0.315349
vt 0.825245 0.049979
vt 0.835683 0.055092
vt 0.349223 0.838327
vt 0.403446 0.854028
vt 0.498208 0.917742
vt 0.500625 0.914420
vt 0.502637 0.917761
vt 0.392967 0.848436
vt 0.507391 0.911702
vt 0.911665 0.394455
vt 0.066341 0.972562
vt 0.291826 0.868814
vt 0.569797 0.832586
vt 0.293995 0.863474
vt 0.703908 0.887038
vt 0.564218 0.943997
vt 0.562537 0.938408
vt 0.565833 0.941821
vt 0.914086 0.229564
vt 0.566320 0.938408
vt 0.750207 0.369526
vt 0.037269 0.085211
vt 0.049460 0.078337
vt 0.038138 0.090069
vt 0.068028 0.071377
vt 0.779750 0.867353
vt 0.079233 0.042111
vt 0.928821 0.639355
vt 0.831370 0.185668
vt 0.337836 0.755388
vt 0.339815 0.829741
vt 0.353555 0.795923
vt 0.348913 0.793561
vt 0.352515 0.787624
vt 0.930320 0.296544
vt 0.492878 0.823888
vt 0.944751 0.353564
vt 0.947030 0.355207
vt 0.944751 0.358821
vt 0.413836 0.903979
vt 0.424812 0.911214
vt 0.414869 0.912741
vt 0.670101 0.835520
vt 0.424812 0.898150
vt 0.909525 0.393454
vt 0.063186 0.964035
vt 0.917180 0.268326
vt 0.628572 0.919940
vt 0.294705 0.848855
vt 0.295838 0.845519
vt 0.913551 0.216716
vt 0.176861 0.901883
vt 0.298129 0.827994
vt 0.909915 0.198509
vt 0.176206 0.869250
vt 0.904606 0.172025
vt 0.773448 0.972745
vt 0.781032 0.942567
vt 0.776800 0.927100
vt 0.519985 0.916870
vt 0.824639 0.251048
vt 0.783282 0.673300
vt 0.825865 0.207344
vt 0.889007 0.900365
vt 0.928846 0.628552
vt 0.783781 0.596174
vt 0.786285 0.583455
vt 0.796594 0.549191
vt 0.348938 0.788561
vt 0.407458 0.852481
vt 0.190529 0.972852
vt 0.189284 0.969757
vt 0.376310 0.937460
vt 0.549811 0.834201
vt 0.943384 0.344659
vt 0.943384 0.358485
vt 0.939709 0.354785
vt 0.892229 0.755498
vt 0.293038 0.877656
vt 0.558977 0.833810
vt 0.375107 0.908211
vt 0.347458 0.556203
vt 0.186703 0.948103
vt 0.916258 0.256792
vt 0.184358 0.933496
vt 0.184104 0.924321
vt 0.685644 0.072555
vt 0.675690 0.075734
vt 0.187075 0.010652
vt 0.209141 0.004733
vt 0.197455 0.013860
vt 0.946433 0.292886
vt 0.948261 0.295959
vt 0.946433 0.300046
vt 0.521364 0.919199
vt 0.519915 0.910499
vt 0.938881 0.405039
vt 0.938881 0.397970
vt 0.941898 0.403104
vt 0.830898 0.050002
vt 0.347709 0.882152
vt 0.603151 0.915804
vt 0.932038 0.295052
vt 0.351425 0.834130
vt 0.413415 0.913876
vt 0.419659 0.916028
vt 0.401631 0.843793
vt 0.269229 0.900878
vt 0.268085 0.907371
vt 0.264783 0.903155
vt 0.846757 0.868470
vt 0.846178 0.855885
vt 0.848339 0.847952
vt 0.848339 0.857346
vt 0.258221 0.912092
vt 0.259401 0.907219
vt 0.678531 0.828611
vt 0.398481 0.846930
vt 0.917955 0.282850
vt 0.389027 0.847988
vt 0.371960 0.905187
vt 0.370202 0.912249
vt 0.294049 0.869710
vt 0.340906 0.548965
vt 0.399218 0.059127
vt 0.393999 0.059894
vt 0.401490 0.054876
vt 0.368831 0.609320
vt 0.365596 0.604938
vt 0.368831 0.599724
vt 0.410642 0.048421
vt 0.410490 0.051697
vt 0.414517 0.045823
vt 0.422480 0.041476
vt 0.298146 0.839632
vt 0.178601 0.910683
vt 0.433893 0.031957
vt 0.432082 0.038771
vt 0.783082 0.709788
vt 0.027060 0.099839
vt 0.558896 0.018578
vt 0.545241 0.009780
vt 0.900245 0.069855
vt 0.081784 0.045441
vt 0.890488 0.348638
vt 0.889455 0.346523
vt 0.890488 0.340330
vt 0.780163 0.690923
vt 0.827793 0.243126
vt 0.890750 0.947002
vt 0.783752 0.623457
vt 0.917832 0.599851
vt 0.890566 0.869762
vt 0.793878 0.542158
vt 0.894859 0.804616
vt 0.439705 0.849977
vt 0.694726 0.847139
vt 0.664580 0.942487
vt 0.664580 0.931880
vt 0.669042 0.938743
vt 0.415054 0.848265
vt 0.341974 0.831283
vt 0.345632 0.830701
vt 0.831076 0.044759
vt 0.355864 0.794434
vt 0.357496 0.782152
vt 0.494855 0.819875
vt 0.838583 0.398395
vt 0.498511 0.905163
vt 0.501496 0.904149
vt 0.552616 0.834897
vt 0.067436 0.984575
vt 0.068483 0.979700
vt 0.909611 0.389946
vt 0.911267 0.388173
vt 0.914125 0.242293
vt 0.911314 0.224782
vt 0.173965 0.856323
vt 0.903577 0.157661
vt 0.780806 0.725330
vt 0.661610 0.066788
vt 0.782194 0.872757
vt 0.566291 0.009659
vt 0.471476 0.904824
vt 0.466462 0.905904
vt 0.471489 0.899381
vt 0.886452 0.978139
vt 0.571958 0.921738
vt 0.889071 0.915430
vt 0.918426 0.621665
vt 0.914386 0.583876
vt 0.770146 0.340275
vt 0.756885 0.328284
vt 0.771368 0.327636
vt 0.833910 0.080832
vt 0.337750 0.749338
vt 0.908152 0.534661
vt 0.521887 0.830420
vt 0.331757 0.824239
vt 0.845981 0.310638
vt 0.595329 0.920431
vt 0.795705 0.477624
vt 0.352541 0.825850
vt 0.889305 0.764023
vt 0.609022 0.943135
vt 0.612220 0.943368
vt 0.609022 0.947113
vt 0.256840 0.905975
vt 0.803461 0.458701
vt 0.183206 0.960345
vt 0.295385 0.876727
vt 0.351569 0.555255
vt 0.386961 0.064803
vt 0.390272 0.066281
vt 0.379926 0.070517
vt 0.826079 0.305855
vt 0.402668 0.067775
vt 0.413361 0.059458
vt 0.405782 0.071353
vt 0.422323 0.051309
vt 0.910542 0.213104
vt 0.303436 0.826094
vt 0.306621 0.814797
vt 0.784303 0.947948
vt 0.900091 0.145019
vt 0.780987 0.918488
vt 0.695318 0.085823
vt 0.900827 0.121440
vt 0.061773 0.818442
vt 0.887896 0.966397
vt 0.824457 0.263257
vt 0.827698 0.213612
vt 0.927797 0.668993
vt 0.786053 0.619886
vt 0.793910 0.564844
vt 0.892285 0.819622
vt 0.862028 0.319537
vt 0.529299 0.829636
vt 0.337237 0.823285
vt 0.345724 0.881580
vt 0.342191 0.875863
vt 0.907327 0.493384
vt 0.701470 0.846636
vt 0.803656 0.466506
vt 0.407596 0.847524
vt 0.182924 0.972596
vt 0.547767 0.829395
vt 0.370202 0.076266
vt 0.373855 0.079031
vt 0.505294 0.905125
vt 0.389207 0.845448
vt 0.390336 0.075393
vt 0.466371 0.941366
vt 0.464521 0.935027
vt 0.468300 0.936534
vt 0.415523 0.063562
vt 0.064045 0.951187
vt 0.068087 0.941824
vt 0.067313 0.922811
vt 0.301281 0.835017
vt 0.902961 0.188773
vt 0.170607 0.848947
vt 0.063251 0.853572
vt 0.179961 0.009576
vt 0.173662 0.011470
vt 0.173410 0.007452
vt 0.333735 0.915113
vt 0.558482 0.937041
vt 0.785613 0.635694
vt 0.623347 0.922547
vt 0.787860 0.628021
vt 0.926964 0.650261
vt 0.907444 0.571055
vt 0.682717 0.884776
vt 0.685584 0.882841
vt 0.516753 0.829087
vt 0.801536 0.506898
vt 0.523949 0.824478
vt 0.839436 0.067158
vt 0.422440 0.849567
vt 0.342597 0.827414
vt 0.834086 0.042285
vt 0.929556 0.292118
vt 0.353586 0.829833
vt 0.382233 0.071409
vt 0.379365 0.944290
vt 0.379365 0.948420
vt 0.377744 0.946083
vt 0.374286 0.905076
vt 0.399316 0.080020
vt 0.562421 0.821230
vt 0.565554 0.829319
vt 0.069064 0.963415
vt 0.181072 0.939255
vt 0.336141 0.051260
vt 0.349350 0.057919
vt 0.339833 0.056849
vt 0.179309 0.923091
vt 0.310459 0.034883
vt 0.307125 0.040122
vt 0.298158 0.025013
vt 0.172717 0.880241
vt 0.784458 0.931949
vt 0.052780 0.082996
vt 0.544876 0.025055
vt 0.539631 0.013495
vt 0.222702 0.007453
vt 0.176351 0.021725
vt 0.843923 0.130215
vt 0.906365 0.548962
vt 0.316021 0.831886
vt 0.429964 0.849756
vt 0.347539 0.823827
vt 0.348458 0.780727
vt 0.700686 0.838139
vt 0.682476 0.827521
vt 0.931192 0.291921
vt 0.261388 0.899393
vt 0.065972 0.991163
vt 0.073767 0.989167
vt 0.552824 0.831041
vt 0.379908 0.085716
vt 0.913989 0.279222
vt 0.835674 0.912705
vt 0.840068 0.900431
vt 0.840068 0.916964
vt 0.181770 0.951268
vt 0.794081 0.453635
vt 0.914141 0.268508
vt 0.408982 0.073584
vt 0.329255 0.050649
vt 0.320703 0.041460
vt 0.300198 0.862661
vt 0.299870 0.849284
vt 0.304495 0.852869
vt 0.309996 0.040641
vt 0.070682 0.889415
vt 0.069682 0.881089
vt 0.072167 0.872868
vt 0.522016 0.006234
vt 0.526030 0.016874
vt 0.514117 0.009252
vt 0.033567 0.100962
vt 0.187766 0.024075
vt 0.082965 0.064653
vt 0.837561 0.170247
vt 0.837907 0.109763
vt 0.895059 0.771501
vt 0.852843 0.308804
vt 0.355072 0.780727
vt 0.346580 0.878132
vt 0.383179 0.090703
vt 0.394368 0.086381
vt 0.357827 0.553784
vt 0.256840 0.944025
vt 0.258944 0.946193
vt 0.256840 0.948245
vt 0.376102 0.902031
vt 0.376310 0.908455
vt 0.401432 0.081614
vt 0.359186 0.065667
vt 0.304579 0.861810
vt 0.319838 0.054656
vt 0.173508 0.893826
vt 0.069034 0.901972
vt 0.649026 0.054287
vt 0.083490 0.060046
vt 0.063382 0.827841
vt 0.064436 0.825926
vt 0.078155 0.054767
vt 0.325407 0.917639
vt 0.789903 0.638467
vt 0.800864 0.528415
vt 0.838582 0.083803
vt 0.491023 0.893508
vt 0.435232 0.845066
vt 0.317457 0.823482
vt 0.842690 0.060430
vt 0.367243 0.521724
vt 0.361247 0.526131
vt 0.361247 0.515851
vt 0.348031 0.820302
vt 0.846608 0.305111
vt 0.499914 0.819848
vt 0.839601 0.040547
vt 0.259974 0.903017
vt 0.180881 0.969983
vt 0.538054 0.944970
vt 0.534647 0.940951
vt 0.538054 0.937479
vt 0.551547 0.827676
vt 0.346557 0.547952
vt 0.824392 0.304973
vt 0.072625 0.974330
vt 0.338561 0.073428
vt 0.177435 0.930432
vt 0.070817 0.933734
vt 0.308317 0.838653
vt 0.072698 0.899740
vt 0.782365 0.968492
vt 0.169344 0.864169
vt 0.783790 0.957593
vt 0.684857 0.091827
vt 0.568303 0.017091
vt 0.653167 0.041871
vt 0.520398 0.927845
vt 0.145014 0.825765
vt 0.790276 0.681577
vt 0.793182 0.603603
vt 0.796073 0.581057
vt 0.334654 0.747448
vt 0.869729 0.325523
vt 0.422960 0.841404
vt 0.690307 0.841672
vt 0.376696 0.088137
vt 0.839938 0.049337
vt 0.348793 0.877596
vt 0.503239 0.814564
vt 0.504274 0.819234
vt 0.400740 0.841711
vt 0.328860 0.947872
vt 0.328860 0.940457
vt 0.330868 0.941213
vt 0.393671 0.842122
vt 0.357760 0.550333
vt 0.668281 0.829330
vt 0.180448 0.961281
vt 0.351686 0.068687
vt 0.814300 0.302696
vt 0.178176 0.946074
vt 0.301104 0.873798
vt 0.331425 0.070751
vt 0.072167 0.946685
vt 0.176044 0.930364
vt 0.174865 0.910130
vt 0.072072 0.915526
vt 0.310104 0.821972
vt 0.897119 0.163724
vt 0.784458 0.700708
vt 0.700616 0.097733
vt 0.708929 0.096651
vt 0.046283 0.092883
vt 0.058435 0.085602
vt 0.076470 0.074886
vt 0.335085 0.920724
vt 0.515733 0.928894
vt 0.470155 0.915798
vt 0.465669 0.913708
vt 0.082368 0.050543
vt 0.878934 0.942097
vt 0.839028 0.213517
vt 0.843926 0.190540
vt 0.796630 0.617907
vt 0.842362 0.163641
vt 0.887707 0.845500
vt 0.883908 0.778255
vt 0.415866 0.841059
vt 0.600672 0.929618
vt 0.841438 0.035767
vt 0.929334 0.284217
vt 0.442376 0.105934
vt 0.438303 0.115780
vt 0.439557 0.102977
vt 0.794268 0.942172
vt 0.790249 0.934612
vt 0.794268 0.929048
vt 0.744707 0.401626
vt 0.747108 0.405479
vt 0.740750 0.405479
vt 0.746296 0.400914
vt 0.743755 0.398770
vt 0.884188 0.743690
vt 0.368835 0.070764
vt 0.674977 0.822210
vt 0.385859 0.922102
vt 0.383429 0.919635
vt 0.387567 0.917858
vt 0.372574 0.898150
vt 0.501168 0.899381
vt 0.351505 0.545188
vt 0.909559 0.384056
vt 0.178188 0.950940
vt 0.345634 0.076196
vt 0.468300 0.928801
vt 0.661583 0.862554
vt 0.660681 0.880294
vt 0.658813 0.871643
vt 0.657897 0.865005
vt 0.657143 0.852400
vt 0.661221 0.846968
vt 0.310247 0.046661
vt 0.173750 0.901604
vt 0.311771 0.808008
vt 0.899759 0.175819
vt 0.515332 0.021262
vt 0.893405 0.140594
vt 0.083963 0.045786
vt 0.938936 0.710589
vt 0.928221 0.709959
vt 0.928573 0.702332
vt 0.877919 0.961619
vt 0.875650 0.927373
vt 0.916032 0.640311
vt 0.805655 0.592390
vt 0.490821 0.896642
vt 0.497754 0.894279
vt 0.842760 0.052966
vt 0.256840 0.899719
vt 0.848590 0.889025
vt 0.846645 0.885957
vt 0.848590 0.879381
vt 0.364709 0.926961
vt 0.368542 0.928052
vt 0.367564 0.932319
vt 0.403752 0.835821
vt 0.348170 0.874368
vt 0.178654 0.974374
vt 0.362639 0.817524
vt 0.555818 0.826261
vt 0.362282 0.554325
vt 0.395599 0.840404
vt 0.354661 0.075189
vt 0.799755 0.919740
vt 0.797897 0.915585
vt 0.801035 0.915243
vt 0.338230 0.078090
vt 0.832662 0.905956
vt 0.177238 0.959973
vt 0.300465 0.883198
vt 0.309841 0.889988
vt 0.347862 0.545461
vt 0.572134 0.819114
vt 0.734105 0.193159
vt 0.729546 0.184891
vt 0.729628 0.179299
vt 0.730386 0.172291
vt 0.311993 0.836281
vt 0.650516 0.838028
vt 0.655302 0.823700
vt 0.663213 0.829822
vt 0.205838 0.022261
vt 0.644993 0.062834
vt 0.788064 0.689640
vt 0.835374 0.263116
vt 0.833558 0.252625
vt 0.836065 0.228656
vt 0.837112 0.204532
vt 0.843088 0.181861
vt 0.908471 0.613463
vt 0.766634 0.319253
vt 0.788039 0.323651
vt 0.280824 0.913240
vt 0.283742 0.912779
vt 0.284669 0.918979
vt 0.392063 0.093355
vt 0.361036 0.822781
vt 0.367206 0.076014
vt 0.306741 0.892376
vt 0.346389 0.084158
vt 0.349481 0.084093
vt 0.442896 0.094159
vt 0.445515 0.103793
vt 0.260310 0.948322
vt 0.260310 0.944025
vt 0.262259 0.945504
vt 0.916645 0.483120
vt 0.910933 0.481124
vt 0.802657 0.916615
vt 0.386433 0.916524
vt 0.074113 0.967551
vt 0.712329 0.197348
vt 0.719342 0.189333
vt 0.714604 0.203144
vt 0.715894 0.182220
vt 0.722908 0.174281
vt 0.726357 0.184686
vt 0.074581 0.937167
vt 0.718962 0.169787
vt 0.728421 0.174571
vt 0.729059 0.163471
vt 0.722765 0.156576
vt 0.659039 0.845671
vt 0.728320 0.155555
vt 0.720082 0.153691
vt 0.500430 0.009055
vt 0.072997 0.862421
vt 0.566671 0.029461
vt 0.171025 0.019171
vt 0.069445 0.822642
vt 0.916709 0.290563
vt 0.914244 0.291737
vt 0.918947 0.284217
vt 0.905172 0.333091
vt 0.923249 0.688467
vt 0.871062 0.917373
vt 0.880987 0.900885
vt 0.538544 0.823774
vt 0.804024 0.492815
vt 0.287559 0.921411
vt 0.386177 0.096764
vt 0.350675 0.820578
vt 0.653041 0.919045
vt 0.649748 0.918845
vt 0.646487 0.915236
vt 0.700531 0.833789
vt 0.651120 0.911025
vt 0.739383 0.238203
vt 0.736901 0.236505
vt 0.738977 0.233958
vt 0.364357 0.082009
vt 0.299755 0.889303
vt 0.177833 0.973063
vt 0.665336 0.201732
vt 0.669139 0.197143
vt 0.672478 0.202050
vt 0.901960 0.487519
vt 0.498208 0.904086
vt 0.666260 0.820543
vt 0.912121 0.379414
vt 0.737052 0.223336
vt 0.734297 0.211185
vt 0.736852 0.214340
vt 0.709796 0.210059
vt 0.708444 0.205815
vt 0.176039 0.948311
vt 0.075871 0.966252
vt 0.465293 0.926180
vt 0.311795 0.854806
vt 0.074261 0.950244
vt 0.719440 0.162234
vt 0.724704 0.141407
vt 0.707570 0.102488
vt 0.528551 0.032235
vt 0.233859 0.000683
vt 0.241827 0.009452
vt 0.550754 0.033485
vt 0.377744 0.934677
vt 0.379351 0.939929
vt 0.377744 0.942924
vt 0.087880 0.050506
vt 0.151929 0.830641
vt 0.794982 0.664405
vt 0.795485 0.646207
vt 0.882904 0.880370
vt 0.683973 0.875712
vt 0.870555 0.316712
vt 0.882244 0.768213
vt 0.283120 0.907253
vt 0.305420 0.896571
vt 0.368542 0.915038
vt 0.847058 0.033777
vt 0.670492 0.194830
vt 0.672513 0.196383
vt 0.677252 0.194458
vt 0.937258 0.400223
vt 0.934691 0.403125
vt 0.933199 0.401466
vt 0.937258 0.404937
vt 0.676922 0.189052
vt 0.646834 0.948315
vt 0.649179 0.944001
vt 0.649226 0.948315
vt 0.383200 0.919064
vt 0.382452 0.914859
vt 0.910285 0.379318
vt 0.906461 0.479072
vt 0.906135 0.480429
vt 0.714600 0.210694
vt 0.708839 0.197314
vt 0.811497 0.450722
vt 0.807326 0.449222
vt 0.311895 0.868634
vt 0.342663 0.542724
vt 0.336453 0.537304
vt 0.725397 0.195481
vt 0.729165 0.196912
vt 0.648651 0.862402
vt 0.713065 0.182390
vt 0.311704 0.846227
vt 0.650200 0.846802
vt 0.074104 0.921739
vt 0.073233 0.910836
vt 0.462035 0.021719
vt 0.449874 0.031795
vt 0.446998 0.028590
vt 0.461305 0.017305
vt 0.648401 0.827456
vt 0.651248 0.814564
vt 0.715665 0.108702
vt 0.892107 0.152087
vt 0.490460 0.004743
vt 0.491274 0.013731
vt 0.666850 0.086429
vt 0.027963 0.109557
vt 0.043759 0.103756
vt 0.218659 0.019483
vt 0.652603 0.070350
vt 0.152656 0.827878
vt 0.801495 0.634919
vt 0.803909 0.573535
vt 0.846975 0.122669
vt 0.325828 0.813017
vt 0.340555 0.814659
vt 0.356712 0.090479
vt 0.356060 0.089472
vt 0.847606 0.298047
vt 0.508397 0.820873
vt 0.350802 0.871716
vt 0.353297 0.816248
vt 0.345785 0.866608
vt 0.645931 0.911235
vt 0.297073 0.907821
vt 0.300148 0.899393
vt 0.299768 0.909189
vt 0.077330 0.986242
vt 0.450523 0.105699
vt 0.450683 0.099199
vt 0.710782 0.217808
vt 0.311425 0.881326
vt 0.800691 0.906071
vt 0.387567 0.912060
vt 0.650175 0.876151
vt 0.818308 0.295908
vt 0.931723 0.404853
vt 0.929028 0.389610
vt 0.931832 0.388997
vt 0.011477 0.196794
vt 0.004676 0.205164
vt 0.008012 0.191004
vt 0.929410 0.376359
vt 0.437487 0.041241
vt 0.445042 0.035583
vt 0.473709 0.011415
vt 0.484258 0.008188
vt 0.519982 0.937087
vt 0.643022 0.047050
vt 0.649182 0.044116
vt 0.913697 0.299047
vt 0.601233 0.942129
vt 0.603021 0.946646
vt 0.601233 0.947716
vt 0.089203 0.053900
vt 0.905588 0.625344
vt 0.842296 0.141629
vt 0.416363 0.835309
vt 0.848413 0.049699
vt 0.644353 0.918208
vt 0.355839 0.817479
vt 0.703291 0.219745
vt 0.701146 0.215007
vt 0.807840 0.313468
vt 0.806946 0.305046
vt 0.731480 0.219728
vt 0.393041 0.835479
vt 0.396531 0.830988
vt 0.716309 0.228906
vt 0.725027 0.208529
vt 0.664580 0.814564
vt 0.355929 0.546799
vt 0.797897 0.909821
vt 0.383649 0.908172
vt 0.832111 0.294083
vt 0.713766 0.159175
vt 0.717123 0.151150
vt 0.009038 0.168372
vt 0.010976 0.163211
vt 0.010313 0.174613
vt 0.712556 0.117854
vt 0.176533 0.027743
vt 0.092259 0.063653
vt 0.084766 0.057874
vt 0.170269 0.026771
vt 0.917307 0.677625
vt 0.851217 0.199323
vt 0.845713 0.096126
vt 0.845065 0.112145
vt 0.513186 0.817090
vt 0.786379 0.310324
vt 0.862399 0.303265
vt 0.898076 0.518355
vt 0.286367 0.905429
vt 0.810422 0.480957
vt 0.856123 0.301670
vt 0.079667 0.991215
vt 0.941528 0.376694
vt 0.941500 0.379642
vt 0.938728 0.376694
vt 0.910509 0.358349
vt 0.908075 0.350020
vt 0.914237 0.350020
vt 0.636000 0.929988
vt 0.630660 0.923350
vt 0.635739 0.926031
vt 0.653041 0.908948
vt 0.365077 0.818433
vt 0.804827 0.912595
vt 0.454921 0.099122
vt 0.588515 0.945219
vt 0.585046 0.942306
vt 0.588547 0.940427
vt 0.848657 0.866438
vt 0.847376 0.867104
vt 0.846178 0.863658
vt 0.079768 0.975732
vt 0.365596 0.598357
vt 0.365596 0.583437
vt 0.368464 0.589183
vt 0.449830 0.092580
vt 0.726507 0.222426
vt 0.024815 0.193516
vt 0.023093 0.199454
vt 0.019699 0.182173
vt 0.011116 0.183843
vt 0.924542 0.374674
vt 0.927282 0.368875
vt 0.430592 0.049967
vt 0.431370 0.051822
vt 0.019689 0.177049
vt 0.924491 0.371124
vt 0.926397 0.360343
vt 0.018401 0.170517
vt 0.443351 0.046529
vt 0.080319 0.894015
vt 0.078887 0.883428
vt 0.893776 0.172588
vt 0.719646 0.124343
vt 0.059807 0.096633
vt 0.572570 0.028617
vt 0.521357 0.933781
vt 0.911811 0.298402
vt 0.092667 0.052635
vt 0.845012 0.249394
vt 0.740750 0.321345
vt 0.848475 0.062836
vt 0.529560 0.819409
vt 0.612335 0.931735
vt 0.612335 0.940523
vt 0.610669 0.932122
vt 0.390486 0.102651
vt 0.300148 0.912114
vt 0.885126 0.750982
vt 0.357045 0.815992
vt 0.730093 0.238336
vt 0.727429 0.237822
vt 0.288926 0.900905
vt 0.856084 0.397591
vt 0.856646 0.395912
vt 0.857199 0.401081
vt 0.698870 0.218630
vt 0.295626 0.103884
vt 0.296893 0.100121
vt 0.297377 0.106303
vt 0.358719 0.935961
vt 0.362577 0.935477
vt 0.358939 0.940592
vt 0.294680 0.097881
vt 0.436191 0.093528
vt 0.812495 0.299499
vt 0.660597 0.888669
vt 0.648480 0.890331
vt 0.454632 0.943093
vt 0.451688 0.938890
vt 0.456111 0.939045
vt 0.261655 0.934049
vt 0.256840 0.942658
vt 0.256840 0.933628
vt 0.426026 0.944688
vt 0.422932 0.940307
vt 0.426026 0.939675
vt 0.347331 0.542444
vt 0.443181 0.087997
vt 0.276536 0.944880
vt 0.272954 0.938336
vt 0.276536 0.934356
vt 0.703780 0.202624
vt 0.029590 0.208486
vt 0.028458 0.200008
vt 0.011297 0.209493
vt 0.024109 0.187391
vt 0.924159 0.382306
vt 0.429089 0.066514
vt 0.440775 0.047724
vt 0.717451 0.164156
vt 0.447217 0.045354
vt 0.018057 0.163626
vt 0.013958 0.151089
vt 0.713962 0.142144
vt 0.713754 0.134157
vt 0.643792 0.815722
vt 0.478231 0.017434
vt 0.518250 0.036272
vt 0.093425 0.067605
vt 0.513186 0.941871
vt 0.847253 0.697723
vt 0.848244 0.706713
vt 0.846178 0.705158
vt 0.902402 0.332311
vt 0.877738 0.978890
vt 0.875592 0.976851
vt 0.921486 0.709119
vt 0.912042 0.660311
vt 0.880889 0.850489
vt 0.743073 0.336516
vt 0.898085 0.556375
vt 0.770820 0.308966
vt 0.333798 0.736606
vt 0.336409 0.738075
vt 0.875251 0.317608
vt 0.441182 0.839581
vt 0.348398 0.093647
vt 0.344094 0.085395
vt 0.643792 0.905751
vt 0.859044 0.403914
vt 0.864982 0.395912
vt 0.493444 0.932240
vt 0.494525 0.927658
vt 0.496106 0.929673
vt 0.416071 0.090722
vt 0.420417 0.080377
vt 0.426338 0.081699
vt 0.848690 0.744011
vt 0.846178 0.735665
vt 0.848843 0.734951
vt 0.443590 0.081936
vt 0.456070 0.936839
vt 0.027563 0.214062
vt 0.030208 0.212091
vt 0.031446 0.217484
vt 0.680965 0.183509
vt 0.438785 0.061053
vt 0.435088 0.071711
vt 0.826861 0.292482
vt 0.353200 0.897241
vt 0.355132 0.891125
vt 0.353905 0.904404
vt 0.924159 0.391582
vt 0.424419 0.057448
vt 0.709412 0.173237
vt 0.714190 0.168857
vt 0.354491 0.880039
vt 0.355291 0.873388
vt 0.358170 0.872196
vt 0.647748 0.844073
vt 0.356254 0.866608
vt 0.287918 0.026498
vt 0.298561 0.035106
vt 0.291339 0.034339
vt 0.272714 0.017814
vt 0.260630 0.017472
vt 0.265750 0.010551
vt 0.253306 0.011001
vt 0.498899 0.026900
vt 0.471489 0.924600
vt 0.464521 0.924814
vt 0.911062 0.303405
vt 0.904203 0.324906
vt 0.906708 0.326150
vt 0.872345 0.912313
vt 0.809967 0.546780
vt 0.810166 0.537483
vt 0.316165 0.816160
vt 0.397829 0.096066
vt 0.715039 0.235666
vt 0.710653 0.239183
vt 0.707355 0.233665
vt 0.508584 0.828811
vt 0.396885 0.090078
vt 0.692121 0.828113
vt 0.636000 0.919180
vt 0.865360 0.401360
vt 0.503030 0.946130
vt 0.500565 0.942777
vt 0.503030 0.938711
vt 0.296004 0.094713
vt 0.664580 0.947549
vt 0.666346 0.945364
vt 0.667330 0.947696
vt 0.420372 0.096194
vt 0.585070 0.939416
vt 0.426830 0.090228
vt 0.848657 0.858712
vt 0.585046 0.934333
vt 0.380494 0.907881
vt 0.352581 0.922092
vt 0.352798 0.916561
vt 0.357127 0.917488
vt 0.451688 0.934139
vt 0.386076 0.906330
vt 0.491705 0.922760
vt 0.495208 0.922533
vt 0.494002 0.925503
vt 0.352169 0.912908
vt 0.565363 0.817934
vt 0.004095 0.221841
vt 0.016149 0.212236
vt 0.419983 0.069053
vt 0.338613 0.533732
vt 0.313690 0.859968
vt 0.357718 0.903092
vt 0.426679 0.058370
vt 0.422294 0.062289
vt 0.359547 0.889450
vt 0.716910 0.167666
vt 0.021734 0.144053
vt 0.460207 0.033387
vt 0.277663 0.027030
vt 0.701285 0.113275
vt 0.690417 0.107788
vt 0.078312 0.097446
vt 0.916610 0.697293
vt 0.869560 0.960734
vt 0.903435 0.589032
vt 0.806448 0.560529
vt 0.883201 0.831218
vt 0.501870 0.888815
vt 0.687391 0.873116
vt 0.432433 0.834083
vt 0.352659 0.096471
vt 0.892370 0.495861
vt 0.000683 0.243257
vt 0.005649 0.231527
vt 0.007672 0.244657
vt 0.656014 0.896173
vt 0.648968 0.896874
vt 0.409806 0.103715
vt 0.359581 0.811669
vt 0.916080 0.381579
vt 0.919608 0.371764
vt 0.922792 0.378053
vt 0.695711 0.211163
vt 0.864448 0.405580
vt 0.361357 0.812645
vt 0.039684 0.225866
vt 0.033975 0.228989
vt 0.035919 0.220516
vt 0.024486 0.231162
vt 0.412756 0.084259
vt 0.496841 0.924447
vt 0.456484 0.095220
vt 0.909511 0.370951
vt 0.018216 0.218928
vt 0.818621 0.457791
vt 0.010159 0.222937
vt 0.422853 0.938469
vt 0.313639 0.871240
vt 0.683861 0.187413
vt 0.823115 0.923926
vt 0.830753 0.917178
vt 0.830753 0.930322
vt 0.306697 0.938191
vt 0.301515 0.933098
vt 0.306697 0.930642
vt 0.445773 0.052876
vt 0.714590 0.175051
vt 0.360259 0.880243
vt 0.920313 0.284217
vt 0.927444 0.299792
vt 0.922841 0.297980
vt 0.301225 0.041166
vt 0.023291 0.169907
vt 0.018701 0.169213
vt 0.021973 0.157434
vt 0.485589 0.023647
vt 0.031010 0.119657
vt 0.019696 0.122152
vt 0.560036 0.041593
vt 0.191821 0.042316
vt 0.633258 0.059366
vt 0.170401 0.033912
vt 0.157303 0.833930
vt 0.798388 0.687586
vt 0.802357 0.651011
vt 0.809719 0.507710
vt 0.283437 0.900913
vt 0.401866 0.097837
vt 0.400611 0.106557
vt 0.894260 0.505553
vt 0.710481 0.242026
vt 0.511732 0.827965
vt 0.508722 0.831554
vt 0.696242 0.225871
vt 0.004951 0.247542
vt 0.310653 0.898027
vt 0.852234 0.033380
vt 0.844481 0.292367
vt 0.029911 0.234578
vt 0.841957 0.287003
vt 0.844173 0.284506
vt 0.664580 0.943854
vt 0.034145 0.212094
vt 0.897748 0.480675
vt 0.671106 0.193732
vt 0.673932 0.188437
vt 0.675229 0.190856
vt 0.898193 0.477138
vt 0.459742 0.086574
vt 0.645864 0.932920
vt 0.648456 0.928520
vt 0.649226 0.935332
vt 0.448861 0.082350
vt 0.414660 0.072217
vt 0.646651 0.870879
vt 0.701498 0.181464
vt 0.705282 0.185843
vt 0.699657 0.193304
vt 0.704900 0.171759
vt 0.316501 0.057004
vt 0.308289 0.052247
vt 0.305029 0.042933
vt 0.712819 0.172146
vt 0.712222 0.174678
vt 0.419487 0.947869
vt 0.419487 0.942316
vt 0.421455 0.945343
vt 0.707809 0.162157
vt 0.645651 0.855920
vt 0.022015 0.173861
vt 0.028009 0.166428
vt 0.476050 0.024460
vt 0.265404 0.021551
vt 0.651924 0.091514
vt 0.245950 0.016579
vt 0.233710 0.024784
vt 0.037139 0.115156
vt 0.050729 0.111001
vt 0.634521 0.076015
vt 0.636311 0.047831
vt 0.911497 0.307047
vt 0.842978 0.263553
vt 0.804312 0.676862
vt 0.879076 0.864776
vt 0.878704 0.837067
vt 0.849186 0.079778
vt 0.760096 0.309879
vt 0.671346 0.232987
vt 0.671410 0.240726
vt 0.667641 0.241774
vt 0.518639 0.817248
vt 0.395851 0.112719
vt 0.287559 0.899393
vt 0.532668 0.814861
vt 0.511255 0.835685
vt 0.508629 0.847340
vt 0.695311 0.229385
vt 0.410501 0.113678
vt 0.403134 0.088380
vt 0.409304 0.829483
vt 0.651431 0.904385
vt 0.693088 0.217970
vt 0.313690 0.889407
vt 0.423756 0.102165
vt 0.011379 0.231127
vt 0.703055 0.822569
vt 0.406333 0.080779
vt 0.409369 0.080978
vt 0.363389 0.808999
vt 0.634245 0.909513
vt 0.912943 0.373480
vt 0.846178 0.731836
vt 0.343120 0.944736
vt 0.344218 0.939418
vt 0.347111 0.941726
vt 0.462059 0.091424
vt 0.572098 0.814564
vt 0.920320 0.326315
vt 0.923776 0.319961
vt 0.926955 0.337734
vt 0.710416 0.180242
vt 0.710629 0.183904
vt 0.249848 0.939122
vt 0.252334 0.941207
vt 0.249848 0.946464
vt 0.923065 0.305635
vt 0.361303 0.877495
vt 0.296775 0.045317
vt 0.709281 0.149792
vt 0.360108 0.610872
vt 0.364872 0.618799
vt 0.356821 0.623782
vt 0.069134 0.105529
vt 0.088341 0.088222
vt 0.096654 0.061656
vt 0.795709 0.690400
vt 0.812373 0.553864
vt 0.747905 0.309519
vt 0.319058 0.805188
vt 0.853366 0.054261
vt 0.368437 0.876904
vt 0.364709 0.868549
vt 0.368275 0.866608
vt 0.423430 0.830854
vt 0.415834 0.116378
vt 0.011935 0.248287
vt 0.877587 0.760652
vt 0.354963 0.805855
vt 0.014690 0.237903
vt 0.915098 0.369894
vt 0.669398 0.188858
vt 0.920313 0.346127
vt 0.925211 0.344398
vt 0.800084 0.902611
vt 0.804732 0.900431
vt 0.385441 0.904819
vt 0.496841 0.918250
vt 0.676996 0.187780
vt 0.316400 0.088233
vt 0.309927 0.071660
vt 0.320089 0.083652
vt 0.495150 0.917686
vt 0.308099 0.078033
vt 0.442549 0.937952
vt 0.442549 0.925222
vt 0.447718 0.933103
vt 0.307030 0.069989
vt 0.484713 0.940077
vt 0.484312 0.931841
vt 0.490219 0.931841
vt 0.446321 0.073748
vt 0.706580 0.190472
vt 0.846178 0.819302
vt 0.848417 0.815242
vt 0.848362 0.823325
vt 0.305014 0.927129
vt 0.315018 0.063222
vt 0.297432 0.057888
vt 0.304938 0.055460
vt 0.027977 0.179848
vt 0.454725 0.042215
vt 0.449807 0.047846
vt 0.281857 0.039400
vt 0.704224 0.124695
vt 0.022204 0.132970
vt 0.028398 0.128919
vt 0.671430 0.104559
vt 0.626780 0.068898
vt 0.098995 0.055165
vt 0.866450 0.977921
vt 0.158777 0.841088
vt 0.851893 0.207668
vt 0.869335 0.888291
vt 0.849134 0.151037
vt 0.895721 0.605744
vt 0.851654 0.135544
vt 0.890528 0.535730
vt 0.507540 0.887902
vt 0.329051 0.804657
vt 0.877894 0.774357
vt 0.699057 0.241427
vt 0.428514 0.115251
vt 0.430293 0.104898
vt 0.435416 0.115474
vt 0.690216 0.222088
vt 0.858548 0.291352
vt 0.922557 0.358393
vt 0.291049 0.104784
vt 0.285188 0.098318
vt 0.290839 0.090860
vt 0.816861 0.399615
vt 0.812327 0.404229
vt 0.812078 0.398646
vt 0.366543 0.808218
vt 0.385700 0.827667
vt 0.313576 0.088951
vt 0.381887 0.902459
vt 0.837474 0.276033
vt 0.672798 0.183827
vt 0.319005 0.073531
vt 0.645619 0.878576
vt 0.702114 0.198832
vt 0.343120 0.936193
vt 0.697295 0.187924
vt 0.363224 0.911388
vt 0.641301 0.922533
vt 0.642181 0.931684
vt 0.637366 0.928014
vt 0.459257 0.077402
vt 0.452652 0.073389
vt 0.831076 0.287988
vt 0.844024 0.939168
vt 0.847018 0.936697
vt 0.847018 0.946514
vt 0.884190 0.297373
vt 0.885616 0.289582
vt 0.888873 0.303399
vt 0.528476 0.911726
vt 0.533027 0.914460
vt 0.530813 0.921097
vt 0.449832 0.061405
vt 0.451942 0.068006
vt 0.533280 0.904293
vt 0.033184 0.185410
vt 0.031061 0.187254
vt 0.029782 0.184294
vt 0.927758 0.308404
vt 0.368746 0.563645
vt 0.365596 0.562598
vt 0.368746 0.558972
vt 0.033333 0.178902
vt 0.366119 0.552046
vt 0.290985 0.047774
vt 0.287912 0.040215
vt 0.882550 0.270261
vt 0.876795 0.267946
vt 0.888413 0.265539
vt 0.361174 0.625169
vt 0.480639 0.027768
vt 0.242528 0.026427
vt 0.215403 0.036894
vt 0.104779 0.067246
vt 0.162934 0.037340
vt 0.163362 0.023239
vt 0.521750 0.944015
vt 0.807289 0.625569
vt 0.807844 0.603960
vt 0.876989 0.875497
vt 0.892622 0.572873
vt 0.337000 0.728794
vt 0.338241 0.733021
vt 0.358719 0.941958
vt 0.361361 0.945234
vt 0.358719 0.947763
vt 0.414077 0.133049
vt 0.414391 0.123934
vt 0.418162 0.128027
vt 0.871657 0.307573
vt 0.815899 0.487394
vt 0.402657 0.122142
vt 0.422547 0.117251
vt 0.427894 0.122266
vt 0.873038 0.765310
vt 0.511819 0.842898
vt 0.422434 0.111480
vt 0.033948 0.241563
vt 0.024536 0.239046
vt 0.326623 0.102204
vt 0.326568 0.094126
vt 0.816648 0.467889
vt 0.399870 0.824828
vt 0.697224 0.203871
vt 0.044348 0.217451
vt 0.358719 0.926448
vt 0.816861 0.405171
vt 0.387567 0.934124
vt 0.381633 0.932199
vt 0.387567 0.923469
vt 0.387361 0.825007
vt 0.911763 0.367909
vt 0.607655 0.943500
vt 0.604517 0.947266
vt 0.604517 0.943134
vt 0.645204 0.928360
vt 0.643792 0.935332
vt 0.679563 0.183870
vt 0.689932 0.199188
vt 0.811499 0.446186
vt 0.496827 0.914014
vt 0.343471 0.533072
vt 0.299876 0.065499
vt 0.688891 0.181799
vt 0.321730 0.064982
vt 0.639174 0.917239
vt 0.363153 0.903430
vt 0.367798 0.566732
vt 0.453489 0.058102
vt 0.363342 0.891853
vt 0.357398 0.633979
vt 0.704891 0.131056
vt 0.499024 0.040682
vt 0.252121 0.023517
vt 0.579879 0.040732
vt 0.582545 0.029634
vt 0.103673 0.061992
vt 0.627704 0.048762
vt 0.575979 0.020879
vt 0.509249 0.946784
vt 0.507044 0.941032
vt 0.509249 0.938615
vt 0.846178 0.714271
vt 0.097193 0.052574
vt 0.907549 0.673993
vt 0.877526 0.825194
vt 0.876218 0.813105
vt 0.342356 0.726611
vt 0.407178 0.128138
vt 0.354273 0.720425
vt 0.356935 0.721311
vt 0.348713 0.724313
vt 0.510324 0.858888
vt 0.511819 0.853880
vt 0.364973 0.875191
vt 0.690735 0.241820
vt 0.348798 0.101055
vt 0.019977 0.248703
vt 0.020315 0.246183
vt 0.338031 0.093372
vt 0.340519 0.087728
vt 0.045014 0.229895
vt 0.690134 0.211942
vt 0.319699 0.103769
vt 0.644100 0.892963
vt 0.379698 0.913299
vt 0.377677 0.912563
vt 0.378123 0.904119
vt 0.064923 0.199046
vt 0.065253 0.202134
vt 0.062894 0.198467
vt 0.279924 0.096790
vt 0.281639 0.095305
vt 0.886602 0.323008
vt 0.877890 0.320732
vt 0.886819 0.311346
vt 0.062955 0.196198
vt 0.815107 0.290585
vt 0.281600 0.089579
vt 0.643588 0.945281
vt 0.645468 0.944001
vt 0.645468 0.947827
vt 0.692298 0.203574
vt 0.293145 0.084416
vt 0.681124 0.179820
vt 0.675543 0.180470
vt 0.379758 0.822599
vt 0.685878 0.177234
vt 0.927967 0.333694
vt 0.846178 0.812692
vt 0.642181 0.909513
vt 0.038294 0.189353
vt 0.927675 0.320254
vt 0.533280 0.894247
vt 0.026685 0.187502
vt 0.021443 0.176825
vt 0.450470 0.057534
vt 0.877606 0.285316
vt 0.883442 0.278330
vt 0.360602 0.638973
vt 0.704643 0.149325
vt 0.697643 0.121827
vt 0.105239 0.084735
vt 0.623501 0.060466
vt 0.910569 0.316529
vt 0.909218 0.310933
vt 0.315057 0.805426
vt 0.367564 0.880935
vt 0.689988 0.233983
vt 0.027343 0.249025
vt 0.338060 0.804149
vt 0.336078 0.100783
vt 0.047908 0.225796
vt 0.430780 0.099668
vt 0.431860 0.095104
vt 0.315313 0.105386
vt 0.327058 0.079504
vt 0.699390 0.820522
vt 0.704756 0.814564
vt 0.361937 0.802319
vt 0.367533 0.806378
vt 0.837631 0.272626
vt 0.380982 0.924746
vt 0.280569 0.083953
vt 0.326489 0.072105
vt 0.678593 0.178182
vt 0.647528 0.920412
vt 0.643975 0.924526
vt 0.694430 0.172359
vt 0.038857 0.197162
vt 0.037926 0.203063
vt 0.457010 0.065788
vt 0.447293 0.056125
vt 0.446574 0.060666
vt 0.442306 0.067188
vt 0.357157 0.647354
vt 0.459901 0.050208
vt 0.525556 0.893412
vt 0.530769 0.881133
vt 0.461054 0.040501
vt 0.700688 0.142477
vt 0.027078 0.141642
vt 0.573182 0.046368
vt 0.706151 0.860196
vt 0.709051 0.868374
vt 0.706151 0.869769
vt 0.851666 0.230677
vt 0.909445 0.683680
vt 0.818172 0.522587
vt 0.407560 0.131066
vt 0.345085 0.723152
vt 0.320512 0.135359
vt 0.317013 0.126538
vt 0.326412 0.131671
vt 0.783918 0.302927
vt 0.367714 0.891962
vt 0.365429 0.881701
vt 0.703988 0.242948
vt 0.694901 0.243578
vt 0.038875 0.250362
vt 0.035222 0.248542
vt 0.344191 0.107918
vt 0.685187 0.229904
vt 0.043481 0.240122
vt 0.681755 0.214039
vt 0.334383 0.085510
vt 0.404861 0.825144
vt 0.686463 0.204311
vt 0.433934 0.094852
vt 0.431194 0.089479
vt 0.435205 0.083546
vt 0.071873 0.200436
vt 0.073085 0.193862
vt 0.076696 0.199201
vt 0.848781 0.281022
vt 0.363342 0.925082
vt 0.059835 0.193303
vt 0.822004 0.286449
vt 0.468160 0.091215
vt 0.341220 0.529961
vt 0.876618 0.305470
vt 0.335634 0.529597
vt 0.041052 0.194484
vt 0.027718 0.183671
vt 0.681736 0.173180
vt 0.676982 0.171114
vt 0.682445 0.171076
vt 0.442385 0.070649
vt 0.445222 0.069173
vt 0.704447 0.155039
vt 0.277311 0.035535
vt 0.473515 0.041085
vt 0.492681 0.032877
vt 0.164714 0.041787
vt 0.847018 0.920871
vt 0.847018 0.935331
vt 0.841435 0.927031
vt 0.908227 0.318557
vt 0.103578 0.052926
vt 0.904791 0.318548
vt 0.866598 0.975793
vt 0.870022 0.904141
vt 0.856454 0.168195
vt 0.819105 0.574476
vt 0.860344 0.100596
vt 0.680468 0.242387
vt 0.681682 0.236514
vt 0.669969 0.223173
vt 0.676236 0.224814
vt 0.340636 0.114585
vt 0.306094 0.119109
vt 0.306216 0.107935
vt 0.333501 0.110706
vt 0.643792 0.901339
vt 0.761267 0.404799
vt 0.768909 0.396544
vt 0.768909 0.405575
vt 0.680377 0.209373
vt 0.872436 0.744347
vt 0.880273 0.338963
vt 0.854263 0.023138
vt 0.436285 0.087172
vt 0.068747 0.196229
vt 0.380494 0.898149
vt 0.437348 0.079889
vt 0.439003 0.079942
vt 0.946433 0.342468
vt 0.946433 0.337893
vt 0.948476 0.341192
vt 0.441666 0.079635
vt 0.897959 0.474271
vt 0.891203 0.463436
vt 0.898558 0.468634
vt 0.527327 0.932741
vt 0.523461 0.916264
vt 0.466735 0.097024
vt 0.833477 0.267034
vt 0.467441 0.085838
vt 0.337415 0.527980
vt 0.682624 0.174791
vt 0.825257 0.287408
vt 0.686446 0.171485
vt 0.333798 0.527662
vt 0.366396 0.651251
vt 0.356821 0.658669
vt 0.523116 0.903614
vt 0.460629 0.060252
vt 0.876618 0.275837
vt 0.464416 0.047508
vt 0.365742 0.629137
vt 0.388933 0.898149
vt 0.392705 0.906742
vt 0.389685 0.915388
vt 0.027480 0.150548
vt 0.480870 0.031606
vt 0.677185 0.121550
vt 0.260338 0.025776
vt 0.039906 0.127010
vt 0.044506 0.123384
vt 0.622828 0.048000
vt 0.112814 0.063531
vt 0.587031 0.038653
vt 0.906646 0.317138
vt 0.867591 0.942234
vt 0.903426 0.648517
vt 0.902941 0.642234
vt 0.850870 0.183546
vt 0.884440 0.561363
vt 0.340924 0.725193
vt 0.668838 0.243426
vt 0.820718 0.505761
vt 0.337498 0.118276
vt 0.324868 0.117603
vt 0.678060 0.216757
vt 0.350151 0.797443
vt 0.671195 0.208937
vt 0.675975 0.215042
vt 0.886533 0.483635
vt 0.391294 0.821012
vt 0.044563 0.213948
vt 0.033768 0.205896
vt 0.070294 0.188543
vt 0.061024 0.188247
vt 0.058685 0.191706
vt 0.288926 0.919145
vt 0.289288 0.913480
vt 0.293510 0.924004
vt 0.043234 0.204225
vt 0.030319 0.198538
vt 0.274437 0.085948
vt 0.289000 0.076156
vt 0.286137 0.070855
vt 0.289386 0.067823
vt 0.668203 0.169960
vt 0.670649 0.162478
vt 0.673212 0.167136
vt 0.287048 0.062549
vt 0.678278 0.162241
vt 0.265839 0.032674
vt 0.477771 0.032716
vt 0.484379 0.041770
vt 0.032916 0.139800
vt 0.660031 0.108489
vt 0.527287 0.053951
vt 0.155368 0.045217
vt 0.587864 0.032908
vt 0.152536 0.034070
vt 0.157570 0.028516
vt 0.582562 0.026622
vt 0.910206 0.321402
vt 0.908075 0.324942
vt 0.109067 0.054477
vt 0.869106 0.841938
vt 0.890286 0.593245
vt 0.857730 0.122288
vt 0.684577 0.244419
vt 0.407576 0.921248
vt 0.407505 0.906881
vt 0.409415 0.916774
vt 0.364709 0.885585
vt 0.317949 0.113327
vt 0.864084 0.047138
vt 0.675101 0.204702
vt 0.678160 0.208511
vt 0.864903 0.035825
vt 0.049054 0.219754
vt 0.292212 0.928727
vt 0.288926 0.926741
vt 0.797897 0.934836
vt 0.797897 0.921107
vt 0.803788 0.930987
vt 0.046263 0.202046
vt 0.384060 0.818297
vt 0.836751 0.265539
vt 0.377986 0.814564
vt 0.370202 0.815364
vt 0.877534 0.293807
vt 0.293146 0.076637
vt 0.468783 0.074866
vt 0.690440 0.159428
vt 0.467284 0.053570
vt 0.697249 0.163139
vt 0.703884 0.162238
vt 0.578825 0.945971
vt 0.578825 0.933789
vt 0.582152 0.944318
vt 0.035199 0.136617
vt 0.587758 0.047143
vt 0.615122 0.059606
vt 0.110682 0.052341
vt 0.153638 0.030565
vt 0.162607 0.844192
vt 0.802122 0.690711
vt 0.854140 0.257353
vt 0.908440 0.698660
vt 0.896135 0.622089
vt 0.887508 0.550839
vt 0.764952 0.292535
vt 0.863188 0.065296
vt 0.074023 0.249813
vt 0.069185 0.249594
vt 0.075761 0.245518
vt 0.405934 0.932440
vt 0.409366 0.927796
vt 0.322260 0.122730
vt 0.405934 0.898150
vt 0.410398 0.907232
vt 0.312110 0.111217
vt 0.054202 0.234304
vt 0.794025 0.299370
vt 0.791172 0.284125
vt 0.801954 0.290012
vt 0.059322 0.222744
vt 0.051490 0.214006
vt 0.289991 0.935749
vt 0.398278 0.821096
vt 0.274207 0.089670
vt 0.912757 0.360343
vt 0.815649 0.394286
vt 0.811878 0.383288
vt 0.817399 0.388705
vt 0.855453 0.019983
vt 0.864518 0.019461
vt 0.888833 0.466925
vt 0.066146 0.183167
vt 0.073821 0.187543
vt 0.056199 0.186798
vt 0.435079 0.920581
vt 0.428629 0.919374
vt 0.432217 0.916685
vt 0.291653 0.064901
vt 0.690961 0.165401
vt 0.284137 0.058202
vt 0.692722 0.158553
vt 0.701659 0.162805
vt 0.279370 0.045872
vt 0.250111 0.032170
vt 0.542401 0.056202
vt 0.062812 0.122210
vt 0.602303 0.056053
vt 0.607415 0.053640
vt 0.159741 0.049785
vt 0.593846 0.043231
vt 0.617372 0.045586
vt 0.912438 0.709511
vt 0.812846 0.664158
vt 0.813159 0.641068
vt 0.817011 0.599805
vt 0.331169 0.129302
vt 0.335079 0.125782
vt 0.047827 0.248780
vt 0.307264 0.099618
vt 0.828874 0.469864
vt 0.302916 0.094153
vt 0.059945 0.218680
vt 0.680431 0.198629
vt 0.846569 0.274808
vt 0.854656 0.283952
vt 0.895679 0.473936
vt 0.886491 0.473880
vt 0.817203 0.386420
vt 0.815447 0.380872
vt 0.055401 0.188650
vt 0.329367 0.934219
vt 0.323214 0.934268
vt 0.323214 0.922090
vt 0.357499 0.664346
vt 0.356821 0.718214
vt 0.356821 0.706555
vt 0.358649 0.712703
vt 0.288978 0.055238
vt 0.368359 0.641936
vt 0.291292 0.055352
vt 0.295358 0.063280
vt 0.683185 0.156773
vt 0.470209 0.064489
vt 0.286843 0.046595
vt 0.033942 0.162978
vt 0.029884 0.160537
vt 0.697901 0.138747
vt 0.261212 0.031162
vt 0.257784 0.031367
vt 0.257002 0.034582
vt 0.234959 0.044255
vt 0.584069 0.054355
vt 0.593961 0.037480
vt 0.909715 0.326364
vt 0.859784 0.951624
vt 0.865403 0.927871
vt 0.817227 0.615793
vt 0.867757 0.878125
vt 0.863214 0.871864
vt 0.861609 0.088228
vt 0.867304 0.069262
vt 0.067421 0.245148
vt 0.412048 0.917586
vt 0.074340 0.235674
vt 0.868923 0.052032
vt 0.062250 0.232376
vt 0.306510 0.088631
vt 0.683326 0.200639
vt 0.686223 0.200460
vt 0.687417 0.192978
vt 0.682654 0.192001
vt 0.806930 0.388303
vt 0.809248 0.396896
vt 0.690830 0.187600
vt 0.886439 0.467675
vt 0.817247 0.444558
vt 0.688371 0.185515
vt 0.693590 0.179975
vt 0.299763 0.074435
vt 0.697200 0.172877
vt 0.275776 0.073580
vt 0.433577 0.903367
vt 0.435079 0.909188
vt 0.281412 0.067168
vt 0.616381 0.915730
vt 0.610348 0.907948
vt 0.617386 0.908477
vt 0.687301 0.156144
vt 0.694140 0.146575
vt 0.266852 0.041420
vt 0.394607 0.913109
vt 0.476957 0.038571
vt 0.507112 0.052836
vt 0.642398 0.100880
vt 0.246788 0.037358
vt 0.082164 0.110499
vt 0.619061 0.090234
vt 0.603735 0.067334
vt 0.117686 0.070545
vt 0.601046 0.042982
vt 0.610697 0.044842
vt 0.603004 0.930984
vt 0.603004 0.940762
vt 0.601233 0.936252
vt 0.809405 0.690617
vt 0.865288 0.857205
vt 0.864056 0.140617
vt 0.870464 0.825502
vt 0.820536 0.542856
vt 0.869675 0.814827
vt 0.882947 0.512406
vt 0.055612 0.242857
vt 0.065358 0.222546
vt 0.073364 0.226754
vt 0.865520 0.750789
vt 0.302365 0.088316
vt 0.690698 0.190750
vt 0.861911 0.014461
vt 0.824977 0.451745
vt 0.753307 0.405487
vt 0.748474 0.398770
vt 0.754769 0.398770
vt 0.817402 0.439432
vt 0.823137 0.443641
vt 0.694336 0.184094
vt 0.270395 0.061331
vt 0.699397 0.172239
vt 0.276441 0.055744
vt 0.039630 0.157600
vt 0.482317 0.047475
vt 0.478010 0.042922
vt 0.692113 0.131460
vt 0.680433 0.132859
vt 0.221982 0.046841
vt 0.613448 0.079086
vt 0.121789 0.063907
vt 0.914074 0.340444
vt 0.911400 0.336515
vt 0.911426 0.332257
vt 0.915715 0.345183
vt 0.918947 0.348592
vt 0.914604 0.348653
vt 0.145958 0.039760
vt 0.904568 0.308208
vt 0.902868 0.310951
vt 0.854001 0.264172
vt 0.859698 0.974816
vt 0.865844 0.914623
vt 0.897976 0.663524
vt 0.864778 0.891684
vt 0.817836 0.587065
vt 0.828893 0.562264
vt 0.058620 0.249370
vt 0.357998 0.685817
vt 0.358949 0.673004
vt 0.363552 0.679402
vt 0.365016 0.670563
vt 0.367227 0.660411
vt 0.816433 0.375848
vt 0.057209 0.179660
vt 0.053394 0.179403
vt 0.052328 0.184395
vt 0.048753 0.179154
vt 0.059970 0.176526
vt 0.813136 0.371484
vt 0.817399 0.369526
vt 0.054761 0.175103
vt 0.065357 0.176102
vt 0.061835 0.171528
vt 0.058451 0.170678
vt 0.613501 0.901396
vt 0.684830 0.149173
vt 0.035055 0.172293
vt 0.264740 0.042923
vt 0.253145 0.038404
vt 0.241480 0.039511
vt 0.554660 0.058174
vt 0.630505 0.096317
vt 0.178083 0.059878
vt 0.912359 0.344669
vt 0.908887 0.330160
vt 0.117185 0.050917
vt 0.855827 0.199635
vt 0.818629 0.632890
vt 0.861824 0.151592
vt 0.860426 0.111202
vt 0.778593 0.288740
vt 0.787746 0.295757
vt 0.065222 0.216192
vt 0.060685 0.212066
vt 0.794494 0.278277
vt 0.058799 0.199237
vt 0.066901 0.203741
vt 0.869601 0.027377
vt 0.808119 0.277095
vt 0.508801 0.911371
vt 0.511712 0.913123
vt 0.508801 0.917496
vt 0.944751 0.352197
vt 0.944751 0.344659
vt 0.946880 0.348548
vt 0.685398 0.935183
vt 0.687340 0.935555
vt 0.685398 0.939743
vt 0.271801 0.075166
vt 0.610934 0.914820
vt 0.041406 0.169311
vt 0.812391 0.933543
vt 0.806194 0.929373
vt 0.812391 0.917789
vt 0.043304 0.163094
vt 0.268959 0.053539
vt 0.388933 0.928978
vt 0.395501 0.929752
vt 0.689772 0.138641
vt 0.395865 0.920690
vt 0.563914 0.065591
vt 0.097478 0.099285
vt 0.149250 0.058498
vt 0.145798 0.051494
vt 0.120325 0.052329
vt 0.910701 0.340134
vt 0.859134 0.211872
vt 0.893584 0.652632
vt 0.860385 0.178287
vt 0.817728 0.608555
vt 0.824880 0.528926
vt 0.828773 0.488175
vt 0.880829 0.499844
vt 0.053643 0.206592
vt 0.808731 0.380719
vt 0.574059 0.928509
vt 0.579226 0.925847
vt 0.576753 0.932422
vt 0.426179 0.910074
vt 0.573501 0.923328
vt 0.576863 0.923961
vt 0.574791 0.928446
vt 0.821979 0.428265
vt 0.827808 0.432212
vt 0.846178 0.800179
vt 0.846178 0.790498
vt 0.848790 0.796061
vt 0.048041 0.175082
vt 0.681021 0.153394
vt 0.330734 0.928316
vt 0.330734 0.922090
vt 0.334473 0.925286
vt 0.476084 0.045753
vt 0.040593 0.146612
vt 0.199672 0.056592
vt 0.581877 0.064004
vt 0.600688 0.078009
vt 0.133182 0.060396
vt 0.122935 0.049561
vt 0.904076 0.709468
vt 0.814433 0.680470
vt 0.897500 0.683707
vt 0.863101 0.881501
vt 0.864953 0.797770
vt 0.873593 0.485559
vt 0.686260 0.931669
vt 0.049891 0.172547
vt 0.828971 0.405207
vt 0.833791 0.400489
vt 0.832169 0.405158
vt 0.828971 0.399800
vt 0.824456 0.417730
vt 0.827538 0.423632
vt 0.050991 0.166864
vt 0.055861 0.165629
vt 0.040997 0.178126
vt 0.676104 0.157558
vt 0.473804 0.054441
vt 0.687971 0.137380
vt 0.488205 0.053744
vt 0.055604 0.133852
vt 0.081112 0.125023
vt 0.133507 0.048735
vt 0.139816 0.044459
vt 0.130576 0.047846
vt 0.903197 0.711088
vt 0.857192 0.963541
vt 0.862117 0.230760
vt 0.821274 0.636584
vt 0.482347 0.899381
vt 0.480150 0.918233
vt 0.478255 0.905580
vt 0.888767 0.641879
vt 0.472856 0.899381
vt 0.048643 0.198628
vt 0.052789 0.192843
vt 0.046700 0.188141
vt 0.043788 0.189239
vt 0.650593 0.943859
vt 0.650593 0.939493
vt 0.654783 0.941540
vt 0.883115 0.463091
vt 0.426858 0.901645
vt 0.047555 0.183445
vt 0.038163 0.181226
vt 0.672079 0.931361
vt 0.672079 0.912393
vt 0.677799 0.921420
vt 0.044016 0.140321
vt 0.251854 0.048710
vt 0.128254 0.078405
vt 0.901843 0.304562
vt 0.899980 0.697790
vt 0.862585 0.165102
vt 0.866345 0.009822
vt 0.823704 0.278147
vt 0.443955 0.944363
vt 0.446256 0.939319
vt 0.447718 0.944363
vt 0.827805 0.444360
vt 0.886334 0.452015
vt 0.880199 0.453051
vt 0.576697 0.917889
vt 0.330750 0.939091
vt 0.044692 0.159290
vt 0.481436 0.058915
vt 0.357352 0.937907
vt 0.353289 0.929725
vt 0.357352 0.926449
vt 0.887842 0.419100
vt 0.882569 0.416649
vt 0.889583 0.407029
vt 0.261608 0.041300
vt 0.653544 0.126486
vt 0.115060 0.089555
vt 0.163806 0.063765
vt 0.161989 0.849654
vt 0.861440 0.262110
vt 0.858780 0.937742
vt 0.861050 0.205328
vt 0.860734 0.196576
vt 0.427988 0.932962
vt 0.422853 0.937102
vt 0.422853 0.921948
vt 0.866457 0.099002
vt 0.757777 0.295910
vt 0.872728 0.043733
vt 0.606285 0.899780
vt 0.610526 0.901928
vt 0.054052 0.161266
vt 0.612911 0.897311
vt 0.047907 0.152307
vt 0.352169 0.932432
vt 0.884904 0.430058
vt 0.881533 0.424108
vt 0.686264 0.142185
vt 0.680802 0.143357
vt 0.687371 0.142605
vt 0.495506 0.058637
vt 0.662737 0.134817
vt 0.260390 0.046749
vt 0.534280 0.065160
vt 0.861616 0.921664
vt 0.825533 0.587077
vt 0.868920 0.789543
vt 0.874642 0.472107
vt 0.880004 0.467052
vt 0.582865 0.921135
vt 0.604517 0.911353
vt 0.606025 0.908678
vt 0.825303 0.942008
vt 0.828445 0.942008
vt 0.828042 0.946983
vt 0.679225 0.947751
vt 0.679225 0.943078
vt 0.682269 0.945993
vt 0.830205 0.413536
vt 0.055035 0.159523
vt 0.058149 0.163476
vt 0.828427 0.407029
vt 0.050369 0.151933
vt 0.474850 0.061357
vt 0.049393 0.146304
vt 0.210101 0.060898
vt 0.580934 0.076972
vt 0.896596 0.710567
vt 0.815723 0.692266
vt 0.878252 0.581569
vt 0.861446 0.838666
vt 0.875333 0.111271
vt 0.762112 0.284963
vt 0.819503 0.271030
vt 0.826571 0.272815
vt 0.428483 0.898149
vt 0.606470 0.894468
vt 0.684090 0.144483
vt 0.682177 0.147303
vt 0.876375 0.434725
vt 0.480677 0.064340
vt 0.254794 0.061254
vt 0.263964 0.048538
vt 0.058745 0.142249
vt 0.073700 0.135863
vt 0.824012 0.659761
vt 0.859561 0.912291
vt 0.459724 0.916802
vt 0.463074 0.930464
vt 0.459724 0.935851
vt 0.585334 0.337288
vt 0.580391 0.334998
vt 0.590661 0.327442
vt 0.865648 0.172023
vt 0.888929 0.615947
vt 0.860784 0.865518
vt 0.877060 0.544734
vt 0.784752 0.280739
vt 0.831755 0.461278
vt 0.874031 0.021117
vt 0.871360 0.009757
vt 0.807696 0.271782
vt 0.879660 0.444010
vt 0.831476 0.421864
vt 0.577935 0.912730
vt 0.885425 0.438032
vt 0.674623 0.157565
vt 0.676670 0.153247
vt 0.681569 0.150438
vt 0.604517 0.897916
vt 0.574371 0.900184
vt 0.583679 0.910017
vt 0.574688 0.908988
vt 0.685427 0.145294
vt 0.246457 0.052792
vt 0.507466 0.067066
vt 0.231820 0.057331
vt 0.864472 0.246197
vt 0.820661 0.672859
vt 0.855682 0.933224
vt 0.824303 0.616053
vt 0.882599 0.636717
vt 0.861076 0.777826
vt 0.869755 0.073229
vt 0.833239 0.449367
vt 0.867880 0.005296
vt 0.833568 0.427905
vt 0.672410 0.153820
vt 0.677516 0.149015
vt 0.604952 0.905167
vt 0.604787 0.900782
vt 0.474527 0.069833
vt 0.680216 0.150256
vt 0.670696 0.147058
vt 0.263406 0.059700
vt 0.057030 0.149742
vt 0.053198 0.149102
vt 0.547092 0.075224
vt 0.606767 0.102260
vt 0.560640 0.079426
vt 0.824885 0.694687
vt 0.820229 0.682301
vt 0.587246 0.319466
vt 0.592742 0.317866
vt 0.868730 0.145934
vt 0.881283 0.597962
vt 0.832324 0.540670
vt 0.870465 0.085275
vt 0.870616 0.493669
vt 0.876218 0.462800
vt 0.836364 0.439059
vt 0.671613 0.157637
vt 0.055424 0.151335
vt 0.573501 0.894468
vt 0.579322 0.899644
vt 0.052550 0.152473
vt 0.241508 0.059819
vt 0.595510 0.094449
vt 0.144477 0.085678
vt 0.885978 0.693132
vt 0.827399 0.650697
vt 0.573575 0.368135
vt 0.570124 0.351807
vt 0.578971 0.356316
vt 0.570061 0.340855
vt 0.576267 0.347019
vt 0.863706 0.190343
vt 0.871673 0.126213
vt 0.858307 0.828403
vt 0.831901 0.512108
vt 0.106287 0.213275
vt 0.112385 0.212006
vt 0.113343 0.224983
vt 0.824756 0.268680
vt 0.829815 0.271821
vt 0.486591 0.068879
vt 0.476293 0.076434
vt 0.876281 0.449070
vt 0.634634 0.117110
vt 0.618413 0.106157
vt 0.099583 0.119595
vt 0.193228 0.068391
vt 0.126937 0.103008
vt 0.172342 0.077528
vt 0.903812 0.301628
vt 0.166183 0.851403
vt 0.851840 0.947534
vt 0.867472 0.217783
vt 0.888382 0.665203
vt 0.824147 0.634422
vt 0.576207 0.328768
vt 0.828960 0.607711
vt 0.857949 0.870394
vt 0.856933 0.811053
vt 0.837265 0.470812
vt 0.877869 0.031149
vt 0.831426 0.269648
vt 0.058589 0.154228
vt 0.498357 0.072685
vt 0.109243 0.110037
vt 0.166095 0.857330
vt 0.852899 0.971903
vt 0.889943 0.702972
vt 0.870969 0.205550
vt 0.886995 0.654575
vt 0.590144 0.307382
vt 0.872367 0.152030
vt 0.857948 0.857226
vt 0.865374 0.508024
vt 0.866652 0.519384
vt 0.876231 0.000683
vt 0.869942 0.456249
vt 0.829812 0.948315
vt 0.829812 0.942008
vt 0.831888 0.944599
vt 0.259858 0.067887
vt 0.067578 0.144346
vt 0.899633 0.291924
vt 0.884445 0.679771
vt 0.829085 0.620658
vt 0.159542 0.329604
vt 0.161032 0.342085
vt 0.152618 0.325351
vt 0.580111 0.316395
vt 0.857110 0.845031
vt 0.834366 0.521875
vt 0.873848 0.076035
vt 0.862461 0.773707
vt 0.840567 0.502497
vt 0.766479 0.278726
vt 0.873454 0.052031
vt 0.533280 0.934108
vt 0.533280 0.943271
vt 0.528844 0.939424
vt 0.662958 0.154087
vt 0.667291 0.158788
vt 0.265535 0.073858
vt 0.064329 0.155343
vt 0.655712 0.146257
vt 0.060728 0.160574
vt 0.623177 0.123954
vt 0.565025 0.092001
vt 0.185515 0.082446
vt 0.164582 0.859261
vt 0.826208 0.693300
vt 0.850223 0.960868
vt 0.868041 0.560701
vt 0.119931 0.227655
vt 0.119745 0.213875
vt 0.587963 0.932966
vt 0.585046 0.910120
vt 0.593962 0.918242
vt 0.593962 0.906762
vt 0.842323 0.458386
vt 0.068477 0.169843
vt 0.074375 0.173718
vt 0.073713 0.177715
vt 0.611175 0.113134
vt 0.898408 0.295036
vt 0.872562 0.197405
vt 0.883867 0.645383
vt 0.166114 0.335047
vt 0.154800 0.317664
vt 0.063172 0.172068
vt 0.058894 0.162489
vt 0.261952 0.082098
vt 0.489209 0.082840
vt 0.253175 0.073039
vt 0.633534 0.125861
vt 0.532986 0.079396
vt 0.578450 0.096102
vt 0.212583 0.072577
vt 0.886157 0.715006
vt 0.886459 0.713045
vt 0.166572 0.862251
vt 0.167977 0.863050
vt 0.870746 0.260874
vt 0.827279 0.679498
vt 0.399360 0.273089
vt 0.403841 0.271905
vt 0.408264 0.275431
vt 0.413858 0.276557
vt 0.410025 0.259298
vt 0.872737 0.598536
vt 0.877923 0.055380
vt 0.842811 0.485752
vt 0.788823 0.271267
vt 0.876245 0.005824
vt 0.475924 0.087833
vt 0.484640 0.090391
vt 0.069384 0.161287
vt 0.078967 0.145464
vt 0.650984 0.137151
vt 0.238583 0.066448
vt 0.226559 0.071965
vt 0.199731 0.075344
vt 0.566516 0.367578
vt 0.171522 0.347201
vt 0.571947 0.309169
vt 0.881623 0.617199
vt 0.836475 0.570541
vt 0.840411 0.540538
vt 0.869604 0.542629
vt 0.855260 0.798411
vt 0.864824 0.525458
vt 0.654843 0.158203
vt 0.663510 0.165121
vt 0.079876 0.161713
vt 0.543357 0.086198
vt 0.091048 0.138621
vt 0.148441 0.101642
vt 0.166027 0.323494
vt 0.149558 0.305820
vt 0.836500 0.588642
vt 0.584517 0.303627
vt 0.592357 0.292938
vt 0.594534 0.294842
vt 0.876599 0.095269
vt 0.774987 0.276841
vt 0.102493 0.205811
vt 0.863888 0.469860
vt 0.650554 0.168720
vt 0.078979 0.171663
vt 0.596124 0.108930
vt 0.164902 0.866808
vt 0.562509 0.405663
vt 0.557820 0.403614
vt 0.561424 0.395019
vt 0.871629 0.251168
vt 0.566870 0.382171
vt 0.872357 0.228411
vt 0.395356 0.286864
vt 0.876356 0.657291
vt 0.878378 0.638174
vt 0.567896 0.310536
vt 0.875302 0.620638
vt 0.875029 0.145529
vt 0.876585 0.133387
vt 0.596983 0.283172
vt 0.869539 0.578478
vt 0.837590 0.551325
vt 0.853908 0.774866
vt 0.859147 0.762890
vt 0.590901 0.894468
vt 0.862668 0.483260
vt 0.520201 0.088224
vt 0.587036 0.117409
vt 0.106222 0.128775
vt 0.169552 0.096166
vt 0.115154 0.127031
vt 0.404376 0.289158
vt 0.419156 0.264733
vt 0.569248 0.326328
vt 0.834981 0.610175
vt 0.869355 0.608103
vt 0.854237 0.827470
vt 0.883428 0.015040
vt 0.654118 0.174222
vt 0.503364 0.082741
vt 0.556036 0.387454
vt 0.559786 0.348383
vt 0.870820 0.645318
vt 0.172403 0.326631
vt 0.157150 0.310264
vt 0.594571 0.274279
vt 0.854240 0.759379
vt 0.097789 0.183247
vt 0.085500 0.186684
vt 0.089491 0.179875
vt 0.247594 0.086107
vt 0.631375 0.138278
vt 0.575195 0.113270
vt 0.396716 0.297938
vt 0.386931 0.294258
vt 0.877013 0.669035
vt 0.560698 0.361483
vt 0.176597 0.342297
vt 0.558404 0.326482
vt 0.172290 0.314792
vt 0.589221 0.283057
vt 0.598784 0.266434
vt 0.844943 0.523826
vt 0.116383 0.200431
vt 0.105614 0.198153
vt 0.771591 0.269767
vt 0.791969 0.265539
vt 0.844016 0.448658
vt 0.481789 0.099097
vt 0.091679 0.153203
vt 0.547733 0.096947
vt 0.372256 0.325521
vt 0.377474 0.328842
vt 0.370202 0.326468
vt 0.395865 0.931118
vt 0.395865 0.940217
vt 0.394366 0.935758
vt 0.380141 0.313102
vt 0.880061 0.704248
vt 0.182929 0.399669
vt 0.175662 0.378055
vt 0.188765 0.397322
vt 0.168841 0.368563
vt 0.178766 0.371781
vt 0.416420 0.282101
vt 0.343011 0.268610
vt 0.343101 0.283887
vt 0.333777 0.273515
vt 0.155526 0.297852
vt 0.883669 0.072514
vt 0.821038 0.927751
vt 0.815839 0.936281
vt 0.815839 0.922904
vt 0.098490 0.194049
vt 0.933198 0.394597
vt 0.937514 0.381009
vt 0.937514 0.398857
vt 0.252283 0.098272
vt 0.223050 0.086472
vt 0.198610 0.093383
vt 0.129837 0.120735
vt 0.165096 0.873678
vt 0.171982 0.355393
vt 0.562661 0.335024
vt 0.574985 0.288401
vt 0.149090 0.299362
vt 0.145341 0.287847
vt 0.151884 0.288517
vt 0.852632 0.806384
vt 0.879868 0.106252
vt 0.882476 0.094883
vt 0.848365 0.476344
vt 0.639789 0.176961
vt 0.639456 0.153107
vt 0.555467 0.111189
vt 0.602311 0.123734
vt 0.233799 0.090151
vt 0.186637 0.097751
vt 0.185064 0.409093
vt 0.189223 0.407565
vt 0.385270 0.316364
vt 0.552112 0.370908
vt 0.423917 0.278784
vt 0.418863 0.250622
vt 0.428026 0.230593
vt 0.429648 0.243573
vt 0.566066 0.283778
vt 0.843539 0.552907
vt 0.854142 0.748505
vt 0.796531 0.913445
vt 0.785825 0.912732
vt 0.796531 0.900431
vt 0.770783 0.265757
vt 0.260610 0.096465
vt 0.613343 0.130440
vt 0.210872 0.085119
vt 0.167941 0.869483
vt 0.548154 0.400760
vt 0.876078 0.681449
vt 0.574751 0.273520
vt 0.880700 0.119703
vt 0.598077 0.260000
vt 0.859211 0.541487
vt 0.851616 0.785052
vt 0.888319 0.058355
vt 0.102614 0.143669
vt 0.156702 0.112834
vt 0.139421 0.124807
vt 0.892107 0.286766
vt 0.893326 0.285839
vt 0.162862 0.879162
vt 0.182945 0.351044
vt 0.425515 0.257234
vt 0.868527 0.635044
vt 0.563724 0.303236
vt 0.170143 0.301289
vt 0.843160 0.573382
vt 0.592984 0.263534
vt 0.603873 0.246386
vt 0.857301 0.507068
vt 0.117191 0.193016
vt 0.855722 0.485036
vt 0.490570 0.112966
vt 0.478762 0.108345
vt 0.638013 0.167454
vt 0.493198 0.097180
vt 0.513248 0.096403
vt 0.350043 0.295412
vt 0.357166 0.292038
vt 0.186376 0.365039
vt 0.143632 0.274366
vt 0.604015 0.241123
vt 0.884867 0.096617
vt 0.851270 0.800838
vt 0.848216 0.511904
vt 0.848856 0.488748
vt 0.503475 0.101807
vt 0.590524 0.131269
vt 0.618853 0.141365
vt 0.527303 0.099900
vt 0.172986 0.118389
vt 0.126704 0.140022
vt 0.877935 0.715364
vt 0.165988 0.879211
vt 0.394447 0.322854
vt 0.357862 0.316095
vt 0.365093 0.304197
vt 0.407418 0.298814
vt 0.341398 0.292630
vt 0.327372 0.280888
vt 0.546174 0.337413
vt 0.180566 0.319493
vt 0.553583 0.287685
vt 0.162906 0.287989
vt 0.439938 0.217703
vt 0.863711 0.584862
vt 0.580075 0.254457
vt 0.884405 0.109182
vt 0.861527 0.565792
vt 0.596278 0.249212
vt 0.850223 0.768173
vt 0.484879 0.128140
vt 0.630708 0.175358
vt 0.093806 0.173951
vt 0.630719 0.158500
vt 0.098535 0.162427
vt 0.568860 0.126987
vt 0.150916 0.130234
vt 0.894031 0.284217
vt 0.376079 0.330385
vt 0.384847 0.333549
vt 0.196817 0.404726
vt 0.364715 0.315887
vt 0.545583 0.357784
vt 0.421794 0.292328
vt 0.323982 0.275945
vt 0.327007 0.262858
vt 0.556676 0.314520
vt 0.150088 0.275127
vt 0.847057 0.542854
vt 0.606136 0.226876
vt 0.609400 0.226048
vt 0.854445 0.525310
vt 0.884887 0.041235
vt 0.846178 0.775632
vt 0.846178 0.761308
vt 0.848208 0.764804
vt 0.546504 0.116253
vt 0.940976 0.333526
vt 0.941982 0.339471
vt 0.939709 0.343292
vt 0.546641 0.387529
vt 0.435310 0.273706
vt 0.179161 0.302676
vt 0.172965 0.285082
vt 0.166504 0.277568
vt 0.848856 0.529732
vt 0.601140 0.237566
vt 0.886509 0.077931
vt 0.497159 0.109195
vt 0.552194 0.124205
vt 0.245441 0.104376
vt 0.532251 0.115443
vt 0.606190 0.144683
vt 0.114200 0.144420
vt 0.948356 0.325615
vt 0.948356 0.329630
vt 0.946433 0.326587
vt 0.404672 0.322400
vt 0.191748 0.376512
vt 0.331151 0.291193
vt 0.322890 0.253281
vt 0.312580 0.242692
vt 0.314390 0.227339
vt 0.447728 0.221924
vt 0.453424 0.203404
vt 0.569860 0.256615
vt 0.447923 0.198471
vt 0.851518 0.744408
vt 0.618891 0.184429
vt 0.621106 0.187133
vt 0.256345 0.113010
vt 0.106358 0.178257
vt 0.581070 0.138536
vt 0.627078 0.149467
vt 0.189513 0.115449
vt 0.947225 0.330523
vt 0.541325 0.398745
vt 0.368835 0.326620
vt 0.365336 0.329184
vt 0.196824 0.391059
vt 0.351846 0.314341
vt 0.419062 0.303585
vt 0.317064 0.283300
vt 0.535653 0.342069
vt 0.313616 0.260439
vt 0.436759 0.261166
vt 0.860056 0.597708
vt 0.151094 0.265461
vt 0.142917 0.263882
vt 0.455469 0.189889
vt 0.576249 0.240104
vt 0.137432 0.252301
vt 0.137038 0.240732
vt 0.596018 0.237782
vt 0.586133 0.234105
vt 0.856266 0.544982
vt 0.131086 0.234687
vt 0.613064 0.209967
vt 0.613557 0.198496
vt 0.480750 0.139962
vt 0.492867 0.128726
vt 0.563700 0.139320
vt 0.212785 0.100074
vt 0.205182 0.110213
vt 0.943822 0.329922
vt 0.160208 0.886633
vt 0.393522 0.337017
vt 0.535477 0.371965
vt 0.341858 0.307808
vt 0.440205 0.283875
vt 0.185294 0.330722
vt 0.551727 0.316129
vt 0.551466 0.302717
vt 0.445043 0.251445
vt 0.301762 0.219441
vt 0.555440 0.273846
vt 0.856166 0.572431
vt 0.580291 0.229871
vt 0.600721 0.217114
vt 0.604618 0.218675
vt 0.850223 0.520970
vt 0.609937 0.207278
vt 0.890741 0.033970
vt 0.260809 0.134452
vt 0.253143 0.130658
vt 0.249840 0.115402
vt 0.622444 0.169724
vt 0.542682 0.128681
vt 0.943056 0.338896
vt 0.534719 0.394654
vt 0.359141 0.330226
vt 0.414488 0.322417
vt 0.167716 0.260913
vt 0.288729 0.196205
vt 0.300644 0.206391
vt 0.570082 0.229704
vt 0.462949 0.178105
vt 0.466133 0.185068
vt 0.590184 0.214179
vt 0.580112 0.220937
vt 0.482654 0.152629
vt 0.469858 0.161319
vt 0.488499 0.144165
vt 0.549370 0.136177
vt 0.598150 0.148959
vt 0.520975 0.110977
vt 0.112766 0.155114
vt 0.226639 0.101091
vt 0.941885 0.323870
vt 0.437987 0.296599
vt 0.197501 0.339189
vt 0.309200 0.276633
vt 0.189112 0.305750
vt 0.178382 0.279497
vt 0.160342 0.253965
vt 0.145533 0.248318
vt 0.854012 0.554561
vt 0.474849 0.170217
vt 0.128614 0.216625
vt 0.124484 0.216226
vt 0.592581 0.195952
vt 0.611593 0.190454
vt 0.611345 0.181297
vt 0.501707 0.122439
vt 0.577326 0.149064
vt 0.615467 0.156785
vt 0.235557 0.105856
vt 0.182655 0.131291
vt 0.160898 0.143371
vt 0.147381 0.139155
vt 0.401214 0.341263
vt 0.209013 0.398836
vt 0.526204 0.390345
vt 0.346663 0.324417
vt 0.299579 0.236649
vt 0.185341 0.291909
vt 0.459732 0.221737
vt 0.850777 0.534918
vt 0.583964 0.199819
vt 0.607314 0.197407
vt 0.503747 0.139281
vt 0.537419 0.142827
vt 0.556718 0.158348
vt 0.109067 0.169063
vt 0.357590 0.333850
vt 0.160592 0.892863
vt 0.522376 0.375238
vt 0.428555 0.312886
vt 0.322820 0.304713
vt 0.207408 0.347190
vt 0.540056 0.325923
vt 0.446473 0.267286
vt 0.555675 0.254896
vt 0.162647 0.242248
vt 0.153600 0.235333
vt 0.144427 0.240218
vt 0.579004 0.187517
vt 0.593166 0.180560
vt 0.119742 0.189966
vt 0.564843 0.169345
vt 0.588159 0.166735
vt 0.247910 0.131725
vt 0.522715 0.125314
vt 0.511130 0.118949
vt 0.945067 0.324158
vt 0.941569 0.315317
vt 0.151236 0.901145
vt 0.156012 0.892813
vt 0.153690 0.899198
vt 0.408926 0.343385
vt 0.422032 0.338511
vt 0.209539 0.387409
vt 0.209769 0.367133
vt 0.523038 0.359685
vt 0.528244 0.349066
vt 0.306855 0.260957
vt 0.291050 0.212450
vt 0.173927 0.256145
vt 0.168947 0.239134
vt 0.475676 0.194226
vt 0.486526 0.182945
vt 0.159094 0.221052
vt 0.138873 0.231559
vt 0.279684 0.179711
vt 0.265838 0.165075
vt 0.277742 0.170184
vt 0.268078 0.161897
vt 0.495835 0.164680
vt 0.261805 0.148823
vt 0.251619 0.142924
vt 0.785825 0.914812
vt 0.794268 0.916638
vt 0.785825 0.927681
vt 0.532666 0.171595
vt 0.522601 0.152159
vt 0.547859 0.179459
vt 0.575754 0.179397
vt 0.520495 0.139380
vt 0.241235 0.117811
vt 0.600494 0.159192
vt 0.609631 0.155955
vt 0.195392 0.126590
vt 0.413285 0.346463
vt 0.352390 0.335270
vt 0.330125 0.319256
vt 0.306010 0.289268
vt 0.448665 0.283521
vt 0.191550 0.325274
vt 0.468860 0.224754
vt 0.278936 0.192233
vt 0.272440 0.179087
vt 0.564019 0.226475
vt 0.153521 0.217951
vt 0.134757 0.213319
vt 0.509915 0.161185
vt 0.559895 0.184623
vt 0.517439 0.167379
vt 0.608998 0.166502
vt 0.153509 0.149766
vt 0.209899 0.121892
vt 0.136162 0.154085
vt 0.944835 0.316134
vt 0.423633 0.349171
vt 0.515636 0.387141
vt 0.528849 0.392899
vt 0.511776 0.384475
vt 0.521857 0.333124
vt 0.535705 0.312245
vt 0.463152 0.244521
vt 0.480376 0.202800
vt 0.498225 0.195610
vt 0.141914 0.222185
vt 0.567506 0.209796
vt 0.150456 0.211787
vt 0.128647 0.197833
vt 0.128569 0.185088
vt 0.194354 0.144916
vt 0.174874 0.158701
vt 0.122057 0.178761
vt 0.219096 0.115172
vt 0.122926 0.156591
vt 0.941615 0.302082
vt 0.345081 0.338655
vt 0.220342 0.381159
vt 0.438025 0.340233
vt 0.506317 0.372150
vt 0.438941 0.313173
vt 0.206284 0.331577
vt 0.546172 0.281028
vt 0.288389 0.243517
vt 0.186631 0.268200
vt 0.491277 0.216628
vt 0.282618 0.213400
vt 0.507040 0.184540
vt 0.526106 0.202734
vt 0.540435 0.202628
vt 0.157434 0.210107
vt 0.139355 0.202663
vt 0.147381 0.194578
vt 0.253989 0.151559
vt 0.242180 0.137260
vt 0.207623 0.139886
vt 0.120498 0.165900
vt 0.939709 0.291557
vt 0.941141 0.284217
vt 0.322753 0.332637
vt 0.506270 0.353079
vt 0.513766 0.342566
vt 0.458909 0.274674
vt 0.193530 0.307739
vt 0.459978 0.260908
vt 0.192981 0.286349
vt 0.552985 0.239427
vt 0.268986 0.181429
vt 0.564531 0.202071
vt 0.258660 0.164299
vt 0.156444 0.188349
vt 0.232667 0.122398
vt 0.198705 0.158714
vt 0.157258 0.167245
vt 0.943550 0.300008
vt 0.503568 0.382437
vt 0.145194 0.910730
vt 0.152837 0.904458
vt 0.145226 0.914001
vt 0.499070 0.378588
vt 0.434226 0.352081
vt 0.330071 0.344853
vt 0.221381 0.392249
vt 0.298462 0.294507
vt 0.295118 0.279788
vt 0.199676 0.314869
vt 0.296185 0.262493
vt 0.274472 0.212942
vt 0.264865 0.198994
vt 0.257239 0.178411
vt 0.504951 0.207206
vt 0.524876 0.222445
vt 0.555853 0.215005
vt 0.241746 0.160466
vt 0.231566 0.142332
vt 0.150179 0.173031
vt 0.143077 0.177641
vt 0.178692 0.170916
vt 0.200401 0.168724
vt 0.133519 0.163843
vt 0.429840 0.352837
vt 0.439170 0.356714
vt 0.137700 0.921368
vt 0.444245 0.357631
vt 0.450966 0.334175
vt 0.456081 0.300665
vt 0.525912 0.305874
vt 0.472245 0.253914
vt 0.486486 0.237176
vt 0.277267 0.234647
vt 0.176148 0.227404
vt 0.182017 0.247536
vt 0.552020 0.229981
vt 0.252754 0.184362
vt 0.171079 0.209214
vt 0.191498 0.184284
vt 0.167525 0.186082
vt 0.225844 0.155105
vt 0.212856 0.161352
vt 0.218890 0.127172
vt 0.089592 0.969924
vt 0.087831 0.973370
vt 0.081685 0.976034
vt 0.495391 0.378534
vt 0.232694 0.387679
vt 0.486449 0.356676
vt 0.231542 0.366434
vt 0.303067 0.308821
vt 0.455641 0.317077
vt 0.219831 0.352452
vt 0.460450 0.287094
vt 0.474529 0.270042
vt 0.543243 0.259539
vt 0.263530 0.213301
vt 0.497950 0.234580
vt 0.518079 0.240581
vt 0.542133 0.229409
vt 0.228813 0.176586
vt 0.212914 0.186571
vt 0.315428 0.352156
vt 0.316566 0.348285
vt 0.485140 0.372846
vt 0.241082 0.383326
vt 0.456414 0.350782
vt 0.304639 0.322060
vt 0.219125 0.337236
vt 0.486189 0.255950
vt 0.209918 0.204202
vt 0.181536 0.208962
vt 0.309430 0.354224
vt 0.139868 0.921719
vt 0.483414 0.373907
vt 0.509100 0.318044
vt 0.217451 0.321232
vt 0.530878 0.282580
vt 0.262065 0.226231
vt 0.534434 0.251137
vt 0.247156 0.212955
vt 0.240531 0.197930
vt 0.203690 0.216849
vt 0.250149 0.368326
vt 0.251760 0.378333
vt 0.474628 0.364590
vt 0.469917 0.330612
vt 0.491139 0.339882
vt 0.274970 0.277962
vt 0.204888 0.298710
vt 0.273301 0.254443
vt 0.497721 0.266742
vt 0.195316 0.268143
vt 0.232769 0.204258
vt 0.093369 0.966414
vt 0.105049 0.959350
vt 0.101131 0.964656
vt 0.132550 0.928717
vt 0.128571 0.938289
vt 0.125552 0.939721
vt 0.133171 0.931488
vt 0.456713 0.362994
vt 0.301487 0.349333
vt 0.477037 0.343879
vt 0.229249 0.347320
vt 0.468425 0.309268
vt 0.501373 0.323844
vt 0.470445 0.295027
vt 0.479644 0.279746
vt 0.516665 0.300616
vt 0.519640 0.284364
vt 0.528159 0.267879
vt 0.204735 0.278547
vt 0.191274 0.245996
vt 0.224312 0.227074
vt 0.185884 0.221727
vt 0.470603 0.368611
vt 0.464176 0.365110
vt 0.248208 0.352885
vt 0.283302 0.331687
vt 0.287580 0.321046
vt 0.496828 0.282021
vt 0.257957 0.241990
vt 0.227946 0.250872
vt 0.243051 0.227686
vt 0.463638 0.366685
vt 0.294940 0.360995
vt 0.283120 0.347048
vt 0.490840 0.320817
vt 0.282049 0.303092
vt 0.229261 0.325934
vt 0.474647 0.302156
vt 0.480768 0.292817
vt 0.508013 0.298868
vt 0.262384 0.263042
vt 0.250198 0.246368
vt 0.196706 0.232671
vt 0.123419 0.945942
vt 0.116472 0.949940
vt 0.285372 0.363954
vt 0.485705 0.306600
vt 0.503792 0.312650
vt 0.221078 0.305985
vt 0.203467 0.259216
vt 0.202766 0.248306
vt 0.112053 0.955749
vt 0.119123 0.951829
vt 0.259165 0.374932
vt 0.264092 0.351651
vt 0.241032 0.340057
vt 0.213604 0.277943
vt 0.267824 0.372524
vt 0.237442 0.324296
vt 0.272405 0.297640
vt 0.265703 0.279978
vt 0.251563 0.273445
vt 0.220108 0.269330
vt 0.270609 0.354191
vt 0.268312 0.336277
vt 0.258090 0.337221
vt 0.267735 0.323224
vt 0.227927 0.300321
vt 0.110333 0.959879
vt 0.274494 0.369672
vt 0.273091 0.307926
vt 0.259444 0.285223
vt 0.236707 0.316933
vt 0.235443 0.297312
vt 0.244884 0.317268
vt 0.261587 0.303009
s 1
usemtl Material
f 1/1/1 2/2/2 3/3/3
f 1/1/1 4/4/4 2/2/2
f 4/4/4 5/5/5 2/2/2
f 5/5/5 6/6/6 2/2/2
f 2/2/2 6/6/6 7/7/7
f 7/7/7 6/6/6 8/8/8
f 9/9/9 1/1/1 10/10/10
f 10/10/10 1/1/1 11/11/11
f 1/1/1 12/12/12 11/11/11
f 1/1/1 13/13/13 4/4/4
f 1/1/1 3/3/3 12/12/12
f 8/8/8 14/14/14 7/7/7
f 15/15/15 14/14/14 8/8/8
f 16/16/16 10/10/10 17/17/17
f 16/16/16 18/18/18 10/10/10
f 10/10/10 11/11/11 19/19/19
f 19/19/19 11/11/11 20/20/20
f 9/9/9 13/13/13 1/1/1
f 13/13/13 5/5/5 4/4/4
f 21/21/21 22/22/22 23/23/23
f 2/2/2 7/7/7 3/3/3
f 22/22/22 24/24/24 23/23/23
f 25/25/25 24/24/24 22/22/22
f 25/25/25 26/26/26 24/24/24
f 25/25/25 27/27/27 26/26/26
f 7/7/7 14/14/14 81/28/28
f 8/8/8 28/29/29 15/15/15
f 14/14/14 15/15/15 29/30/30
f 27/27/27 30/31/31 26/26/26
f 31/32/32 30/31/31 27/27/27
f 32/33/33 33/34/34 34/35/35
f 35/36/36 36/37/37 37/38/38
f 35/36/36 38/39/39 36/37/37
f 34/35/35 39/40/40 32/33/33
f 32/33/33 40/41/41 33/34/34
f 39/40/40 41/42/42 32/33/33
f 37/38/38 36/37/37 42/43/43
f 41/42/42 43/44/44 32/33/33
f 36/37/37 44/45/45 42/43/43
f 38/39/39 45/46/46 36/37/37
f 41/42/42 46/47/47 43/44/44
f 47/48/48 48/49/49 17/17/17
f 16/16/16 17/17/17 48/49/49
f 49/50/50 17/17/17 19/19/19
f 10/10/10 19/19/19 17/17/17
f 18/18/18 9/9/9 10/10/10
f 20/20/20 11/11/11 50/51/51
f 12/12/12 50/51/51 11/11/11
f 51/52/52 52/53/53 9/9/9
f 52/53/53 13/13/13 9/9/9
f 53/54/54 54/55/55 55/56/56
f 54/55/55 21/21/21 55/56/56
f 55/56/56 21/21/21 56/57/57
f 21/21/21 23/23/23 56/57/57
f 57/58/58 22/22/22 21/21/21
f 7/7/7 81/28/28 3/3/3
f 25/25/25 22/22/22 57/58/58
f 5/5/5 58/59/59 6/6/6
f 14/14/14 59/60/60 81/28/28
f 29/30/30 60/61/61 61/62/62
f 62/63/63 63/64/64 31/32/32
f 26/26/26 30/31/31 64/65/65
f 15/15/15 65/66/66 29/30/30
f 31/32/32 63/64/64 30/31/31
f 66/67/67 65/66/66 15/15/15
f 30/31/31 67/68/68 64/65/65
f 63/64/64 67/68/68 30/31/31
f 29/30/30 65/66/66 60/61/61
f 60/61/61 65/66/66 68/69/69
f 39/40/40 34/35/35 69/70/70
f 70/71/71 71/72/72 35/36/36
f 71/72/72 38/39/39 35/36/36
f 69/70/70 37/38/38 42/43/43
f 42/43/43 39/40/40 69/70/70
f 32/33/33 43/44/44 40/41/41
f 40/41/41 43/44/44 72/73/73
f 42/43/43 41/42/42 39/40/40
f 71/72/72 45/46/46 38/39/39
f 36/37/37 45/46/46 44/45/45
f 44/45/45 73/74/74 42/43/43
f 47/48/48 17/17/17 74/75/75
f 47/48/48 75/76/76 48/49/49
f 17/17/17 49/50/50 74/75/75
f 49/50/50 19/19/19 76/77/77
f 18/18/18 51/52/52 9/9/9
f 77/78/78 53/54/54 78/79/79
f 78/79/79 53/54/54 79/80/80
f 79/80/80 53/54/54 55/56/56
f 12/12/12 108/81/81 50/51/51
f 52/53/53 80/82/82 13/13/13
f 3/3/3 108/81/81 12/12/12
f 81/83/28 256/84/83 3/85/3
f 6/6/6 58/59/59 82/86/84
f 6/6/6 82/86/84 8/8/8
f 27/27/27 83/87/85 31/32/32
f 66/67/67 15/15/15 28/29/29
f 62/63/63 31/32/32 83/87/85
f 26/26/26 64/65/65 84/88/86
f 66/67/67 85/89/87 65/66/66
f 63/64/64 86/90/88 67/68/68
f 85/89/87 68/69/69 65/66/66
f 60/61/61 68/69/69 87/91/89
f 67/68/68 86/90/88 88/92/90
f 34/35/35 33/34/34 89/93/91
f 90/94/92 37/38/38 69/70/70
f 89/93/91 33/34/34 91/95/93
f 92/96/94 69/70/70 34/35/35
f 70/71/71 35/36/36 93/97/95
f 91/95/93 33/34/34 40/41/41
f 73/74/74 41/42/42 42/43/43
f 94/98/96 45/46/46 71/72/72
f 41/42/42 95/99/97 46/47/47
f 96/100/98 75/76/76 47/48/48
f 96/100/98 47/48/48 74/75/75
f 97/101/99 16/16/16 48/49/49
f 19/19/19 20/20/20 76/77/77
f 98/102/100 78/79/79 99/103/101
f 99/103/101 78/79/79 100/104/102
f 100/104/102 79/80/80 101/105/103
f 78/79/79 79/80/80 100/104/102
f 101/105/103 79/80/80 102/106/104
f 98/102/100 77/78/78 78/79/79
f 79/80/80 55/56/56 102/106/104
f 199/107/105 103/108/106 104/109/107
f 105/110/108 56/57/57 106/111/109
f 54/55/55 303/112/110 21/21/21
f 57/58/58 21/21/21 303/112/110
f 13/13/13 80/82/82 5/5/5
f 103/108/106 107/113/111 104/109/107
f 80/82/82 58/59/59 5/5/5
f 3/85/3 256/84/83 108/114/81
f 107/113/111 103/108/106 109/115/112
f 57/58/58 110/116/113 25/25/25
f 103/108/106 111/117/114 109/115/112
f 84/88/86 24/24/24 26/26/26
f 82/86/84 28/29/29 8/8/8
f 83/87/85 27/27/27 25/25/25
f 112/118/115 61/62/62 113/119/116
f 14/14/14 29/30/30 59/60/60
f 59/60/60 29/30/30 112/118/115
f 112/118/115 29/30/30 61/62/62
f 114/120/117 63/64/64 62/63/63
f 60/61/61 115/121/118 61/62/62
f 116/122/119 85/89/87 66/67/67
f 67/68/68 88/92/90 64/65/65
f 90/94/92 117/123/120 37/38/38
f 90/94/92 69/70/70 92/96/94
f 89/93/91 92/96/94 34/35/35
f 117/123/120 93/97/95 35/36/36
f 117/123/120 35/36/36 37/38/38
f 91/95/93 40/41/41 118/124/121
f 43/44/44 119/125/122 72/73/73
f 43/44/44 46/47/47 119/125/122
f 44/45/45 120/126/123 73/74/74
f 41/42/42 73/74/74 95/99/97
f 45/46/46 120/126/123 44/45/45
f 75/76/76 96/100/98 121/127/124
f 96/100/98 74/75/75 122/128/125
f 74/75/75 49/50/50 76/77/77
f 97/101/99 48/49/49 75/76/76
f 97/101/99 18/18/18 16/16/16
f 123/129/126 100/104/102 101/105/103
f 100/104/102 123/129/126 99/103/101
f 124/130/127 51/52/52 18/18/18
f 20/131/20 50/132/51 125/133/128
f 77/78/78 54/55/55 53/54/54
f 126/134/129 127/135/130 128/136/131
f 102/106/104 55/56/56 56/57/57
f 128/136/131 129/137/132 130/138/133
f 127/135/130 129/137/132 128/136/131
f 127/135/130 131/139/134 199/107/105
f 129/137/132 127/135/130 104/109/107
f 127/135/130 199/107/105 104/109/107
f 104/109/107 107/113/111 129/137/132
f 199/107/105 132/140/135 103/108/106
f 56/57/57 23/23/23 106/111/109
f 129/137/132 107/113/111 133/141/136
f 108/114/81 256/84/83 134/142/137
f 133/141/136 107/113/111 135/143/138
f 57/58/58 136/144/139 110/116/113
f 107/113/111 109/115/112 135/143/138
f 24/24/24 106/111/109 23/23/23
f 132/140/135 308/145/140 103/108/106
f 103/108/106 308/145/140 111/117/114
f 110/116/113 83/87/85 25/25/25
f 24/24/24 84/88/86 106/111/109
f 112/118/115 113/119/116 137/146/141
f 111/117/114 138/147/142 109/115/112
f 139/148/143 61/62/62 115/121/118
f 60/61/61 87/91/89 115/121/118
f 140/149/144 141/150/145 63/64/64
f 64/65/65 88/92/90 142/151/146
f 63/64/64 141/150/145 86/90/88
f 87/91/89 68/69/69 143/152/147
f 85/89/87 144/153/148 68/69/69
f 145/154/149 117/123/120 90/94/92
f 146/155/150 90/94/92 92/96/94
f 146/155/150 92/96/94 221/156/151
f 223/157/152 92/96/94 89/93/91
f 145/154/149 93/97/95 117/123/120
f 89/93/91 91/95/93 273/158/153
f 70/71/71 93/97/95 363/159/154
f 118/124/121 40/41/41 72/73/73
f 147/160/155 71/72/72 70/71/71
f 71/72/72 148/161/156 94/98/96
f 46/47/47 149/162/157 119/125/122
f 46/47/47 95/99/97 149/162/157
f 150/163/158 121/127/124 96/100/98
f 122/128/125 74/75/75 151/164/159
f 74/75/75 76/77/77 151/164/159
f 152/165/160 153/166/161 123/129/126
f 123/129/126 153/166/161 99/103/101
f 123/129/126 101/105/103 154/167/162
f 97/101/99 124/130/127 18/18/18
f 340/168/163 126/134/129 155/169/164
f 155/169/164 126/134/129 128/136/131
f 99/103/101 156/170/165 98/102/100
f 126/134/129 340/168/163 131/139/134
f 156/170/165 77/78/78 98/102/100
f 126/134/129 131/139/134 127/135/130
f 77/78/78 157/171/166 54/55/55
f 54/55/55 157/171/166 303/112/110
f 80/82/82 158/172/167 58/59/59
f 159/173/168 160/174/169 161/175/170
f 308/145/140 162/176/171 111/117/114
f 160/174/169 159/173/168 163/177/172
f 159/173/168 164/178/173 163/177/172
f 111/117/114 162/176/171 138/147/142
f 61/62/62 139/148/143 113/119/116
f 165/179/174 66/67/67 28/29/29
f 165/179/174 166/180/175 66/67/67
f 166/180/175 116/122/119 66/67/67
f 114/120/117 140/149/144 63/64/64
f 116/122/119 144/153/148 85/89/87
f 144/153/148 167/181/176 68/69/69
f 88/92/90 86/90/88 168/182/177
f 68/69/69 167/181/176 143/152/147
f 219/183/178 145/154/149 146/155/150
f 145/154/149 90/94/92 146/155/150
f 223/157/152 221/156/151 92/96/94
f 89/93/91 222/184/179 223/157/152
f 169/185/180 363/159/154 93/97/95
f 93/97/95 145/154/149 169/185/180
f 222/184/179 89/93/91 273/158/153
f 91/95/93 118/124/121 273/158/153
f 170/186/181 71/72/72 147/160/155
f 171/187/182 172/188/183 173/189/184
f 174/190/185 175/191/186 176/192/187
f 173/189/184 172/188/183 177/193/188
f 71/72/72 170/186/181 148/161/156
f 73/74/74 178/194/189 95/99/97
f 95/99/97 178/194/189 179/195/190
f 94/98/96 120/126/123 45/46/46
f 96/100/98 180/196/191 150/163/158
f 150/163/158 181/197/192 121/127/124
f 182/198/193 152/165/160 154/167/162
f 183/199/194 151/164/159 76/77/77
f 152/165/160 123/129/126 154/167/162
f 184/200/195 185/201/196 155/169/164
f 76/77/77 20/20/20 187/202/197
f 185/201/196 340/168/163 155/169/164
f 101/105/103 186/203/198 154/167/162
f 156/170/165 99/103/101 153/166/161
f 20/131/20 125/133/128 187/204/197
f 155/169/164 128/136/131 188/205/199
f 101/105/103 102/106/104 186/203/198
f 189/206/200 77/78/78 156/170/165
f 190/207/201 128/136/131 130/138/133
f 124/130/127 191/208/202 51/52/52
f 105/110/108 192/209/203 102/106/104
f 157/171/166 77/78/78 189/206/200
f 191/208/202 52/53/53 51/52/52
f 102/106/104 56/57/57 105/110/108
f 249/210/204 199/107/105 131/139/134
f 50/132/51 108/114/81 553/211/205
f 193/212/206 194/213/207 195/214/208
f 129/137/132 133/141/136 130/138/133
f 196/215/209 108/114/81 134/142/137
f 195/214/208 197/216/210 478/217/211
f 195/214/208 161/175/170 197/216/210
f 195/214/208 194/213/207 161/175/170
f 198/218/212 132/219/135 199/220/105
f 200/221/213 161/175/170 194/213/207
f 161/175/170 160/174/169 197/216/210
f 81/28/28 59/60/60 201/222/214
f 201/222/214 59/60/60 112/118/115
f 135/143/138 109/115/112 202/223/215
f 203/224/216 160/174/169 163/177/172
f 204/225/217 62/63/63 83/87/85
f 84/88/86 205/226/218 106/111/109
f 109/115/112 138/147/142 202/223/215
f 165/179/174 28/29/29 82/86/84
f 139/148/143 206/227/219 113/119/116
f 162/176/171 207/228/220 138/147/142
f 163/177/172 164/178/173 208/229/221
f 138/147/142 207/228/220 209/230/222
f 163/177/172 208/229/221 210/231/223
f 210/231/223 208/229/221 211/232/224
f 64/65/65 142/151/146 212/233/225
f 213/234/226 214/235/227 215/236/228
f 215/236/228 214/235/227 216/237/229
f 116/122/119 217/238/230 144/153/148
f 88/92/90 168/182/177 142/151/146
f 143/152/147 167/181/176 218/239/231
f 409/240/232 169/241/180 219/242/178
f 219/242/178 146/243/150 408/244/233
f 220/245/234 146/243/150 221/246/151
f 219/183/178 169/185/180 145/154/149
f 222/247/179 410/248/235 223/249/152
f 273/158/153 118/124/121 224/250/236
f 363/159/154 147/160/155 70/71/71
f 173/189/184 225/251/237 171/187/182
f 226/252/238 171/187/182 227/253/239
f 227/253/239 228/254/240 226/252/238
f 229/255/241 174/190/185 176/192/187
f 230/256/242 173/189/184 231/257/243
f 228/254/240 229/255/241 176/192/187
f 171/187/182 226/252/238 232/258/244
f 228/254/240 233/259/245 226/252/238
f 171/187/182 232/258/244 172/188/183
f 226/252/238 233/259/245 232/258/244
f 228/254/240 176/192/187 233/259/245
f 174/190/185 234/260/246 175/191/186
f 235/261/247 173/189/184 177/193/188
f 234/260/246 236/262/248 175/191/186
f 175/191/186 237/263/249 176/192/187
f 237/263/249 233/259/245 176/192/187
f 72/73/73 119/125/122 238/264/250
f 120/126/123 239/265/251 73/74/74
f 179/195/190 149/162/157 95/99/97
f 150/163/158 180/196/191 240/266/252
f 180/196/191 96/100/98 122/128/125
f 121/127/124 241/267/253 75/76/76
f 241/267/253 242/268/254 75/76/76
f 152/165/160 243/269/255 153/166/161
f 76/77/77 244/270/256 183/199/194
f 245/271/257 185/201/196 246/272/258
f 246/272/258 185/201/196 184/200/195
f 338/273/259 340/168/163 185/201/196
f 155/169/164 188/205/199 184/200/195
f 153/166/161 468/274/260 156/170/165
f 186/203/198 102/106/104 192/209/203
f 188/205/199 128/136/131 190/207/201
f 340/168/163 341/275/261 131/139/134
f 341/275/261 249/210/204 131/139/134
f 247/276/262 248/277/263 195/214/208
f 249/278/204 250/279/264 199/220/105
f 248/277/263 193/212/206 195/214/208
f 250/279/264 198/218/212 199/220/105
f 52/53/53 191/208/202 251/280/265
f 52/53/53 251/280/265 80/82/82
f 108/114/81 196/215/209 553/211/205
f 195/214/208 478/217/211 252/281/266
f 251/280/265 158/172/167 80/82/82
f 133/141/136 135/143/138 253/282/267
f 198/218/212 513/283/268 132/219/135
f 478/217/211 197/216/210 254/284/269
f 161/175/170 255/285/270 159/173/168
f 81/28/28 201/222/214 256/286/83
f 257/287/271 112/118/115 137/146/141
f 58/59/59 158/172/167 82/86/84
f 83/87/85 110/116/113 258/288/272
f 259/289/273 197/216/210 160/174/169
f 258/288/272 204/225/217 83/87/85
f 82/86/84 260/290/274 165/179/174
f 159/173/168 261/291/275 164/178/173
f 138/147/142 209/230/222 202/223/215
f 203/224/216 210/231/223 262/292/276
f 203/224/216 163/177/172 210/231/223
f 162/176/171 215/236/228 207/228/220
f 139/148/143 263/293/277 206/227/219
f 84/88/86 264/294/278 205/226/218
f 84/88/86 64/65/65 264/294/278
f 64/65/65 212/233/225 264/294/278
f 207/228/220 216/237/229 209/230/222
f 265/295/279 116/122/119 166/180/175
f 207/228/220 215/236/228 216/237/229
f 114/120/117 266/296/280 140/149/144
f 208/229/221 267/297/281 211/232/224
f 208/229/221 268/298/282 267/297/281
f 213/234/226 269/299/283 214/235/227
f 211/232/224 270/300/284 210/231/223
f 210/231/223 270/300/284 271/301/285
f 211/232/224 267/297/281 270/300/284
f 141/150/145 272/302/286 86/90/88
f 86/90/88 272/302/286 168/182/177
f 219/242/178 408/244/233 409/240/232
f 146/243/150 220/245/234 408/244/233
f 273/303/153 274/304/287 222/247/179
f 273/158/153 224/250/236 364/305/288
f 224/250/236 118/124/121 275/306/289
f 227/253/239 276/307/290 228/254/240
f 230/256/242 225/251/237 173/189/184
f 277/308/291 174/190/185 229/255/241
f 276/307/290 229/255/241 228/254/240
f 72/73/73 238/264/250 118/124/121
f 278/309/292 170/186/181 147/160/155
f 174/190/185 279/310/293 234/260/246
f 279/310/293 280/311/294 234/260/246
f 231/257/243 173/189/184 235/261/247
f 233/259/245 281/312/295 232/258/244
f 232/258/244 282/313/296 172/188/183
f 232/258/244 281/312/295 282/313/296
f 281/312/295 233/259/245 283/314/297
f 172/188/183 284/315/298 177/193/188
f 172/188/183 282/313/296 284/315/298
f 175/191/186 285/316/299 237/263/249
f 175/191/186 236/262/248 285/316/299
f 177/193/188 284/315/298 286/317/300
f 94/98/96 287/318/301 120/126/123
f 150/163/158 240/266/252 181/197/192
f 180/196/191 122/128/125 288/319/302
f 181/197/192 289/320/303 121/127/124
f 122/128/125 151/164/159 288/319/302
f 289/320/303 290/321/304 121/127/124
f 291/322/305 292/323/306 182/198/193
f 292/323/306 152/165/160 182/198/193
f 154/167/162 293/324/307 182/198/193
f 121/127/124 290/321/304 241/267/253
f 292/323/306 243/269/255 152/165/160
f 294/325/308 245/271/257 246/272/258
f 295/326/309 153/166/161 243/269/255
f 185/201/196 245/271/257 338/273/259
f 187/202/197 244/270/256 76/77/77
f 75/76/76 242/268/254 97/101/99
f 154/167/162 186/203/198 296/327/310
f 184/200/195 188/205/199 190/207/201
f 468/274/260 297/328/311 156/170/165
f 298/329/312 299/330/313 248/277/263
f 300/331/314 248/277/263 247/276/262
f 248/277/263 299/330/313 193/212/206
f 50/132/51 553/211/205 125/133/128
f 195/214/208 252/281/266 247/276/262
f 200/221/213 194/213/207 193/212/206
f 250/279/264 301/332/315 198/218/212
f 157/333/166 302/334/316 303/335/110
f 478/217/211 477/336/317 252/281/266
f 303/337/110 346/338/318 57/339/58
f 105/110/108 106/111/109 304/340/319
f 132/219/135 513/283/268 305/341/320
f 256/286/83 201/222/214 306/342/321
f 307/343/322 112/118/115 257/287/271
f 197/216/210 259/289/273 254/284/269
f 132/219/135 305/341/320 308/344/140
f 112/118/115 307/343/322 201/222/214
f 135/143/138 202/223/215 253/282/267
f 305/341/320 162/345/171 308/344/140
f 158/172/167 260/290/274 82/86/84
f 309/346/323 113/119/116 206/227/219
f 310/347/324 215/236/228 162/176/171
f 203/224/216 262/292/276 311/348/325
f 114/120/117 62/63/63 312/349/326
f 310/347/324 313/350/327 215/236/228
f 313/350/327 213/234/226 215/236/228
f 265/295/279 166/180/175 314/351/328
f 164/178/173 261/291/275 208/229/221
f 315/352/329 213/234/226 313/350/327
f 262/292/276 210/231/223 271/301/285
f 315/352/329 269/299/283 213/234/226
f 216/237/229 214/235/227 316/353/330
f 269/299/283 317/354/331 214/235/227
f 265/295/279 217/238/230 116/122/119
f 87/91/89 318/355/332 115/121/118
f 316/353/330 214/235/227 319/356/333
f 142/151/146 320/357/334 212/233/225
f 214/235/227 317/354/331 319/356/333
f 143/152/147 318/355/332 87/91/89
f 140/149/144 321/358/335 141/150/145
f 322/359/336 318/355/332 143/152/147
f 142/151/146 323/360/337 320/357/334
f 218/239/231 322/359/336 143/152/147
f 144/153/148 324/361/338 167/181/176
f 142/151/146 168/182/177 323/360/337
f 168/182/177 272/302/286 325/362/339
f 324/361/338 326/363/340 167/181/176
f 218/239/231 167/181/176 326/363/340
f 220/245/234 327/364/341 408/244/233
f 277/308/291 229/255/241 276/307/290
f 230/256/242 407/365/342 225/251/237
f 171/187/182 225/251/237 227/253/239
f 177/193/188 286/317/300 235/261/247
f 283/314/297 328/366/343 281/312/295
f 233/259/245 237/263/249 283/314/297
f 149/162/157 329/367/344 119/125/122
f 73/74/74 239/265/251 178/194/189
f 120/126/123 287/318/301 239/265/251
f 240/266/252 330/368/345 181/197/192
f 181/197/192 330/368/345 289/320/303
f 240/266/252 180/196/191 331/369/346
f 180/196/191 288/319/302 331/369/346
f 182/198/193 332/370/347 291/322/305
f 333/371/348 294/325/308 334/372/349
f 334/372/349 294/325/308 246/272/258
f 510/373/350 245/271/257 294/325/308
f 293/324/307 154/167/162 296/327/310
f 335/374/351 338/273/259 245/271/257
f 295/326/309 468/274/260 153/166/161
f 336/375/352 337/376/353 248/277/263
f 337/376/353 298/329/312 248/277/263
f 338/377/259 339/378/354 340/379/163
f 248/277/263 300/331/314 336/375/352
f 339/378/354 341/380/261 340/379/163
f 297/328/311 189/206/200 156/170/165
f 186/203/198 192/209/203 342/381/355
f 343/382/356 191/208/202 124/130/127
f 425/383/357 247/276/262 344/384/358
f 250/279/264 249/278/204 753/385/359
f 247/276/262 252/281/266 344/384/358
f 192/209/203 105/110/108 342/381/355
f 130/138/133 133/141/136 345/386/360
f 346/387/318 303/335/110 302/334/316
f 346/388/318 136/144/139 57/58/58
f 200/221/213 347/389/361 161/175/170
f 306/342/321 201/222/214 307/343/322
f 347/389/361 255/285/270 161/175/170
f 137/146/141 348/390/362 257/287/271
f 113/119/116 348/390/362 137/146/141
f 309/346/323 348/390/362 113/119/116
f 106/111/109 205/226/218 304/340/319
f 310/347/324 162/176/171 305/391/320
f 304/340/319 205/226/218 349/392/363
f 312/349/326 204/225/217 350/393/364
f 312/349/326 62/63/63 204/225/217
f 205/226/218 264/294/278 349/392/363
f 260/290/274 314/351/328 165/179/174
f 261/291/275 159/173/168 255/285/270
f 311/348/325 262/292/276 351/394/365
f 312/349/326 352/395/366 114/120/117
f 202/223/215 209/230/222 353/396/367
f 165/179/174 314/351/328 166/180/175
f 352/395/366 266/296/280 114/120/117
f 139/148/143 354/397/368 263/293/277
f 355/398/369 265/295/279 314/351/328
f 139/148/143 115/121/118 356/399/370
f 212/233/225 357/400/371 264/294/278
f 209/230/222 216/237/229 358/401/372
f 216/237/229 316/353/330 358/401/372
f 271/301/285 270/300/284 359/402/373
f 217/238/230 324/361/338 144/153/148
f 360/403/374 272/302/286 141/150/145
f 325/362/339 361/404/375 168/182/177
f 362/405/376 326/363/340 324/361/338
f 408/244/233 327/364/341 366/406/377
f 220/245/234 221/246/151 411/407/378
f 221/246/151 223/249/152 411/407/378
f 223/249/152 410/248/235 411/407/378
f 169/241/180 367/408/379 363/409/154
f 169/241/180 409/240/232 367/408/379
f 220/245/234 411/407/378 327/364/341
f 222/247/179 274/304/287 410/248/235
f 273/303/153 364/410/288 274/304/287
f 497/411/380 365/412/381 147/160/155
f 497/411/380 147/160/155 363/159/154
f 224/250/236 275/306/289 447/413/382
f 407/365/342 366/414/377 225/251/237
f 367/415/379 407/365/342 230/256/242
f 279/310/293 174/190/185 368/416/383
f 230/256/242 231/257/243 369/417/384
f 231/257/243 235/261/247 370/418/385
f 282/313/296 371/419/386 284/315/298
f 285/316/299 372/420/387 237/263/249
f 148/161/156 373/421/388 94/98/96
f 94/98/96 374/422/389 287/318/301
f 240/266/252 375/423/390 330/368/345
f 332/370/347 376/424/391 377/425/392
f 376/424/391 378/426/393 289/320/303
f 291/322/305 332/370/347 379/427/394
f 378/426/393 290/321/304 289/320/303
f 182/198/193 378/426/393 332/370/347
f 380/428/395 333/371/348 334/372/349
f 182/198/193 293/324/307 378/426/393
f 183/199/194 381/429/396 151/164/159
f 382/430/397 334/372/349 246/272/258
f 333/371/348 510/373/350 294/325/308
f 183/431/194 244/432/256 383/433/398
f 184/200/195 190/207/201 384/434/399
f 385/435/400 97/101/99 242/268/254
f 386/436/401 298/329/312 337/376/353
f 186/203/198 387/437/402 296/327/310
f 385/435/400 124/130/127 97/101/99
f 125/133/128 388/438/403 187/204/197
f 385/435/400 343/382/356 124/130/127
f 300/331/314 247/276/262 389/439/404
f 247/276/262 425/383/357 389/439/404
f 190/207/201 130/138/133 345/386/360
f 299/330/313 200/221/213 193/212/206
f 125/133/128 553/211/205 667/440/405
f 343/382/356 390/441/406 191/208/202
f 342/381/355 304/340/319 391/442/407
f 342/381/355 105/110/108 304/340/319
f 344/384/358 252/281/266 392/443/408
f 393/444/409 251/280/265 390/441/406
f 390/441/406 251/280/265 191/208/202
f 252/281/266 477/336/317 392/443/408
f 304/340/319 349/392/363 391/442/407
f 256/286/83 306/342/321 134/445/137
f 251/280/265 393/444/409 158/172/167
f 258/288/272 110/116/113 136/144/139
f 393/444/409 260/290/274 158/172/167
f 393/444/409 349/392/363 260/290/274
f 350/393/364 204/225/217 258/288/272
f 349/392/363 394/446/410 260/290/274
f 313/350/327 310/347/324 395/447/411
f 349/392/363 264/294/278 394/446/410
f 394/446/410 314/351/328 260/290/274
f 355/398/369 314/351/328 394/446/410
f 264/294/278 355/398/369 394/446/410
f 396/448/412 315/352/329 313/350/327
f 264/294/278 357/400/371 355/398/369
f 139/148/143 356/399/370 354/397/368
f 261/291/275 397/449/413 208/229/221
f 355/398/369 398/450/414 265/295/279
f 357/400/371 398/450/414 355/398/369
f 398/450/414 217/238/230 265/295/279
f 357/400/371 320/357/334 398/450/414
f 271/301/285 359/402/373 399/451/415
f 115/121/118 318/355/332 356/399/370
f 356/399/370 318/355/332 400/452/416
f 212/233/225 320/357/334 357/400/371
f 401/453/417 321/358/335 140/149/144
f 270/300/284 267/297/281 402/454/418
f 319/356/333 403/455/419 316/353/330
f 319/356/333 317/354/331 404/456/420
f 270/300/284 402/454/418 359/402/373
f 218/239/231 405/457/421 322/359/336
f 326/363/340 406/458/422 218/239/231
f 409/240/232 407/459/342 367/408/379
f 408/460/233 407/461/342 409/462/232
f 408/244/233 366/406/377 407/459/342
f 410/463/235 277/308/291 411/464/378
f 447/413/382 364/305/288 224/250/236
f 327/465/341 227/253/239 366/414/377
f 327/465/341 276/307/290 227/253/239
f 411/464/378 276/307/290 327/465/341
f 411/464/378 277/308/291 276/307/290
f 227/253/239 225/251/237 366/414/377
f 174/190/185 277/308/291 368/416/383
f 365/412/381 278/309/292 147/160/155
f 118/124/121 238/264/250 792/466/423
f 234/260/246 280/311/294 236/262/248
f 238/264/250 119/125/122 412/467/424
f 281/312/295 328/366/343 282/313/296
f 119/125/122 329/367/344 412/467/424
f 94/98/96 373/421/388 374/422/389
f 149/162/157 179/195/190 329/367/344
f 239/265/251 287/318/301 413/468/425
f 330/368/345 377/425/392 376/424/391
f 289/320/303 330/368/345 376/424/391
f 332/370/347 378/426/393 376/424/391
f 334/372/349 382/430/397 380/428/395
f 378/426/393 241/267/253 290/321/304
f 246/272/258 414/469/426 382/430/397
f 415/470/427 547/471/428 292/323/306
f 547/471/428 243/269/255 292/323/306
f 293/324/307 416/472/429 378/426/393
f 293/324/307 296/327/310 416/472/429
f 417/473/430 418/474/431 336/375/352
f 510/373/350 335/374/351 245/271/257
f 243/269/255 547/471/428 295/326/309
f 246/272/258 184/200/195 414/469/426
f 378/426/393 416/472/429 241/267/253
f 417/473/430 336/375/352 419/475/432
f 416/472/429 242/268/254 241/267/253
f 414/469/426 184/200/195 384/434/399
f 336/375/352 418/474/431 337/376/353
f 296/327/310 387/437/402 416/472/429
f 338/377/259 335/476/351 339/378/354
f 187/204/197 420/477/433 244/432/256
f 416/472/429 385/435/400 242/268/254
f 419/475/432 336/375/352 421/478/434
f 336/375/352 300/331/314 421/478/434
f 468/479/260 589/480/435 297/481/311
f 300/331/314 422/482/436 421/478/434
f 387/437/402 342/381/355 423/483/437
f 186/203/198 342/381/355 387/437/402
f 423/483/437 385/435/400 387/437/402
f 300/331/314 389/439/404 422/482/436
f 385/435/400 423/483/437 343/382/356
f 298/329/312 424/484/438 299/330/313
f 389/485/404 425/486/357 426/487/439
f 342/381/355 391/442/407 423/483/437
f 423/483/437 390/441/406 343/382/356
f 299/330/313 427/488/440 200/221/213
f 423/483/437 391/442/407 390/441/406
f 391/442/407 393/444/409 390/441/406
f 157/333/166 595/489/441 302/334/316
f 427/488/440 347/389/361 200/221/213
f 196/490/209 134/445/137 428/491/442
f 198/218/212 301/332/315 513/283/268
f 391/442/407 349/392/363 393/444/409
f 429/492/443 257/287/271 430/493/444
f 429/492/443 307/343/322 257/287/271
f 257/287/271 348/390/362 430/493/444
f 431/494/445 395/447/411 432/495/446
f 160/174/169 203/224/216 259/289/273
f 432/495/446 395/447/411 310/347/324
f 433/496/447 203/224/216 311/348/325
f 202/223/215 353/396/367 253/282/267
f 434/497/448 313/350/327 395/447/411
f 435/498/449 261/291/275 255/285/270
f 436/499/450 263/293/277 354/397/368
f 209/230/222 437/500/451 353/396/367
f 209/230/222 358/401/372 437/500/451
f 262/292/276 271/301/285 438/501/452
f 397/449/413 268/298/282 208/229/221
f 271/301/285 399/451/415 439/502/453
f 440/503/454 400/452/416 318/355/332
f 320/357/334 441/504/455 398/450/414
f 267/297/281 268/298/282 442/505/456
f 323/360/337 441/504/455 320/357/334
f 398/450/414 441/504/455 217/238/230
f 267/297/281 442/505/456 402/454/418
f 141/150/145 321/358/335 360/403/374
f 441/504/455 443/506/457 217/238/230
f 319/356/333 404/456/420 403/455/419
f 217/238/230 443/506/457 324/361/338
f 168/182/177 444/507/458 323/360/337
f 218/239/231 406/458/422 405/457/421
f 362/405/376 445/508/459 326/363/340
f 364/410/288 446/509/460 274/304/287
f 364/410/288 447/510/382 448/511/461
f 274/512/287 368/416/383 410/463/235
f 410/463/235 368/416/383 277/308/291
f 367/415/379 230/256/242 369/417/384
f 279/310/293 368/416/383 449/513/462
f 275/306/289 118/124/121 792/466/423
f 369/417/384 231/257/243 450/514/463
f 280/311/294 279/310/293 451/515/464
f 280/311/294 452/516/465 236/262/248
f 170/186/181 453/517/466 148/161/156
f 236/262/248 452/516/465 285/316/299
f 237/263/249 372/420/387 283/314/297
f 178/194/189 454/518/467 179/195/190
f 178/194/189 239/265/251 455/519/468
f 377/425/392 330/368/345 456/520/469
f 332/370/347 377/425/392 457/521/470
f 331/369/346 458/522/471 240/266/252
f 379/427/394 459/523/472 291/322/305
f 291/322/305 459/523/472 292/323/306
f 333/371/348 380/428/395 460/524/473
f 459/523/472 415/470/427 292/323/306
f 460/524/473 510/373/350 333/371/348
f 382/430/397 414/469/426 461/525/474
f 462/526/475 418/474/431 463/527/476
f 418/474/431 464/528/477 465/529/478
f 183/431/194 383/433/398 466/530/479
f 417/473/430 463/527/476 418/474/431
f 465/529/478 467/531/480 418/474/431
f 467/531/480 337/376/353 418/474/431
f 467/531/480 386/436/401 337/376/353
f 721/532/481 468/533/260 295/534/309
f 387/437/402 385/435/400 416/472/429
f 469/535/482 298/329/312 386/436/401
f 384/434/399 190/207/201 470/536/483
f 297/481/311 471/537/484 189/538/200
f 389/485/404 426/487/439 472/539/485
f 341/380/261 473/540/486 249/278/204
f 189/538/200 471/537/484 157/333/166
f 249/278/204 473/540/486 753/385/359
f 344/541/358 426/487/439 425/486/357
f 392/542/408 426/487/439 344/541/358
f 133/141/136 474/543/487 345/386/360
f 429/492/443 430/493/444 475/544/488
f 253/282/267 474/543/487 133/141/136
f 134/445/137 306/342/321 476/545/489
f 429/492/443 476/545/489 307/343/322
f 307/343/322 476/545/489 306/342/321
f 477/546/317 478/547/211 479/548/490
f 478/547/211 254/549/269 479/548/490
f 480/550/491 258/288/272 136/144/139
f 258/288/272 480/550/491 350/393/364
f 481/551/492 310/347/324 305/391/320
f 482/552/493 255/285/270 347/389/361
f 350/393/364 483/553/494 312/349/326
f 259/289/273 203/224/216 433/496/447
f 255/285/270 482/552/493 435/498/449
f 484/554/495 311/348/325 485/555/496
f 433/496/447 311/348/325 484/554/495
f 311/348/325 351/394/365 485/555/496
f 434/497/448 396/448/412 313/350/327
f 435/498/449 397/449/413 261/291/275
f 396/448/412 486/556/497 315/352/329
f 487/557/498 607/558/499 488/559/500
f 489/560/501 354/397/368 356/399/370
f 489/560/501 356/399/370 490/561/502
f 607/558/499 645/562/503 491/563/504
f 438/501/452 271/301/285 439/502/453
f 315/352/329 492/564/505 269/299/283
f 266/296/280 401/453/417 140/149/144
f 356/399/370 400/452/416 490/561/502
f 400/452/416 493/565/506 490/561/502
f 493/565/506 400/452/416 440/503/454
f 317/354/331 494/566/507 404/456/420
f 322/359/336 440/503/454 318/355/332
f 402/454/418 495/567/508 359/402/373
f 323/360/337 496/568/509 441/504/455
f 497/569/380 363/409/154 498/570/510
f 498/570/510 363/409/154 367/408/379
f 364/410/288 448/511/461 446/509/460
f 274/512/287 446/571/460 368/416/383
f 569/572/511 369/417/384 450/514/463
f 449/513/462 451/515/464 279/310/293
f 370/418/385 450/514/463 231/257/243
f 795/573/512 280/311/294 451/515/464
f 148/161/156 453/517/466 373/421/388
f 371/419/386 282/313/296 328/366/343
f 499/574/513 328/366/343 283/314/297
f 286/317/300 284/315/298 500/575/514
f 284/315/298 371/419/386 500/575/514
f 179/195/190 501/576/515 329/367/344
f 413/468/425 502/577/516 239/265/251
f 239/265/251 502/577/516 455/519/468
f 456/520/469 330/368/345 503/578/517
f 458/522/471 375/423/390 240/266/252
f 504/579/518 332/370/347 457/521/470
f 379/427/394 332/370/347 504/579/518
f 505/580/519 331/369/346 288/319/302
f 382/430/397 506/581/520 380/428/395
f 507/582/521 460/524/473 380/428/395
f 381/429/396 288/319/302 151/164/159
f 508/583/522 382/430/397 461/525/474
f 462/526/475 463/527/476 509/584/523
f 511/585/524 510/373/350 628/586/525
f 464/528/477 418/474/431 462/526/475
f 510/587/350 511/588/524 335/476/351
f 244/432/256 420/477/433 383/433/398
f 187/204/197 512/589/526 420/477/433
f 389/485/404 472/539/485 422/590/436
f 469/535/482 424/484/438 298/329/312
f 190/207/201 345/386/360 470/536/483
f 299/330/313 424/484/438 427/488/440
f 250/279/264 753/385/359 301/332/315
f 134/445/137 476/545/489 428/491/442
f 392/542/408 477/546/317 834/591/527
f 513/592/268 481/551/492 305/391/320
f 514/593/528 254/284/269 259/289/273
f 515/594/529 395/447/411 431/494/445
f 432/495/446 310/347/324 481/551/492
f 433/496/447 514/593/528 259/289/273
f 516/595/530 309/346/323 206/227/219
f 206/227/219 263/293/277 516/595/530
f 435/498/449 517/596/531 397/449/413
f 262/292/276 438/501/452 351/394/365
f 488/559/500 518/597/532 487/557/498
f 607/558/499 491/563/504 488/559/500
f 397/449/413 519/598/533 268/298/282
f 437/500/451 358/401/372 520/599/534
f 493/565/506 521/600/535 490/561/502
f 493/565/506 522/601/536 521/600/535
f 645/562/503 523/602/537 491/563/504
f 358/401/372 316/353/330 524/603/538
f 525/604/539 317/354/331 269/299/283
f 440/503/454 526/605/540 493/565/506
f 493/565/506 526/605/540 527/606/541
f 440/503/454 528/607/542 526/605/540
f 399/451/415 359/402/373 529/608/543
f 440/503/454 322/359/336 530/609/544
f 402/454/418 531/610/545 495/567/508
f 442/505/456 531/610/545 402/454/418
f 444/507/458 496/568/509 323/360/337
f 360/403/374 532/611/546 272/302/286
f 325/362/339 272/302/286 533/612/547
f 168/182/177 361/404/375 444/507/458
f 325/362/339 533/612/547 361/404/375
f 326/363/340 445/508/459 406/458/422
f 367/415/379 369/417/384 498/613/510
f 534/614/548 170/186/181 278/309/292
f 370/418/385 235/261/247 535/615/549
f 235/261/247 286/317/300 535/615/549
f 452/516/465 536/616/550 285/316/299
f 328/366/343 499/574/513 371/419/386
f 372/420/387 499/574/513 283/314/297
f 329/367/344 537/617/551 412/467/424
f 374/422/389 413/468/425 287/318/301
f 455/519/468 454/518/467 178/194/189
f 502/577/516 503/578/517 455/519/468
f 455/519/468 503/578/517 538/618/552
f 502/577/516 456/520/469 503/578/517
f 502/577/516 457/521/470 456/520/469
f 503/578/517 375/423/390 538/618/552
f 503/578/517 330/368/345 375/423/390
f 539/619/553 375/423/390 458/522/471
f 457/521/470 377/425/392 456/520/469
f 540/620/554 458/522/471 331/369/346
f 541/621/555 507/582/521 380/428/395
f 506/581/520 508/583/522 542/622/556
f 506/581/520 382/430/397 508/583/522
f 543/623/557 459/523/472 379/427/394
f 381/429/396 544/624/558 288/319/302
f 545/625/559 464/528/477 462/526/475
f 545/625/559 462/526/475 546/626/560
f 460/524/473 628/586/525 510/373/350
f 546/626/560 462/526/475 509/584/523
f 183/431/194 466/530/479 381/627/396
f 509/584/523 463/527/476 417/473/430
f 547/628/428 803/629/561 295/534/309
f 417/473/430 419/475/432 688/630/562
f 461/525/474 414/469/426 548/631/563
f 414/469/426 384/434/399 548/631/563
f 549/632/564 339/378/354 335/476/351
f 419/475/432 421/478/434 631/633/565
f 386/436/401 467/531/480 469/535/482
f 589/480/435 550/634/566 297/481/311
f 472/539/485 426/487/439 551/635/567
f 470/536/483 345/386/360 552/636/568
f 553/637/205 196/490/209 428/491/442
f 552/636/568 345/386/360 474/543/487
f 554/638/569 429/492/443 475/544/488
f 554/638/569 476/545/489 429/492/443
f 427/488/440 482/552/493 347/389/361
f 302/639/316 555/640/570 346/388/318
f 474/543/487 253/282/267 556/641/571
f 430/493/444 348/390/362 557/642/572
f 513/592/268 558/643/573 481/551/492
f 556/641/571 253/282/267 353/396/367
f 516/595/530 263/293/277 559/644/574
f 352/395/366 312/349/326 560/645/575
f 353/396/367 437/500/451 561/646/576
f 561/646/576 437/500/451 520/599/534
f 562/647/577 486/556/497 396/448/412
f 436/499/450 354/397/368 489/560/501
f 517/596/531 519/598/533 397/449/413
f 486/556/497 563/648/578 315/352/329
f 491/563/504 643/649/579 488/559/500
f 490/561/502 521/600/535 489/560/501
f 315/352/329 563/648/578 492/564/505
f 520/599/534 358/401/372 524/603/538
f 519/598/533 564/650/580 268/298/282
f 316/353/330 565/651/581 524/603/538
f 530/609/544 528/607/542 440/503/454
f 268/298/282 564/650/580 442/505/456
f 403/455/419 565/651/581 316/353/330
f 530/609/544 566/652/582 528/607/542
f 495/567/508 529/608/543 359/402/373
f 441/504/455 496/568/509 443/506/457
f 322/359/336 405/457/421 530/609/544
f 443/506/457 362/405/376 324/361/338
f 532/611/546 567/653/583 272/302/286
f 406/458/422 568/654/584 405/457/421
f 272/302/286 567/653/583 533/612/547
f 497/569/380 498/570/510 569/655/511
f 368/416/383 446/571/460 449/513/462
f 278/309/292 570/656/585 534/614/548
f 571/657/586 450/514/463 370/418/385
f 453/517/466 572/658/587 373/421/388
f 286/317/300 500/575/514 573/659/588
f 285/316/299 536/616/550 372/420/387
f 499/574/513 574/660/589 575/661/590
f 372/420/387 574/660/589 499/574/513
f 372/420/387 536/616/550 574/660/589
f 179/195/190 539/619/553 501/576/515
f 454/518/467 539/619/553 179/195/190
f 374/422/389 576/662/591 413/468/425
f 455/519/468 538/618/552 454/518/467
f 413/468/425 457/521/470 502/577/516
f 454/518/467 538/618/552 539/619/553
f 375/423/390 539/619/553 538/618/552
f 576/662/591 504/579/518 457/521/470
f 331/369/346 577/663/592 540/620/554
f 504/579/518 578/664/593 379/427/394
f 579/665/594 580/666/595 506/581/520
f 506/581/520 580/666/595 380/428/395
f 579/665/594 506/581/520 542/622/556
f 578/664/593 543/623/557 379/427/394
f 581/667/596 582/668/597 464/528/477
f 542/622/556 508/583/522 582/668/597
f 581/667/596 464/528/477 545/625/559
f 543/623/557 583/669/598 459/523/472
f 508/583/522 461/525/474 584/670/599
f 464/528/477 585/671/600 465/529/478
f 415/470/427 586/672/601 547/471/428
f 417/473/430 687/673/602 509/584/523
f 417/473/430 688/630/562 687/673/602
f 511/588/524 549/632/564 335/476/351
f 383/433/398 420/477/433 587/674/603
f 588/675/604 548/631/563 384/434/399
f 721/532/481 589/676/435 468/533/260
f 467/531/480 590/677/605 469/535/482
f 421/678/434 422/590/436 472/539/485
f 384/434/399 470/536/483 588/675/604
f 469/535/482 591/679/606 424/484/438
f 125/133/128 667/440/405 388/438/403
f 588/675/604 470/536/483 592/680/607
f 593/681/608 341/380/261 339/378/354
f 470/536/483 552/636/568 592/680/607
f 424/484/438 591/679/606 427/488/440
f 392/542/408 834/591/527 594/682/609
f 595/683/441 555/640/570 302/639/316
f 427/488/440 596/684/610 482/552/493
f 475/544/488 430/493/444 597/685/611
f 552/636/568 474/543/487 598/686/612
f 599/687/613 346/388/318 555/640/570
f 136/144/139 346/388/318 480/550/491
f 301/688/315 558/643/573 513/592/268
f 350/393/364 480/550/491 600/689/614
f 596/684/610 601/690/615 482/552/493
f 602/691/616 515/594/529 431/494/445
f 600/689/614 483/553/494 350/393/364
f 479/692/490 254/284/269 514/593/528
f 348/390/362 309/346/323 516/595/530
f 556/641/571 353/396/367 561/646/576
f 515/594/529 434/497/448 395/447/411
f 484/554/495 603/693/617 433/496/447
f 560/645/575 312/349/326 483/553/494
f 482/552/493 601/690/615 435/498/449
f 559/644/574 263/293/277 436/499/450
f 604/694/618 517/596/531 601/690/615
f 601/690/615 517/596/531 435/498/449
f 561/646/576 520/599/534 604/694/618
f 604/694/618 605/695/619 517/596/531
f 641/696/620 487/557/498 518/597/532
f 517/596/531 605/695/619 519/598/533
f 488/697/500 606/698/621 518/699/532
f 520/599/534 605/695/619 604/694/618
f 675/700/622 608/701/623 607/702/499
f 489/560/501 608/703/623 609/704/624
f 605/695/619 520/599/534 610/705/625
f 610/705/625 519/598/533 605/695/619
f 611/706/626 734/707/627 645/708/503
f 645/708/503 734/707/627 523/709/537
f 520/599/534 524/603/538 610/705/625
f 491/563/504 523/602/537 612/710/628
f 524/603/538 613/711/629 610/705/625
f 493/565/506 527/606/541 522/601/536
f 492/564/505 525/604/539 269/299/283
f 613/711/629 524/603/538 565/651/581
f 317/354/331 525/604/539 494/566/507
f 614/712/630 362/405/376 443/506/457
f 444/507/458 361/404/375 615/713/631
f 445/508/459 616/714/632 406/458/422
f 369/417/384 569/572/511 498/613/510
f 365/412/381 570/656/585 278/309/292
f 571/657/586 370/418/385 617/715/633
f 617/715/633 370/418/385 535/615/549
f 795/573/512 618/716/634 280/311/294
f 1026/717/635 572/658/587 453/517/466
f 286/317/300 573/659/588 535/615/549
f 499/574/513 619/718/636 371/419/386
f 499/574/513 620/719/637 619/718/636
f 539/619/553 621/720/638 501/576/515
f 622/721/639 576/662/591 374/422/389
f 576/662/591 457/521/470 413/468/425
f 539/619/553 540/620/554 621/720/638
f 539/619/553 458/522/471 540/620/554
f 541/621/555 380/428/395 580/666/595
f 623/722/640 582/668/597 581/667/596
f 542/622/556 582/668/597 623/722/640
f 545/625/559 546/626/560 624/723/641
f 628/586/525 460/524/473 717/724/642
f 464/528/477 582/668/597 585/671/600
f 583/669/598 415/470/427 459/523/472
f 508/583/522 584/670/599 582/668/597
f 582/668/597 584/670/599 585/671/600
f 584/670/599 461/525/474 625/725/643
f 586/672/601 415/470/427 626/726/644
f 627/727/645 511/588/524 628/728/525
f 584/670/599 629/729/646 585/671/600
f 585/671/600 629/729/646 465/529/478
f 801/730/647 803/629/561 547/628/428
f 631/633/565 688/630/562 419/475/432
f 461/525/474 548/631/563 625/725/643
f 465/529/478 629/729/646 467/531/480
f 629/729/646 590/677/605 467/531/480
f 630/731/648 631/732/565 421/678/434
f 590/677/605 591/679/606 469/535/482
f 632/733/649 588/675/604 592/680/607
f 550/634/566 471/537/484 297/481/311
f 593/681/608 473/540/486 341/380/261
f 592/680/607 633/734/650 632/733/649
f 634/735/651 596/684/610 591/679/606
f 635/736/652 157/333/166 471/537/484
f 551/635/567 426/487/439 594/682/609
f 591/679/606 596/684/610 427/488/440
f 592/680/607 552/636/568 633/734/650
f 392/542/408 594/682/609 426/487/439
f 554/638/569 428/491/442 476/545/489
f 633/734/650 598/686/612 634/735/651
f 552/636/568 598/686/612 633/734/650
f 634/735/651 598/686/612 596/684/610
f 834/591/527 477/546/317 479/548/490
f 346/388/318 599/687/613 480/550/491
f 474/543/487 556/641/571 598/686/612
f 636/737/653 602/691/616 431/494/445
f 596/684/610 598/686/612 601/690/615
f 602/691/616 637/738/654 515/594/529
f 348/390/362 516/595/530 557/642/572
f 601/690/615 598/686/612 561/646/576
f 638/739/655 433/496/447 603/693/617
f 638/739/655 514/593/528 433/496/447
f 556/641/571 561/646/576 598/686/612
f 639/740/656 484/554/495 485/555/496
f 601/690/615 561/646/576 604/694/618
f 434/497/448 562/647/577 396/448/412
f 640/741/657 485/555/496 351/394/365
f 697/742/658 487/743/498 641/744/620
f 642/745/659 436/499/450 489/560/501
f 642/745/659 489/560/501 609/704/624
f 488/697/500 643/746/579 606/698/621
f 486/556/497 644/747/660 563/648/578
f 608/701/623 645/748/503 607/702/499
f 401/453/417 266/296/280 646/749/661
f 644/747/660 647/750/662 563/648/578
f 608/703/623 489/560/501 521/600/535
f 491/563/504 612/710/628 643/649/579
f 563/648/578 647/750/662 492/564/505
f 564/650/580 519/598/533 610/705/625
f 648/751/663 439/502/453 399/451/415
f 492/564/505 649/752/664 525/604/539
f 649/752/664 650/753/665 525/604/539
f 610/705/625 651/754/666 564/650/580
f 399/451/415 529/608/543 648/751/663
f 494/566/507 525/604/539 652/755/667
f 564/650/580 653/756/668 442/505/456
f 529/608/543 495/567/508 654/757/669
f 655/758/670 532/611/546 360/403/374
f 442/505/456 656/759/671 531/610/545
f 403/455/419 657/760/672 565/651/581
f 657/760/672 403/455/419 658/761/673
f 495/567/508 659/762/674 654/757/669
f 495/567/508 531/610/545 659/762/674
f 403/455/419 404/456/420 658/761/673
f 660/763/675 614/712/630 496/568/509
f 614/712/630 443/506/457 496/568/509
f 660/763/675 496/568/509 444/507/458
f 569/655/511 365/764/381 497/569/380
f 570/656/585 365/412/381 661/765/676
f 569/572/511 450/514/463 662/766/677
f 275/306/289 792/466/423 791/767/678
f 571/657/586 662/766/677 450/514/463
f 793/768/679 792/466/423 238/264/250
f 534/614/548 453/517/466 170/186/181
f 280/311/294 618/716/634 452/516/465
f 371/419/386 619/718/636 500/575/514
f 499/574/513 575/661/590 620/719/637
f 537/617/551 329/367/344 501/576/515
f 373/421/388 622/721/639 374/422/389
f 663/769/680 542/622/556 623/722/640
f 577/663/592 331/369/346 505/580/519
f 663/769/680 623/722/640 581/667/596
f 581/667/596 545/625/559 664/770/681
f 507/582/521 717/724/642 460/524/473
f 584/670/599 625/725/643 629/729/646
f 801/730/647 547/628/428 586/771/601
f 631/732/565 630/731/648 665/772/682
f 629/729/646 625/725/643 666/773/683
f 666/773/683 590/677/605 629/729/646
f 625/725/643 548/631/563 666/773/683
f 548/631/563 588/675/604 666/773/683
f 421/678/434 472/539/485 630/731/648
f 588/675/604 632/733/649 666/773/683
f 666/773/683 632/733/649 590/677/605
f 512/589/526 187/204/197 388/438/403
f 632/733/649 591/679/606 590/677/605
f 632/733/649 634/735/651 591/679/606
f 632/733/649 633/734/650 634/735/651
f 667/774/405 553/637/205 668/775/684
f 635/736/652 595/489/441 157/333/166
f 669/776/685 475/544/488 597/685/611
f 553/637/205 428/491/442 668/775/684
f 554/638/569 475/544/488 669/776/685
f 428/491/442 554/638/569 668/775/684
f 430/493/444 557/642/572 670/777/686
f 636/737/653 431/494/445 671/778/687
f 558/643/573 671/778/687 481/551/492
f 431/494/445 432/495/446 671/778/687
f 671/778/687 432/495/446 481/551/492
f 516/595/530 672/779/688 557/642/572
f 603/693/617 484/554/495 639/740/656
f 559/644/574 436/499/450 673/780/689
f 674/781/690 641/696/620 732/782/691
f 641/696/620 518/597/532 732/782/691
f 675/700/622 487/743/498 697/742/658
f 675/700/622 607/702/499 487/743/498
f 646/749/661 266/296/280 352/395/366
f 609/704/624 608/703/623 675/783/622
f 608/701/623 611/784/626 645/748/503
f 612/710/628 523/602/537 781/785/692
f 492/564/505 647/750/662 649/752/664
f 401/453/417 676/786/693 321/358/335
f 647/750/662 677/787/694 649/752/664
f 650/753/665 652/755/667 525/604/539
f 564/650/580 651/754/666 653/756/668
f 610/705/625 613/711/629 651/754/666
f 653/756/668 651/754/666 678/788/695
f 405/457/421 568/654/584 530/609/544
f 614/712/630 679/789/696 362/405/376
f 533/612/547 680/790/697 361/404/375
f 406/458/422 616/714/632 568/654/584
f 681/791/698 680/790/697 533/612/547
f 447/510/382 682/792/699 448/511/461
f 447/413/382 275/306/289 708/793/700
f 449/513/462 683/794/701 451/515/464
f 451/515/464 684/795/702 795/573/512
f 238/264/250 412/467/424 947/796/703
f 534/614/548 1026/717/635 453/517/466
f 452/516/465 685/797/704 536/616/550
f 373/421/388 572/658/587 622/721/639
f 622/721/639 504/579/518 576/662/591
f 663/769/680 579/665/594 542/622/556
f 545/625/559 624/723/641 664/770/681
f 583/669/598 915/798/705 415/470/427
f 624/723/641 546/626/560 686/799/706
f 915/798/705 626/726/644 415/470/427
f 687/800/602 688/801/562 689/802/707
f 688/801/562 631/732/565 690/803/708
f 383/433/398 587/674/603 466/530/479
f 295/534/309 803/629/561 721/532/481
f 472/539/485 691/804/709 630/731/648
f 388/438/403 667/440/405 750/805/710
f 669/776/685 597/685/611 692/806/711
f 430/493/444 670/777/686 597/685/611
f 301/688/315 693/807/712 558/643/573
f 694/808/713 483/553/494 600/689/614
f 637/738/654 695/809/714 515/594/529
f 516/595/530 559/644/574 696/810/715
f 559/644/574 673/780/689 696/810/715
f 436/499/450 642/745/659 673/780/689
f 606/698/621 892/811/716 518/699/532
f 351/394/365 438/501/452 640/741/657
f 642/745/659 609/704/624 697/812/658
f 675/783/622 697/812/658 609/704/624
f 608/703/623 521/600/535 611/813/626
f 439/502/453 698/814/717 438/501/452
f 521/600/535 522/601/536 611/813/626
f 643/746/579 612/815/628 699/816/718
f 843/817/719 700/818/720 401/453/417
f 439/502/453 701/819/721 698/814/717
f 700/818/720 676/786/693 401/453/417
f 439/502/453 648/751/663 701/819/721
f 702/820/722 781/785/692 523/602/537
f 649/752/664 677/787/694 650/753/665
f 527/821/541 526/822/540 735/823/723
f 529/608/543 703/824/724 648/751/663
f 526/822/540 528/825/542 704/826/725
f 321/358/335 705/827/726 360/403/374
f 651/754/666 613/711/629 678/788/695
f 613/711/629 565/651/581 657/760/672
f 653/756/668 656/759/671 442/505/456
f 404/456/420 706/828/727 658/761/673
f 615/713/631 660/763/675 444/507/458
f 361/404/375 707/829/728 615/713/631
f 533/612/547 567/653/583 681/791/698
f 361/404/375 680/790/697 707/829/728
f 365/764/381 569/655/511 661/830/676
f 447/510/382 708/831/700 682/792/699
f 446/571/460 448/832/461 449/513/462
f 448/832/461 764/833/729 449/513/462
f 708/793/700 275/306/289 791/767/678
f 451/515/464 683/794/701 684/795/702
f 709/834/730 622/721/639 572/658/587
f 500/575/514 710/835/731 573/659/588
f 711/836/732 710/835/731 500/575/514
f 619/718/636 711/836/732 500/575/514
f 619/718/636 620/719/637 711/836/732
f 620/719/637 575/661/590 712/837/733
f 712/837/733 579/665/594 620/719/637
f 622/721/639 713/838/734 504/579/518
f 711/836/732 620/719/637 663/769/680
f 579/665/594 663/769/680 620/719/637
f 575/661/590 714/839/735 712/837/733
f 540/620/554 577/663/592 621/720/638
f 714/839/735 541/621/555 580/666/595
f 712/837/733 714/839/735 580/666/595
f 579/665/594 712/837/733 580/666/595
f 663/769/680 581/667/596 715/840/736
f 715/840/736 581/667/596 664/770/681
f 288/319/302 544/624/558 505/580/519
f 507/582/521 716/841/737 717/724/642
f 717/842/642 718/843/738 628/728/525
f 546/626/560 509/584/523 719/844/739
f 689/802/707 688/801/562 690/803/708
f 511/588/524 720/845/740 549/632/564
f 721/846/481 722/847/741 589/480/435
f 589/480/435 722/847/741 550/634/566
f 550/634/566 723/848/742 471/537/484
f 667/774/405 668/775/684 724/849/743
f 473/540/486 807/850/744 753/385/359
f 600/689/614 480/550/491 694/808/713
f 480/550/491 599/687/613 694/808/713
f 694/808/713 725/851/745 483/553/494
f 726/852/746 638/739/655 603/693/617
f 695/809/714 434/497/448 515/594/529
f 485/555/496 727/853/747 639/740/656
f 673/780/689 728/854/748 696/810/715
f 728/854/748 729/855/749 641/696/620
f 352/395/366 560/645/575 730/856/750
f 673/780/689 642/745/659 729/855/749
f 562/647/577 731/857/751 486/556/497
f 518/699/532 892/811/716 732/858/691
f 641/696/620 729/855/749 642/745/659
f 642/745/659 697/812/658 641/696/620
f 733/859/752 486/556/497 731/857/751
f 606/698/621 643/746/579 699/816/718
f 646/749/661 843/817/719 401/453/417
f 522/601/536 734/860/627 611/813/626
f 734/860/627 522/601/536 735/861/723
f 734/860/627 702/820/722 523/602/537
f 734/860/627 735/861/723 702/820/722
f 522/601/536 527/606/541 735/861/723
f 526/822/540 704/826/725 735/823/723
f 528/607/542 566/652/582 704/862/725
f 529/608/543 736/863/753 703/824/724
f 676/786/693 705/827/726 321/358/335
f 529/608/543 654/757/669 736/863/753
f 360/403/374 705/827/726 655/758/670
f 653/756/668 678/788/695 737/864/754
f 738/865/755 654/757/669 997/866/756
f 404/456/420 494/566/507 706/828/727
f 656/759/671 739/867/757 531/610/545
f 659/762/674 531/610/545 739/867/757
f 679/789/696 445/508/459 362/405/376
f 616/714/632 445/508/459 1235/868/758
f 449/513/462 764/833/729 683/794/701
f 662/766/677 571/657/586 740/869/759
f 238/264/250 947/796/703 793/768/679
f 618/716/634 741/870/760 452/516/465
f 452/516/465 741/870/760 685/797/704
f 574/660/589 536/616/550 714/839/735
f 714/839/735 575/661/590 574/660/589
f 501/576/515 621/720/638 537/617/551
f 710/835/731 711/836/732 715/840/736
f 711/836/732 663/769/680 715/840/736
f 541/621/555 742/871/761 507/582/521
f 578/664/593 743/872/762 543/623/557
f 544/624/558 798/873/763 505/580/519
f 716/841/737 800/874/764 717/724/642
f 544/875/558 381/627/396 744/876/765
f 546/626/560 719/844/739 686/799/706
f 718/843/738 627/727/645 628/728/525
f 466/530/479 745/877/766 381/627/396
f 687/673/602 746/878/767 719/844/739
f 509/584/523 687/673/602 719/844/739
f 690/803/708 631/732/565 747/879/768
f 631/732/565 665/772/682 747/879/768
f 549/632/564 748/880/769 339/378/354
f 630/731/648 691/804/709 665/772/682
f 388/438/403 749/881/770 512/589/526
f 472/539/485 551/635/567 691/804/709
f 667/774/405 724/849/743 750/882/710
f 635/736/652 752/883/771 595/489/441
f 668/775/684 554/638/569 751/884/772
f 752/885/771 555/640/570 595/683/441
f 753/886/359 693/807/712 301/688/315
f 725/851/745 754/887/773 483/553/494
f 754/887/773 560/645/575 483/553/494
f 516/595/530 696/810/715 755/888/774
f 562/647/577 434/497/448 756/889/775
f 562/647/577 756/889/775 731/857/751
f 641/696/620 674/781/690 728/854/748
f 674/781/690 732/782/691 1007/890/776
f 673/780/689 729/855/749 728/854/748
f 892/811/716 606/698/621 893/891/777
f 486/556/497 733/859/752 644/747/660
f 438/501/452 757/892/778 640/741/657
f 606/698/621 815/893/779 893/891/777
f 646/749/661 758/894/780 759/895/781
f 606/698/621 699/816/718 815/893/779
f 438/501/452 698/814/717 757/892/778
f 759/895/781 843/817/719 646/749/661
f 760/896/782 647/750/662 644/747/660
f 612/815/628 845/897/783 699/816/718
f 702/820/722 940/898/784 781/785/692
f 736/863/753 654/757/669 738/865/755
f 656/759/671 653/756/668 737/864/754
f 613/711/629 657/760/672 678/788/695
f 530/609/544 568/654/584 761/899/785
f 654/757/669 659/762/674 997/866/756
f 660/763/675 762/900/786 614/712/630
f 614/712/630 762/900/786 679/789/696
f 568/654/584 616/714/632 763/901/787
f 448/511/461 682/792/699 764/902/729
f 569/655/511 765/903/788 661/830/676
f 764/833/729 822/904/789 683/794/701
f 683/794/701 766/905/790 684/795/702
f 795/573/512 794/906/791 618/716/634
f 412/467/424 537/617/551 1028/907/792
f 709/834/730 572/658/587 1026/717/635
f 767/908/793 714/839/735 536/616/550
f 621/720/638 768/909/794 537/617/551
f 714/839/735 767/908/793 541/621/555
f 621/720/638 577/663/592 768/909/794
f 713/838/734 578/664/593 504/579/518
f 715/840/736 664/770/681 769/910/795
f 770/911/796 769/910/795 664/770/681
f 743/872/762 583/669/598 543/623/557
f 770/911/796 664/770/681 624/723/641
f 771/912/797 915/798/705 583/669/598
f 772/913/798 689/802/707 690/803/708
f 627/727/645 720/845/740 511/588/524
f 420/477/433 512/589/526 773/914/799
f 748/880/769 593/681/608 339/378/354
f 635/736/652 471/537/484 723/848/742
f 692/806/711 597/685/611 774/915/800
f 775/916/801 602/691/616 636/737/653
f 693/807/712 671/778/687 558/643/573
f 557/642/572 776/917/802 670/777/686
f 638/739/655 479/692/490 514/593/528
f 776/917/802 557/642/572 672/779/688
f 777/918/803 674/781/690 1007/890/776
f 778/919/804 352/395/366 730/856/750
f 352/395/366 758/894/780 646/749/661
f 778/919/804 758/894/780 352/395/366
f 699/816/718 779/920/805 815/893/779
f 757/892/778 698/814/717 780/921/806
f 847/922/807 779/920/805 699/816/718
f 699/816/718 845/897/783 847/922/807
f 845/897/783 612/815/628 781/923/692
f 782/924/808 735/861/723 704/862/725
f 735/861/723 783/925/809 702/820/722
f 677/787/694 784/926/810 650/753/665
f 761/899/785 566/652/582 530/609/544
f 678/788/695 785/927/811 737/864/754
f 786/928/812 678/788/695 657/760/672
f 655/758/670 787/929/813 532/611/546
f 567/653/583 532/611/546 787/929/813
f 657/760/672 658/761/673 788/930/814
f 997/866/756 659/762/674 789/931/815
f 788/930/814 658/761/673 1024/932/816
f 706/828/727 1024/932/816 658/761/673
f 660/763/675 615/713/631 790/933/817
f 790/933/817 762/900/786 660/763/675
f 908/934/818 681/791/698 567/653/583
f 822/904/789 766/905/790 683/794/701
f 791/935/678 792/936/423 793/937/679
f 794/938/791 795/939/512 684/940/702
f 573/659/588 796/941/819 535/615/549
f 710/835/731 715/840/736 769/910/795
f 767/908/793 742/871/761 541/621/555
f 713/838/734 797/942/820 578/664/593
f 742/871/761 716/841/737 507/582/521
f 798/943/763 544/875/558 799/944/821
f 800/945/764 718/843/738 717/842/642
f 746/946/767 687/800/602 689/802/707
f 801/947/647 802/948/822 803/949/561
f 388/438/403 750/805/710 749/881/770
f 550/634/566 804/950/823 723/848/742
f 805/951/824 669/776/685 692/806/711
f 806/952/825 692/806/711 774/915/800
f 751/884/772 554/638/569 669/776/685
f 774/915/800 597/685/611 670/777/686
f 807/953/744 693/807/712 753/886/359
f 808/954/826 599/687/613 555/640/570
f 809/955/827 636/737/653 671/778/687
f 810/956/828 637/738/654 602/691/616
f 479/692/490 638/739/655 811/957/829
f 811/957/829 638/739/655 726/852/746
f 695/809/714 812/958/830 434/497/448
f 485/555/496 640/741/657 727/853/747
f 434/497/448 812/958/830 756/889/775
f 644/747/660 733/859/752 813/959/831
f 644/747/660 813/959/831 760/896/782
f 840/960/832 814/961/833 841/962/834
f 840/960/832 815/963/779 814/961/833
f 841/962/834 814/961/833 844/964/835
f 815/963/779 779/965/805 814/961/833
f 814/961/833 779/965/805 816/966/836
f 780/921/806 698/814/717 817/967/837
f 814/961/833 816/966/836 844/964/835
f 818/968/838 779/965/805 847/969/807
f 817/967/837 698/814/717 701/819/721
f 760/896/782 848/970/839 647/750/662
f 848/970/839 677/787/694 647/750/662
f 735/861/723 782/924/808 783/925/809
f 657/760/672 788/930/814 786/928/812
f 494/566/507 819/971/840 706/828/727
f 820/972/841 739/867/757 656/759/671
f 739/867/757 789/931/815 659/762/674
f 707/829/728 790/933/817 615/713/631
f 679/789/696 1235/868/758 445/508/459
f 616/714/632 821/973/842 763/901/787
f 764/902/729 682/792/699 822/974/789
f 708/793/700 791/767/678 823/975/843
f 661/765/676 879/976/844 570/656/585
f 569/572/511 662/766/677 765/977/788
f 684/940/702 824/978/845 794/938/791
f 571/657/586 617/715/633 825/979/846
f 794/906/791 826/980/847 618/716/634
f 534/614/548 946/981/848 1026/717/635
f 617/715/633 535/615/549 827/982/849
f 826/980/847 741/870/760 618/716/634
f 412/467/424 1028/907/792 947/796/703
f 536/616/550 685/797/704 828/983/850
f 536/616/550 828/983/850 767/908/793
f 768/909/794 577/663/592 1124/984/851
f 578/664/593 797/942/820 743/872/762
f 770/911/796 624/723/641 686/799/706
f 381/627/396 745/877/766 744/876/765
f 745/877/766 466/530/479 587/674/603
f 803/949/561 802/948/822 721/846/481
f 550/634/566 722/847/741 804/950/823
f 668/775/684 751/884/772 724/849/743
f 805/951/824 692/806/711 806/952/825
f 551/635/567 594/682/609 829/985/852
f 809/955/827 775/916/801 636/737/653
f 830/986/853 694/808/713 808/954/826
f 752/885/771 808/954/826 555/640/570
f 831/987/854 808/954/826 752/885/771
f 830/986/853 725/851/745 694/808/713
f 808/954/826 694/808/713 599/687/613
f 602/691/616 775/916/801 832/988/855
f 832/988/855 810/956/828 602/691/616
f 670/777/686 776/917/802 833/989/856
f 834/990/527 479/692/490 811/957/829
f 672/779/688 835/991/857 776/917/802
f 836/992/858 560/645/575 754/887/773
f 516/595/530 755/888/774 672/779/688
f 836/992/858 837/993/859 560/645/575
f 728/854/748 674/781/690 696/810/715
f 560/645/575 837/993/859 730/856/750
f 640/741/657 757/892/778 838/994/860
f 839/995/861 757/892/778 780/921/806
f 869/996/862 815/963/779 840/960/832
f 840/997/832 841/998/834 842/999/863
f 843/817/719 759/895/781 870/1000/864
f 841/998/834 844/1001/835 842/999/863
f 844/1002/835 872/1003/865 842/1004/863
f 817/967/837 701/819/721 993/1005/866
f 779/965/805 818/968/838 816/966/836
f 843/1006/719 899/1007/867 700/1008/720
f 816/1009/836 818/1010/838 844/1011/835
f 845/1012/783 846/1013/868 847/1014/807
f 677/1015/694 848/1016/839 849/1017/869
f 648/751/663 850/1018/870 701/819/721
f 700/818/720 851/1019/871 676/786/693
f 648/751/663 703/824/724 850/1018/870
f 677/1015/694 849/1017/869 784/1020/810
f 704/862/725 852/1021/872 782/924/808
f 784/926/810 853/1022/873 650/753/665
f 566/652/582 852/1021/872 704/862/725
f 702/820/722 783/925/809 940/898/784
f 783/925/809 854/1023/874 940/898/784
f 761/899/785 855/1024/875 566/652/582
f 494/566/507 652/755/667 819/971/840
f 737/864/754 820/972/841 656/759/671
f 678/788/695 786/928/812 785/927/811
f 856/1025/876 707/829/728 680/790/697
f 1235/868/758 821/973/842 616/714/632
f 662/766/677 740/869/759 857/1026/877
f 571/657/586 1349/1027/878 740/869/759
f 617/715/633 827/982/849 825/979/846
f 535/615/549 796/941/819 827/982/849
f 709/834/730 713/838/734 622/721/639
f 858/1028/879 573/659/588 710/835/731
f 858/1028/879 710/835/731 769/910/795
f 767/908/793 859/1029/880 742/871/761
f 743/872/762 860/1030/881 583/669/598
f 744/876/765 799/944/821 544/875/558
f 747/879/768 665/772/682 861/1031/882
f 551/635/567 829/985/852 691/804/709
f 593/681/608 863/1032/883 473/540/486
f 724/849/743 751/884/772 862/1033/884
f 751/884/772 669/776/685 862/1033/884
f 635/736/652 723/848/742 831/1034/854
f 863/1035/883 807/953/744 473/1036/486
f 635/736/652 831/1034/854 752/883/771
f 603/693/617 639/740/656 864/1037/885
f 639/740/656 727/853/747 864/1037/885
f 730/856/750 837/993/859 778/919/804
f 837/993/859 1013/1038/886 778/919/804
f 733/859/752 865/1039/887 813/959/831
f 866/1040/888 867/1041/889 868/1042/890
f 893/1043/777 815/963/779 869/996/862
f 757/892/778 839/995/861 838/994/860
f 840/997/832 933/1044/891 869/1045/862
f 840/997/832 842/999/863 933/1044/891
f 867/1041/889 870/1000/864 759/895/781
f 870/1046/864 899/1007/867 843/1006/719
f 872/1003/865 871/1047/892 842/1004/863
f 817/967/837 993/1005/866 992/1048/893
f 844/1011/835 818/1010/838 872/1049/865
f 818/1010/838 873/1050/894 872/1049/865
f 847/1051/807 873/1050/894 818/1010/838
f 850/1018/870 703/824/724 874/1052/895
f 781/923/692 875/1053/896 845/897/783
f 781/785/692 939/1054/897 875/1055/896
f 940/898/784 939/1054/897 781/785/692
f 874/1052/895 703/824/724 736/863/753
f 852/1021/872 566/652/582 855/1024/875
f 650/753/665 853/1022/873 652/755/667
f 652/755/667 1303/1056/898 819/971/840
f 997/866/756 1085/1057/899 738/865/755
f 737/864/754 1153/1058/900 820/972/841
f 786/928/812 876/1059/901 785/927/811
f 1024/932/816 877/1060/902 788/930/814
f 762/900/786 878/1061/903 679/789/696
f 680/790/697 681/791/698 856/1025/876
f 661/830/676 765/903/788 879/1062/844
f 571/657/586 825/979/846 1349/1027/878
f 947/796/703 1028/907/792 880/1063/904
f 537/617/551 881/1064/905 1028/907/792
f 768/909/794 881/1064/905 537/617/551
f 505/580/519 1124/984/851 577/663/592
f 583/669/598 860/1030/881 771/912/797
f 746/946/767 689/802/707 882/1065/906
f 689/802/707 772/913/798 882/1065/906
f 587/674/603 883/1066/907 745/877/766
f 801/947/647 884/1067/908 802/948/822
f 420/477/433 773/914/799 587/674/603
f 721/846/481 885/1068/909 722/847/741
f 691/804/709 861/1031/882 665/772/682
f 593/681/608 748/880/769 1097/1069/910
f 750/882/710 886/1070/911 749/1071/770
f 750/882/710 724/849/743 886/1070/911
f 670/777/686 833/989/856 774/915/800
f 594/682/609 834/591/527 981/1072/912
f 693/807/712 887/1073/913 671/778/687
f 887/1073/913 809/955/827 671/778/687
f 834/990/527 811/957/829 888/1074/914
f 726/852/746 889/1075/915 811/957/829
f 810/956/828 890/1076/916 637/738/654
f 603/693/617 864/1037/885 726/852/746
f 672/779/688 755/888/774 835/991/857
f 755/888/774 696/810/715 891/1077/917
f 891/1077/917 696/810/715 777/918/803
f 1326/1078/918 837/993/859 836/992/858
f 696/810/715 674/781/690 777/918/803
f 756/889/775 1008/1079/919 731/857/751
f 732/858/691 892/811/716 1007/1080/776
f 1008/1079/919 733/859/752 731/857/751
f 892/1081/716 928/1082/920 1007/1083/776
f 892/1081/716 893/1084/777 928/1082/920
f 894/1085/921 866/1040/888 868/1042/890
f 893/1086/777 962/1087/922 961/1088/923
f 962/1087/922 893/1086/777 869/1045/862
f 867/1041/889 895/1089/924 868/1042/890
f 933/1044/891 931/1090/925 869/1045/862
f 759/895/781 895/1089/924 867/1041/889
f 759/895/781 758/894/780 895/1089/924
f 896/1091/926 867/1041/889 866/1040/888
f 896/1091/926 870/1000/864 867/1041/889
f 817/967/837 897/1092/927 839/995/861
f 780/921/806 817/967/837 839/995/861
f 897/1092/927 817/967/837 992/1048/893
f 896/1091/926 898/1093/928 870/1000/864
f 870/1000/864 898/1093/928 899/1094/867
f 899/1094/867 898/1093/928 700/818/720
f 873/1095/894 847/1096/807 900/1097/929
f 700/818/720 898/1093/928 851/1019/871
f 900/1097/929 847/1096/807 901/1098/930
f 847/1014/807 846/1013/868 901/1099/930
f 701/819/721 902/1100/931 993/1005/866
f 901/1099/930 846/1013/868 903/1101/932
f 784/926/810 849/1102/869 853/1022/873
f 788/930/814 904/1103/933 786/928/812
f 568/654/584 905/1104/934 761/899/785
f 739/867/757 820/972/841 906/1105/935
f 567/1106/583 907/1107/936 908/1108/818
f 790/933/817 909/1109/937 762/900/786
f 763/901/787 905/1104/934 568/654/584
f 909/1109/937 878/1061/903 762/900/786
f 679/789/696 878/1061/903 1235/868/758
f 708/831/700 823/1110/843 682/792/699
f 765/977/788 662/766/677 857/1026/877
f 684/940/702 766/1111/790 824/978/845
f 791/935/678 793/937/679 910/1112/938
f 570/1113/585 911/1114/939 534/1115/548
f 794/938/791 912/1116/940 826/1117/847
f 741/870/760 828/983/850 685/797/704
f 573/659/588 858/1028/879 796/941/819
f 767/908/793 1179/1118/941 859/1029/880
f 800/874/764 716/841/737 913/1119/942
f 914/1120/943 718/843/738 800/945/764
f 915/1121/705 916/1122/944 626/1123/644
f 746/946/767 882/1065/906 917/1124/945
f 626/1123/644 916/1122/944 586/771/601
f 627/727/645 918/1125/946 720/845/740
f 886/1070/911 724/849/743 862/1033/884
f 805/951/824 862/1033/884 669/776/685
f 919/1126/947 832/988/855 775/916/801
f 725/851/745 830/986/853 920/1127/948
f 831/987/854 921/1128/949 808/954/826
f 832/988/855 922/1129/950 810/956/828
f 923/1130/951 754/887/773 725/851/745
f 776/917/802 835/991/857 1101/1131/952
f 924/1132/953 812/958/830 695/809/714
f 640/741/657 925/1133/954 727/853/747
f 756/889/775 926/1134/955 1008/1079/919
f 925/1133/954 640/741/657 838/994/860
f 1007/1083/776 928/1082/920 1065/1135/956
f 866/1040/888 894/1085/921 927/1136/957
f 893/1086/777 961/1088/923 928/1137/920
f 869/1045/862 931/1090/925 962/1087/922
f 838/994/860 839/995/861 929/1138/958
f 930/1139/959 896/1091/926 866/1040/888
f 931/1140/925 873/1141/894 932/1142/960
f 933/1143/891 871/1047/892 931/1140/925
f 933/1143/891 842/1004/863 871/1047/892
f 931/1140/925 871/1047/892 873/1141/894
f 934/1144/961 1020/1145/962 896/1091/926
f 896/1091/926 1080/1146/963 898/1093/928
f 871/1047/892 872/1003/865 873/1141/894
f 896/1091/926 1020/1145/962 1080/1146/963
f 873/1141/894 935/1147/964 932/1142/960
f 873/1141/894 900/1148/929 935/1147/964
f 898/1093/928 1080/1146/963 851/1019/871
f 902/1100/931 701/819/721 850/1018/870
f 903/1149/932 936/1150/965 966/1151/966
f 846/1013/868 936/1152/965 903/1101/932
f 875/1153/896 846/1013/868 845/1012/783
f 852/1021/872 937/1154/967 782/924/808
f 782/924/808 937/1154/967 783/925/809
f 938/1155/968 939/1156/897 940/1157/784
f 937/1154/967 854/1023/874 783/925/809
f 738/865/755 941/1158/969 736/863/753
f 705/827/726 942/1159/970 655/758/670
f 820/972/841 1153/1058/900 1152/1160/971
f 785/927/811 1153/1058/900 737/864/754
f 706/828/727 943/1161/972 1024/932/816
f 706/828/727 819/971/840 943/1161/972
f 789/931/815 739/867/757 906/1105/935
f 822/974/789 682/792/699 944/1162/973
f 945/1163/974 946/1164/848 534/1115/548
f 793/937/679 947/1165/703 948/1166/975
f 949/1167/976 713/1168/734 709/1169/730
f 1179/1118/941 767/908/793 828/983/850
f 1124/984/851 505/580/519 798/873/763
f 950/1170/977 913/1119/942 716/841/737
f 917/1171/945 719/844/739 746/878/767
f 918/1125/946 627/727/645 718/843/738
f 772/913/798 690/803/708 951/1172/978
f 690/803/708 747/879/768 951/1172/978
f 952/1173/979 587/674/603 773/914/799
f 720/845/740 748/880/769 549/632/564
f 953/1174/980 773/914/799 512/589/526
f 953/1174/980 512/589/526 749/881/770
f 863/1032/883 593/681/608 1097/1069/910
f 954/1175/981 805/951/824 806/952/825
f 954/1175/981 862/1033/884 805/951/824
f 829/985/852 594/682/609 981/1072/912
f 955/1176/982 775/916/801 809/955/827
f 807/953/744 887/1073/913 693/807/712
f 956/1177/983 920/1127/948 830/986/853
f 830/986/853 808/954/826 921/1128/949
f 725/851/745 920/1127/948 923/1130/951
f 811/957/829 889/1075/915 888/1074/914
f 922/1129/950 957/1178/984 810/956/828
f 776/917/802 1101/1131/952 833/989/856
f 957/1178/984 890/1076/916 810/956/828
f 726/852/746 864/1037/885 958/1179/985
f 637/738/654 890/1076/916 695/809/714
f 835/991/857 755/888/774 1104/1180/986
f 1104/1180/986 755/888/774 891/1077/917
f 812/958/830 926/1134/955 756/889/775
f 925/1133/954 838/994/860 1111/1181/987
f 959/1182/988 1013/1038/886 837/993/859
f 1008/1079/919 865/1039/887 733/859/752
f 960/1183/989 778/919/804 1013/1038/886
f 961/1184/923 962/1185/922 963/1186/990
f 778/919/804 960/1183/989 758/894/780
f 986/1187/991 868/1188/890 895/1189/924
f 960/1183/989 895/1089/924 758/894/780
f 962/1185/922 931/1140/925 963/1186/990
f 931/1140/925 932/1142/960 963/1186/990
f 1018/1190/992 1020/1145/962 934/1144/961
f 964/1191/993 965/1192/994 848/970/839
f 901/1098/930 966/1151/966 900/1097/929
f 900/1148/929 966/1193/966 935/1147/964
f 848/970/839 965/1192/994 849/1102/869
f 901/1098/930 903/1149/932 966/1151/966
f 965/1192/994 967/1194/995 849/1102/869
f 846/1013/868 968/1195/996 936/1152/965
f 846/1013/868 875/1153/896 968/1195/996
f 967/1194/995 853/1022/873 849/1102/869
f 676/786/693 969/1196/997 705/827/726
f 942/1159/970 705/827/726 969/1196/997
f 854/1023/874 938/1197/968 940/898/784
f 970/1198/998 874/1052/895 736/863/753
f 853/1022/873 971/1199/999 652/755/667
f 738/865/755 1085/1057/899 941/1158/969
f 788/930/814 877/1060/902 904/1103/933
f 787/1200/813 907/1107/936 567/1106/583
f 1024/932/816 943/1161/972 972/1201/1000
f 1235/868/758 973/1202/1001 821/973/842
f 682/792/699 823/1110/843 944/1162/973
f 766/1111/790 974/1203/1002 824/978/845
f 911/1114/939 945/1163/974 534/1115/548
f 794/938/791 824/978/845 912/1116/940
f 947/1165/703 880/1204/904 948/1166/975
f 827/982/849 796/941/819 858/1028/879
f 949/1205/976 797/942/820 713/838/734
f 859/1029/880 716/841/737 742/871/761
f 770/911/796 686/799/706 975/1206/1003
f 915/1121/705 1093/1207/1004 916/1122/944
f 952/1173/979 773/914/799 976/1208/1005
f 691/804/709 829/985/852 977/1209/1006
f 886/1070/911 862/1033/884 954/1175/981
f 978/1210/1007 954/1175/981 806/952/825
f 979/1211/1008 921/1128/949 831/987/854
f 955/1176/982 809/955/827 887/1073/913
f 955/1176/982 919/1126/947 775/916/801
f 956/1177/983 830/986/853 921/1128/949
f 980/1212/1009 920/1127/948 956/1177/983
f 981/1213/912 888/1074/914 982/1214/1010
f 981/1213/912 834/990/527 888/1074/914
f 983/1215/1011 754/887/773 923/1130/951
f 890/1076/916 924/1132/953 695/809/714
f 1326/1078/918 959/1182/988 837/993/859
f 1065/1216/956 928/1137/920 1010/1217/1012
f 927/1136/957 894/1085/921 1068/1218/1013
f 928/1137/920 961/1088/923 1010/1217/1012
f 961/1184/923 963/1186/990 984/1219/1014
f 894/1220/921 868/1188/890 985/1221/1015
f 985/1221/1015 868/1188/890 986/1187/991
f 986/1222/991 895/1089/924 960/1183/989
f 987/1223/1016 988/1224/1017 989/1225/1018
f 990/1226/1019 839/995/861 897/1092/927
f 988/1224/1017 934/1144/961 989/1225/1018
f 989/1225/1018 934/1144/961 930/1139/959
f 934/1144/961 896/1091/926 930/1139/959
f 813/959/831 991/1227/1020 760/896/782
f 934/1144/961 988/1224/1017 1018/1190/992
f 991/1227/1020 848/970/839 760/896/782
f 992/1228/893 993/1229/866 1023/1230/1021
f 1076/1231/1022 1018/1190/992 988/1224/1017
f 935/1147/964 966/1193/966 994/1232/1023
f 966/1151/966 936/1150/965 994/1233/1023
f 936/1150/965 1082/1234/1024 994/1233/1023
f 968/1235/996 1082/1236/1024 936/1237/965
f 968/1238/996 995/1239/1025 1082/1240/1024
f 968/1195/996 875/1153/896 995/1241/1025
f 969/1196/997 676/786/693 851/1019/871
f 939/1242/897 995/1241/1025 875/1153/896
f 939/1156/897 938/1155/968 1083/1243/1026
f 855/1024/875 937/1154/967 852/1021/872
f 789/1244/815 996/1245/1027 997/1246/756
f 707/829/728 998/1247/1028 790/933/817
f 856/1025/876 681/791/698 1088/1248/1029
f 827/982/849 858/1028/879 999/1249/1030
f 828/983/850 741/870/760 1180/1250/1031
f 1180/1250/1031 1179/1118/941 828/983/850
f 716/841/737 859/1029/880 950/1170/977
f 799/944/821 1000/1251/1032 798/943/763
f 913/1252/942 914/1120/943 800/945/764
f 587/674/603 952/1173/979 883/1066/907
f 722/847/741 1001/1253/1033 804/950/823
f 691/804/709 977/1209/1006 861/1031/882
f 829/985/852 1002/1254/1034 977/1209/1006
f 806/952/825 774/915/800 1003/1255/1035
f 863/1035/883 1004/1256/1036 807/953/744
f 889/1075/915 982/1214/1010 888/1074/914
f 889/1075/915 726/852/746 958/1179/985
f 890/1076/916 1133/1257/1037 924/1132/953
f 891/1258/917 1106/1259/1038 1041/1260/1039
f 891/1258/917 777/1261/803 1106/1259/1038
f 1005/1262/1040 1006/1263/1041 926/1134/955
f 777/1261/803 1007/1264/776 1043/1265/1042
f 1006/1263/1041 1008/1079/919 926/1134/955
f 1008/1266/919 1006/1267/1041 1227/1268/1043
f 1007/1083/776 1065/1135/956 1043/1269/1042
f 927/1136/957 1009/1270/1044 866/1040/888
f 1010/1271/1012 984/1219/1014 1011/1272/1045
f 984/1219/1014 1012/1273/1046 1011/1272/1045
f 959/1274/988 1167/1275/1047 1013/1276/886
f 961/1184/923 984/1219/1014 1010/1271/1012
f 1008/1277/919 1014/1278/1048 865/1279/887
f 1013/1038/886 1015/1280/1049 960/1183/989
f 838/994/860 929/1138/958 1111/1181/987
f 984/1219/1014 963/1186/990 1012/1273/1046
f 929/1138/958 839/995/861 990/1226/1019
f 813/959/831 865/1039/887 1016/1281/1050
f 813/959/831 1016/1281/1050 991/1227/1020
f 990/1226/1019 897/1092/927 1017/1282/1051
f 987/1223/1016 1076/1231/1022 988/1224/1017
f 992/1228/893 1023/1230/1021 1045/1283/1052
f 991/1227/1020 964/1191/993 848/970/839
f 1018/1284/992 1019/1285/1053 1020/1286/962
f 1018/1190/992 1021/1287/1054 1022/1288/1055
f 1076/1231/1022 1021/1287/1054 1018/1190/992
f 1076/1231/1022 1145/1289/1056 1021/1287/1054
f 993/1005/866 902/1100/931 1023/1290/1021
f 851/1019/871 1080/1146/963 1081/1291/1057
f 851/1019/871 1081/1291/1057 969/1196/997
f 902/1100/931 850/1018/870 874/1052/895
f 939/1156/897 1083/1243/1026 995/1292/1025
f 652/755/667 971/1199/999 1303/1056/898
f 942/1159/970 787/929/813 655/758/670
f 761/899/785 905/1104/934 1450/1293/1058
f 785/927/811 876/1059/901 1153/1058/900
f 786/928/812 904/1103/933 876/1059/901
f 820/972/841 1152/1160/971 906/1105/935
f 877/1294/902 1024/1295/816 972/1296/1000
f 944/1162/973 1025/1297/1059 822/974/789
f 791/935/678 910/1112/938 823/1298/843
f 570/1113/585 1156/1299/1060 911/1114/939
f 709/1169/730 1026/1300/635 1027/1301/1061
f 1028/1302/792 1029/1303/1062 880/1204/904
f 741/870/760 826/980/847 1180/1250/1031
f 769/910/795 770/911/796 858/1028/879
f 799/944/821 744/876/765 1030/1304/1063
f 917/1124/945 882/1065/906 1031/1305/1064
f 882/1065/906 772/913/798 1032/1306/1065
f 916/1122/944 1033/1307/1066 586/771/601
f 773/914/799 953/1174/980 976/1208/1005
f 953/1308/980 886/1070/911 1034/1309/1067
f 953/1308/980 749/1071/770 886/1070/911
f 748/880/769 1035/1310/1068 1097/1069/910
f 723/848/742 1059/1311/1069 831/1034/854
f 1004/1256/1036 1036/1312/1070 807/953/744
f 807/953/744 1036/1312/1070 887/1073/913
f 956/1177/983 921/1128/949 979/1211/1008
f 980/1212/1009 956/1177/983 1037/1313/1071
f 919/1126/947 922/1129/950 832/988/855
f 829/1314/852 981/1213/912 1099/1315/1072
f 1038/1316/1073 920/1127/948 980/1212/1009
f 982/1214/1010 889/1075/915 1039/1317/1074
f 835/1318/857 1104/1319/986 1040/1320/1075
f 864/1037/885 727/853/747 1197/1321/1076
f 891/1077/917 1041/1322/1039 1104/1180/986
f 1042/1323/1077 1326/1078/918 836/992/858
f 812/958/830 1005/1262/1040 926/1134/955
f 727/853/747 925/1133/954 1197/1321/1076
f 777/1261/803 1043/1265/1042 1106/1259/1038
f 1006/1267/1041 1109/1324/1078 1227/1268/1043
f 1065/1325/956 1011/1326/1045 1043/1327/1042
f 1065/1216/956 1010/1217/1012 1110/1328/1079
f 1167/1329/1047 1015/1280/1049 1013/1038/886
f 963/1186/990 932/1142/960 1044/1330/1080
f 992/1048/893 1045/1331/1052 897/1092/927
f 1046/1332/1081 1047/1333/1082 964/1191/993
f 1018/1284/992 1022/1334/1055 1019/1285/1053
f 964/1191/993 1047/1333/1082 965/1192/994
f 1023/1290/1021 902/1100/931 1173/1335/1083
f 1173/1335/1083 902/1100/931 1048/1336/1084
f 1049/1337/1085 967/1194/995 965/1192/994
f 874/1052/895 970/1198/998 902/1100/931
f 853/1022/873 967/1194/995 1050/1338/1086
f 1084/1339/1087 938/1155/968 854/1340/874
f 971/1199/999 853/1022/873 1050/1338/1086
f 855/1024/875 1084/1341/1087 937/1154/967
f 736/863/753 941/1158/969 970/1198/998
f 1303/1056/898 943/1161/972 819/971/840
f 876/1059/901 904/1103/933 1051/1342/1088
f 876/1059/901 1051/1342/1088 1153/1058/900
f 998/1247/1028 909/1109/937 790/933/817
f 909/1109/937 1052/1343/1089 878/1061/903
f 1053/1344/1090 1235/868/758 878/1061/903
f 765/1345/788 857/1346/877 1123/1347/1091
f 1054/1348/1092 797/942/820 949/1205/976
f 797/942/820 1054/1348/1092 743/872/762
f 743/872/762 1054/1348/1092 860/1030/881
f 914/1120/943 1055/1349/1093 718/843/738
f 586/771/601 1033/1307/1066 1056/1350/1094
f 586/771/601 1056/1350/1094 801/730/647
f 951/1172/978 747/879/768 1057/1351/1095
f 802/948/822 885/1068/909 721/846/481
f 1058/1352/1096 748/880/769 720/845/740
f 1059/1353/1069 723/1354/742 804/1355/823
f 774/915/800 1128/1356/1097 1003/1255/1035
f 1060/1357/1098 919/1126/947 955/1176/982
f 887/1073/913 1036/1312/1070 955/1176/982
f 956/1177/983 979/1211/1008 1037/1313/1071
f 1060/1357/1098 1061/1358/1099 919/1126/947
f 919/1126/947 1061/1358/1099 922/1129/950
f 774/915/800 833/989/856 1128/1356/1097
f 1038/1316/1073 983/1215/1011 920/1127/948
f 920/1127/948 983/1215/1011 923/1130/951
f 1062/1359/1100 889/1075/915 958/1179/985
f 1063/1360/1101 754/887/773 983/1215/1011
f 924/1132/953 1133/1257/1037 1132/1361/1102
f 1005/1262/1040 924/1132/953 1132/1361/1102
f 812/958/830 924/1132/953 1005/1262/1040
f 1109/1324/1078 1006/1267/1041 1005/1362/1040
f 1111/1181/987 1064/1363/1103 925/1133/954
f 1068/1218/1013 1009/1270/1044 927/1136/957
f 1065/1364/956 1110/1365/1079 1011/1366/1045
f 1011/1272/1045 1012/1273/1046 1138/1367/1104
f 1066/1368/1105 1067/1369/1106 1140/1370/1107
f 1227/1371/1043 1014/1372/1048 1008/1373/919
f 1068/1374/1013 894/1220/921 985/1221/1015
f 866/1040/888 1009/1270/1044 930/1139/959
f 1140/1370/1107 1067/1369/1106 1069/1375/1108
f 1067/1369/1106 1070/1376/1109 1069/1375/1108
f 985/1377/1015 986/1222/991 1071/1378/1110
f 1072/1379/1111 1070/1376/1109 1067/1369/1106
f 1073/1380/1112 989/1225/1018 930/1139/959
f 1069/1375/1108 1070/1376/1109 1170/1381/1113
f 1012/1273/1046 963/1186/990 1072/1379/1111
f 1168/1382/1114 1074/1383/1115 989/1384/1018
f 989/1225/1018 1074/1385/1115 987/1223/1016
f 991/1227/1020 1016/1281/1050 1046/1332/1081
f 932/1142/960 1075/1386/1116 1044/1330/1080
f 987/1387/1016 1117/1388/1117 1076/1389/1022
f 964/1191/993 991/1227/1020 1046/1332/1081
f 1117/1388/1117 1077/1390/1118 1076/1389/1022
f 1256/1391/1119 1047/1333/1082 1046/1332/1081
f 1120/1392/1120 1022/1288/1055 1021/1287/1054
f 1145/1289/1056 1078/1393/1121 1021/1287/1054
f 1019/1285/1053 1079/1394/1122 1020/1286/962
f 1299/1395/1123 965/1192/994 1047/1333/1082
f 1020/1286/962 1079/1394/1122 1080/1396/963
f 1080/1396/963 1079/1394/1122 1081/1397/1057
f 1048/1336/1084 902/1100/931 970/1198/998
f 994/1232/1023 1082/1398/1024 1262/1399/1124
f 1082/1398/1024 995/1400/1025 1262/1399/1124
f 995/1400/1025 1083/1401/1026 1262/1399/1124
f 1084/1339/1087 1148/1402/1125 938/1155/968
f 937/1403/967 1084/1404/1087 854/1405/874
f 1085/1406/899 997/1246/756 1086/1407/1126
f 787/1200/813 1087/1408/1127 907/1107/936
f 821/973/842 1382/1409/1128 763/901/787
f 998/1247/1028 707/829/728 856/1025/876
f 681/1410/698 908/1108/818 1088/1411/1029
f 822/1412/789 1025/1413/1059 766/1111/790
f 910/1112/938 793/937/679 1089/1414/1129
f 1090/1415/1130 824/978/845 974/1203/1002
f 1091/1416/1131 1349/1027/878 825/979/846
f 1090/1415/1130 912/1116/940 824/978/845
f 825/979/846 827/982/849 1092/1417/1132
f 798/943/763 1000/1251/1032 1181/1418/1133
f 771/912/797 1093/1419/1004 915/798/705
f 686/799/706 719/844/739 1094/1420/1134
f 718/843/738 1095/1421/1135 918/1125/946
f 952/1173/979 1096/1422/1136 883/1066/907
f 976/1208/1005 953/1174/980 1126/1423/1137
f 885/1068/909 1001/1253/1033 722/847/741
f 978/1210/1007 806/952/825 1003/1255/1035
f 1097/1424/910 1004/1256/1036 863/1035/883
f 1098/1425/1138 1060/1357/1098 955/1176/982
f 1098/1425/1138 955/1176/982 1036/1312/1070
f 1002/1254/1034 829/985/852 1099/1426/1072
f 1099/1315/1072 981/1213/912 982/1214/1010
f 922/1129/950 1100/1427/1139 957/1178/984
f 1039/1317/1074 889/1075/915 1062/1359/1100
f 833/1428/856 1101/1429/952 1102/1430/1140
f 957/1431/984 1103/1432/1141 890/1433/916
f 1063/1360/1101 836/992/858 754/887/773
f 1101/1429/952 835/1318/857 1040/1320/1075
f 1135/1434/1142 1104/1435/986 1041/1436/1039
f 1105/1437/1143 1106/1438/1038 1043/1439/1042
f 1107/1440/1144 1068/1218/1013 1108/1441/1145
f 1470/1442/1146 1227/1443/1043 1109/1444/1078
f 1110/1445/1079 1010/1271/1012 1011/1272/1045
f 1068/1374/1013 985/1221/1015 1113/1446/1147
f 1230/1447/1148 1111/1448/987 929/1449/958
f 1012/1273/1046 1072/1379/1111 1112/1450/1149
f 1113/1451/1147 985/1377/1015 1071/1378/1110
f 1072/1379/1111 1067/1369/1106 1112/1450/1149
f 1071/1378/1110 986/1222/991 1015/1280/1049
f 1015/1280/1049 986/1222/991 960/1183/989
f 1009/1270/1044 1073/1380/1112 930/1139/959
f 1014/1452/1048 1016/1281/1050 865/1039/887
f 1072/1379/1111 1044/1330/1080 1070/1376/1109
f 929/1138/958 990/1226/1019 1114/1453/1150
f 1072/1379/1111 963/1186/990 1044/1330/1080
f 1044/1330/1080 1115/1454/1151 1070/1376/1109
f 1070/1376/1109 1116/1455/1152 1170/1381/1113
f 1070/1376/1109 1115/1454/1151 1116/1455/1152
f 990/1226/1019 1017/1282/1051 1114/1453/1150
f 1250/1456/1153 1046/1332/1081 1016/1281/1050
f 1117/1457/1117 987/1223/1016 1074/1385/1115
f 1017/1282/1051 897/1092/927 1045/1331/1052
f 1250/1456/1153 1256/1391/1119 1046/1332/1081
f 1045/1331/1052 1023/1290/1021 1118/1458/1154
f 1118/1458/1154 1023/1290/1021 1173/1335/1083
f 1022/1288/1055 1120/1392/1120 1019/1459/1053
f 1119/1460/1155 1299/1395/1123 1047/1333/1082
f 1079/1394/1122 1019/1285/1053 1120/1461/1120
f 1120/1392/1120 1021/1287/1054 1078/1393/1121
f 1049/1337/1085 965/1192/994 1299/1395/1123
f 1145/1289/1056 1204/1462/1156 1078/1393/1121
f 935/1147/964 994/1232/1023 1262/1399/1124
f 1148/1402/1125 1083/1243/1026 938/1155/968
f 877/1294/902 1121/1463/1157 904/1464/933
f 1122/1465/1158 909/1109/937 998/1247/1028
f 1053/1344/1090 878/1061/903 1052/1343/1089
f 1123/1466/1091 879/1062/844 765/903/788
f 1089/1414/1129 793/937/679 948/1166/975
f 1026/1300/635 946/1164/848 1027/1301/1061
f 1029/1303/1062 1028/1302/792 881/1467/905
f 768/909/794 1124/984/851 881/1064/905
f 858/1028/879 770/911/796 999/1249/1030
f 1124/1468/851 798/1469/763 1211/1470/1159
f 1182/1471/1160 913/1119/942 950/1170/977
f 1125/1472/1161 771/912/797 860/1030/881
f 1352/1473/1162 1094/1420/1134 719/844/739
f 1352/1474/1162 719/1475/739 1031/1476/1064
f 1031/1477/1064 719/844/739 917/1171/945
f 884/1067/908 801/947/647 1056/1478/1094
f 1034/1309/1067 1126/1479/1137 953/1308/980
f 886/1070/911 954/1175/981 1034/1309/1067
f 978/1210/1007 1003/1255/1035 1127/1480/1163
f 1059/1353/1069 979/1211/1008 831/987/854
f 1128/1481/1097 833/1428/856 1129/1482/1164
f 1061/1358/1099 1100/1427/1139 922/1129/950
f 982/1214/1010 1039/1317/1074 1130/1483/1165
f 1063/1360/1101 1042/1323/1077 836/992/858
f 1131/1484/1166 1132/1485/1102 1133/1486/1037
f 1040/1320/1075 1104/1319/986 1134/1487/1167
f 1104/1319/986 1135/1488/1142 1134/1487/1167
f 1042/1323/1077 1327/1489/1168 1326/1078/918
f 1109/1324/1078 1005/1362/1040 1136/1490/1169
f 1066/1368/1105 1201/1491/1170 1137/1492/1171
f 1325/1493/1172 959/1182/988 1326/1078/918
f 1140/1370/1107 1201/1491/1170 1066/1368/1105
f 1107/1440/1144 1009/1270/1044 1068/1218/1013
f 1043/1439/1042 1011/1272/1045 1138/1367/1104
f 1043/1494/1042 1138/1495/1104 1226/1496/1173
f 1139/1497/1174 1068/1374/1013 1113/1446/1147
f 1064/1498/1103 1111/1448/987 1230/1447/1148
f 1012/1273/1046 1112/1450/1149 1138/1367/1104
f 1112/1450/1149 1067/1369/1106 1066/1368/1105
f 1140/1499/1107 1069/1500/1108 1141/1501/1175
f 1142/1502/1176 989/1225/1018 1073/1380/1112
f 1143/1503/1177 1250/1456/1153 1016/1281/1050
f 1045/1331/1052 1118/1458/1154 1144/1504/1178
f 1076/1505/1022 1077/1506/1118 1145/1507/1056
f 1256/1391/1119 1119/1460/1155 1047/1333/1082
f 1120/1392/1120 1078/1393/1121 1146/1508/1179
f 1048/1336/1084 970/1198/998 1147/1509/1180
f 1083/1401/1026 1260/1510/1181 1262/1399/1124
f 1083/1401/1026 1148/1511/1125 1260/1510/1181
f 1081/1397/1057 1149/1512/1182 969/1513/997
f 1150/1514/1183 971/1515/999 1050/1516/1086
f 1303/1056/898 1151/1517/1184 943/1161/972
f 1152/1518/971 1153/1519/900 1305/1520/1185
f 1153/1058/900 1051/1342/1088 1305/1521/1185
f 877/1294/902 972/1296/1000 1154/1522/1186
f 879/1062/844 1123/1466/1091 1155/1523/1187
f 1155/1524/1187 1156/1525/1060 879/976/844
f 879/976/844 1156/1525/1060 570/656/585
f 974/1203/1002 766/1111/790 1025/1413/1059
f 1091/1416/1131 825/979/846 1092/1417/1132
f 827/982/849 999/1249/1030 1092/1417/1132
f 1157/1526/1188 950/1170/977 859/1029/880
f 1158/1527/1189 914/1120/943 913/1252/942
f 975/1206/1003 686/799/706 1094/1420/1134
f 718/843/738 1055/1349/1093 1095/1421/1135
f 882/1528/906 1212/1529/1190 1031/1530/1064
f 747/879/768 861/1031/882 1057/1351/1095
f 748/880/769 1058/1352/1096 1035/1310/1068
f 1035/1531/1068 1159/1532/1191 1097/1424/910
f 1004/1256/1036 1098/1425/1138 1036/1312/1070
f 982/1214/1010 1130/1483/1165 1160/1533/1192
f 1161/1534/1193 1039/1317/1074 1062/1359/1100
f 1129/1482/1164 833/1428/856 1102/1430/1140
f 1103/1432/1141 957/1431/984 1162/1535/1194
f 864/1037/885 1163/1536/1195 958/1179/985
f 1106/1259/1038 1193/1537/1196 1041/1260/1039
f 1132/1485/1102 1136/1490/1169 1005/1362/1040
f 1164/1538/1197 1137/1492/1171 1165/1539/1198
f 1164/1538/1197 1066/1368/1105 1137/1492/1171
f 1107/1440/1144 1108/1441/1145 1166/1540/1199
f 1197/1321/1076 925/1133/954 1064/1363/1103
f 1136/1541/1169 1470/1442/1146 1109/1444/1078
f 1164/1538/1197 1138/1367/1104 1066/1368/1105
f 959/1542/988 1325/1543/1172 1167/1544/1047
f 1138/1367/1104 1112/1450/1149 1066/1368/1105
f 1140/1499/1107 1141/1501/1175 1334/1545/1200
f 989/1225/1018 1142/1502/1176 1168/1546/1114
f 1143/1503/1177 1169/1547/1201 1250/1456/1153
f 1069/1500/1108 1170/1548/1113 1141/1501/1175
f 1144/1504/1178 1171/1549/1202 1045/1331/1052
f 1044/1330/1080 1075/1386/1116 1115/1454/1151
f 1250/1456/1153 1252/1550/1203 1256/1391/1119
f 1172/1551/1204 1075/1386/1116 932/1142/960
f 1173/1552/1083 1255/1553/1205 1118/1554/1154
f 935/1147/964 1174/1555/1206 932/1142/960
f 1077/1506/1118 1175/1556/1207 1145/1507/1056
f 1120/1392/1120 1146/1508/1179 1079/1557/1122
f 935/1147/964 1262/1399/1124 1174/1555/1206
f 1081/1397/1057 1079/1394/1122 1205/1558/1208
f 970/1198/998 1407/1559/1209 1147/1509/1180
f 1049/1337/1085 1050/1338/1086 967/1194/995
f 1176/1560/1210 787/1200/813 942/1561/970
f 997/1246/756 1177/1562/1211 1086/1407/1126
f 906/1563/935 1603/1564/1212 789/1244/815
f 1027/1301/1061 949/1167/976 709/1169/730
f 1178/1565/1213 1179/1566/941 1180/1567/1031
f 1181/1568/1133 1211/1470/1159 798/1469/763
f 1157/1526/1188 1182/1471/1160 950/1170/977
f 1182/1569/1160 1158/1527/1189 913/1252/942
f 1093/1207/1004 1183/1570/1214 916/1122/944
f 772/913/798 951/1172/978 1032/1306/1065
f 1184/1571/1215 1034/1309/1067 954/1175/981
f 1003/1255/1035 1185/1572/1216 1127/1480/1163
f 977/1209/1006 1002/1254/1034 1357/1573/1217
f 1097/1424/910 1159/1532/1191 1004/1256/1036
f 1185/1572/1216 1003/1255/1035 1186/1574/1218
f 1128/1356/1097 1186/1574/1218 1003/1255/1035
f 1060/1357/1098 1187/1575/1219 1061/1358/1099
f 1130/1483/1165 1039/1317/1074 1161/1534/1193
f 1099/1315/1072 982/1214/1010 1160/1533/1192
f 1038/1316/1073 1188/1576/1220 983/1215/1011
f 1100/1577/1139 1162/1535/1194 957/1431/984
f 983/1215/1011 1189/1578/1221 1063/1360/1101
f 1103/1432/1141 1190/1579/1222 890/1433/916
f 1189/1578/1221 1279/1580/1223 1063/1360/1101
f 1190/1579/1222 1133/1486/1037 890/1433/916
f 1279/1580/1223 1042/1323/1077 1063/1360/1101
f 1133/1486/1037 1190/1579/1222 1131/1484/1166
f 1042/1323/1077 1279/1580/1223 1327/1489/1168
f 864/1037/885 1197/1321/1076 1191/1581/1224
f 1131/1484/1166 1224/1582/1225 1132/1485/1102
f 1165/1539/1198 1192/1583/1226 1164/1538/1197
f 1106/1438/1038 1105/1437/1143 1193/1584/1196
f 1132/1485/1102 1194/1585/1227 1136/1490/1169
f 1195/1586/1228 1166/1540/1199 1108/1441/1145
f 1137/1492/1171 1201/1491/1170 1196/1587/1229
f 1197/1588/1076 1064/1498/1103 1198/1589/1230
f 1107/1440/1144 1199/1590/1231 1009/1270/1044
f 1325/1493/1172 1200/1591/1232 1167/1329/1047
f 1113/1451/1147 1200/1591/1232 1139/1592/1174
f 1200/1591/1232 1015/1280/1049 1167/1329/1047
f 1200/1591/1232 1113/1451/1147 1071/1378/1110
f 1140/1499/1107 1334/1545/1200 1201/1593/1170
f 1370/1594/1233 1143/1503/1177 1016/1281/1050
f 1045/1331/1052 1171/1549/1202 1017/1282/1051
f 1170/1381/1113 1116/1455/1152 1253/1595/1234
f 1115/1454/1151 1202/1596/1235 1116/1455/1152
f 1116/1455/1152 1202/1596/1235 1253/1595/1234
f 1118/1554/1154 1255/1553/1205 1144/1597/1178
f 1173/1552/1083 1203/1598/1236 1255/1553/1205
f 1173/1552/1083 1048/1599/1084 1203/1598/1236
f 1145/1507/1056 1175/1556/1207 1204/1600/1156
f 1078/1393/1121 1204/1462/1156 1146/1508/1179
f 1146/1508/1179 1205/1601/1208 1079/1557/1122
f 1205/1558/1208 1149/1512/1182 1081/1397/1057
f 1206/1602/1237 1148/1511/1125 1084/1341/1087
f 1407/1559/1209 970/1198/998 941/1158/969
f 855/1024/875 1207/1603/1238 1084/1341/1087
f 855/1024/875 761/899/785 1207/1603/1238
f 997/1246/756 996/1245/1027 1177/1562/1211
f 906/1105/935 1152/1160/971 1305/1521/1185
f 877/1294/902 1154/1522/1186 1121/1463/1157
f 908/1108/818 1208/1604/1239 1088/1411/1029
f 857/1346/877 740/1605/759 1209/1606/1240
f 1210/1607/1241 1457/1608/1242 826/1117/847
f 1029/1609/1062 881/1064/905 1211/1610/1159
f 881/1064/905 1124/984/851 1211/1610/1159
f 744/876/765 745/877/766 1030/1304/1063
f 882/1065/906 1032/1306/1065 1212/1611/1190
f 918/1125/946 1213/1612/1243 720/845/740
f 952/1173/979 976/1208/1005 1096/1422/1136
f 1126/1479/1137 1034/1309/1067 1214/1613/1244
f 1214/1613/1244 1034/1309/1067 1184/1571/1215
f 1215/1614/1245 954/1175/981 978/1210/1007
f 1216/1615/1246 1098/1425/1138 1004/1256/1036
f 1004/1256/1036 1159/1532/1191 1216/1615/1246
f 1098/1425/1138 1217/1616/1247 1060/1357/1098
f 979/1211/1008 1059/1353/1069 1218/1617/1248
f 1217/1616/1247 1187/1575/1219 1060/1357/1098
f 1037/1313/1071 1219/1618/1249 980/1212/1009
f 1219/1618/1249 1220/1619/1250 980/1212/1009
f 980/1212/1009 1220/1619/1250 1038/1316/1073
f 1100/1577/1139 1221/1620/1251 1162/1535/1194
f 958/1179/985 1163/1536/1195 1062/1359/1100
f 1101/1429/952 1040/1320/1075 1222/1621/1252
f 1528/1622/1253 1135/1623/1142 1041/1624/1039
f 1223/1625/1254 1224/1626/1225 1131/1627/1166
f 1132/1485/1102 1224/1582/1225 1194/1585/1227
f 1192/1583/1226 1105/1437/1143 1164/1538/1197
f 1196/1587/1229 1225/1628/1255 1137/1492/1171
f 1043/1494/1042 1226/1496/1173 1105/1629/1143
f 1068/1374/1013 1139/1497/1174 1108/1630/1145
f 1226/1631/1173 1138/1367/1104 1164/1538/1197
f 1015/1280/1049 1200/1591/1232 1071/1378/1110
f 1199/1590/1231 1073/1380/1112 1009/1270/1044
f 1227/1632/1043 1228/1633/1256 1014/1634/1048
f 1229/1635/1257 1168/1546/1114 1142/1502/1176
f 1370/1594/1233 1016/1281/1050 1014/1452/1048
f 1230/1636/1148 929/1138/958 1114/1453/1150
f 1231/1637/1258 1074/1385/1115 1168/1546/1114
f 1074/1385/1115 1232/1638/1259 1117/1457/1117
f 1171/1549/1202 1233/1639/1260 1017/1282/1051
f 1171/1549/1202 1144/1504/1178 1374/1640/1261
f 1117/1457/1117 1232/1638/1259 1077/1641/1118
f 932/1142/960 1174/1555/1206 1172/1551/1204
f 1204/1462/1156 1347/1642/1262 1146/1508/1179
f 1149/1512/1182 1234/1643/1263 969/1513/997
f 1234/1643/1263 942/1561/970 969/1513/997
f 761/899/785 1450/1293/1058 1207/1603/1238
f 1176/1560/1210 1087/1408/1127 787/1200/813
f 1122/1465/1158 1052/1343/1089 909/1109/937
f 1053/1644/1090 973/1645/1001 1235/1646/758
f 1089/1414/1129 1236/1647/1264 910/1112/938
f 1237/1648/1265 945/1163/974 911/1114/939
f 826/1117/847 1457/1608/1242 1180/1567/1031
f 999/1249/1030 770/911/796 1238/1649/1266
f 1179/1118/941 1157/1526/1188 859/1029/880
f 770/911/796 975/1206/1003 1238/1649/1266
f 771/912/797 1239/1650/1267 1093/1419/1004
f 1000/1251/1032 799/944/821 1030/1304/1063
f 916/1122/944 1183/1570/1214 1033/1307/1066
f 745/877/766 883/1066/907 1030/1304/1063
f 884/1067/908 1417/1651/1268 802/948/822
f 976/1208/1005 1126/1423/1137 1240/1652/1269
f 885/1068/909 1241/1653/1270 1001/1253/1033
f 1184/1571/1215 954/1175/981 1215/1614/1245
f 1215/1614/1245 978/1210/1007 1127/1480/1163
f 1314/1654/1271 1159/1532/1191 1035/1531/1068
f 1001/1655/1033 1059/1353/1069 804/1355/823
f 979/1211/1008 1218/1617/1248 1037/1313/1071
f 1187/1575/1219 1100/1427/1139 1061/1358/1099
f 1242/1656/1272 1130/1483/1165 1161/1534/1193
f 1130/1483/1165 1242/1656/1272 1160/1533/1192
f 864/1037/885 1191/1581/1224 1163/1536/1195
f 1134/1487/1167 1135/1488/1142 1243/1657/1273
f 1135/1623/1142 1528/1622/1253 1243/1658/1273
f 1191/1659/1224 1197/1588/1076 1198/1589/1230
f 1105/1437/1143 1192/1583/1226 1193/1584/1196
f 1165/1539/1198 1137/1492/1171 1225/1628/1255
f 1244/1660/1274 1229/1635/1257 1245/1661/1275
f 1194/1585/1227 1497/1662/1276 1136/1490/1169
f 1136/1490/1169 1497/1662/1276 1246/1663/1277
f 1136/1490/1169 1246/1663/1277 1470/1664/1146
f 1105/1437/1143 1226/1631/1173 1164/1538/1197
f 1325/1493/1172 1247/1665/1278 1200/1591/1232
f 1244/1660/1274 1248/1666/1279 1229/1635/1257
f 1142/1502/1176 1199/1590/1231 1229/1635/1257
f 1227/1667/1043 1470/1668/1146 1228/1669/1256
f 1142/1502/1176 1073/1380/1112 1199/1590/1231
f 1168/1546/1114 1229/1635/1257 1248/1666/1279
f 1143/1503/1177 1368/1670/1280 1169/1547/1201
f 1249/1671/1281 1400/1672/1282 1337/1673/1283
f 1334/1545/1200 1141/1501/1175 1595/1674/1284
f 1248/1666/1279 1231/1637/1258 1168/1546/1114
f 1169/1675/1201 1288/1676/1285 1250/1677/1153
f 1141/1501/1175 1170/1548/1113 1251/1678/1286
f 1074/1385/1115 1231/1637/1258 1232/1638/1259
f 1250/1677/1153 1340/1679/1287 1252/1680/1203
f 1170/1548/1113 1253/1681/1234 1251/1678/1286
f 1115/1454/1151 1172/1551/1204 1202/1596/1235
f 1374/1640/1261 1144/1504/1178 1254/1682/1288
f 1075/1386/1116 1172/1551/1204 1115/1454/1151
f 1144/1504/1178 1255/1683/1205 1254/1682/1288
f 1256/1684/1119 1402/1685/1289 1119/1686/1155
f 1262/1399/1124 1257/1687/1290 1174/1555/1206
f 1299/1395/1123 1405/1688/1291 1049/1337/1085
f 1258/1689/1292 1259/1690/1293 1204/1600/1156
f 1146/1508/1179 1347/1642/1262 1205/1601/1208
f 1204/1462/1156 1259/1691/1293 1347/1642/1262
f 1260/1692/1181 1261/1693/1294 1262/1694/1124
f 1206/1602/1237 1260/1510/1181 1148/1511/1125
f 1084/1341/1087 1207/1603/1238 1206/1602/1237
f 942/1561/970 1234/1643/1263 1176/1560/1210
f 1051/1695/1088 904/1464/933 1263/1696/1295
f 763/901/787 1382/1409/1128 905/1104/934
f 907/1107/936 1264/1697/1296 908/1108/818
f 973/1202/1001 1265/1698/1297 821/973/842
f 1123/1347/1091 857/1346/877 1266/1699/1298
f 1025/1413/1059 1267/1700/1299 974/1203/1002
f 823/1298/843 910/1112/938 1638/1701/1300
f 974/1203/1002 1268/1702/1301 1090/1415/1130
f 912/1116/940 1210/1607/1241 826/1117/847
f 946/1164/848 945/1163/974 2007/1703/1302
f 946/1164/848 2007/1703/1302 1027/1301/1061
f 880/1204/904 1269/1704/1303 948/1166/975
f 1180/1567/1031 1457/1608/1242 1178/1565/1213
f 1158/1527/1189 1270/1705/1304 914/1120/943
f 1352/1473/1162 1271/1706/1305 1094/1420/1134
f 1239/1707/1267 1183/1570/1214 1093/1207/1004
f 976/1208/1005 1240/1652/1269 1096/1422/1136
f 720/845/740 1213/1612/1243 1058/1352/1096
f 1241/1653/1270 802/948/822 1417/1651/1268
f 1520/1708/1306 1057/1351/1095 861/1031/882
f 1272/1709/1307 1214/1613/1244 1184/1571/1215
f 1241/1653/1270 885/1068/909 802/948/822
f 977/1209/1006 1520/1708/1306 861/1031/882
f 1159/1532/1191 1314/1654/1271 1216/1615/1246
f 1273/1710/1308 1037/1313/1071 1218/1617/1248
f 1002/1711/1034 1099/1315/1072 1274/1712/1309
f 1242/1656/1272 1161/1534/1193 1275/1713/1310
f 1220/1619/1250 1188/1576/1220 1038/1316/1073
f 1276/1714/1311 1129/1482/1164 1102/1430/1140
f 1276/1714/1311 1102/1430/1140 1277/1715/1312
f 1189/1578/1221 983/1215/1011 1188/1576/1220
f 1102/1430/1140 1101/1429/952 1222/1621/1252
f 1278/1716/1313 1279/1717/1223 1189/1718/1221
f 1040/1320/1075 1134/1487/1167 1280/1719/1314
f 1223/1720/1254 1131/1484/1166 1190/1579/1222
f 1656/1721/1315 1192/1583/1226 1618/1722/1316
f 1281/1723/1317 1165/1539/1198 1225/1628/1255
f 1245/1661/1275 1229/1635/1257 1282/1724/1318
f 1283/1725/1319 1107/1440/1144 1166/1540/1199
f 1283/1725/1319 1229/1635/1257 1199/1590/1231
f 1283/1725/1319 1199/1590/1231 1107/1440/1144
f 1200/1591/1232 1247/1665/1278 1139/1592/1174
f 1284/1726/1320 1851/1727/1321 1470/1668/1146
f 1851/1727/1321 1228/1669/1256 1470/1668/1146
f 1143/1503/1177 1370/1594/1233 1368/1670/1280
f 1400/1672/1282 1249/1671/1281 1285/1728/1322
f 1335/1729/1323 1169/1547/1201 1368/1670/1280
f 1286/1730/1324 1285/1728/1322 1249/1671/1281
f 1249/1671/1281 1287/1731/1325 1288/1732/1285
f 1249/1671/1281 1337/1673/1283 1287/1731/1325
f 1017/1282/1051 1289/1733/1326 1114/1453/1150
f 1287/1731/1325 1337/1673/1283 1339/1734/1327
f 1288/1676/1285 1340/1679/1287 1250/1677/1153
f 1171/1735/1202 1290/1736/1328 1291/1737/1329
f 1292/1738/1330 1290/1739/1328 1293/1740/1331
f 1402/1685/1289 1256/1684/1119 1252/1741/1203
f 1202/1596/1235 1294/1742/1332 1253/1595/1234
f 1295/1743/1333 1296/1744/1334 1297/1745/1335
f 1298/1746/1336 1297/1745/1335 1296/1744/1334
f 1298/1746/1336 1296/1744/1334 1254/1682/1288
f 1294/1742/1332 1202/1596/1235 1172/1551/1204
f 1403/1747/1337 1299/1748/1123 1119/1686/1155
f 1175/1556/1207 1258/1689/1292 1204/1600/1156
f 1147/1749/1180 1203/1598/1236 1048/1599/1084
f 1300/1750/1338 1149/1512/1182 1205/1558/1208
f 1049/1751/1085 1301/1752/1339 1050/1516/1086
f 1302/1753/1340 941/1158/969 1085/1057/899
f 1150/1514/1183 1303/1754/898 971/1515/999
f 1304/1755/1341 972/1296/1000 943/1756/972
f 1552/1757/1342 1305/1758/1185 1051/1695/1088
f 1306/1759/1343 998/1247/1028 856/1025/876
f 1266/1699/1298 857/1346/877 1209/1606/1240
f 880/1204/904 1029/1303/1062 1269/1704/1303
f 1211/1610/1159 1307/1760/1344 1029/1609/1062
f 1238/1649/1266 975/1206/1003 1308/1761/1345
f 1125/1472/1161 860/1030/881 1054/1348/1092
f 1308/1761/1345 975/1206/1003 1094/1420/1134
f 1308/1761/1345 1094/1420/1134 1271/1706/1305
f 1309/1762/1346 1000/1251/1032 1030/1304/1063
f 1239/1763/1267 771/1764/797 1125/1765/1161
f 1270/1705/1304 1055/1349/1093 914/1120/943
f 1212/1611/1190 1032/1306/1065 1310/1766/1347
f 1311/1767/1348 1030/1304/1063 883/1066/907
f 1312/1768/1349 1056/1350/1094 1033/1307/1066
f 1313/1769/1350 951/1172/978 1057/1351/1095
f 1058/1352/1096 1314/1770/1271 1035/1310/1068
f 1215/1614/1245 1127/1480/1163 1315/1771/1351
f 1316/1772/1352 1098/1425/1138 1216/1615/1246
f 1219/1618/1249 1037/1313/1071 1273/1710/1308
f 1187/1773/1219 1221/1620/1251 1100/1577/1139
f 1128/1481/1097 1129/1482/1164 1317/1774/1353
f 1274/1712/1309 1099/1315/1072 1160/1533/1192
f 1161/1534/1193 1062/1359/1100 1318/1775/1354
f 1319/1776/1355 1103/1432/1141 1162/1535/1194
f 1163/1777/1195 1191/1659/1224 1320/1778/1356
f 1280/1719/1314 1134/1487/1167 1243/1657/1273
f 1165/1539/1198 1618/1722/1316 1192/1583/1226
f 1321/1779/1357 1191/1659/1224 1198/1589/1230
f 1041/1260/1039 1193/1537/1196 1620/1780/1358
f 1322/1781/1359 1323/1782/1360 1324/1783/1361
f 1224/1784/1225 1463/1785/1362 1491/1786/1363
f 1656/1721/1315 1193/1584/1196 1192/1583/1226
f 1224/1784/1225 1491/1786/1363 1194/1787/1227
f 1325/1788/1172 1326/1789/918 1327/1790/1168
f 1282/1724/1318 1229/1635/1257 1283/1725/1319
f 1328/1791/1364 1329/1792/1365 1330/1793/1366
f 1108/1630/1145 1139/1497/1174 1331/1794/1367
f 1331/1795/1367 1139/1592/1174 1247/1665/1278
f 1328/1791/1364 1196/1587/1229 1329/1792/1365
f 1472/1796/1368 1400/1672/1282 1285/1728/1322
f 1329/1792/1365 1196/1587/1229 1332/1797/1369
f 1196/1587/1229 1201/1491/1170 1332/1797/1369
f 1332/1797/1369 1543/1798/1370 1329/1792/1365
f 1244/1660/1274 1333/1799/1371 1248/1666/1279
f 1201/1491/1170 1334/1800/1200 1332/1797/1369
f 1370/1594/1233 1014/1452/1048 1228/1801/1256
f 1286/1730/1324 1335/1729/1323 1368/1670/1280
f 1286/1730/1324 1249/1671/1281 1335/1729/1323
f 1335/1802/1323 1288/1676/1285 1169/1675/1201
f 1598/1803/1372 1231/1637/1258 1248/1666/1279
f 1017/1282/1051 1233/1639/1260 1289/1733/1326
f 1291/1804/1329 1336/1805/1373 1233/1639/1260
f 1337/1806/1283 1338/1807/1374 1339/1808/1327
f 1233/1809/1260 1171/1735/1202 1291/1737/1329
f 1287/1731/1325 1340/1810/1287 1288/1732/1285
f 1232/1638/1259 1231/1637/1258 1598/1803/1372
f 1287/1731/1325 1339/1734/1327 1340/1810/1287
f 1291/1804/1329 1290/1739/1328 1292/1738/1330
f 1340/1810/1287 1341/1811/1375 1252/1550/1203
f 1293/1740/1331 1374/1640/1261 1296/1744/1334
f 1251/1678/1286 1253/1681/1234 1342/1812/1376
f 1293/1740/1331 1296/1744/1334 1295/1743/1333
f 1374/1640/1261 1254/1682/1288 1296/1744/1334
f 1342/1812/1376 1253/1681/1234 1294/1813/1332
f 1254/1682/1288 1343/1814/1377 1298/1746/1336
f 1297/1745/1335 1298/1746/1336 1343/1814/1377
f 1254/1682/1288 1255/1683/1205 1344/1815/1378
f 1119/1686/1155 1402/1685/1289 1403/1747/1337
f 1255/1683/1205 1203/1816/1236 1344/1815/1378
f 1403/1747/1337 1345/1817/1379 1299/1748/1123
f 1344/1815/1378 1203/1816/1236 1346/1818/1380
f 1346/1818/1380 1203/1816/1236 1147/1509/1180
f 1262/1694/1124 1261/1693/1294 1257/1819/1290
f 1205/1558/1208 1347/1820/1262 1300/1750/1338
f 1149/1512/1182 1300/1750/1338 1234/1643/1263
f 1407/1559/1209 941/1158/969 1302/1753/1340
f 1303/1754/898 1150/1514/1183 1151/1821/1184
f 996/1245/1027 789/1244/815 1603/1564/1212
f 1305/1758/1185 1603/1564/1212 906/1563/935
f 1348/1822/1381 1053/1344/1090 1052/1343/1089
f 1306/1759/1343 1122/1465/1158 998/1247/1028
f 1088/1248/1029 1306/1759/1343 856/1025/876
f 1155/1823/1187 1558/1824/1382 1156/1825/1060
f 740/1605/759 1349/1826/878 1209/1606/1240
f 1090/1415/1130 1350/1827/1383 912/1116/940
f 912/1116/940 1350/1827/1383 1210/1607/1241
f 1237/1648/1265 2007/1703/1302 945/1163/974
f 1029/1303/1062 1307/1828/1344 1269/1704/1303
f 1178/1829/1213 1157/1526/1188 1179/1118/941
f 1181/1418/1133 1000/1251/1032 1351/1830/1384
f 1182/1569/1160 1641/1831/1385 1158/1527/1189
f 1352/1832/1162 1031/1530/1064 1212/1529/1190
f 1183/1570/1214 1312/1768/1349 1033/1307/1066
f 883/1066/907 1096/1422/1136 1311/1767/1348
f 1353/1833/1386 884/1834/908 1056/1350/1094
f 1240/1835/1269 1126/1479/1137 1214/1613/1244
f 1215/1614/1245 1315/1771/1351 1184/1571/1215
f 1315/1771/1351 1127/1480/1163 1354/1836/1387
f 1058/1352/1096 1355/1837/1388 1314/1770/1271
f 977/1209/1006 1357/1573/1217 1520/1708/1306
f 1001/1655/1033 1356/1838/1389 1059/1353/1069
f 1059/1353/1069 1356/1838/1389 1218/1617/1248
f 1002/1711/1034 1274/1712/1309 1357/1839/1217
f 1128/1481/1097 1317/1774/1353 1186/1840/1218
f 1275/1713/1310 1161/1534/1193 1318/1775/1354
f 1062/1359/1100 1163/1536/1195 1318/1775/1354
f 1165/1539/1198 1281/1723/1317 1358/1841/1390
f 1324/1783/1361 1359/1842/1391 1360/1843/1392
f 1165/1539/1198 1358/1841/1390 1618/1722/1316
f 1361/1844/1393 1245/1661/1275 1282/1724/1318
f 1245/1661/1275 1362/1845/1394 1244/1660/1274
f 1324/1783/1361 1323/1782/1360 1363/1846/1395
f 1041/1260/1039 1620/1780/1358 1528/1847/1253
f 1282/1724/1318 1283/1725/1319 1364/1848/1396
f 1166/1540/1199 1364/1848/1396 1283/1725/1319
f 1195/1849/1228 1108/1630/1145 1331/1794/1367
f 1225/1628/1255 1196/1587/1229 1328/1791/1364
f 1285/1728/1322 1365/1850/1397 1472/1796/1368
f 1329/1792/1365 1543/1798/1370 1366/1851/1398
f 1367/1852/1399 1286/1730/1324 1370/1594/1233
f 1370/1853/1233 1286/1854/1324 1368/1855/1280
f 1228/1856/1256 1369/1857/1400 1370/1858/1233
f 1333/1799/1371 1598/1803/1372 1248/1666/1279
f 1230/1636/1148 1114/1453/1150 1629/1859/1401
f 1249/1671/1281 1288/1732/1285 1335/1729/1323
f 1629/1859/1401 1114/1453/1150 1289/1733/1326
f 1291/1804/1329 1292/1738/1330 1371/1860/1402
f 1339/1808/1327 1338/1807/1374 1372/1861/1403
f 1340/1810/1287 1339/1734/1327 1341/1811/1375
f 1339/1734/1327 1372/1862/1403 1341/1811/1375
f 1372/1862/1403 1373/1863/1404 1341/1811/1375
f 1171/1735/1202 1374/1864/1261 1290/1736/1328
f 1290/1739/1328 1374/1640/1261 1293/1740/1331
f 1293/1740/1331 1295/1743/1333 1292/1738/1330
f 1232/1638/1259 1546/1865/1405 1077/1641/1118
f 1254/1682/1288 1344/1815/1378 1343/1814/1377
f 1175/1866/1207 1077/1867/1118 1375/1868/1406
f 1343/1814/1377 1344/1815/1378 1376/1869/1407
f 1344/1815/1378 1510/1870/1408 1376/1869/1407
f 1147/1509/1180 1377/1871/1409 1346/1818/1380
f 1086/1407/1126 1378/1872/1410 1085/1406/899
f 1151/1821/1184 1379/1873/1411 943/1874/972
f 907/1107/936 1380/1875/1412 1264/1697/1296
f 1154/1522/1186 972/1296/1000 1381/1876/1413
f 1382/1877/1128 1383/1878/1414 905/1879/934
f 1348/1822/1381 1052/1343/1089 1122/1465/1158
f 821/973/842 1265/1698/1297 1382/1409/1128
f 1123/1466/1091 1384/1880/1415 1155/1523/1187
f 1385/1881/1416 1054/1348/1092 949/1205/976
f 1157/1882/1188 1386/1883/1417 1182/1884/1160
f 1182/1569/1160 1386/1885/1417 1641/1831/1385
f 951/1172/978 1313/1769/1350 1032/1306/1065
f 1213/1612/1243 1355/1837/1388 1058/1352/1096
f 1387/1886/1418 1184/1571/1215 1315/1771/1351
f 1127/1480/1163 1185/1572/1216 1354/1836/1387
f 1314/1654/1271 1355/1887/1388 1316/1772/1352
f 1314/1654/1271 1316/1772/1352 1216/1615/1246
f 1241/1888/1270 1356/1838/1389 1001/1655/1033
f 1388/1889/1419 1217/1616/1247 1098/1425/1138
f 1186/1574/1218 1389/1890/1420 1185/1572/1216
f 1390/1891/1421 1220/1619/1250 1219/1618/1249
f 1188/1576/1220 1462/1892/1422 1189/1578/1221
f 1040/1320/1075 1280/1719/1314 1222/1621/1252
f 1279/1717/1223 1391/1893/1423 1327/1790/1168
f 1360/1843/1392 1392/1894/1424 1324/1783/1361
f 1324/1783/1361 1392/1894/1424 1393/1895/1425
f 1394/1896/1426 1244/1660/1274 1362/1845/1394
f 1324/1783/1361 1393/1895/1425 1322/1781/1359
f 1324/1783/1361 1363/1846/1395 1359/1842/1391
f 1198/1589/1230 1395/1897/1427 1321/1779/1357
f 1394/1896/1426 1333/1799/1371 1244/1660/1274
f 1396/1898/1428 1364/1848/1396 1166/1540/1199
f 1166/1540/1199 1195/1586/1228 1396/1898/1428
f 1323/1782/1360 1397/1899/1429 1363/1846/1395
f 1491/1900/1363 1498/1901/1430 1194/1585/1227
f 1323/1782/1360 1398/1902/1431 1397/1899/1429
f 1281/1723/1317 1225/1628/1255 1328/1791/1364
f 1246/1663/1277 1501/1903/1432 1470/1664/1146
f 1329/1792/1365 1366/1851/1398 1330/1793/1366
f 1370/1594/1233 1440/1904/1433 1367/1852/1399
f 1367/1852/1399 1285/1728/1322 1286/1730/1324
f 1439/1905/1434 1230/1636/1148 1629/1859/1401
f 1289/1733/1326 1336/1805/1373 1399/1906/1435
f 1400/1907/1282 1338/1807/1374 1337/1806/1283
f 1291/1804/1329 1371/1860/1402 1336/1805/1373
f 1341/1811/1375 1373/1863/1404 1401/1908/1436
f 1401/1908/1436 1252/1550/1203 1341/1811/1375
f 1297/1745/1335 1860/1909/1437 1295/1743/1333
f 1252/1550/1203 1401/1908/1436 1402/1910/1289
f 1402/1910/1289 1401/1908/1436 1403/1911/1337
f 1174/1555/1206 1257/1687/1290 1172/1551/1204
f 1175/1866/1207 1375/1868/1406 1404/1912/1438
f 1510/1870/1408 1344/1815/1378 1346/1818/1380
f 1299/1748/1123 1345/1817/1379 1405/1913/1291
f 1259/1690/1293 1258/1689/1292 1406/1914/1439
f 1405/1688/1291 1301/1915/1339 1049/1337/1085
f 1259/1690/1293 1406/1914/1439 1347/1820/1262
f 1301/1752/1339 1150/1514/1183 1050/1516/1086
f 1407/1916/1209 1302/1917/1340 1408/1918/1440
f 1302/1917/1340 1085/1406/899 1378/1872/1410
f 1051/1695/1088 1263/1696/1295 1552/1757/1342
f 1263/1696/1295 904/1464/933 1121/1463/1157
f 1121/1463/1157 1154/1522/1186 1409/1919/1441
f 1122/1465/1158 1410/1920/1442 1348/1822/1381
f 1348/1822/1381 1411/1921/1443 1053/1344/1090
f 1384/1922/1415 1558/1824/1382 1155/1823/1187
f 944/1162/973 1900/1923/1444 1025/1297/1059
f 1412/1924/1445 1266/1699/1298 1209/1606/1240
f 910/1112/938 1236/1647/1264 1638/1701/1300
f 1267/1700/1299 1268/1702/1301 974/1203/1002
f 1027/1925/1061 1385/1881/1416 949/1205/976
f 1211/1610/1159 1181/1926/1133 1307/1760/1344
f 1413/1927/1446 1386/1928/1417 1157/1526/1188
f 1641/1831/1385 1270/1705/1304 1158/1527/1189
f 1414/1929/1447 1239/1650/1267 1125/1472/1161
f 1415/1930/1448 1271/1931/1305 1352/1932/1162
f 1352/1832/1162 1212/1529/1190 1415/1933/1448
f 1416/1934/1449 1056/1350/1094 1312/1768/1349
f 1096/1422/1136 1240/1652/1269 1609/1935/1450
f 1353/1936/1386 1417/1651/1268 884/1067/908
f 1417/1937/1268 1418/1938/1451 1241/1888/1270
f 1272/1709/1307 1184/1571/1215 1387/1886/1418
f 1185/1572/1216 1389/1890/1420 1354/1836/1387
f 1388/1889/1419 1098/1425/1138 1316/1772/1352
f 1419/1939/1452 1186/1840/1218 1317/1774/1353
f 1317/1774/1353 1129/1482/1164 1276/1714/1311
f 1420/1940/1453 1188/1576/1220 1220/1619/1250
f 1221/1620/1251 1319/1776/1355 1162/1535/1194
f 1420/1940/1453 1462/1892/1422 1188/1576/1220
f 1319/1776/1355 1421/1941/1454 1103/1432/1141
f 1103/1432/1141 1421/1941/1454 1190/1579/1222
f 1391/1893/1423 1279/1717/1223 1278/1716/1313
f 1392/1894/1424 1360/1843/1392 1422/1942/1455
f 1362/1845/1394 1245/1661/1275 1423/1943/1456
f 1360/1843/1392 1359/1842/1391 1422/1942/1455
f 1424/1944/1457 1393/1895/1425 1392/1894/1424
f 1280/1719/1314 1243/1657/1273 1425/1945/1458
f 1243/1658/1273 1528/1622/1253 1426/1946/1459
f 1427/1947/1460 1394/1896/1426 1362/1845/1394
f 1358/1841/1390 1281/1723/1317 1424/1944/1457
f 1424/1944/1457 1281/1723/1317 1393/1895/1425
f 1770/1948/1461 1224/1784/1225 1223/1949/1254
f 1620/1950/1358 1193/1584/1196 1656/1721/1315
f 1396/1898/1428 1195/1586/1228 1654/1951/1462
f 1393/1895/1425 1281/1723/1317 1322/1781/1359
f 1428/1952/1463 1364/1848/1396 1396/1898/1428
f 1429/1953/1464 1430/1954/1465 1496/1955/1466
f 1498/1901/1430 1497/1662/1276 1194/1585/1227
f 1281/1723/1317 1328/1791/1364 1322/1781/1359
f 1322/1781/1359 1398/1902/1431 1323/1782/1360
f 1431/1956/1467 1246/1663/1277 1497/1662/1276
f 1322/1781/1359 1328/1791/1364 1398/1902/1431
f 1328/1791/1364 1330/1793/1366 1398/1902/1431
f 1432/1957/1468 1433/1958/1469 1434/1959/1470
f 1246/1960/1277 1435/1961/1471 1501/1962/1432
f 1435/1963/1471 1246/1964/1277 1469/1965/1472
f 1398/1902/1431 1436/1966/1473 1397/1899/1429
f 1435/1967/1471 1469/1968/1472 1585/1969/1474
f 1437/1970/1475 1198/1589/1230 1064/1498/1103
f 1365/1850/1397 1285/1728/1322 1367/1852/1399
f 1433/1958/1469 1432/1957/1468 1438/1971/1476
f 1064/1498/1103 1230/1447/1148 1439/1972/1434
f 1370/1858/1233 1369/1857/1400 1440/1973/1433
f 1433/1958/1469 1438/1971/1476 1441/1974/1477
f 1543/1798/1370 1442/1975/1478 1366/1851/1398
f 1333/1799/1371 1596/1976/1479 1598/1803/1372
f 1443/1977/1480 1336/1805/1373 1438/1971/1476
f 1438/1971/1476 1371/1860/1402 1441/1974/1477
f 1438/1971/1476 1336/1805/1373 1371/1860/1402
f 1289/1733/1326 1233/1639/1260 1336/1805/1373
f 1141/1501/1175 1251/1678/1286 1595/1674/1284
f 1292/1738/1330 1444/1978/1481 1371/1860/1402
f 1292/1738/1330 1295/1743/1333 1444/1978/1481
f 1372/1861/1403 1338/1807/1374 1445/1979/1482
f 1445/1979/1482 1373/1980/1404 1372/1861/1403
f 1598/1803/1372 1446/1981/1483 1232/1638/1259
f 1294/1742/1332 1172/1551/1204 1507/1982/1484
f 1297/1745/1335 1343/1814/1377 1447/1983/1485
f 1404/1912/1438 1258/1984/1292 1175/1866/1207
f 1510/1870/1408 1346/1818/1380 1599/1985/1486
f 1346/1818/1380 1377/1871/1409 1599/1985/1486
f 1147/1509/1180 1407/1559/1209 1377/1871/1409
f 1347/1820/1262 1406/1914/1439 1300/1750/1338
f 1150/1514/1183 1448/1986/1487 1151/1821/1184
f 1176/1560/1210 1449/1987/1488 1087/1408/1127
f 943/1756/972 1379/1988/1411 1304/1755/1341
f 1450/1989/1058 905/1879/934 1451/1990/1489
f 907/1107/936 1087/1408/1127 1380/1875/1412
f 1304/1755/1341 1381/1876/1413 972/1296/1000
f 1305/1758/1185 1552/1757/1342 1603/1564/1212
f 1263/1991/1295 1121/1992/1157 1452/1993/1490
f 996/1245/1027 1603/1564/1212 1453/1994/1491
f 1306/1759/1343 1410/1920/1442 1122/1465/1158
f 1088/1248/1029 1454/1995/1492 1306/1759/1343
f 1053/1344/1090 1455/1996/1493 973/1202/1001
f 1209/1606/1240 1349/1826/878 1456/1997/1494
f 948/1166/975 1269/1704/1303 1717/1998/1495
f 1210/1607/1241 1751/1999/1496 1457/1608/1242
f 1178/1829/1213 1457/2000/1242 1413/1927/1446
f 1178/1829/1213 1413/1927/1446 1157/1526/1188
f 1385/1881/1416 1125/1472/1161 1054/1348/1092
f 1096/1422/1136 1609/1935/1450 1311/1767/1348
f 1214/1613/1244 1272/1709/1307 1240/1835/1269
f 1213/2001/1243 1458/2002/1497 1355/1887/1388
f 1241/1888/1270 1418/1938/1451 1356/1838/1389
f 1389/1890/1420 1186/1574/1218 1459/2003/1498
f 1357/1839/1217 1274/1712/1309 1460/2004/1499
f 1275/1713/1310 1318/1775/1354 1686/2005/1500
f 1163/1777/1195 1461/2006/1501 1318/2007/1354
f 1189/1718/1221 1462/2008/1422 1278/1716/1313
f 1163/1777/1195 1320/1778/1356 1461/2006/1501
f 1423/1943/1456 1427/1947/1460 1362/1845/1394
f 1245/1661/1275 1361/1844/1393 1423/1943/1456
f 1191/1659/1224 1321/1779/1357 1320/1778/1356
f 1282/1724/1318 1428/1952/1463 1361/1844/1393
f 1770/1948/1461 1463/1785/1362 1224/1784/1225
f 1463/2009/1362 1534/2010/1502 1491/1900/1363
f 1430/1954/1465 1429/1953/1464 1535/2011/1503
f 1282/1724/1318 1364/1848/1396 1428/1952/1463
f 1198/1589/1230 1464/2012/1504 1395/1897/1427
f 1363/1846/1395 1397/1899/1429 1734/2013/1505
f 1394/1896/1426 1465/2014/1506 1333/1799/1371
f 1466/2015/1507 1325/1788/1172 1327/1790/1168
f 1467/2016/1508 1432/1957/1468 1434/1959/1470
f 1466/2017/1507 1247/1665/1278 1325/1493/1172
f 1464/2012/1504 1198/1589/1230 1437/1970/1475
f 1468/2018/1509 1365/1850/1397 1496/1955/1466
f 1469/2019/1472 1246/2020/1277 1431/2021/1467
f 1284/2022/1320 1470/2023/1146 1501/2024/1432
f 1330/1793/1366 1471/2025/1510 1398/1902/1431
f 1397/1899/1429 1436/1966/1473 1664/2026/1511
f 1398/1902/1431 1471/2025/1510 1436/1966/1473
f 1330/1793/1366 1366/1851/1398 1471/2025/1510
f 1432/1957/1468 1443/1977/1480 1438/1971/1476
f 1437/1970/1475 1064/1498/1103 1439/1972/1434
f 1587/2027/1512 1400/1907/1282 1472/2028/1368
f 1441/1974/1477 1473/2029/1513 1433/1958/1469
f 1474/2030/1514 1369/2031/1400 1228/2032/1256
f 1475/2033/1515 1400/1907/1282 1587/2027/1512
f 1629/1859/1401 1289/1733/1326 1399/1906/1435
f 1399/1906/1435 1336/1805/1373 1443/1977/1480
f 1371/1860/1402 1444/1978/1481 1441/1974/1477
f 1476/2034/1516 1251/1678/1286 1342/1812/1376
f 1232/1638/1259 1446/1981/1483 1546/1865/1405
f 1860/1909/1437 1297/1745/1335 1447/1983/1485
f 1343/2035/1377 1376/2036/1407 1547/2037/1517
f 1257/1819/1290 1261/1693/1294 1477/2038/1518
f 1478/2039/1519 1405/1913/1291 1345/1817/1379
f 1451/1990/1489 905/1879/934 1383/1878/1414
f 1452/1993/1490 1479/2040/1520 1263/1991/1295
f 1409/1919/1441 1154/1522/1186 1381/1876/1413
f 1411/1921/1443 1455/1996/1493 1053/1344/1090
f 1824/2041/1521 911/1114/939 1156/1299/1060
f 2007/2042/1302 1480/2043/1522 1027/1925/1061
f 1385/1881/1416 1027/1925/1061 1480/2043/1522
f 1307/1760/1344 1640/2044/1523 1269/2045/1303
f 1181/1926/1133 1640/2044/1523 1307/1760/1344
f 1563/2046/1524 1308/1761/1345 1271/1706/1305
f 1682/2047/1525 1313/1769/1350 1057/1351/1095
f 1682/2047/1525 1057/1351/1095 1520/1708/1306
f 1356/1838/1389 1273/1710/1308 1218/1617/1248
f 1481/2048/1526 1187/1575/1219 1217/1616/1247
f 1482/2049/1527 1221/1620/1251 1187/1773/1219
f 1483/2050/1528 1319/1776/1355 1221/1620/1251
f 1276/1714/1311 1277/1715/1312 1484/2051/1529
f 1319/1776/1355 1485/2052/1530 1421/1941/1454
f 1277/1715/1312 1102/1430/1140 1222/1621/1252
f 1422/1942/1455 1359/1842/1391 1486/2053/1531
f 1487/2054/1532 1427/1947/1460 1423/1943/1456
f 1359/1842/1391 1363/1846/1395 1486/2053/1531
f 1424/1944/1457 1488/2055/1533 1358/1841/1390
f 1489/2056/1534 1327/1790/1168 1391/1893/1423
f 1490/2057/1535 1361/1844/1393 1428/1952/1463
f 1770/1948/1461 1699/2058/1536 1463/1785/1362
f 1529/2059/1537 1528/1847/1253 1620/1780/1358
f 1489/2056/1534 1775/2060/1538 1327/1790/1168
f 1534/2010/1502 1492/2061/1539 1491/1900/1363
f 1491/2062/1363 1492/2063/1539 1498/2064/1430
f 1493/2065/1540 1434/1959/1470 1494/2066/1541
f 1434/1959/1470 1493/2065/1540 1467/2016/1508
f 1495/2067/1542 1429/2068/1464 1496/2069/1466
f 1430/1954/1465 1468/2018/1509 1496/1955/1466
f 1492/2070/1539 1497/2071/1276 1498/2072/1430
f 1499/2073/1543 1432/1957/1468 1467/2016/1508
f 1331/1795/1367 1247/1665/1278 1466/2017/1507
f 1365/1850/1397 1367/1852/1399 1500/2074/1544
f 1469/2075/1472 1431/2076/1467 1701/2077/1545
f 1701/2077/1545 1541/2078/1546 1469/2075/1472
f 1469/1968/1472 1541/2079/1546 1585/1969/1474
f 1284/2080/1320 1501/2081/1432 1431/2082/1467
f 1435/1961/1471 1585/2083/1474 1501/1962/1432
f 1501/1962/1432 1585/2083/1474 1505/2084/1547
f 1465/2014/1506 1502/2085/1548 1333/1799/1371
f 1503/2086/1549 1397/1899/1429 1664/2026/1511
f 1434/1959/1470 1433/1958/1469 1504/2087/1550
f 1433/1958/1469 1473/2029/1513 1504/2087/1550
f 1505/2088/1547 1440/1973/1433 1369/1857/1400
f 1333/1799/1371 1502/2085/1548 1596/1976/1479
f 1473/2029/1513 1441/1974/1477 1506/2089/1551
f 1334/1545/1200 1595/1674/1284 1544/2090/1552
f 1441/1974/1477 1444/1978/1481 1506/2089/1551
f 1342/1812/1376 1294/1813/1332 1507/2091/1484
f 1401/2092/1436 1508/2093/1553 1403/1747/1337
f 1507/1982/1484 1172/1551/1204 1509/2094/1554
f 1257/1687/1290 1509/2094/1554 1172/1551/1204
f 1376/2036/1407 1510/2095/1408 1547/2037/1517
f 1510/2095/1408 1599/2096/1486 1547/2037/1517
f 1408/1918/1440 1302/1917/1340 1511/2097/1555
f 1449/1987/1488 1512/2098/1556 1087/1408/1127
f 1086/1407/1126 1177/1562/1211 1378/1872/1410
f 1177/1562/1211 996/1245/1027 1951/2099/1557
f 1513/2100/1558 1382/1409/1128 1265/1698/1297
f 1306/1759/1343 1514/2101/1559 1410/1920/1442
f 1348/1822/1381 1410/1920/1442 1515/2102/1560
f 1454/1995/1492 1514/2101/1559 1306/1759/1343
f 944/2103/973 823/1298/843 1638/1701/1300
f 1025/1413/1059 1900/2104/1444 1267/1700/1299
f 1268/1702/1301 1350/1827/1383 1090/1415/1130
f 1456/1997/1494 1349/1826/878 1516/2105/1561
f 1715/2106/1562 1092/1417/1132 999/1249/1030
f 999/1249/1030 1238/1649/1266 1715/2106/1562
f 1351/1830/1384 1000/1251/1032 1309/1762/1346
f 1517/2107/1563 918/1125/946 1095/1421/1135
f 1056/1350/1094 1416/1934/1449 1353/1833/1386
f 1310/1766/1347 1032/1306/1065 1313/1769/1350
f 1354/1836/1387 1389/1890/1420 1518/2108/1564
f 1459/2109/1498 1186/1840/1218 1419/1939/1452
f 1519/2110/1565 1219/1618/1249 1273/1710/1308
f 1460/2004/1499 1520/2111/1306 1357/1839/1217
f 1460/2004/1499 1274/1712/1309 1521/2112/1566
f 1522/2113/1567 1390/1891/1421 1219/1618/1249
f 1274/1712/1309 1160/1533/1192 1521/2112/1566
f 1521/2112/1566 1160/1533/1192 1242/1656/1272
f 1523/2114/1568 1242/1656/1272 1275/1713/1310
f 1483/2050/1528 1221/1620/1251 1482/2049/1527
f 1462/2008/1422 1524/2115/1569 1278/1716/1313
f 1525/2116/1570 1422/1942/1455 1486/2053/1531
f 1526/2117/1571 1392/1894/1424 1422/1942/1455
f 1392/1894/1424 1488/2055/1533 1424/1944/1457
f 1486/2053/1531 1363/1846/1395 1527/2118/1572
f 1190/1579/1222 1836/2119/1573 1223/1720/1254
f 1426/2120/1459 1528/2121/1253 1529/2122/1537
f 1427/1947/1460 1530/2123/1574 1394/1896/1426
f 1699/2124/1536 1772/2125/1575 1463/2126/1362
f 1620/1780/1358 1772/2127/1576 1529/2059/1537
f 1531/2128/1577 1532/2129/1578 1533/2130/1579
f 1463/2126/1362 1772/2125/1575 1534/2131/1502
f 1429/2068/1464 1624/2132/1580 1535/2133/1503
f 1434/1959/1470 1536/2134/1581 1494/2066/1541
f 1395/1897/1427 1464/2012/1504 1537/2135/1582
f 1495/2067/1542 1624/2132/1580 1429/2068/1464
f 1496/2069/1466 1365/2136/1397 1495/2067/1542
f 1365/1850/1397 1500/2074/1544 1495/2137/1542
f 1538/2138/1583 1541/2139/1546 1701/2140/1545
f 1434/1959/1470 1504/2087/1550 1536/2134/1581
f 1734/2013/1505 1397/1899/1429 1503/2086/1549
f 1431/2141/1467 1539/2142/1584 1701/2143/1545
f 1365/1850/1397 1468/2018/1509 1540/2144/1585
f 1365/1850/1397 1540/2144/1585 1472/1796/1368
f 1541/2145/1546 1500/2074/1544 1440/1904/1433
f 1367/1852/1399 1440/1904/1433 1500/2074/1544
f 1540/2144/1585 1587/2146/1512 1472/1796/1368
f 1540/2144/1585 1542/2147/1586 1588/2148/1587
f 1540/2144/1585 1588/2148/1587 1587/2146/1512
f 1437/2149/1475 1439/1905/1434 1629/1859/1401
f 1543/2150/1370 1332/2151/1369 1442/2152/1478
f 1332/1797/1369 1544/2153/1552 1442/1975/1478
f 1334/1545/1200 1544/2090/1552 1332/2154/1369
f 1366/1851/1398 1442/1975/1478 1471/2025/1510
f 1475/2033/1515 1338/1807/1374 1400/1907/1282
f 1251/1678/1286 1476/2034/1516 1595/1674/1284
f 1444/1978/1481 1545/2155/1588 1506/2089/1551
f 1295/1743/1333 1545/2155/1588 1444/1978/1481
f 1546/2156/1405 1375/2157/1406 1077/1506/1118
f 1447/1983/1485 1343/1814/1377 1547/2158/1517
f 1257/1819/1290 1477/2038/1518 1509/2159/1554
f 1260/1692/1181 1548/2160/1589 1261/1693/1294
f 1405/1913/1291 1478/2039/1519 1301/1752/1339
f 1407/1916/1209 1408/1918/1440 1377/2161/1409
f 1206/1602/1237 1549/2162/1590 1260/1510/1181
f 1207/2163/1238 1549/2164/1590 1206/2165/1237
f 1151/1821/1184 1448/1986/1487 1379/1873/1411
f 1302/1917/1340 1378/1872/1410 1550/2166/1591
f 1450/1989/1058 1551/2167/1592 1207/2163/1238
f 1552/2168/1342 1263/1991/1295 1553/2169/1593
f 1453/1994/1491 1951/2099/1557 996/1245/1027
f 1552/2168/1342 1553/2169/1593 1554/2170/1594
f 1121/1463/1157 1409/1919/1441 1555/2171/1595
f 1514/2101/1559 1515/2102/1560 1410/1920/1442
f 973/1202/1001 1455/1996/1493 1265/1698/1297
f 1900/2172/1444 944/2173/973 1556/2174/1596
f 1236/1647/1264 1557/2175/1597 1638/1701/1300
f 1156/1299/1060 1558/2176/1382 1824/2041/1521
f 1456/1997/1494 1412/1924/1445 1209/1606/1240
f 1236/1647/1264 1089/1414/1129 1559/2177/1598
f 1089/1414/1129 948/1166/975 1560/2178/1599
f 1091/2179/1131 1092/2180/1132 1716/2181/1600
f 1790/2182/1601 1386/1928/1417 1413/1927/1446
f 1125/1472/1161 1385/1881/1416 1414/1929/1447
f 1308/1761/1345 1563/2046/1524 1561/2183/1602
f 1351/1830/1384 1309/1762/1346 1562/2184/1603
f 1271/1931/1305 1415/1930/1448 1563/2185/1524
f 1213/2001/1243 1517/2186/1563 1458/2002/1497
f 1458/2002/1497 1316/1772/1352 1355/1887/1388
f 1388/1889/1419 1564/2187/1604 1217/1616/1247
f 1219/1618/1249 1519/2110/1565 1522/2113/1567
f 1565/2188/1605 1482/2049/1527 1187/1773/1219
f 1566/2189/1606 1420/1940/1453 1220/1619/1250
f 1420/2190/1453 1567/2191/1607 1462/2008/1422
f 1761/2192/1608 1423/1943/1456 1568/2193/1609
f 1423/1943/1456 1761/2192/1608 1487/2054/1532
f 1320/1778/1356 1569/2194/1610 1461/2006/1501
f 1280/1719/1314 1570/2195/1611 1222/1621/1252
f 1526/2117/1571 1422/1942/1455 1525/2116/1570
f 1524/2115/1569 1391/1893/1423 1278/1716/1313
f 1568/2193/1609 1423/1943/1456 1571/2196/1612
f 1488/2055/1533 1392/1894/1424 1526/2117/1571
f 1487/2054/1532 1692/2197/1613 1427/1947/1460
f 1423/1943/1456 1490/2057/1535 1571/2196/1612
f 1692/2197/1613 1572/2198/1614 1427/1947/1460
f 1423/1943/1456 1361/1844/1393 1490/2057/1535
f 1320/1778/1356 1321/1779/1357 1569/2194/1610
f 1363/1846/1395 1796/2199/1615 1527/2118/1572
f 1530/2123/1574 1427/1947/1460 1572/2198/1614
f 1243/2200/1273 1426/2201/1459 1425/2202/1458
f 1488/2055/1533 1573/2203/1616 1358/1841/1390
f 1574/2204/1617 1531/2128/1577 1575/2205/1618
f 1531/2128/1577 1533/2130/1579 1575/2205/1618
f 1770/1948/1461 1768/2206/1619 1699/2058/1536
f 1576/2207/1620 1532/2129/1578 1531/2128/1577
f 1839/2208/1621 1467/2016/1508 1493/2065/1540
f 1843/2209/1622 1428/1952/1463 1396/1898/1428
f 1654/1951/1462 1843/2209/1622 1396/1898/1428
f 1577/2210/1623 1494/2066/1541 1578/2211/1624
f 1363/1846/1395 1734/2013/1505 1796/2199/1615
f 1530/2123/1574 1465/2014/1506 1394/1896/1426
f 1467/2016/1508 1839/2208/1621 1499/2073/1543
f 1775/2060/1538 1625/2212/1625 1327/1790/1168
f 1327/1790/1168 1625/2212/1625 1466/2015/1507
f 1195/1849/1228 1331/1794/1367 1625/2213/1625
f 1430/1954/1465 1579/2214/1626 1468/2018/1509
f 1495/2137/1542 1500/2074/1544 1580/2215/1627
f 1437/1970/1475 1581/2216/1628 1464/2012/1504
f 1582/2217/1629 1502/2085/1548 1465/2014/1506
f 1540/2144/1585 1468/2018/1509 1583/2218/1630
f 1432/1957/1468 1499/2073/1543 1443/1977/1480
f 1501/2219/1432 1584/2220/1631 1431/2141/1467
f 1440/1904/1433 1585/2221/1474 1541/2145/1546
f 1499/2073/1543 1586/2222/1632 1443/1977/1480
f 1440/2223/1433 1505/2084/1547 1585/2083/1474
f 1504/2087/1550 1473/2029/1513 1704/2224/1633
f 1587/2225/1512 1588/2226/1587 1807/2227/1634
f 1542/2147/1586 1703/2228/1635 1588/2148/1587
f 1851/1727/1321 1589/2229/1636 1228/1669/1256
f 1506/2089/1551 1590/2230/1637 1473/2029/1513
f 1436/1966/1473 1591/2231/1638 1664/2026/1511
f 1544/2153/1552 1592/2232/1639 1442/1975/1478
f 1544/2153/1552 1593/2233/1640 1592/2232/1639
f 1471/2025/1510 1594/2234/1641 1436/1966/1473
f 1595/2235/1284 1593/2233/1640 1544/2153/1552
f 1436/1966/1473 1594/2234/1641 1591/2231/1638
f 1471/2025/1510 1442/1975/1478 1594/2234/1641
f 1442/1975/1478 1592/2232/1639 1594/2234/1641
f 1596/2236/1479 1597/2237/1642 1598/2238/1372
f 1598/2238/1372 1597/2237/1642 1446/2239/1483
f 1295/1743/1333 1860/1909/1437 1545/2155/1588
f 1373/1863/1404 1508/2240/1553 1401/1908/1436
f 1447/1983/1485 1547/2158/1517 1895/2241/1643
f 1547/2242/1517 1599/2243/1486 1600/2244/1644
f 1377/2161/1409 1408/1918/1440 1599/2243/1486
f 1478/2039/1519 1601/2245/1645 1301/1752/1339
f 1380/1875/1412 1602/2246/1646 1264/1697/1296
f 1453/1994/1491 1603/1564/1212 1868/2247/1647
f 1552/2168/1342 1554/2170/1594 1603/2248/1212
f 908/1108/818 1264/1697/1296 1208/1604/1239
f 1088/1248/1029 1674/2249/1648 1454/1995/1492
f 1514/2101/1559 1604/2250/1649 1515/2102/1560
f 1515/2102/1560 1605/2251/1650 1348/1822/1381
f 1348/1822/1381 1605/2251/1650 1411/1921/1443
f 1411/1921/1443 1605/2251/1650 1748/2252/1651
f 1384/1922/1415 1922/2253/1652 1558/1824/1382
f 1268/1702/1301 1606/2254/1653 1350/1827/1383
f 1349/1826/878 1091/2179/1131 1516/2105/1561
f 1717/1998/1495 1560/2178/1599 948/1166/975
f 1350/1827/1383 1751/1999/1496 1210/1607/1241
f 1607/2255/1654 1386/1928/1417 1790/2182/1601
f 1715/2106/1562 1238/1649/1266 1561/2183/1602
f 1238/1649/1266 1308/1761/1345 1561/2183/1602
f 1183/1570/1214 1608/2256/1655 1312/1768/1349
f 918/1125/946 1517/2107/1563 1213/1612/1243
f 1609/2257/1450 1240/1835/1269 1610/2258/1656
f 1240/1835/1269 1272/1709/1307 1611/2259/1657
f 1611/2259/1657 1272/1709/1307 1387/1886/1418
f 1387/1886/1418 1315/1771/1351 1354/1836/1387
f 1458/2002/1497 1612/2260/1658 1316/1772/1352
f 1316/1772/1352 1612/2260/1658 1388/1889/1419
f 1613/2261/1659 1356/1838/1389 1418/1938/1451
f 1564/2187/1604 1481/2048/1526 1217/1616/1247
f 1519/2110/1565 1273/1710/1308 1356/1838/1389
f 1481/2262/1526 1565/2188/1605 1187/1773/1219
f 1521/2112/1566 1242/1656/1272 1523/2114/1568
f 1220/1619/1250 1390/1891/1421 1566/2189/1606
f 1525/2116/1570 1486/2053/1531 1614/2263/1660
f 1689/2264/1661 1487/2054/1532 1761/2192/1608
f 1692/2197/1613 1487/2054/1532 1689/2264/1661
f 1280/1719/1314 1425/1945/1458 1570/2195/1611
f 1488/2055/1533 1615/2265/1662 1573/2203/1616
f 1577/2210/1623 1616/2266/1663 1493/2065/1540
f 1531/2128/1577 1574/2204/1617 1576/2207/1620
f 1493/2065/1540 1494/2066/1541 1577/2210/1623
f 1616/2266/1663 1839/2208/1621 1493/2065/1540
f 1573/2203/1616 1618/1722/1316 1358/1841/1390
f 1575/2205/1618 1533/2130/1579 1617/2267/1664
f 1621/2268/1665 1430/1954/1465 1535/2011/1503
f 1656/2269/1315 1618/2270/1316 1799/2271/1666
f 1772/2272/1575 1619/2273/1667 1534/2010/1502
f 1656/2274/1315 1655/2275/1668 1620/2276/1358
f 1624/2132/1580 1621/2277/1665 1535/2133/1503
f 1578/2211/1624 1494/2066/1541 1622/2278/1669
f 1625/2213/1625 1623/2279/1670 1195/1849/1228
f 1494/2066/1541 1536/2134/1581 1622/2278/1669
f 1580/2215/1627 1970/2280/1671 1495/2137/1542
f 1495/2137/1542 1970/2280/1671 1624/2281/1580
f 1331/1795/1367 1466/2017/1507 1625/2282/1625
f 1659/2283/1672 1661/2284/1673 1532/2129/1578
f 1617/2267/1664 1533/2130/1579 1626/2285/1674
f 1533/2130/1579 1532/2129/1578 1626/2285/1674
f 1532/2129/1578 1661/2284/1673 1627/2286/1675
f 1532/2129/1578 1627/2286/1675 1626/2285/1674
f 1431/2082/1467 1628/2287/1676 1284/2080/1320
f 1431/2141/1467 1584/2220/1631 1539/2142/1584
f 1541/2145/1546 1538/2288/1583 1500/2074/1544
f 1536/2134/1581 1504/2087/1550 1704/2224/1633
f 1505/2084/1547 1584/2289/1631 1501/1962/1432
f 1505/2084/1547 1738/2290/1677 1584/2289/1631
f 1540/2144/1585 1583/2218/1630 1542/2147/1586
f 1629/2291/1401 1630/2292/1678 1437/1970/1475
f 1443/1977/1480 1631/2293/1679 1399/1906/1435
f 1399/1906/1435 1631/2293/1679 1629/1859/1401
f 1632/2294/1680 1596/1976/1479 1502/2085/1548
f 1473/2029/1513 1590/2230/1637 1704/2224/1633
f 1594/2234/1641 1633/2295/1681 1591/2231/1638
f 1594/2234/1641 1634/2296/1682 1633/2295/1681
f 1506/2089/1551 1545/2155/1588 1667/2297/1683
f 1506/2089/1551 1667/2297/1683 1590/2230/1637
f 1403/1747/1337 1508/2093/1553 1345/1817/1379
f 1508/2093/1553 1635/2298/1684 1345/1817/1379
f 1301/1752/1339 1601/2245/1645 1150/1514/1183
f 1150/1514/1183 1601/2245/1645 1448/1986/1487
f 1450/1989/1058 1451/1990/1489 1551/2167/1592
f 1452/1993/1490 1121/1992/1157 1555/2299/1595
f 1265/1698/1297 1455/1996/1493 1636/2300/1685
f 1514/2101/1559 1454/1995/1492 1604/2250/1649
f 1515/2102/1560 1713/2301/1686 1605/2251/1650
f 1605/2251/1650 1713/2301/1686 1748/2252/1651
f 1123/1466/1091 1637/2302/1687 1384/1880/1415
f 1123/1347/1091 1266/1699/1298 1637/2303/1687
f 1638/2304/1300 1556/2305/1596 944/2306/973
f 1639/2307/1688 1268/1702/1301 1267/1700/1299
f 911/1114/939 1824/2041/1521 1237/1648/1265
f 1413/1927/1446 1457/2000/1242 1790/2182/1601
f 1181/1418/1133 1351/1830/1384 1640/2308/1523
f 1480/2043/1522 1414/1929/1447 1385/1881/1416
f 1607/2255/1654 1641/2309/1385 1386/1928/1417
f 1212/1529/1190 1642/2310/1689 1415/1933/1448
f 1183/1570/1214 1239/1707/1267 1608/2256/1655
f 1643/2311/1690 1212/1611/1190 1310/1766/1347
f 1313/1769/1350 1644/2312/1691 1310/1766/1347
f 1610/2258/1656 1240/1835/1269 1611/2259/1657
f 1387/1886/1418 1645/2313/1692 1611/2259/1657
f 1645/2313/1692 1387/1886/1418 1354/1836/1387
f 1520/2111/1306 1460/2004/1499 1646/2314/1693
f 1317/1774/1353 1276/1714/1311 1484/2051/1529
f 1567/2191/1607 1524/2115/1569 1462/2008/1422
f 1614/2263/1660 1486/2053/1531 1647/2315/1694
f 1725/2316/1695 1647/2315/1694 1486/2053/1531
f 1648/2317/1696 1190/1579/1222 1421/1941/1454
f 1486/2053/1531 1527/2118/1572 1725/2316/1695
f 1190/1579/1222 1648/2317/1696 1836/2119/1573
f 1649/2318/1697 1570/2195/1611 1425/1945/1458
f 1574/2204/1617 1650/2319/1698 1576/2207/1620
f 1651/2320/1699 1490/2057/1535 1933/2321/1700
f 1490/2057/1535 1428/1952/1463 1933/2321/1700
f 1618/1722/1316 1573/2203/1616 1652/2322/1701
f 1575/2205/1618 1617/2267/1664 1621/2268/1665
f 1773/2323/1702 1618/2324/1316 1652/2325/1701
f 1430/1954/1465 1621/2268/1665 1617/2267/1664
f 1653/2326/1703 1532/2129/1578 1576/2207/1620
f 1772/2327/1576 1699/2328/1536 1529/2329/1537
f 1654/2330/1462 1195/1849/1228 1623/2279/1670
f 1799/2331/1666 1655/2332/1668 1656/2333/1315
f 1617/2267/1664 1579/2214/1626 1430/1954/1465
f 1657/2334/1704 1499/2073/1543 1839/2208/1621
f 1622/2278/1669 1536/2134/1581 1658/2335/1705
f 1617/2267/1664 1626/2285/1674 1579/2214/1626
f 1659/2336/1672 1660/2337/1706 1661/2338/1673
f 1538/2288/1583 1580/2215/1627 1500/2074/1544
f 1579/2214/1626 1583/2218/1630 1468/2018/1509
f 1579/2214/1626 1626/2285/1674 1583/2218/1630
f 1628/2339/1676 1431/1956/1467 1497/1662/1276
f 1586/2222/1632 1499/2073/1543 1662/2340/1707
f 1582/2217/1629 1804/2341/1708 1502/2085/1548
f 1536/2134/1581 1704/2224/1633 1658/2335/1705
f 1627/2286/1675 1542/2147/1586 1626/2285/1674
f 1666/2342/1709 1661/2338/1673 1660/2337/1706
f 1658/2335/1705 1704/2224/1633 1663/2343/1710
f 1626/2285/1674 1542/2147/1586 1583/2218/1630
f 1503/2344/1549 1664/2345/1511 1665/2346/1711
f 1542/2147/1586 1627/2286/1675 1703/2228/1635
f 1666/2347/1709 1627/2286/1675 1661/2284/1673
f 1631/2293/1679 1630/2348/1678 1629/1859/1401
f 1807/2349/1634 1475/2033/1515 1587/2027/1512
f 1855/2350/1712 1590/2351/1637 1667/2352/1683
f 1592/2232/1639 1634/2296/1682 1594/2234/1641
f 1595/2235/1284 1476/2353/1516 1593/2233/1640
f 1668/2354/1713 1446/2239/1483 1597/2237/1642
f 1508/2093/1553 1373/1980/1404 1445/1979/1482
f 1478/2039/1519 1345/1817/1379 1669/2355/1714
f 1600/2244/1644 1599/2243/1486 1408/1918/1440
f 1511/2097/1555 1302/1917/1340 1550/2166/1591
f 1234/1643/1263 1449/1987/1488 1176/1560/1210
f 1551/2167/1592 1549/2164/1590 1207/2163/1238
f 1670/2356/1715 1378/1872/1410 1177/1562/1211
f 1671/2357/1716 1304/1755/1341 1379/1988/1411
f 1553/2169/1593 1263/1991/1295 1479/2040/1520
f 1672/2358/1717 1383/1878/1414 1382/1877/1128
f 1673/2359/1718 1208/1604/1239 1264/1697/1296
f 1208/1604/1239 1674/2360/1648 1088/1411/1029
f 1513/2100/1558 1265/1698/1297 1636/2300/1685
f 1675/2361/1719 1604/2250/1649 1454/1995/1492
f 1604/2250/1649 1712/2362/1720 1713/2301/1686
f 1604/2250/1649 1713/2301/1686 1515/2102/1560
f 1713/2301/1686 1676/2363/1721 1748/2252/1651
f 1557/2175/1597 1236/1647/1264 1677/2364/1722
f 1559/2177/1598 1089/1414/1129 1560/2178/1599
f 1607/2365/1654 1678/2366/1723 1641/1831/1385
f 1679/2367/1724 1239/1707/1267 1414/2368/1447
f 1680/2369/1725 1095/1421/1135 1055/1349/1093
f 1644/2312/1691 1313/1769/1350 1682/2047/1525
f 1517/2186/1563 1681/2370/1726 1458/2002/1497
f 1564/2187/1604 1388/1889/1419 1612/2260/1658
f 1613/2261/1659 1418/1938/1451 1417/1937/1268
f 1682/2371/1525 1520/2111/1306 1646/2314/1693
f 1389/1890/1420 1459/2003/1498 1518/2108/1564
f 1481/2048/1526 1564/2187/1604 1683/2372/1727
f 1613/2261/1659 1519/2110/1565 1356/1838/1389
f 1419/1939/1452 1317/1774/1353 1684/2373/1728
f 1685/2374/1729 1686/2375/1500 1318/2007/1354
f 1687/2376/1730 1567/2191/1607 1420/2190/1453
f 1685/2374/1729 1318/2007/1354 1461/2006/1501
f 1483/2050/1528 1485/2052/1530 1319/1776/1355
f 1567/2191/1607 1688/2377/1731 1524/2115/1569
f 1883/2378/1732 1689/2379/1661 1761/2380/1608
f 1568/2193/1609 1571/2196/1612 1690/2381/1733
f 1691/2382/1734 1488/2055/1533 1526/2117/1571
f 1727/2383/1735 1692/2384/1613 1689/2385/1661
f 1693/2386/1736 1650/2319/1698 1574/2204/1617
f 1985/2387/1737 1490/2057/1535 1651/2320/1699
f 1574/2204/1617 1575/2205/1618 1694/2388/1738
f 1695/2389/1739 1489/2056/1534 1391/1893/1423
f 1696/2390/1740 1425/2202/1458 1426/2201/1459
f 1321/1779/1357 1395/1897/1427 1697/2391/1741
f 1933/2321/1700 1428/1952/1463 1843/2209/1622
f 1836/2392/1573 1770/1948/1461 1223/1949/1254
f 1426/2120/1459 1529/2122/1537 1698/2393/1742
f 1698/2394/1743 1652/2322/1701 1573/2203/1616
f 1698/2393/1742 1529/2122/1537 1652/2395/1744
f 1650/2319/1698 1653/2326/1703 1576/2207/1620
f 1698/2396/1742 1652/2397/1744 1699/2058/1536
f 1652/2398/1744 1529/2399/1537 1699/2400/1536
f 1619/2401/1745 1699/2402/1746 1772/2403/1747
f 1772/2404/1576 1620/2276/1358 1655/2275/1668
f 1532/2129/1578 1653/2326/1703 1659/2283/1672
f 1619/2273/1667 1492/2061/1539 1534/2010/1502
f 1653/2326/1703 1776/2405/1748 1659/2283/1672
f 1657/2334/1704 1662/2340/1707 1499/2073/1543
f 1492/2061/1539 1628/2339/1676 1497/1662/1276
f 1700/2406/1749 1580/2215/1627 1538/2288/1583
f 1778/2407/1750 1538/2408/1583 1701/2409/1545
f 1581/2216/1628 1437/1970/1475 1702/2410/1751
f 1804/2341/1708 1632/2294/1680 1502/2085/1548
f 1586/2222/1632 1631/2293/1679 1443/1977/1480
f 1589/2411/1636 1474/2030/1514 1228/2032/1256
f 1588/2226/1587 1703/2412/1635 1807/2227/1634
f 1627/2286/1675 1741/2413/1752 1703/2228/1635
f 1627/2286/1675 1666/2347/1709 1741/2413/1752
f 1590/2351/1637 1855/2350/1712 1704/2414/1633
f 1593/2233/1640 1476/2353/1516 1705/2415/1753
f 1784/2416/1754 1667/2297/1683 1545/2155/1588
f 1342/1812/1376 1507/2091/1484 1808/2417/1755
f 1375/2157/1406 1546/2156/1405 1706/2418/1756
f 1261/1693/1294 1548/2160/1589 1477/2038/1518
f 1548/2160/1589 1260/1692/1181 1549/2164/1590
f 1300/1750/1338 1707/2419/1757 1234/1643/1263
f 1707/2419/1757 1449/1987/1488 1234/1643/1263
f 1448/1986/1487 2207/2420/1758 1379/1873/1411
f 1512/2098/1556 1380/1875/1412 1087/1408/1127
f 1451/1990/1489 1383/1878/1414 1708/2421/1759
f 1603/1564/1212 1554/2422/1594 1868/2247/1647
f 1553/2169/1593 1709/2423/1760 1554/2170/1594
f 1553/2169/1593 1479/2040/1520 1709/2423/1760
f 1710/2424/1761 1674/2360/1648 1208/1604/1239
f 1675/2361/1719 1712/2362/1720 1604/2250/1649
f 1748/2252/1651 1711/2425/1762 1411/1921/1443
f 1712/2426/1720 1676/2427/1721 1713/2428/1686
f 1637/2303/1687 1266/1699/1298 1412/1924/1445
f 1606/2254/1653 1714/2429/1763 1350/1827/1383
f 1714/2429/1763 1751/1999/1496 1350/1827/1383
f 1092/2180/1132 1715/2430/1562 1716/2181/1600
f 1716/2431/1600 1715/2106/1562 1904/2432/1764
f 1269/2045/1303 1640/2044/1523 1717/2433/1495
f 1480/2043/1522 1827/2434/1765 1414/1929/1447
f 1561/2183/1602 1563/2046/1524 1718/2435/1766
f 1718/2436/1766 1563/2185/1524 1719/2437/1767
f 1719/2437/1767 1563/2185/1524 1415/1930/1448
f 1270/1705/1304 1680/2369/1725 1055/1349/1093
f 1642/2310/1689 1212/1529/1190 1643/2438/1690
f 1311/1767/1348 1609/1935/1450 1720/2439/1768
f 1720/2440/1768 1609/2257/1450 1610/2258/1656
f 1645/2313/1692 1354/1836/1387 1518/2108/1564
f 1681/2370/1726 1612/2260/1658 1458/2002/1497
f 1353/2441/1386 1613/2261/1659 1417/1937/1268
f 1721/2442/1769 1521/2112/1566 1523/2114/1568
f 1522/2113/1567 1566/2189/1606 1390/1891/1421
f 1523/2114/1568 1275/1713/1310 1686/2005/1500
f 1482/2049/1527 1722/2443/1770 1483/2050/1528
f 1687/2376/1730 1420/2190/1453 1566/2444/1606
f 1761/2192/1608 1568/2193/1609 1723/2445/1771
f 1461/2006/1501 1569/2194/1610 1724/2446/1772
f 1723/2445/1771 1568/2193/1609 1690/2381/1733
f 1647/2447/1694 1725/2448/1695 1726/2449/1773
f 1571/2196/1612 1490/2057/1535 1985/2387/1737
f 1692/2197/1613 1727/2450/1735 1728/2451/1774
f 1729/2452/1775 1650/2319/1698 1693/2386/1736
f 1730/2453/1776 1616/2266/1663 1577/2210/1623
f 1697/2391/1741 1569/2194/1610 1321/1779/1357
f 1650/2319/1698 1731/2454/1777 1653/2326/1703
f 1426/2120/1459 1698/2393/1742 1768/2455/1619
f 1768/2206/1619 1698/2396/1742 1699/2058/1536
f 1572/2198/1614 1732/2456/1778 1530/2123/1574
f 1772/2272/1576 1993/2457/1779 1619/2273/1667
f 1733/2458/1780 1578/2211/1624 1622/2278/1669
f 1621/2277/1665 1624/2132/1580 1771/2459/1781
f 1530/2123/1574 1732/2456/1778 1465/2014/1506
f 1734/2460/1505 1735/2461/1782 1736/2462/1783
f 1503/2344/1549 1735/2461/1782 1734/2460/1505
f 1701/2143/1545 1539/2142/1584 1778/2463/1750
f 1660/2337/1706 1737/2464/1784 1666/2342/1709
f 1505/2088/1547 1369/1857/1400 1738/2465/1677
f 1666/2342/1709 1737/2464/1784 1739/2466/1785
f 1665/2346/1711 1664/2345/1511 1740/2467/1786
f 1666/2342/1709 1739/2466/1785 1741/2468/1752
f 1632/2294/1680 1597/2469/1642 1596/1976/1479
f 1664/2345/1511 1591/2470/1638 1740/2467/1786
f 1592/2232/1639 1593/2233/1640 1634/2296/1682
f 1338/1807/1374 1858/2471/1787 1445/1979/1482
f 1634/2296/1682 1742/2472/1788 1633/2295/1681
f 1342/1812/1376 1705/2473/1753 1476/2034/1516
f 1342/1812/1376 1808/2417/1755 1705/2473/1753
f 1545/2155/1588 1860/1909/1437 1784/2416/1754
f 1447/1983/1485 1895/2241/1643 1860/1909/1437
f 1408/1918/1440 1743/2474/1789 1600/2244/1644
f 1707/2419/1757 1300/1750/1338 1406/1914/1439
f 1378/1872/1410 1670/2356/1715 1744/2475/1790
f 1409/1919/1441 1381/1876/1413 1745/2476/1791
f 1554/2170/1594 1709/2423/1760 1746/2477/1792
f 1208/1604/1239 1673/2359/1718 1710/2424/1761
f 1674/2249/1648 1921/2478/1793 1454/1995/1492
f 1711/2425/1762 1455/1996/1493 1411/1921/1443
f 1921/2478/1793 1675/2361/1719 1454/1995/1492
f 1675/2361/1719 1747/2479/1794 1712/2362/1720
f 1676/2363/1721 1822/2480/1795 1748/2252/1651
f 1748/2481/1651 1822/2482/1795 1711/2483/1762
f 1712/2426/1720 1747/2484/1794 1749/2485/1796
f 1712/2426/1720 1749/2485/1796 1676/2427/1721
f 1237/1648/1265 1824/2041/1521 1873/2486/1797
f 1237/1648/1265 1750/2487/1798 2007/1703/1302
f 1457/2000/1242 1751/2488/1496 1790/2182/1601
f 1715/2106/1562 1561/2183/1602 1904/2432/1764
f 1561/2183/1602 1718/2435/1766 1904/2432/1764
f 1351/1830/1384 1752/2489/1799 1640/2308/1523
f 1415/1933/1448 1642/2310/1689 1719/2490/1767
f 1030/1304/1063 1311/1767/1348 1753/2491/1800
f 1312/1768/1349 1608/2256/1655 1416/1934/1449
f 1095/1421/1135 1680/2369/1725 1517/2107/1563
f 1517/2186/1563 1754/2492/1801 1681/2370/1726
f 1755/2493/1802 1611/2259/1657 1645/2313/1692
f 1756/2494/1803 1353/2441/1386 1416/2495/1449
f 1757/2496/1804 1564/2187/1604 1612/2260/1658
f 1613/2261/1659 1758/2497/1805 1519/2110/1565
f 1481/2262/1526 1683/2498/1727 1565/2188/1605
f 1460/2004/1499 1759/2499/1806 1646/2314/1693
f 1460/2004/1499 1521/2112/1566 1759/2499/1806
f 1459/2109/1498 1419/1939/1452 1760/2500/1807
f 1759/2499/1806 1521/2112/1566 1721/2442/1769
f 1723/2501/1771 1928/2502/1808 1761/2503/1608
f 2094/2504/1809 1526/2117/1571 1525/2116/1570
f 1689/2505/1661 1883/2506/1732 1882/2507/1810
f 1689/2508/1661 1882/2509/1810 1727/2510/1735
f 1726/2449/1773 1885/2511/1811 1647/2447/1694
f 1571/2196/1612 1762/2512/1812 1690/2381/1733
f 1391/1893/1423 1524/2115/1569 1695/2389/1739
f 1527/2118/1572 1963/2513/1813 1725/2316/1695
f 1616/2266/1663 1840/2514/1814 1839/2208/1621
f 1729/2452/1775 1731/2454/1777 1650/2319/1698
f 1425/2202/1458 1696/2390/1740 1649/2515/1697
f 1527/2118/1572 1796/2199/1615 1963/2513/1813
f 1575/2205/1618 1763/2516/1815 1694/2388/1738
f 1572/2198/1614 1692/2197/1613 1764/2517/1816
f 1695/2389/1739 1765/2518/1817 1489/2056/1534
f 1615/2265/1662 1769/2519/1818 1573/2203/1616
f 1766/2520/1819 1577/2210/1623 1767/2521/1820
f 1426/2522/1459 1768/2523/1619 1696/2524/1740
f 1573/2525/1616 1769/2526/1818 1698/2527/1743
f 1621/2268/1665 1763/2516/1815 1575/2205/1618
f 1767/2521/1820 1578/2211/1624 1733/2458/1780
f 1577/2210/1623 1578/2211/1624 1767/2521/1820
f 1770/2528/1461 2017/2529/1821 1768/2530/1619
f 1621/2531/1665 1771/2532/1781 1763/2533/1815
f 1489/2056/1534 2098/2534/1822 1775/2060/1538
f 1772/2535/1576 1655/2536/1668 1993/2537/1779
f 1618/2270/1316 1773/2538/1702 1799/2271/1666
f 1733/2458/1780 1622/2278/1669 1774/2539/1823
f 1775/2540/1538 1623/2541/1670 1625/2542/1625
f 1580/2215/1627 1700/2406/1749 1849/2543/1824
f 1580/2215/1627 1849/2543/1824 1970/2280/1671
f 1776/2544/1748 1777/2545/1825 1659/2336/1672
f 1622/2278/1669 1658/2335/1705 1774/2539/1823
f 1537/2135/1582 1464/2012/1504 1581/2216/1628
f 1659/2336/1672 1777/2545/1825 1660/2337/1706
f 1700/2406/1749 1538/2288/1583 1778/2546/1750
f 1584/2289/1631 1738/2290/1677 1805/2547/1826
f 1779/2548/1827 1586/2222/1632 1662/2340/1707
f 1631/2293/1679 1779/2548/1827 1630/2348/1678
f 1632/2549/1680 1780/2550/1828 1781/2551/1829
f 1703/2228/1635 1741/2413/1752 1782/2552/1830
f 1632/2294/1680 1781/2553/1829 1597/2469/1642
f 1593/2233/1640 1705/2415/1753 1783/2554/1831
f 1593/2233/1640 1783/2554/1831 1634/2296/1682
f 1667/2352/1683 1784/2555/1754 1944/2556/1832
f 1705/2415/1753 1785/2557/1833 1783/2554/1831
f 1345/1817/1379 1635/2298/1684 1669/2355/1714
f 2207/2420/1758 1814/2558/1834 1379/1873/1411
f 1479/2040/1520 1786/2559/1835 1709/2423/1760
f 1672/2358/1717 1382/1877/1128 1513/2560/1558
f 1455/1996/1493 1711/2425/1762 1636/2300/1685
f 1749/2485/1796 1869/2561/1836 1676/2427/1721
f 1676/2427/1721 1869/2561/1836 1818/2562/1837
f 1384/1880/1415 1787/2563/1838 1922/2564/1652
f 1900/2104/1444 1639/2307/1688 1267/1700/1299
f 1639/2307/1688 1788/2565/1839 1268/1702/1301
f 1873/2486/1797 1750/2487/1798 1237/1648/1265
f 1516/2105/1561 1091/2179/1131 1716/2181/1600
f 1751/1999/1496 1789/2566/1840 1790/2567/1601
f 1790/2182/1601 1789/2568/1840 1607/2255/1654
f 1351/1830/1384 1562/2184/1603 1752/2489/1799
f 1680/2369/1725 1754/2569/1801 1517/2107/1563
f 1645/2313/1692 1518/2108/1564 1791/2570/1841
f 1682/2371/1525 1646/2314/1693 1644/2571/1691
f 1757/2496/1804 1683/2372/1727 1564/2187/1604
f 1792/2572/1842 1758/2497/1805 1613/2261/1659
f 1461/2006/1501 1724/2446/1772 1793/2573/1843
f 1928/2574/1808 1883/2575/1732 1761/2576/1608
f 1525/2116/1570 1614/2263/1660 2094/2504/1809
f 1647/2447/1694 1885/2511/1811 1794/2577/1844
f 1724/2446/1772 1569/2194/1610 1795/2578/1845
f 1688/2377/1731 1695/2389/1739 1524/2115/1569
f 1571/2196/1612 1985/2387/1737 1762/2512/1812
f 1691/2382/1734 1615/2265/1662 1488/2055/1533
f 1769/2579/1818 1993/2580/1779 1698/2581/1743
f 1698/2581/1743 1993/2580/1779 1652/2325/1701
f 1657/2334/1704 1839/2208/1621 1991/2582/1846
f 1734/2460/1505 1736/2462/1783 1796/2583/1615
f 1655/2536/1668 1797/2584/1847 1993/2537/1779
f 1798/2585/1848 1800/2586/1849 1657/2334/1704
f 1655/2587/1668 1799/2588/1666 1797/2589/1847
f 1800/2590/1849 1801/2591/1850 1657/2592/1704
f 1492/2061/1539 1619/2273/1667 1802/2593/1851
f 1732/2456/1778 1582/2217/1629 1465/2014/1506
f 1662/2340/1707 1657/2334/1704 1801/2594/1850
f 1492/2061/1539 1802/2593/1851 1628/2339/1676
f 1662/2595/1707 1801/2596/1850 1890/2597/1852
f 1503/2344/1549 1665/2346/1711 1735/2461/1782
f 1582/2598/1629 1803/2599/1853 1804/2600/1708
f 1774/2539/1823 1658/2335/1705 1663/2343/1710
f 1539/2142/1584 1584/2220/1631 1805/2601/1826
f 1474/2602/1514 1738/2465/1677 1369/1857/1400
f 1437/1970/1475 1630/2292/1678 1702/2410/1751
f 1586/2222/1632 1779/2548/1827 1631/2293/1679
f 1589/2229/1636 1851/1727/1321 1806/2603/1854
f 1807/2604/1634 1782/2552/1830 1475/2605/1515
f 1807/2604/1634 1703/2228/1635 1782/2552/1830
f 1740/2467/1786 1591/2470/1638 1633/2606/1681
f 1475/2033/1515 1858/2471/1787 1338/1807/1374
f 1667/2352/1683 1944/2556/1832 1855/2350/1712
f 1634/2296/1682 1783/2554/1831 1742/2472/1788
f 1705/2415/1753 1808/2607/1755 1785/2557/1833
f 1404/2608/1438 1809/2609/1855 1258/1689/1292
f 1810/2610/1856 1601/2245/1645 1478/2039/1519
f 1549/2164/1590 1811/2611/1857 1548/2160/1589
f 1550/2166/1591 1812/2612/1858 1511/2097/1555
f 1378/1872/1410 1744/2475/1790 1550/2166/1591
f 1512/2098/1556 1449/1987/1488 1813/2613/1859
f 1379/1988/1411 1814/2614/1834 1671/2357/1716
f 1672/2358/1717 1815/2615/1860 1383/1878/1414
f 1264/1697/1296 1602/2246/1646 1673/2359/1718
f 1554/2170/1594 1746/2477/1792 1816/2616/1861
f 1452/1993/1490 1786/2559/1835 1479/2040/1520
f 1636/2617/1685 1817/2618/1862 1513/2560/1558
f 1709/2423/1760 1818/2619/1837 1819/2620/1863
f 1709/2423/1760 1786/2559/1835 1818/2619/1837
f 1747/2484/1794 1820/2621/1864 1749/2485/1796
f 1749/2485/1796 1899/2622/1865 1869/2561/1836
f 1676/2427/1721 1818/2562/1837 1821/2623/1866
f 1676/2427/1721 1821/2623/1866 1822/2624/1795
f 1558/2625/1382 1823/2626/1867 1824/2627/1521
f 1412/1924/1445 1456/1997/1494 1825/2628/1868
f 1268/1702/1301 1788/2565/1839 1606/2254/1653
f 1716/2181/1600 1826/2629/1869 1516/2105/1561
f 2007/2630/1302 1827/2631/1765 1480/2632/1522
f 1717/1998/1495 1640/2308/1523 1828/2633/1870
f 1610/2258/1656 1755/2493/1802 1720/2440/1768
f 1611/2259/1657 1755/2493/1802 1610/2258/1656
f 1683/2498/1727 1829/2634/1871 1565/2188/1605
f 1419/1939/1452 1684/2373/1728 1830/2635/1872
f 1831/2636/1873 1523/2114/1568 1686/2005/1500
f 1317/1774/1353 1484/2051/1529 1684/2373/1728
f 1685/2374/1729 1461/2006/1501 1793/2573/1843
f 1483/2050/1528 1832/2637/1874 1485/2052/1530
f 2094/2504/1809 1614/2263/1660 1880/2638/1875
f 1526/2117/1571 2094/2504/1809 1691/2382/1734
f 1222/1621/1252 1570/2195/1611 1833/2639/1876
f 1577/2210/1623 1766/2520/1819 1730/2453/1776
f 1725/2448/1695 1834/2640/1877 1726/2449/1773
f 1725/2316/1695 1963/2513/1813 1834/2641/1877
f 1569/2194/1610 1697/2391/1741 1795/2578/1845
f 1692/2197/1613 1728/2451/1774 1764/2517/1816
f 1931/2642/1878 1835/2643/1879 1836/2644/1573
f 1763/2516/1815 1837/2645/1880 1694/2388/1738
f 1696/2390/1740 2015/2646/1881 1649/2515/1697
f 1766/2520/1819 1767/2521/1820 1838/2647/1882
f 1839/2648/1621 1840/2649/1814 1990/2650/1883
f 1836/2644/1573 1835/2643/1879 1770/2528/1461
f 1651/2651/1699 1933/2652/1700 1841/2653/1884
f 1770/2528/1461 1835/2643/1879 2017/2529/1821
f 1768/2523/1619 2019/2654/1885 1696/2524/1740
f 1731/2454/1777 1842/2655/1886 1653/2326/1703
f 1654/2656/1462 2143/2657/1887 1843/2658/1622
f 1768/2659/1619 2017/2660/1821 2019/2661/1885
f 1733/2458/1780 1844/2662/1888 1767/2521/1820
f 1654/2656/1462 1887/2663/1889 2143/2657/1887
f 1765/2518/1817 1845/2664/1890 1489/2056/1534
f 1572/2198/1614 1764/2517/1816 1732/2456/1778
f 1764/2517/1816 1846/2665/1891 1732/2456/1778
f 1395/1897/1427 1537/2135/1582 1847/2666/1892
f 1842/2655/1886 1776/2405/1748 1653/2326/1703
f 1652/2325/1701 1993/2580/1779 1773/2323/1702
f 1991/2582/1846 1798/2585/1848 1657/2334/1704
f 1993/2537/1779 1797/2584/1847 1913/2667/1893
f 1773/2538/1702 1848/2668/1894 1799/2271/1666
f 1775/2540/1538 2098/2669/1822 1623/2541/1670
f 1849/2670/1824 1888/2671/1895 1970/2672/1671
f 1700/2673/1749 1778/2463/1750 1850/2674/1896
f 1660/2337/1706 1777/2545/1825 1737/2464/1784
f 1284/2675/1320 1806/2676/1854 1851/2677/1321
f 1665/2346/1711 1740/2467/1786 1852/2678/1897
f 1779/2679/1827 1853/2680/1898 1630/2681/1678
f 1804/2600/1708 1780/2550/1828 1632/2549/1680
f 1663/2343/1710 1704/2224/1633 1854/2682/1899
f 1855/2683/1712 1854/2682/1899 1704/2224/1633
f 1741/2468/1752 1739/2466/1785 1856/2684/1900
f 1741/2413/1752 1857/2685/1901 1782/2552/1830
f 1782/2552/1830 1858/2686/1787 1475/2605/1515
f 1781/2553/1829 1668/2687/1713 1597/2469/1642
f 1742/2472/1788 1783/2554/1831 1859/2688/1902
f 1859/2688/1902 1783/2554/1831 1785/2557/1833
f 1784/2555/1754 1860/2689/1437 1861/2690/1903
f 1862/2691/1904 1706/2418/1756 1546/2156/1405
f 1895/2692/1643 1861/2690/1903 1860/2689/1437
f 1478/2039/1519 1669/2355/1714 1810/2610/1856
f 1547/2242/1517 1600/2244/1644 1863/2693/1905
f 1258/1689/1292 1864/2694/1906 1406/1914/1439
f 1548/2160/1589 1811/2611/1857 1865/2695/1907
f 1408/1918/1440 1511/2097/1555 1743/2474/1789
f 1812/2612/1858 1550/2166/1591 1744/2475/1790
f 1551/2167/1592 1451/1990/1489 1708/2421/1759
f 1512/2098/1556 1866/2696/1908 1380/1875/1412
f 1951/2099/1557 1867/2697/1909 1177/1562/1211
f 1383/1878/1414 1815/2615/1860 1708/2421/1759
f 2084/2698/1910 1868/2699/1647 1816/2616/1861
f 1868/2699/1647 1554/2170/1594 1816/2616/1861
f 1452/1993/1490 2004/2700/1911 1786/2559/1835
f 1786/2559/1835 2004/2700/1911 1821/2701/1866
f 1555/2299/1595 2004/2700/1911 1452/1993/1490
f 1709/2423/1760 1819/2620/1863 1746/2477/1792
f 1786/2559/1835 1821/2701/1866 1818/2619/1837
f 1819/2620/1863 1818/2619/1837 1869/2702/1836
f 1921/2478/1793 1870/2703/1912 1675/2361/1719
f 1870/2704/1912 1747/2484/1794 1675/2705/1719
f 1637/2302/1687 1787/2563/1838 1384/1880/1415
f 1412/1924/1445 1825/2628/1868 1871/2706/1913
f 1236/1647/1264 1559/2177/1598 1677/2364/1722
f 1824/2627/1521 1872/2707/1914 1873/2708/1797
f 1456/1997/1494 1874/2709/1915 1825/2628/1868
f 1560/2178/1599 1717/1998/1495 1875/2710/1916
f 1679/2367/1724 1876/2711/1917 1239/1707/1267
f 1311/1767/1348 1720/2439/1768 1753/2491/1800
f 1756/2494/1803 1877/2712/1918 1353/2441/1386
f 1612/2260/1658 1681/2370/1726 1757/2496/1804
f 1877/2712/1918 1613/2261/1659 1353/2441/1386
f 1644/2571/1691 1646/2314/1693 1878/2713/1919
f 1758/2497/1805 1522/2113/1567 1519/2110/1565
f 1831/2636/1873 1721/2442/1769 1523/2114/1568
f 1419/1939/1452 1830/2635/1872 1760/2500/1807
f 1277/1715/1312 1222/1621/1252 1833/2639/1876
f 1485/2052/1530 1879/2714/1920 1421/1941/1454
f 1614/2715/1660 1929/2716/1921 1880/2717/1875
f 2168/2718/1922 1723/2445/1771 1690/2381/1733
f 1614/2715/1660 1794/2577/1844 1929/2716/1921
f 1614/2715/1660 1647/2447/1694 1794/2577/1844
f 1794/2719/1844 1729/2452/1775 1881/2720/1923
f 1882/2721/1810 1883/2722/1732 1766/2520/1819
f 1883/2722/1732 1730/2453/1776 1766/2520/1819
f 1881/2720/1923 1729/2452/1775 1693/2386/1736
f 1574/2204/1617 1884/2723/1924 1693/2386/1736
f 1794/2719/1844 1885/2724/1811 1729/2452/1775
f 1884/2723/1924 1574/2204/1617 1694/2388/1738
f 1882/2721/1810 1766/2520/1819 1727/2725/1735
f 1729/2452/1775 1885/2724/1811 1731/2454/1777
f 1766/2520/1819 1838/2647/1882 1727/2725/1735
f 1727/2725/1735 1838/2647/1882 1728/2726/1774
f 1839/2208/1621 1990/2727/1883 1991/2582/1846
f 1395/1897/1427 1847/2666/1892 1697/2391/1741
f 1796/2199/1615 1736/2728/1783 1886/2729/1925
f 1654/2330/1462 1623/2279/1670 1887/2730/1889
f 1489/2056/1534 1845/2664/1890 2098/2534/1822
f 1799/2271/1666 1848/2668/1894 1888/2731/1895
f 1799/2588/1666 1888/2732/1895 1797/2589/1847
f 1798/2733/1848 1965/2734/1926 1800/2735/1849
f 1797/2736/1847 1849/2737/1824 1700/2738/1749
f 1968/2739/1927 1800/2735/1849 1965/2734/1926
f 1849/2670/1824 1797/2740/1847 1888/2671/1895
f 1800/2735/1849 1968/2739/1927 1801/2596/1850
f 1619/2273/1667 1889/2741/1928 1802/2593/1851
f 1581/2216/1628 1702/2410/1751 2290/2742/1929
f 1539/2142/1584 1805/2601/1826 1778/2463/1750
f 1890/2743/1852 1779/2548/1827 1662/2340/1707
f 1803/2599/1853 1780/2550/1828 1804/2600/1708
f 1737/2464/1784 1891/2744/1930 1739/2466/1785
f 1891/2744/1930 1892/2745/1931 1739/2466/1785
f 1739/2466/1785 1892/2745/1931 1856/2684/1900
f 1740/2467/1786 1633/2606/1681 1893/2746/1932
f 1858/2471/1787 1946/2747/1933 1445/1979/1482
f 1668/2354/1713 1894/2748/1934 1446/2239/1483
f 1785/2749/1833 1808/2417/1755 1859/2750/1902
f 1507/2091/1484 1509/2159/1554 1808/2417/1755
f 1706/2418/1756 1404/2608/1438 1375/2157/1406
f 1895/2751/1643 1547/2242/1517 1863/2693/1905
f 1477/2038/1518 1548/2160/1589 1896/2752/1935
f 1809/2609/1855 1864/2694/1906 1258/1689/1292
f 1813/2613/1859 1449/1987/1488 1707/2419/1757
f 1177/1562/1211 1897/2753/1936 1670/2356/1715
f 1897/2753/1936 1177/1562/1211 1867/2697/1909
f 1866/2696/1908 1602/2246/1646 1380/1875/1412
f 1453/1994/1491 1868/2247/1647 1951/2099/1557
f 1555/2171/1595 1409/1919/1441 1745/2476/1791
f 1555/2299/1595 1898/2754/1937 2004/2700/1911
f 1746/2477/1792 1819/2620/1863 1820/2755/1864
f 1819/2620/1863 1899/2756/1865 1820/2755/1864
f 1819/2620/1863 1869/2702/1836 1899/2756/1865
f 1899/2622/1865 1749/2485/1796 1820/2621/1864
f 1900/2757/1444 1556/2758/1596 1901/2759/1938
f 1556/2305/1596 1638/2304/1300 1902/2760/1939
f 1902/2761/1939 1638/1701/1300 1557/2175/1597
f 1456/1997/1494 1516/2105/1561 1874/2709/1915
f 1874/2709/1915 1516/2105/1561 1903/2762/1940
f 2008/2763/1941 2007/1703/1302 1750/2487/1798
f 1716/2181/1600 1904/2764/1764 1826/2629/1869
f 1607/2365/1654 1789/2566/1840 1678/2366/1723
f 1640/2308/1523 1752/2489/1799 1828/2633/1870
f 1641/1831/1385 1905/2765/1942 1270/1705/1304
f 1562/2184/1603 1309/1762/1346 1906/2766/1943
f 1905/2765/1942 1680/2369/1725 1270/1705/1304
f 1608/2256/1655 1907/2767/1944 1416/1934/1449
f 1791/2570/1841 1518/2108/1564 1983/2768/1945
f 1518/2108/1564 1459/2003/1498 1983/2768/1945
f 1877/2712/1918 1792/2572/1842 1613/2261/1659
f 1522/2113/1567 1958/2769/1946 1566/2189/1606
f 1831/2636/1873 1686/2005/1500 1908/2770/1947
f 1909/2771/1948 1688/2377/1731 1567/2191/1607
f 1484/2051/1529 1277/1715/1312 1910/2772/1949
f 1879/2714/1920 1648/2317/1696 1421/1941/1454
f 1881/2720/1923 1693/2386/1736 1884/2723/1924
f 1730/2453/1776 1840/2514/1814 1616/2266/1663
f 1911/2773/1950 1615/2265/1662 1691/2382/1734
f 1570/2195/1611 1649/2318/1697 1912/2774/1951
f 1935/2775/1952 1837/2645/1880 1763/2516/1815
f 2015/2776/1881 1696/2524/1740 2019/2654/1885
f 1731/2454/1777 2047/2777/1953 1842/2655/1886
f 1796/2199/1615 1886/2729/1925 1963/2513/1813
f 1993/2580/1779 1913/2778/1893 1773/2323/1702
f 1913/2778/1893 1848/2779/1894 1773/2323/1702
f 1844/2662/1888 1733/2458/1780 1774/2539/1823
f 1968/2739/1927 1890/2597/1852 1801/2596/1850
f 1582/2598/1629 1938/2780/1954 1803/2599/1853
f 1628/2339/1676 1915/2781/1955 1284/2782/1320
f 1777/2545/1825 1914/2783/1956 1737/2464/1784
f 1284/1726/1320 1915/2784/1955 1806/2603/1854
f 1589/2411/1636 1940/2785/1957 1474/2030/1514
f 1737/2464/1784 1914/2783/1956 1891/2744/1930
f 1740/2467/1786 1916/2786/1958 1852/2678/1897
f 1856/2684/1900 1892/2745/1931 1917/2787/1959
f 1741/2413/1752 1856/2788/1900 1857/2685/1901
f 1781/2551/1829 1918/2789/1960 1668/2354/1713
f 1784/2555/1754 1999/2790/1961 1944/2556/1832
f 1445/1979/1482 1946/2747/1933 1508/2093/1553
f 1808/2417/1755 1509/2159/1554 1859/2750/1902
f 1406/1914/1439 1864/2694/1906 1707/2419/1757
f 1511/2097/1555 1812/2612/1858 1743/2474/1789
f 1811/2611/1857 1549/2164/1590 1551/2167/1592
f 1551/2167/1592 1708/2421/1759 1919/2791/1962
f 1671/2357/1716 2133/2792/1963 1304/1755/1341
f 1673/2359/1718 1920/2793/1964 1710/2424/1761
f 1555/2299/1595 1745/2794/1791 1898/2754/1937
f 1674/2360/1648 1710/2424/1761 1921/2795/1793
f 1746/2477/1792 1820/2755/1864 1816/2616/1861
f 2004/2700/1911 1822/2796/1795 1821/2701/1866
f 1711/2425/1762 2061/2797/1965 1636/2300/1685
f 1870/2704/1912 2005/2798/1966 1747/2484/1794
f 1747/2484/1794 2005/2798/1966 1820/2621/1864
f 1922/2799/1652 1823/2800/1867 1558/2801/1382
f 1412/1924/1445 1871/2706/1913 1637/2303/1687
f 2010/2802/1967 1414/2803/1447 1827/2804/1765
f 1876/2711/1917 1608/2256/1655 1239/1707/1267
f 1309/1762/1346 1030/1304/1063 1753/2491/1800
f 1643/2311/1690 1310/1766/1347 2039/2805/1968
f 1754/2492/1801 1923/2806/1969 1681/2370/1726
f 1644/2312/1691 2039/2805/1968 1310/1766/1347
f 1646/2314/1693 1759/2499/1806 1878/2713/1919
f 1758/2497/1805 1924/2807/1970 1522/2113/1567
f 1829/2634/1871 1925/2808/1971 1565/2188/1605
f 1565/2188/1605 1926/2809/1972 1482/2049/1527
f 1686/2375/1500 1685/2374/1729 1927/2810/1973
f 1567/2191/1607 1687/2376/1730 1909/2771/1948
f 1685/2374/1729 1793/2573/1843 1927/2810/1973
f 1277/1715/1312 1833/2639/1876 1910/2772/1949
f 1928/2811/1808 1730/2453/1776 1883/2722/1732
f 1929/2812/1921 1794/2719/1844 1881/2720/1923
f 1726/2449/1773 1930/2813/1974 1885/2511/1811
f 1726/2449/1773 1834/2640/1877 1930/2813/1974
f 1648/2317/1696 1931/2814/1878 1836/2119/1573
f 1728/2815/1774 1838/2816/1882 1988/2817/1975
f 1885/2724/1811 2047/2777/1953 1731/2454/1777
f 1728/2451/1774 1964/2818/1976 1764/2517/1816
f 1838/2647/1882 1767/2521/1820 1932/2819/1977
f 1769/2519/1818 1615/2265/1662 2046/2820/1978
f 1843/2658/1622 2142/2821/1979 1933/2822/1700
f 1835/2643/1879 2018/2823/1980 2017/2529/1821
f 2019/2824/1885 1769/2519/1818 2046/2820/1978
f 1767/2521/1820 1844/2662/1888 1932/2819/1977
f 2047/2825/1953 1934/2826/1981 1842/2827/1886
f 1764/2517/1816 2077/2828/1982 1846/2665/1891
f 1763/2533/1815 1771/2532/1781 1935/2829/1952
f 1993/2580/1779 1769/2579/1818 1936/2830/1983
f 1846/2831/1891 1938/2780/1954 1732/2832/1778
f 1797/2833/1847 1700/2834/1749 1913/2835/1893
f 1842/2827/1886 1937/2836/1984 1776/2544/1748
f 1888/2671/1895 2049/2837/1985 1970/2672/1671
f 1732/2456/1778 1938/2838/1954 1582/2217/1629
f 1778/2463/1750 1805/2601/1826 1939/2839/1986
f 1628/2339/1676 1802/2593/1851 1915/2781/1955
f 1805/2547/1826 1738/2290/1677 1940/2840/1957
f 1702/2410/1751 1630/2292/1678 2026/2841/1987
f 1738/2465/1677 1474/2602/1514 1940/2842/1957
f 1806/2603/1854 1940/2843/1957 1589/2229/1636
f 1663/2343/1710 1854/2682/1899 1941/2844/1988
f 1781/2551/1829 1780/2550/1828 1942/2845/1989
f 1941/2844/1988 1854/2682/1899 1943/2846/1990
f 1942/2845/1989 1918/2789/1960 1781/2551/1829
f 1854/2682/1899 1855/2683/1712 1944/2847/1832
f 1782/2552/1830 1857/2685/1901 1858/2686/1787
f 1857/2685/1901 1856/2788/1900 1945/2848/1991
f 1858/2686/1787 1857/2685/1901 1946/2849/1933
f 1742/2850/1788 1947/2851/1992 1633/2606/1681
f 1946/2747/1933 1948/2852/1993 1508/2093/1553
f 1404/2608/1438 1706/2418/1756 1949/2853/1994
f 1601/2245/1645 2207/2420/1758 1448/1986/1487
f 1707/2419/1757 1950/2854/1995 1813/2613/1859
f 1951/2855/1557 1868/2699/1647 2084/2698/1910
f 2084/2698/1910 1816/2616/1861 2087/2856/1996
f 1870/2704/1912 1921/2795/1793 1952/2857/1997
f 1556/2305/1596 1902/2760/1939 1979/2858/1998
f 1559/2177/1598 1560/2178/1599 1953/2859/1999
f 1516/2105/1561 1826/2629/1869 1903/2762/1940
f 1717/1998/1495 1828/2633/1870 1875/2710/1916
f 1751/1999/1496 1954/2860/2000 1789/2566/1840
f 1642/2310/1689 1643/2438/1690 1955/2861/2001
f 1757/2496/1804 1681/2370/1726 1923/2806/1969
f 1792/2572/1842 1956/2862/2002 1758/2497/1805
f 1721/2442/1769 1831/2636/1873 1957/2863/2003
f 1925/2808/1971 1926/2809/1972 1565/2188/1605
f 1566/2444/1606 1958/2864/1946 1687/2376/1730
f 1926/2809/1972 1722/2443/1770 1482/2049/1527
f 1793/2573/1843 1724/2446/1772 1959/2865/2004
f 1723/2501/1771 1984/2866/2005 1928/2502/1808
f 1723/2445/1771 2168/2718/1922 2265/2867/2006
f 1984/2868/2005 2169/2869/2007 1928/2811/1808
f 1928/2811/1808 2169/2869/2007 1730/2453/1776
f 1690/2381/1733 1762/2512/1812 2168/2718/1922
f 1688/2377/1731 1960/2870/2008 1695/2389/1739
f 1840/2514/1814 1730/2453/1776 2169/2869/2007
f 1695/2389/1739 1960/2870/2008 1765/2518/1817
f 1694/2388/1738 1961/2871/2009 1884/2723/1924
f 1840/2649/1814 2042/2872/2010 1962/2873/2011
f 1911/2773/1950 2044/2874/2012 1615/2265/1662
f 1963/2875/1813 2013/2876/2013 1834/2877/1877
f 1840/2649/1814 1962/2873/2011 1990/2650/1883
f 1728/2815/1774 1988/2817/1975 1964/2878/1976
f 2044/2874/2012 2046/2820/1978 1615/2265/1662
f 1933/2822/1700 2142/2821/1979 1841/2879/1884
f 2142/2821/1979 1843/2658/1622 2143/2657/1887
f 2019/2880/1885 1936/2830/1983 1769/2579/1818
f 1798/2881/1848 1967/2882/2014 1965/2883/1926
f 1913/2778/1893 1966/2884/2015 1848/2779/1894
f 1965/2885/1926 1967/2886/2014 1968/2887/1927
f 1846/2831/1891 1969/2888/2016 1938/2780/1954
f 1848/2668/1894 2049/2889/1985 1888/2731/1895
f 1624/2132/1580 2049/2890/1985 1771/2459/1781
f 1624/2132/1580 1970/2891/1671 2049/2890/1985
f 1581/2216/1628 2290/2742/1929 1537/2135/1582
f 1735/2461/1782 1971/2892/2017 1736/2462/1783
f 1665/2346/1711 1972/2893/2018 1735/2461/1782
f 1774/2539/1823 1663/2343/1710 1973/2894/2019
f 1663/2343/1710 1941/2844/1988 1973/2894/2019
f 1803/2599/1853 1974/2895/2020 1780/2550/1828
f 1854/2682/1899 1944/2847/1832 1943/2846/1990
f 1742/2472/1788 1859/2688/1902 1975/2896/2021
f 1446/2239/1483 1862/2691/1904 1546/2156/1405
f 1859/2750/1902 1509/2159/1554 2081/2897/2022
f 1670/2356/1715 1897/2753/1936 1976/2898/2023
f 1602/2246/1646 1977/2899/2024 1673/2359/1718
f 1304/1755/1341 2133/2792/1963 1381/1876/1413
f 2004/2700/1911 1978/2900/2025 1822/2796/1795
f 1711/2483/1762 1822/2482/1795 1978/2901/2025
f 1711/2483/1762 1978/2901/2025 2061/2902/1965
f 1870/2704/1912 1952/2857/1997 2005/2798/1966
f 1556/2903/1596 1979/2904/1998 1901/2905/1938
f 1719/2490/1767 1642/2310/1689 2064/2906/2026
f 1309/1762/1346 1753/2491/1800 1906/2766/1943
f 1755/2493/1802 1645/2313/1692 1980/2907/2027
f 1923/2806/1969 1981/2908/2028 1757/2496/1804
f 1757/2496/1804 1982/2909/2029 1683/2372/1727
f 1982/2910/2029 1829/2634/1871 1683/2498/1727
f 1459/2109/1498 1760/2500/1807 1983/2911/1945
f 1522/2113/1567 1924/2807/1970 1958/2769/1946
f 1686/2375/1500 1927/2810/1973 1908/2912/1947
f 1722/2443/1770 1832/2637/1874 1483/2050/1528
f 1684/2373/1728 1484/2051/1529 1910/2772/1949
f 1723/2913/1771 2265/2914/2006 1984/2915/2005
f 1688/2377/1731 1909/2771/1948 1960/2870/2008
f 1881/2720/1923 1884/2723/1924 1929/2812/1921
f 1762/2512/1812 2194/2916/2030 2168/2718/1922
f 1985/2917/1737 1651/2651/1699 1986/2918/2031
f 1885/2724/1811 1930/2919/1974 2047/2777/1953
f 1841/2653/1884 1987/2920/2032 1651/2651/1699
f 1838/2647/1882 1932/2819/1977 1988/2921/1975
f 1935/2922/1952 1989/2923/2033 1837/2924/1880
f 1764/2517/1816 1964/2818/1976 2077/2828/1982
f 1990/2925/1883 2043/2926/2034 1991/2927/1846
f 1991/2927/1846 1967/2882/2014 1798/2881/1848
f 1697/2391/1741 1847/2666/1892 1992/2928/2035
f 1936/2929/1983 1619/2930/1667 1993/2931/1779
f 1887/2932/1889 1623/2541/1670 2098/2669/1822
f 1934/2826/1981 1994/2933/2036 1842/2827/1886
f 1844/2662/1888 2101/2934/2037 1932/2819/1977
f 1537/2135/1582 2249/2935/2038 1847/2666/1892
f 1842/2827/1886 1994/2933/2036 1937/2836/1984
f 1967/2936/2014 1995/2937/2039 1968/2739/1927
f 2023/2938/2040 1996/2939/2041 1997/2940/2042
f 1776/2544/1748 1937/2836/1984 1777/2545/1825
f 1778/2463/1750 1939/2839/1986 1850/2674/1896
f 1844/2662/1888 1774/2539/1823 1973/2894/2019
f 1665/2346/1711 1852/2678/1897 1972/2893/2018
f 1973/2941/2019 1941/2942/1988 1998/2943/2043
f 1941/2942/1988 1943/2944/1990 1998/2943/2043
f 1944/2847/1832 1999/2945/1961 1943/2846/1990
f 1856/2684/1900 1917/2787/1959 2000/2946/2044
f 1856/2684/1900 2000/2946/2044 1945/2947/1991
f 1633/2606/1681 1947/2851/1992 1893/2746/1932
f 1857/2685/1901 1945/2848/1991 1946/2849/1933
f 1918/2789/1960 2107/2948/2045 1668/2354/1713
f 1861/2690/1903 1895/2692/1643 2001/2949/2046
f 1404/2608/1438 1949/2853/1994 1809/2609/1855
f 1548/2160/1589 1865/2695/1907 1896/2752/1935
f 1744/2475/1790 1670/2356/1715 1976/2898/2023
f 1513/2560/1558 1817/2618/1862 1672/2358/1717
f 1921/2795/1793 1710/2424/1761 2002/2950/2047
f 1921/2795/1793 2002/2950/2047 1952/2857/1997
f 1898/2951/1937 2003/2952/2048 2004/2953/1911
f 1816/2616/1861 1820/2755/1864 2005/2954/1966
f 1900/2104/1444 1901/2905/1938 1639/2307/1688
f 1953/2859/1999 2006/2955/2049 1559/2177/1598
f 1751/1999/1496 1714/2429/1763 1954/2860/2000
f 2007/2956/1302 2008/2957/1941 1827/2958/1765
f 1789/2566/1840 1954/2860/2000 1678/2366/1723
f 1752/2489/1799 2009/2959/2050 1828/2633/1870
f 2010/2960/1967 1679/2367/1724 1414/2368/1447
f 1641/1831/1385 1678/2366/1723 1905/2765/1942
f 1416/2495/1449 1907/2961/1944 1756/2494/1803
f 1980/2907/2027 1645/2313/1692 1791/2570/1841
f 1644/2571/1691 1878/2713/1919 2011/2962/2051
f 1924/2807/1970 1758/2497/1805 1956/2862/2002
f 2012/2963/2052 1759/2499/1806 1721/2442/1769
f 2171/2964/2053 1911/2773/1950 1691/2382/1734
f 1931/2814/1878 1648/2317/1696 1879/2714/1920
f 1930/2813/1974 1834/2640/1877 2013/2965/2013
f 2014/2966/2054 1841/2879/1884 2142/2821/1979
f 2046/2820/1978 2015/2967/1881 2019/2824/1885
f 2016/2968/2055 1989/2923/2033 1935/2922/1952
f 2017/2969/1821 2018/2970/1980 2019/2971/1885
f 2018/2823/1980 2020/2972/2056 2019/2880/1885
f 2020/2972/2056 1936/2830/1983 2019/2880/1885
f 1935/2829/1952 1771/2532/1781 2021/2973/2057
f 1966/2884/2015 1913/2778/1893 2022/2974/2058
f 2022/2975/2058 1913/2976/1893 1700/2673/1749
f 2052/2977/2059 1997/2940/2042 1996/2939/2041
f 2051/2978/2060 2023/2979/2040 2053/2980/2061
f 2023/2938/2040 1997/2940/2042 2053/2981/2061
f 2024/2982/2062 1777/2545/1825 1937/2836/1984
f 2025/2983/2063 1890/2597/1852 1968/2739/1927
f 1805/2601/1826 1940/2984/1957 2202/2985/2064
f 1853/2680/1898 1779/2679/1827 1890/2986/1852
f 2026/2987/1987 1630/2681/1678 1853/2680/1898
f 1740/2467/1786 1893/2746/1932 2027/2988/2065
f 1894/2748/1934 1668/2354/1713 2107/2948/2045
f 1862/2691/1904 1446/2239/1483 1894/2748/1934
f 1635/2298/1684 1508/2093/1553 1948/2852/1993
f 2081/2897/2022 1509/2159/1554 1477/2038/1518
f 2028/2989/2066 1706/2418/1756 1862/2691/1904
f 2029/2990/2067 1669/2355/1714 1635/2298/1684
f 2030/2991/2068 1863/2693/1905 1600/2244/1644
f 2206/2992/2069 1814/2558/1834 2207/2420/1758
f 2133/2792/1963 1671/2357/1716 2031/2993/2070
f 1866/2696/1908 1977/2899/2024 1602/2246/1646
f 2032/2994/2071 1381/1876/1413 2133/2792/1963
f 1977/2899/2024 1920/2793/1964 1673/2359/1718
f 2003/2995/2048 1898/2996/1937 1745/2997/1791
f 1816/2616/1861 2005/2954/1966 2087/2856/1996
f 2003/2998/2048 1978/2900/2025 2004/2700/1911
f 1978/2901/2025 2033/2999/2072 2061/2902/1965
f 2034/3000/2073 1979/2858/1998 1902/2760/1939
f 2035/3001/2074 1788/2565/1839 1639/2307/1688
f 2036/3002/2075 1714/2429/1763 1606/2254/1653
f 1752/2489/1799 1562/2184/1603 2037/3003/2076
f 2064/2906/2026 1642/2310/1689 1955/2861/2001
f 2037/3003/2076 1562/2184/1603 1906/2766/1943
f 2038/3004/2077 1608/2256/1655 1876/2711/1917
f 2038/3004/2077 1907/2767/1944 1608/2256/1655
f 1753/3005/1800 1720/2440/1768 1755/2493/1802
f 2039/3006/1968 1644/2571/1691 2011/2962/2051
f 1757/2496/1804 1981/2908/2028 1982/2909/2029
f 2012/2963/2052 1878/2713/1919 1759/2499/1806
f 1721/2442/1769 1957/2863/2003 2012/2963/2052
f 1927/2810/1973 1793/2573/1843 2040/3007/2078
f 1832/2637/1874 1879/2714/1920 1485/2052/1530
f 2094/2504/1809 2171/2964/2053 1691/2382/1734
f 1959/2865/2004 1724/2446/1772 1795/2578/1845
f 1884/2723/1924 2041/3008/2079 1929/2812/1921
f 1884/2723/1924 1961/2871/2009 2041/3008/2079
f 2169/2869/2007 2042/3009/2010 1840/2514/1814
f 2194/2916/2030 1762/2512/1812 1985/2387/1737
f 1833/2639/1876 1570/2195/1611 1912/2774/1951
f 1986/2918/2031 1651/2651/1699 1987/2920/2032
f 1962/2873/2011 2043/3010/2034 1990/2650/1883
f 1841/2653/1884 2014/3011/2054 1987/2920/2032
f 1988/2817/1975 2199/3012/2080 1964/2878/1976
f 2044/3013/2012 2045/3014/2081 2046/3015/1978
f 2013/2876/2013 1963/2875/1813 1886/3016/1925
f 2120/3017/2082 1934/3018/1981 2047/3019/1953
f 1988/2921/1975 1932/2819/1977 2199/3020/2080
f 2043/2926/2034 2048/3021/2083 1991/2927/1846
f 2016/3022/2055 1935/2829/1952 2313/3023/2084
f 1991/2927/1846 2048/3021/2083 1967/2882/2014
f 1889/2741/1928 1619/2273/1667 1936/3024/1983
f 1966/2884/2015 2049/3025/1985 1848/2779/1894
f 1996/3026/2041 2050/3027/2085 2289/3028/2086
f 2022/2975/2058 1700/2673/1749 1850/2674/1896
f 1995/2937/2039 2025/2983/2063 1968/2739/1927
f 1996/3029/2041 2023/3030/2040 2050/3031/2085
f 2023/3030/2040 2051/3032/2060 2050/3031/2085
f 2249/2935/2038 1537/2135/1582 2290/2742/1929
f 2052/3033/2059 2053/3034/2061 1997/3035/2042
f 2025/2983/2063 2103/3036/2087 1890/2597/1852
f 1938/2780/1954 2054/3037/2088 1803/2599/1853
f 2054/3037/2088 1974/2895/2020 1803/2599/1853
f 1942/2845/1989 1780/2550/1828 1974/2895/2020
f 1945/2848/1991 2055/3038/2089 1946/2849/1933
f 1861/2690/1903 2001/2949/2046 2056/3039/2090
f 1812/2612/1858 2057/3040/2091 1743/2474/1789
f 1812/2612/1858 1744/2475/1790 2058/3041/2092
f 2486/3042/2093 1919/2791/1962 1708/2421/1759
f 1672/2358/1717 2059/3043/2094 1815/2615/1860
f 1867/2697/1909 1951/2099/1557 2060/3044/2095
f 1636/2617/1685 2061/3045/1965 1817/2618/1862
f 1922/2564/1652 1787/2563/1838 2511/3046/2096
f 1637/2302/1687 2111/3047/2097 1787/2563/1838
f 2511/3048/2096 1823/2800/1867 1922/2799/1652
f 1953/2859/1999 2062/3049/2098 2006/2955/2049
f 1560/2178/1599 1875/2710/1916 1953/2859/1999
f 2063/3050/2099 1718/2436/1766 2064/3051/2026
f 1718/2436/1766 1719/2437/1767 2064/3051/2026
f 1678/2366/1723 2065/3052/2100 1905/2765/1942
f 2066/3053/2101 1754/2569/1801 1680/2369/1725
f 1907/2767/1944 2161/3054/2102 1756/3055/1803
f 1791/2570/1841 1983/2768/1945 2067/3056/2103
f 2068/3057/2104 1792/2572/1842 1877/2712/1918
f 1957/2863/2003 1831/2636/1873 2069/3058/2105
f 2070/3059/2106 1722/2443/1770 1926/2809/1972
f 1880/2717/1875 1929/2716/1921 2095/3060/2107
f 2071/3061/2108 2171/2964/2053 2094/2504/1809
f 1694/2388/1738 1837/2645/1880 1961/2871/2009
f 1837/2924/1880 1989/2923/2033 2220/3062/2109
f 2013/2965/2013 2120/3063/2082 1930/2813/1974
f 2015/2646/1881 2119/3064/2110 1649/2515/1697
f 2015/2646/1881 2045/3065/2081 2119/3064/2110
f 2046/3066/1978 2045/3065/2081 2015/2646/1881
f 2077/3067/1982 1964/3068/1976 2072/3069/2111
f 2199/3020/2080 1932/2819/1977 2101/2934/2037
f 1887/2663/1889 2073/3070/2112 2143/2657/1887
f 1936/3024/1983 2074/3071/2113 1889/2741/1928
f 1845/2664/1890 2075/3072/2114 2098/2534/1822
f 1935/2829/1952 2021/2973/2057 2313/3023/2084
f 1886/3016/1925 1736/2462/1783 2147/3073/2115
f 1847/2666/1892 2249/2935/2038 2076/3074/2116
f 1846/2831/1891 2077/3075/1982 1969/2888/2016
f 1996/3026/2041 2289/3028/2086 2052/3076/2059
f 1844/3077/1888 1973/2941/2019 2078/3078/2117
f 2079/3079/2118 2051/2978/2060 2053/2980/2061
f 1735/2461/1782 1972/2893/2018 1971/2892/2017
f 1805/2601/1826 2202/2985/2064 1939/2839/1986
f 1892/2745/1931 1891/2744/1930 2080/3080/2119
f 1740/2467/1786 2027/2988/2065 1916/2786/1958
f 1742/2850/1788 1975/3081/2021 1947/2851/1992
f 1859/2688/1902 2081/3082/2022 1975/2896/2021
f 1477/2038/1518 1896/2752/1935 2081/2897/2022
f 1669/2355/1714 2082/3083/2120 1810/2610/1856
f 1743/2474/1789 2030/2991/2068 1600/2244/1644
f 1743/2474/1789 2083/3084/2121 2030/2991/2068
f 1864/2694/1906 1950/2854/1995 1707/2419/1757
f 2083/3084/2121 1743/2474/1789 2057/3040/2091
f 1812/2612/1858 2058/3041/2092 2057/3040/2091
f 1708/2421/1759 1815/2615/1860 2486/3042/2093
f 1381/1876/1413 2032/2994/2071 1745/2476/1791
f 1951/2099/1557 2084/3085/1910 2085/3086/2122
f 1817/2618/1862 2059/3043/2094 1672/2358/1717
f 1710/2424/1761 2086/3087/2123 2002/2950/2047
f 2084/3085/1910 2087/3088/1996 2085/3086/2122
f 1677/2364/1722 2088/3089/2124 1557/2175/1597
f 1677/2364/1722 1559/2177/1598 2006/2955/2049
f 1904/2764/1764 2089/3090/2125 1826/2629/1869
f 1904/2764/1764 1718/2436/1766 2063/3050/2099
f 2010/2960/1967 2090/3091/2126 1679/2367/1724
f 1680/2369/1725 1905/2765/1942 2066/3053/2101
f 1753/3005/1800 1755/2493/1802 2115/3092/2127
f 1755/2493/1802 1980/2907/2027 2115/3092/2127
f 1754/2492/1801 2091/3093/2128 1923/2806/1969
f 2302/3094/2129 2039/2805/1968 2011/3095/2051
f 1923/2806/1969 2091/3093/2128 1981/2908/2028
f 1791/2570/1841 2067/3056/2103 1980/2907/2027
f 1756/2494/1803 2068/3057/2104 1877/2712/1918
f 1792/2572/1842 2068/3057/2104 1956/2862/2002
f 1878/2713/1919 2012/2963/2052 2011/2962/2051
f 1982/2910/2029 2092/3096/2130 1829/2634/1871
f 1760/2500/1807 1830/2635/1872 2093/3097/2131
f 2069/3058/2105 1831/2636/1873 1908/2770/1947
f 2094/3098/1809 1880/2717/1875 2071/3099/2108
f 1929/2812/1921 2041/3008/2079 2095/3100/2107
f 1962/2873/2011 2096/3101/2132 2043/3010/2034
f 1765/2518/1817 2097/3102/2133 1845/2664/1890
f 1967/2882/2014 2048/3021/2083 1995/3103/2039
f 1887/2663/1889 2098/3104/1822 2073/3070/2112
f 2022/2974/2058 2099/3105/2134 1966/2884/2015
f 1966/2884/2015 2099/3105/2134 2049/3025/1985
f 2049/3025/1985 2099/3105/2134 2100/3106/2135
f 1844/3077/1888 2078/3078/2117 2101/3107/2037
f 2049/3025/1985 2100/3106/2135 2102/3108/2136
f 1771/2459/1781 2049/2890/1985 2125/3109/2137
f 1736/2462/1783 1971/2892/2017 2147/3073/2115
f 1890/2986/1852 2103/3110/2087 1853/2680/1898
f 1915/2784/1955 2254/3111/2138 1806/2603/1854
f 1998/2943/2043 2104/3112/2139 1973/2941/2019
f 1916/2786/1958 2105/3113/2140 1852/2678/1897
f 1942/2845/1989 2106/3114/2141 1918/2789/1960
f 1999/2945/1961 2231/3115/2142 1943/2846/1990
f 2106/3116/2141 2107/3117/2045 1918/3118/1960
f 1784/2555/1754 1861/2690/1903 1999/2790/1961
f 1601/2245/1645 2108/3119/2143 2207/2420/1758
f 1671/2357/1716 1814/2614/1834 2031/2993/2070
f 1867/2697/1909 2060/3044/2095 2109/3120/2144
f 1710/2424/1761 1920/2793/1964 2086/3087/2123
f 1817/2618/1862 2061/3045/1965 2033/3121/2072
f 2087/2856/1996 2005/2954/1966 2134/3122/2145
f 1978/2901/2025 2110/3123/2146 2033/2999/2072
f 1637/2303/1687 1871/2706/1913 2111/3124/2097
f 2112/3125/2147 1639/2307/1688 1901/2905/1938
f 1557/2175/1597 2034/3126/2073 1902/2761/1939
f 1557/2175/1597 2088/3089/2124 2034/3126/2073
f 1750/2487/1798 2262/3127/2148 2008/2763/1941
f 2063/3050/2099 2089/3090/2125 1904/2764/1764
f 1828/2633/1870 2009/2959/2050 2113/3128/2149
f 1905/2765/1942 2065/3052/2100 2114/3129/2150
f 1906/2766/1943 2115/3130/2127 2037/3003/2076
f 1906/2766/1943 1753/2491/1800 2115/3130/2127
f 1756/2494/1803 2116/3131/2151 2068/3057/2104
f 1983/2911/1945 1760/2500/1807 2067/3132/2103
f 1908/2912/1947 1927/2810/1973 2117/3133/2152
f 1830/2635/1872 1684/2373/1728 2118/3134/2153
f 1684/2373/1728 1910/2772/1949 2118/3134/2153
f 1793/2573/1843 1959/2865/2004 2040/3007/2078
f 1985/2917/1737 1986/2918/2031 2194/3135/2030
f 1961/3136/2009 1837/2924/1880 2220/3062/2109
f 1649/2318/1697 2119/3137/2110 1912/2774/1951
f 1930/3138/1974 2120/3139/2082 2047/3140/1953
f 1987/2920/2032 2014/3011/2054 2121/3141/2154
f 2014/2966/2054 2142/2821/1979 2121/3142/2154
f 2045/3065/2081 2244/3143/2155 2119/3064/2110
f 2016/2968/2055 2122/3144/2156 1989/2923/2033
f 1765/2518/1817 2123/3145/2157 2097/3102/2133
f 2097/3102/2133 2075/3072/2114 1845/2664/1890
f 1936/2830/1983 2020/2972/2056 2074/3146/2113
f 2313/3023/2084 2124/3147/2158 2016/3022/2055
f 1992/2928/2035 1847/2666/1892 2076/3074/2116
f 1771/2532/1781 2125/3148/2137 2021/2973/2057
f 2050/3027/2085 2252/3149/2159 2289/3028/2086
f 1850/2674/1896 2126/3150/2160 2022/2975/2058
f 1939/2839/1986 2126/3150/2160 1850/2674/1896
f 2051/2978/2060 2079/3079/2118 2127/3151/2161
f 1777/2545/1825 2024/2982/2062 2128/3152/2162
f 1972/2893/2018 1852/2678/1897 2105/3113/2140
f 1914/2783/1956 2129/3153/2163 1891/2744/1930
f 2080/3080/2119 1917/2787/1959 1892/2745/1931
f 1945/2947/1991 2000/2946/2044 2055/3154/2089
f 1948/2852/1993 1946/2747/1933 2055/3154/2089
f 2001/3155/2046 1895/2751/1643 1863/2693/1905
f 1669/2355/1714 2029/2990/2067 2082/3083/2120
f 1896/2752/1935 1865/2695/1907 2130/3156/2164
f 1744/2475/1790 1976/2898/2023 2058/3041/2092
f 1813/2613/1859 2131/3157/2165 1512/2098/1556
f 1512/2098/1556 2131/3157/2165 1866/2696/1908
f 1897/2753/1936 1867/2697/1909 2109/3120/2144
f 2132/3158/2166 2032/3159/2071 2133/3160/1963
f 1951/2099/1557 2085/3086/2122 2060/3044/2095
f 2087/3088/1996 2383/3161/2167 2085/3086/2122
f 2003/2995/2048 2110/3162/2146 1978/3163/2025
f 1952/2857/1997 2134/3164/2145 2005/2798/1966
f 1824/2627/1521 1823/2626/1867 1872/2707/1914
f 1750/2487/1798 1873/2486/1797 2262/3127/2148
f 1875/2710/1916 1828/2633/1870 2135/3165/2168
f 1678/2366/1723 1954/2860/2000 2065/3052/2100
f 1643/2311/1690 2039/2805/1968 2136/3166/2169
f 2039/2805/1968 2302/3094/2129 2136/3166/2169
f 1754/2492/1801 2066/3167/2101 2091/3093/2128
f 2116/3131/2151 1956/2862/2002 2068/3057/2104
f 1829/2634/1871 2092/3096/2130 1925/2808/1971
f 1924/3168/1970 2137/3169/2170 1958/2864/1946
f 1910/2772/1949 1833/2639/1876 2138/3170/2171
f 1909/2771/1948 2139/3171/2172 1960/2870/2008
f 1911/3172/1950 2171/3173/2053 2140/3174/2173
f 1911/3172/1950 2140/3174/2173 2044/3175/2012
f 1833/2639/1876 1912/2774/1951 2141/3176/2174
f 2122/3144/2156 2016/2968/2055 2124/3177/2158
f 2142/3178/1979 2143/3179/1887 2144/3180/2175
f 2073/3070/2112 2144/3181/2175 2143/2657/1887
f 2098/3104/1822 2075/3182/2114 2073/3070/2112
f 1886/3016/1925 2147/3073/2115 2145/3183/2176
f 1994/2933/2036 2295/3184/2177 1937/2836/1984
f 1971/3185/2017 2146/3186/2178 2147/3187/2115
f 2051/3188/2060 2127/3189/2161 2148/3190/2179
f 2053/3034/2061 2177/3191/2180 2079/3192/2118
f 1973/2941/2019 2104/3112/2139 2078/3078/2117
f 1777/2545/1825 2149/3193/2181 1914/2783/1956
f 1998/2943/2043 2150/3194/2182 2104/3112/2139
f 1891/2744/1930 2151/3195/2183 2080/3080/2119
f 1998/2943/2043 1943/2944/1990 2150/3194/2182
f 1943/2944/1990 2231/3196/2142 2150/3194/2182
f 2000/2946/2044 1917/2787/1959 2152/3197/2184
f 1893/2746/1932 1947/2851/1992 2153/3198/2185
f 2055/3154/2089 2154/3199/2186 1948/2852/1993
f 1948/2852/1993 2154/3199/2186 1635/2298/1684
f 1601/2245/1645 2155/3200/2187 2108/3119/2143
f 1866/2696/1908 2156/3201/2188 1977/2899/2024
f 2059/3043/2094 2157/3202/2189 1815/2615/1860
f 2087/2856/1996 2134/3122/2145 2383/3203/2167
f 1787/2563/1838 2111/3047/2097 2511/3046/2096
f 1677/2364/1722 2006/2955/2049 2088/3089/2124
f 1872/2707/1914 2187/3204/2190 1873/2708/1797
f 1606/2254/1653 2158/3205/2191 2036/3002/2075
f 1873/2486/1797 2159/3206/2192 2262/3127/2148
f 1875/2710/1916 2135/3165/2168 1953/2859/1999
f 2063/3050/2099 2160/3207/2193 2089/3090/2125
f 1643/2311/1690 2136/3166/2169 1955/3208/2001
f 2161/3209/2102 2116/3131/2151 1756/2494/1803
f 2162/3210/2194 2070/3059/2106 1926/2809/1972
f 1722/2443/1770 2163/3211/2195 1832/2637/1874
f 1909/2771/1948 1687/2376/1730 2164/3212/2196
f 1832/2637/1874 2165/3213/2197 1879/2714/1920
f 1833/2639/1876 2166/3214/2198 2138/3170/2171
f 2265/3215/2006 2167/3216/2199 2533/3217/2200
f 2265/3215/2006 2168/3218/1922 2167/3216/2199
f 1833/2639/1876 2141/3176/2174 2166/3214/2198
f 2041/3219/2079 1961/3136/2009 2416/3220/2201
f 2042/3221/2010 2169/3222/2007 2469/3223/2202
f 2042/3221/2010 2469/3223/2202 2170/3224/2203
f 2171/3225/2053 2172/3226/2204 2140/3227/2173
f 2042/3221/2010 2170/3224/2203 1962/3228/2011
f 1989/2923/2033 2173/3229/2205 2220/3062/2109
f 2013/2965/2013 2174/3230/2206 2120/3063/2082
f 2013/2876/2013 1886/3016/1925 2174/3231/2206
f 2021/2973/2057 2175/3232/2207 2313/3023/2084
f 2022/2974/2058 2288/3233/2208 2099/3105/2134
f 2099/3105/2134 2288/3233/2208 2100/3106/2135
f 2101/3107/2037 2078/3078/2117 2227/3234/2209
f 2295/3184/2177 2024/2982/2062 1937/2836/1984
f 2052/3033/2059 2176/3235/2210 2053/3034/2061
f 2176/3235/2210 2177/3191/2180 2053/3034/2061
f 2079/3079/2118 2177/3236/2180 2127/3151/2161
f 2178/3237/2211 2146/3186/2178 1971/3185/2017
f 2254/3111/2138 1940/2843/1957 1806/2603/1854
f 1916/2786/1958 2027/2988/2065 2179/3238/2212
f 2180/3239/2213 2179/3238/2212 2027/2988/2065
f 1999/2790/1961 1861/2690/1903 2181/3240/2214
f 2000/2946/2044 2182/3241/2215 2055/3154/2089
f 1861/2690/1903 2056/3039/2090 2181/3240/2214
f 1947/2851/1992 1975/3081/2021 2183/3242/2216
f 1706/2418/1756 2028/2989/2066 1949/2853/1994
f 1863/2693/1905 2030/2991/2068 2184/3243/2217
f 1810/2610/1856 2155/3200/2187 1601/2245/1645
f 1977/2899/2024 2185/3244/2218 1920/2793/1964
f 1745/2476/1791 2032/2994/2071 2210/3245/2219
f 1817/2618/1862 2186/3246/2220 2059/3043/2094
f 2187/3247/2190 2159/3206/2192 1873/2486/1797
f 1752/2489/1799 2037/3003/2076 2009/2959/2050
f 1876/2711/1917 2188/3248/2221 2038/3004/2077
f 1981/2908/2028 2091/3093/2128 2189/3249/2222
f 2116/3131/2151 2190/3250/2223 1956/2862/2002
f 1981/2908/2028 2350/3251/2224 1982/2909/2029
f 1957/2863/2003 2191/3252/2225 2012/2963/2052
f 2069/3058/2105 2305/3253/2226 1957/2863/2003
f 1925/2808/1971 2162/3210/2194 1926/2809/1972
f 2069/3254/2105 1908/2912/1947 2192/3255/2227
f 2093/3097/2131 1830/2635/1872 2193/3256/2228
f 1958/2864/1946 2164/3212/2196 1687/2376/1730
f 2070/3059/2106 2163/3211/2195 1722/2443/1770
f 1927/2810/1973 2040/3007/2078 2117/3133/2152
f 2164/3212/2196 2139/3171/2172 1909/2771/1948
f 2071/3099/2108 1880/2717/1875 2095/3060/2107
f 2168/3257/1922 2194/3258/2030 2167/3259/2199
f 2194/3260/2030 2195/3261/2229 2167/3262/2199
f 1961/3136/2009 2220/3062/2109 2416/3220/2201
f 2194/3135/2030 1986/2918/2031 2218/3263/2230
f 1987/2920/2032 2196/3264/2231 1986/2918/2031
f 1697/2391/1741 1992/2928/2035 1795/2578/1845
f 1835/2643/1879 2197/3265/2232 2018/2823/1980
f 1886/3016/1925 2198/3266/2233 2174/3231/2206
f 2018/2823/1980 2197/3265/2232 2020/2972/2056
f 2073/3070/2112 2075/3182/2114 2363/3267/2234
f 2120/3268/2082 2271/3269/2235 1934/2826/1981
f 1934/2826/1981 2271/3269/2235 1994/2933/2036
f 2101/3107/2037 2227/3234/2209 2199/3270/2080
f 2077/3075/1982 2072/3271/2111 1969/2888/2016
f 2052/3076/2059 2289/3028/2086 2250/3272/2236
f 2249/2935/2038 2290/2742/1929 2291/3273/2237
f 2126/3150/2160 2288/3274/2208 2022/2975/2058
f 2250/3275/2236 2176/3235/2210 2052/3033/2059
f 2102/3276/2136 2125/3109/2137 2049/2890/1985
f 1802/2593/1851 2200/3277/2238 1915/2781/1955
f 2201/3278/2239 2054/3037/2088 1938/2780/1954
f 2254/3279/2138 2202/3280/2064 1940/3281/1957
f 1853/2680/1898 2651/3282/2240 2026/2987/1987
f 1971/2892/2017 1972/2893/2018 2178/3283/2211
f 2105/3113/2140 2203/3284/2241 1972/2893/2018
f 1891/2744/1930 2129/3153/2163 2151/3195/2183
f 1916/2786/1958 2179/3238/2212 2105/3113/2140
f 1942/2845/1989 2204/3285/2242 2106/3114/2141
f 2027/2988/2065 1893/2746/1932 2153/3198/2185
f 1947/2851/1992 2183/3242/2216 2153/3198/2185
f 2182/3241/2215 2154/3199/2186 2055/3154/2089
f 1809/2609/1855 1949/2853/1994 2205/3286/2243
f 1809/2609/1855 2205/3286/2243 1864/2694/1906
f 2108/3287/2143 2206/3288/2069 2207/3289/1758
f 1551/2167/1592 2208/3290/2244 1811/2611/1857
f 2131/3157/2165 2209/3291/2245 1866/2696/1908
f 2133/2792/1963 2031/2993/2070 2132/3292/2166
f 1920/2793/1964 2185/3244/2218 2086/3087/2123
f 2327/3293/2246 2186/3246/2220 1817/2618/1862
f 1745/2997/1791 2210/3294/2219 2110/3162/2146
f 1745/2997/1791 2110/3162/2146 2003/2995/2048
f 2033/3121/2072 2327/3293/2246 1817/2618/1862
f 2002/2950/2047 2134/3164/2145 1952/2857/1997
f 1825/2628/1868 2211/3295/2247 1871/2706/1913
f 2089/3090/2125 2347/3296/2248 1826/2629/1869
f 1828/2633/1870 2113/3128/2149 2135/3165/2168
f 1827/3297/1765 2212/3298/2249 2010/3299/1967
f 2064/3051/2026 2213/3300/2250 2063/3050/2099
f 2064/2906/2026 1955/2861/2001 2263/3301/2251
f 2038/3004/2077 2161/3054/2102 1907/2767/1944
f 2115/3092/2127 1980/2907/2027 2214/3302/2252
f 2066/3167/2101 2189/3249/2222 2091/3093/2128
f 2067/3056/2103 2240/3303/2253 1980/2907/2027
f 1760/2500/1807 2093/3097/2131 2067/3132/2103
f 1956/2862/2002 2215/3304/2254 1924/2807/1970
f 2092/3096/2130 2216/3305/2255 1925/2808/1971
f 2216/3305/2255 2162/3210/2194 1925/2808/1971
f 1924/3168/1970 2217/3306/2256 2137/3169/2170
f 1984/2915/2005 2242/3307/2257 2169/3308/2007
f 2194/3309/2030 2218/3310/2230 2195/3311/2229
f 1960/2870/2008 2219/3312/2258 1765/2518/1817
f 2220/3313/2109 2173/3314/2205 2221/3315/2259
f 1962/2873/2011 2222/3316/2260 2096/3101/2132
f 1987/2920/2032 2121/3141/2154 2196/3264/2231
f 1989/2923/2033 2223/3317/2261 2173/3229/2205
f 1835/2643/1879 2311/3318/2262 2197/3265/2232
f 2122/3144/2156 2224/3319/2263 2223/3317/2261
f 1989/2923/2033 2122/3144/2156 2223/3317/2261
f 2043/2926/2034 2096/3320/2132 2048/3021/2083
f 2199/3012/2080 2226/3321/2264 1964/2878/1976
f 2097/3102/2133 2246/3322/2265 2075/3072/2114
f 2073/3070/2112 2225/3323/2266 2144/3181/2175
f 2197/3265/2232 2074/3146/2113 2020/2972/2056
f 2226/3324/2264 2199/3325/2080 2227/3326/2209
f 1995/3103/2039 2048/3021/2083 2449/3327/2267
f 2074/3071/2113 2228/3328/2268 1889/2741/1928
f 2250/3275/2236 2291/3329/2237 2176/3235/2210
f 1889/2741/1928 2228/3328/2268 2200/3277/2238
f 2288/3233/2208 2476/3330/2269 2100/3106/2135
f 1889/2741/1928 2200/3277/2238 1802/2593/1851
f 2127/3331/2161 2177/3332/2180 2148/3333/2179
f 1939/2839/1986 2202/2985/2064 2126/3150/2160
f 1702/2410/1751 2026/2841/1987 2229/3334/2270
f 1777/2545/1825 2128/3152/2162 2149/3193/2181
f 1972/2893/2018 2203/3284/2241 2178/3283/2211
f 1974/2895/2020 2230/3335/2271 1942/2845/1989
f 2231/3336/2142 1999/3337/1961 2232/3338/2272
f 2181/3240/2214 2232/3339/2272 1999/2790/1961
f 1975/3081/2021 2233/3340/2273 2183/3242/2216
f 2081/2897/2022 2233/3340/2273 1975/3081/2021
f 1635/2298/1684 2154/3199/2186 2029/2990/2067
f 2206/3288/2069 2234/3341/2274 1814/2614/1834
f 1815/2615/1860 2235/3342/2275 2486/3042/2093
f 2132/3158/2166 2236/3343/2276 2032/3159/2071
f 2002/2950/2047 2086/3087/2123 2237/3344/2277
f 1979/2904/1998 2112/3125/2147 1901/2905/1938
f 1639/2307/1688 2238/3345/2278 2035/3001/2074
f 2211/3295/2247 1825/2628/1868 1874/2709/1915
f 1788/2565/1839 2158/3205/2191 1606/2254/1653
f 1874/2709/1915 1903/2762/1940 2239/3346/2279
f 1714/2429/1763 2036/3002/2075 1954/2860/2000
f 2160/3207/2193 2063/3050/2099 2213/3300/2250
f 2213/3347/2250 2064/2906/2026 2263/3301/2251
f 2240/3348/2253 2067/3132/2103 2241/3349/2280
f 2012/2963/2052 2191/3252/2225 2011/2962/2051
f 2067/3132/2103 2093/3097/2131 2241/3349/2280
f 1957/2863/2003 2305/3253/2226 2191/3252/2225
f 2193/3256/2228 1830/2635/1872 2118/3134/2153
f 2171/3173/2053 2071/3350/2108 2266/3351/2281
f 2169/3222/2007 2242/3352/2257 2469/3223/2202
f 1962/3228/2011 2170/3224/2203 2222/3353/2260
f 1879/2714/1920 2243/3354/2282 1931/2814/1878
f 2218/3263/2230 1986/2918/2031 2196/3264/2231
f 2045/3014/2081 2044/3013/2012 2244/3355/2155
f 1964/2878/1976 2226/3321/2264 2337/3356/2283
f 2096/3320/2132 2449/3327/2267 2048/3021/2083
f 2122/3144/2156 2245/3357/2284 2224/3319/2263
f 2124/3177/2158 2245/3357/2284 2122/3144/2156
f 2075/3182/2114 2246/3358/2265 2363/3267/2234
f 2076/3074/2116 2247/3359/2285 1992/2928/2035
f 2074/3071/2113 2273/3360/2286 2228/3328/2268
f 1886/3016/1925 2145/3183/2176 2198/3266/2233
f 2252/3149/2159 2248/3361/2287 2289/3028/2086
f 2249/3362/2038 2291/3363/2237 2250/3364/2236
f 2050/3031/2085 2251/3365/2288 2252/3366/2159
f 2252/3366/2159 2251/3365/2288 2248/3367/2287
f 1938/2780/1954 1969/2888/2016 2201/3278/2239
f 2146/3368/2178 2145/3183/2176 2147/3073/2115
f 2051/3369/2060 2148/3370/2179 2294/3371/2289
f 2176/3235/2210 2253/3372/2290 2177/3191/2180
f 2200/3277/2238 2254/3373/2138 1915/2781/1955
f 1914/2783/1956 2149/3193/2181 2129/3153/2163
f 2150/3194/2182 2255/3374/2291 2104/3112/2139
f 2105/3113/2140 2256/3375/2292 2203/3284/2241
f 2105/3113/2140 2179/3238/2212 2256/3375/2292
f 2230/3335/2271 2204/3285/2242 1942/2845/1989
f 2107/2948/2045 2257/3376/2293 1894/2748/1934
f 1896/2752/1935 2130/3156/2164 2258/3377/2294
f 2057/3040/2091 2259/3378/2295 2083/3084/2121
f 1813/2613/1859 2260/3379/2296 2131/3157/2165
f 1815/2615/1860 2157/3202/2189 2235/3342/2275
f 1977/2899/2024 2261/3380/2297 2185/3244/2218
f 2060/3044/2095 2085/3086/2122 2461/3381/2298
f 1871/2706/1913 2346/3382/2299 2111/3124/2097
f 1826/2629/1869 2347/3296/2248 1903/2762/1940
f 2008/2957/1941 2262/3383/2148 1827/2958/1765
f 1827/3297/1765 2262/3384/2148 2212/3298/2249
f 2010/2960/1967 2212/3385/2249 2090/3091/2126
f 1954/2860/2000 2604/3386/2300 2065/3052/2100
f 1876/2711/1917 1679/2367/1724 2188/3248/2221
f 1955/3208/2001 2136/3166/2169 2263/3387/2251
f 1905/2765/1942 2114/3129/2150 2066/3053/2101
f 2214/3302/2252 1980/2907/2027 2240/3303/2253
f 2215/3388/2254 2217/3306/2256 1924/3168/1970
f 1958/2864/1946 2137/3169/2170 2164/3212/2196
f 2040/3007/2078 2264/3389/2301 2117/3133/2152
f 2265/3390/2006 2533/3391/2200 2242/3392/2257
f 2265/2914/2006 2242/3307/2257 1984/2915/2005
f 2139/3171/2172 2219/3312/2258 1960/2870/2008
f 2095/3060/2107 2266/3393/2281 2071/3099/2108
f 2416/3220/2201 2267/3394/2302 2041/3219/2079
f 1765/2518/1817 2219/3312/2258 2123/3145/2157
f 2220/3313/2109 2221/3315/2259 2416/3395/2201
f 1912/2774/1951 2268/3396/2303 2141/3176/2174
f 1912/2774/1951 2119/3137/2110 2269/3397/2304
f 2121/3141/2154 2142/3178/1979 2270/3398/2305
f 2271/3399/2235 2120/3063/2082 2174/3230/2206
f 2144/3181/2175 2225/3323/2266 2272/3400/2306
f 2197/3265/2232 2273/3401/2286 2074/3146/2113
f 2073/3070/2112 2363/3267/2234 2225/3323/2266
f 2124/3147/2158 2313/3023/2084 2245/3402/2284
f 2271/3269/2235 2274/3403/2307 1994/2933/2036
f 2250/3404/2236 2275/3405/2308 2249/2935/2038
f 2289/3028/2086 2248/3361/2287 2546/3406/2309
f 2288/3407/2208 2126/3408/2160 2316/3409/2310
f 2294/3371/2289 2148/3370/2179 2276/3410/2311
f 2290/2742/1929 1702/2410/1751 2229/3334/2270
f 2024/3411/2062 2369/3412/2312 2128/3413/2162
f 2078/3078/2117 2104/3112/2139 2277/3414/2313
f 2202/3415/2064 2254/3416/2138 2504/3417/2314
f 1853/2680/1898 2278/3418/2315 2651/3282/2240
f 1974/2895/2020 2054/3037/2088 2230/3335/2271
f 2180/3239/2213 2256/3375/2292 2179/3238/2212
f 2231/3196/2142 2279/3419/2316 2150/3194/2182
f 2080/3080/2119 2152/3197/2184 1917/2787/1959
f 2180/3239/2213 2027/2988/2065 2280/3420/2317
f 2027/2988/2065 2153/3198/2185 2280/3420/2317
f 1894/2748/1934 2257/3376/2293 1862/2691/1904
f 1896/2752/1935 2233/3340/2273 2081/2897/2022
f 1919/2791/1962 2208/3290/2244 1551/2167/1592
f 1976/2898/2023 1897/2753/1936 2281/3421/2318
f 1897/2753/1936 2109/3120/2144 2281/3421/2318
f 2059/3043/2094 2282/3422/2319 2157/3202/2189
f 2210/3245/2219 2032/2994/2071 2236/3423/2276
f 2237/3344/2277 2134/3164/2145 2002/2950/2047
f 2090/3091/2126 2283/3424/2320 1679/2367/1724
f 1981/2908/2028 2189/3249/2222 2350/3251/2224
f 2190/3250/2223 2215/3304/2254 1956/2862/2002
f 2193/3256/2228 2284/3425/2321 2093/3097/2131
f 2163/3211/2195 2285/3426/2322 1832/2637/1874
f 2095/3060/2107 2267/3427/2302 2266/3393/2281
f 2095/3428/2107 2041/3219/2079 2267/3394/2302
f 2266/3351/2281 2172/3429/2204 2171/3173/2053
f 1912/2774/1951 2269/3397/2304 2268/3396/2303
f 1835/2643/1879 1931/2642/1878 2311/3318/2262
f 2196/3264/2231 2121/3141/2154 2270/3398/2305
f 2223/3317/2261 2224/3319/2263 2286/3430/2323
f 2144/3180/2175 2270/3398/2305 2142/3178/1979
f 2144/3180/2175 2272/3431/2306 2270/3398/2305
f 2175/3432/2207 2288/3407/2208 2316/3409/2310
f 2175/3433/2207 2287/3434/2324 2288/3435/2208
f 2289/3436/2086 2546/3437/2309 2275/3438/2308
f 2289/3028/2086 2275/3439/2308 2250/3272/2236
f 2290/3440/1929 2395/3441/2325 2291/3442/2237
f 2288/3435/2208 2287/3434/2324 2476/3443/2269
f 2274/3403/2307 2292/3444/2326 2295/3184/2177
f 1995/2937/2039 2312/3445/2327 2025/2983/2063
f 2050/3031/2085 2051/3032/2060 2251/3365/2288
f 2291/3329/2237 2253/3372/2290 2176/3235/2210
f 2290/2742/1929 2229/3334/2270 2395/3446/2325
f 2476/3330/2269 2293/3447/2328 2100/3106/2135
f 2051/3032/2060 2294/3448/2289 2251/3365/2288
f 2148/3449/2179 2315/3450/2329 2276/3451/2311
f 2177/3452/2180 2315/3453/2329 2148/3454/2179
f 2295/3455/2177 2292/3456/2326 2024/3411/2062
f 2024/3411/2062 2292/3456/2326 2369/3412/2312
f 2025/2983/2063 2296/3457/2330 2103/3036/2087
f 2126/3150/2160 2202/2985/2064 2297/3458/2331
f 2178/3237/2211 2373/3459/2332 2146/3186/2178
f 2178/3237/2211 2203/3460/2241 2373/3459/2332
f 2203/3284/2241 2256/3375/2292 2298/3461/2333
f 2151/3195/2183 2299/3462/2334 2080/3080/2119
f 2231/3196/2142 2232/3339/2272 2279/3419/2316
f 2152/3197/2184 2182/3241/2215 2000/2946/2044
f 1863/2693/1905 2184/3243/2217 2001/3155/2046
f 1864/2694/1906 2205/3286/2243 1950/2854/1995
f 1950/2854/1995 2260/3379/2296 1813/2613/1859
f 2206/3288/2069 2300/3463/2335 2234/3341/2274
f 2031/2993/2070 1814/2614/1834 2234/3341/2274
f 1866/2696/1908 2209/3291/2245 2156/3201/2188
f 1977/2899/2024 2156/3201/2188 2261/3380/2297
f 2210/3245/2219 2236/3423/2276 2435/3464/2336
f 2110/3123/2146 2345/3465/2337 2033/2999/2072
f 1872/2707/1914 2301/3466/2338 2187/3204/2190
f 1679/2367/1724 2283/3424/2320 2188/3248/2221
f 2115/3092/2127 2214/3302/2252 2037/3467/2076
f 2302/3468/2129 2011/2962/2051 2303/3469/2339
f 1982/2910/2029 2304/3470/2340 2092/3096/2130
f 2069/3254/2105 2192/3255/2227 2305/3471/2226
f 2093/3097/2131 2284/3425/2321 2306/3472/2341
f 1908/2912/1947 2117/3133/2152 2192/3255/2227
f 1795/2578/1845 2307/3473/2342 1959/2865/2004
f 2222/3353/2260 2308/3474/2343 2309/3475/2344
f 2140/3174/2173 2310/3476/2345 2044/3175/2012
f 2243/3354/2282 2311/3477/2262 1931/2814/1878
f 2222/3316/2260 2355/3478/2346 2096/3101/2132
f 2310/3479/2345 2446/3480/2347 2044/3481/2012
f 2044/3013/2012 2446/3482/2347 2244/3355/2155
f 2119/3064/2110 2244/3143/2155 2521/3483/2348
f 2449/3327/2267 2312/3484/2327 1995/3103/2039
f 2245/3485/2284 2313/3486/2084 2175/3487/2207
f 1994/2933/2036 2274/3403/2307 2295/3184/2177
f 2546/3437/2309 2547/3488/2349 2275/3438/2308
f 2291/3329/2237 2314/3489/2350 2253/3372/2290
f 2315/3490/2329 2177/3491/2180 2253/3492/2290
f 2126/3150/2160 2297/3458/2331 2316/3493/2310
f 2078/3078/2117 2317/3494/2351 2227/3234/2209
f 2276/3495/2311 2339/3496/2352 2294/3497/2289
f 2026/2841/1987 2318/3498/2353 2229/3334/2270
f 2254/3416/2138 2370/3499/2354 2504/3417/2314
f 2183/3242/2216 2319/3500/2355 2153/3198/2185
f 2182/3241/2215 2320/3501/2356 2154/3199/2186
f 2233/3340/2273 1896/2752/1935 2258/3377/2294
f 2029/2990/2067 2321/3502/2357 2082/3083/2120
f 1865/2695/1907 2322/3503/2358 2130/3156/2164
f 1811/2611/1857 2322/3503/2358 1865/2695/1907
f 2323/3504/2359 1919/2791/1962 2486/3042/2093
f 2109/3120/2144 2324/3505/2360 2325/3506/2361
f 2132/3158/2166 2433/3507/2362 2236/3343/2276
f 2324/3505/2360 2109/3120/2144 2060/3044/2095
f 2059/3043/2094 2186/3246/2220 2282/3422/2319
f 2461/3508/2298 2085/3509/2122 2383/3510/2167
f 2383/3511/2167 2134/3512/2145 2326/3513/2363
f 2033/2999/2072 2345/3465/2337 2327/3514/2246
f 2112/3125/2147 2238/3345/2278 1639/2307/1688
f 2088/3089/2124 2006/2955/2049 2328/3515/2364
f 2188/3248/2221 2161/3054/2102 2038/3004/2077
f 2240/3303/2253 2387/3516/2365 2214/3302/2252
f 2161/3209/2102 2329/3517/2366 2116/3131/2151
f 2116/3131/2151 2329/3517/2366 2190/3250/2223
f 2240/3348/2253 2241/3349/2280 2330/3518/2367
f 2304/3470/2340 2216/3305/2255 2092/3096/2130
f 2216/3305/2255 2331/3519/2368 2162/3210/2194
f 1910/2772/1949 2138/3170/2171 2118/3134/2153
f 1832/2637/1874 2285/3426/2322 2165/3213/2197
f 2165/3213/2197 2332/3520/2369 1879/2714/1920
f 2166/3214/2198 2141/3176/2174 2333/3521/2370
f 2218/3310/2230 2334/3522/2371 2195/3311/2229
f 2221/3523/2259 2335/3524/2372 2416/3220/2201
f 2170/3224/2203 2308/3474/2343 2222/3353/2260
f 2218/3263/2230 2196/3264/2231 2470/3525/2373
f 2221/3523/2259 2173/3229/2205 2335/3524/2372
f 2174/3230/2206 2360/3526/2374 2271/3399/2235
f 2174/3230/2206 2198/3527/2233 2360/3526/2374
f 2245/3357/2284 2336/3528/2375 2224/3319/2263
f 1964/3068/1976 2337/3529/2283 2072/3069/2111
f 2363/3267/2234 2362/3530/2376 2225/3323/2266
f 2125/3109/2137 2102/3276/2136 2453/3531/2377
f 2312/3445/2327 2296/3457/2330 2025/2983/2063
f 2338/3532/2378 2294/3448/2289 2339/3533/2352
f 2277/3414/2313 2317/3494/2351 2078/3078/2117
f 2340/3534/2379 2054/3037/2088 2201/3278/2239
f 2103/3110/2087 2278/3418/2315 1853/2680/1898
f 2399/3535/2380 2149/3193/2181 2128/3152/2162
f 2149/3193/2181 2399/3535/2380 2129/3153/2163
f 2280/3420/2317 2153/3198/2185 2319/3500/2355
f 2341/3536/2381 2154/3199/2186 2320/3501/2356
f 2028/2989/2066 1862/2691/1904 2342/3537/2382
f 2341/3536/2381 2029/2990/2067 2154/3199/2186
f 2322/3503/2358 1811/2611/1857 2208/3290/2244
f 2058/3041/2092 1976/2898/2023 2343/3538/2383
f 2344/3539/2384 2132/3292/2166 2031/2993/2070
f 2281/3421/2318 2109/3120/2144 2325/3506/2361
f 2345/3540/2337 2110/3162/2146 2210/3294/2219
f 2326/3541/2363 2134/3164/2145 2237/3344/2277
f 2510/3542/2385 2511/3046/2096 2111/3047/2097
f 2510/3542/2385 2111/3047/2097 2346/3543/2299
f 2487/3544/2386 1823/2800/1867 2511/3048/2096
f 2211/3295/2247 2346/3382/2299 1871/2706/1913
f 2436/3545/2387 2262/3127/2148 2159/3206/2192
f 2347/3546/2248 2089/3547/2125 2348/3548/2388
f 2349/3549/2389 2160/3207/2193 2213/3300/2250
f 2114/3129/2150 2065/3052/2100 2604/3386/2300
f 2303/3469/2339 2011/2962/2051 2191/3252/2225
f 2304/3470/2340 1982/2910/2029 2350/3550/2224
f 2193/3256/2228 2118/3134/2153 2351/3551/2390
f 2352/3552/2391 1959/2865/2004 2307/3473/2342
f 2469/3223/2202 2353/3553/2392 2170/3224/2203
f 2494/3554/2393 2195/3261/2229 2334/3555/2371
f 2333/3521/2370 2141/3176/2174 2268/3396/2303
f 2354/3556/2394 2123/3145/2157 2219/3312/2258
f 2309/3475/2344 2355/3557/2346 2222/3353/2260
f 2570/3558/2395 2173/3229/2205 2223/3317/2261
f 2470/3525/2373 2196/3264/2231 2356/3559/2396
f 2357/3560/2397 2096/3101/2132 2355/3478/2346
f 2223/3317/2261 2286/3430/2323 2569/3561/2398
f 2356/3559/2396 2196/3264/2231 2270/3398/2305
f 2446/3482/2347 2521/3562/2348 2244/3355/2155
f 2360/3526/2374 2198/3527/2233 2358/3563/2399
f 2359/3564/2400 2271/3269/2235 2360/3565/2374
f 2361/3566/2401 2273/3401/2286 2197/3265/2232
f 2359/3564/2400 2274/3403/2307 2271/3269/2235
f 2362/3567/2376 2363/3568/2234 2246/3322/2265
f 2245/3569/2284 2175/3432/2207 2316/3409/2310
f 2076/3074/2116 2249/2935/2038 2275/3405/2308
f 2364/3570/2402 2546/3406/2309 2248/3361/2287
f 2395/3441/2325 2314/3571/2350 2291/3442/2237
f 2248/3367/2287 2251/3365/2288 2364/3572/2402
f 2365/3573/2403 2292/3444/2326 2274/3403/2307
f 2366/3574/2404 2315/3575/2329 2253/3576/2290
f 2315/3450/2329 2367/3577/2405 2276/3451/2311
f 2292/3444/2326 2368/3578/2406 2369/3579/2312
f 2276/3451/2311 2367/3577/2405 2339/3580/2352
f 2200/3277/2238 2370/3581/2354 2254/3373/2138
f 2146/3368/2178 2371/3582/2407 2145/3183/2176
f 2202/2985/2064 2504/3583/2314 2297/3458/2331
f 2146/3368/2178 2372/3584/2408 2371/3582/2407
f 2104/3112/2139 2255/3374/2291 2277/3414/2313
f 2146/3368/2178 2373/3585/2332 2372/3584/2408
f 2428/3586/2409 2373/3459/2332 2203/3460/2241
f 2298/3587/2333 2428/3586/2409 2203/3460/2241
f 2151/3195/2183 2374/3588/2410 2299/3462/2334
f 2256/3375/2292 2375/3589/2411 2298/3461/2333
f 2180/3239/2213 2375/3589/2411 2256/3375/2292
f 2080/3080/2119 2299/3462/2334 2152/3197/2184
f 2279/3419/2316 2232/3339/2272 2376/3590/2412
f 2257/3376/2293 2107/2948/2045 2106/3114/2141
f 2232/3339/2272 2181/3240/2214 2376/3590/2412
f 1949/2853/1994 2377/3591/2413 2205/3286/2243
f 2082/3083/2120 2155/3200/2187 1810/2610/1856
f 2378/3592/2414 2155/3200/2187 2082/3083/2120
f 2130/3156/2164 2322/3503/2358 2379/3593/2415
f 2281/3421/2318 2343/3538/2383 1976/2898/2023
f 2380/3594/2416 2031/2993/2070 2234/3341/2274
f 2381/3595/2417 2236/3343/2276 2433/3507/2362
f 2261/3380/2297 2382/3596/2418 2185/3244/2218
f 2324/3505/2360 2060/3044/2095 2462/3597/2419
f 2461/3381/2298 2462/3597/2419 2060/3044/2095
f 2185/3244/2218 2382/3596/2418 2086/3087/2123
f 2461/3598/2298 2383/3599/2167 2403/3600/2420
f 2384/3601/2421 2237/3344/2277 2086/3087/2123
f 1874/2709/1915 2239/3346/2279 2385/3602/2422
f 2262/3384/2148 2754/3603/2423 2212/3298/2249
f 2263/3387/2251 2136/3166/2169 2386/3604/2424
f 2387/3605/2365 2240/3348/2253 2330/3518/2367
f 2331/3519/2368 2388/3606/2425 2162/3210/2194
f 2192/3255/2227 2117/3133/2152 2389/3607/2426
f 2162/3210/2194 2388/3606/2425 2070/3059/2106
f 2388/3606/2425 2163/3211/2195 2070/3059/2106
f 2264/3389/2301 2040/3007/2078 2390/3608/2427
f 2533/3609/2200 2167/3610/2199 2412/3611/2428
f 2167/3262/2199 2195/3261/2229 2494/3554/2393
f 2242/3352/2257 2391/3612/2429 2469/3223/2202
f 2332/3520/2369 2243/3354/2282 1879/2714/1920
f 2353/3553/2392 2308/3474/2343 2170/3224/2203
f 1795/2578/1845 2392/3613/2430 2307/3473/2342
f 2269/3614/2304 2119/3064/2110 2521/3483/2348
f 1795/2578/1845 1992/2928/2035 2247/3359/2285
f 2311/3318/2262 2361/3566/2401 2197/3265/2232
f 2198/3266/2233 2145/3183/2176 2393/3615/2431
f 2337/3529/2283 2394/3616/2432 2072/3069/2111
f 2395/3617/2325 2423/3618/2433 2314/3619/2350
f 2396/3620/2434 2365/3573/2403 2274/3403/2307
f 2294/3448/2289 2397/3621/2435 2251/3365/2288
f 2651/3622/2240 2318/3498/2353 2026/2841/1987
f 2369/3412/2312 2398/3623/2436 2128/3413/2162
f 2398/3623/2436 2399/3624/2380 2128/3413/2162
f 2151/3195/2183 2129/3153/2163 2374/3588/2410
f 2279/3419/2316 2376/3590/2412 2400/3625/2437
f 2152/3197/2184 2401/3626/2438 2182/3241/2215
f 2257/3376/2293 2342/3537/2382 1862/2691/1904
f 2001/2949/2046 2482/3627/2439 2056/3039/2090
f 2028/2989/2066 2377/3591/2413 1949/2853/1994
f 2130/3156/2164 2379/3593/2415 2258/3377/2294
f 2206/3288/2069 2108/3287/2143 2300/3463/2335
f 2031/2993/2070 2380/3594/2416 2344/3539/2384
f 2209/3291/2245 2402/3628/2440 2156/3201/2188
f 2281/3421/2318 2773/3629/2441 2343/3538/2383
f 2383/3511/2167 2326/3513/2363 2403/3630/2420
f 2088/3089/2124 2328/3515/2364 2034/3126/2073
f 1788/2565/1839 2035/3001/2074 2158/3205/2191
f 2239/3346/2279 1903/2762/1940 2404/3631/2442
f 2158/3205/2191 2405/3632/2443 2036/3002/2075
f 2036/3002/2075 2406/3633/2444 1954/2860/2000
f 1953/2859/1999 2135/3165/2168 2062/3049/2098
f 2113/3128/2149 2407/3634/2445 2135/3165/2168
f 1954/2860/2000 2406/3633/2444 2604/3386/2300
f 2213/3347/2250 2263/3301/2251 2349/3635/2389
f 2009/3636/2050 2037/3467/2076 2214/3302/2252
f 2408/3637/2446 2329/3517/2366 2161/3209/2102
f 2350/3251/2224 2189/3249/2222 2409/3638/2447
f 2191/3252/2225 2305/3253/2226 2410/3639/2448
f 2388/3606/2425 2411/3640/2449 2163/3211/2195
f 2167/3262/2199 2494/3554/2393 2412/3641/2428
f 2172/3429/2204 2266/3351/2281 2413/3642/2450
f 2416/3220/2201 2414/3643/2451 2267/3394/2302
f 2469/3223/2202 2415/3644/2452 2353/3553/2392
f 2416/3645/2201 2335/3646/2372 2417/3647/2453
f 2334/3522/2371 2218/3310/2230 2418/3648/2454
f 2173/3229/2205 2570/3558/2395 2335/3524/2372
f 2309/3475/2344 2445/3649/2455 2355/3557/2346
f 2392/3613/2430 1795/2578/1845 2247/3359/2285
f 2310/3479/2345 2419/3650/2456 2446/3480/2347
f 2223/3317/2261 2569/3561/2398 2570/3558/2395
f 2224/3319/2263 2336/3528/2375 2286/3430/2323
f 2449/3327/2267 2420/3651/2457 2312/3484/2327
f 2245/3357/2284 2316/3493/2310 2336/3528/2375
f 2021/2973/2057 2421/3652/2458 2175/3232/2207
f 2359/3564/2400 2396/3620/2434 2274/3403/2307
f 2394/3653/2432 1969/2888/2016 2072/3271/2111
f 2275/3405/2308 2422/3654/2459 2076/3074/2116
f 2275/3655/2308 2547/3656/2349 2423/3657/2433
f 2275/3405/2308 2423/3658/2433 2422/3654/2459
f 2175/3433/2207 2421/3659/2458 2287/3434/2324
f 2145/3183/2176 2424/3660/2460 2425/3661/2461
f 2316/3493/2310 2297/3458/2331 2426/3662/2462
f 2102/3276/2136 2455/3663/2463 2453/3531/2377
f 2294/3448/2289 2338/3532/2378 2397/3621/2435
f 2315/3450/2329 2366/3664/2404 2367/3577/2405
f 2100/3106/2135 2293/3447/2328 2102/3108/2136
f 2365/3573/2403 2368/3578/2406 2292/3444/2326
f 2339/3665/2352 2367/3666/2405 2338/3667/2378
f 2368/3578/2406 2398/3668/2436 2369/3579/2312
f 2054/3037/2088 2427/3669/2464 2230/3335/2271
f 2399/3535/2380 2374/3588/2410 2129/3153/2163
f 2428/3670/2409 2429/3671/2465 2373/3585/2332
f 2180/3239/2213 2280/3420/2317 2375/3589/2411
f 2056/3039/2090 2376/3590/2412 2181/3240/2214
f 2233/3340/2273 2430/3672/2466 2183/3242/2216
f 2029/2990/2067 2341/3536/2381 2321/3502/2357
f 1950/2854/1995 2205/3286/2243 2431/3673/2467
f 1950/2854/1995 2431/3673/2467 2260/3379/2296
f 2486/3042/2093 2235/3342/2275 2432/3674/2468
f 2132/3292/2166 2344/3539/2384 2433/3675/2362
f 2156/3201/2188 2402/3628/2440 2261/3380/2297
f 2282/3422/2319 2186/3246/2220 2434/3676/2469
f 2435/3677/2336 2345/3540/2337 2210/3294/2219
f 2237/3344/2277 2384/3601/2421 2326/3541/2363
f 2187/3247/2190 2436/3545/2387 2159/3206/2192
f 1903/2762/1940 2347/3296/2248 2404/3631/2442
f 2436/3678/2387 2754/3603/2423 2262/3384/2148
f 2062/3049/2098 2135/3165/2168 2407/3634/2445
f 2089/3090/2125 2160/3207/2193 2348/3679/2388
f 2009/2959/2050 2437/3680/2470 2113/3128/2149
f 2009/3636/2050 2214/3302/2252 2437/3681/2470
f 2066/3053/2101 2114/3129/2150 2438/3682/2471
f 2303/3683/2339 2633/3684/2472 2302/3094/2129
f 2329/3517/2366 2439/3685/2473 2190/3250/2223
f 2190/3250/2223 2439/3685/2473 2215/3304/2254
f 2215/3388/2254 2489/3686/2474 2217/3306/2256
f 2440/3687/2475 2164/3212/2196 2137/3169/2170
f 2441/3688/2476 2139/3171/2172 2164/3212/2196
f 2390/3608/2427 2040/3007/2078 2352/3552/2391
f 2266/3393/2281 2267/3427/2302 2442/3689/2477
f 2413/3642/2450 2443/3690/2478 2172/3429/2204
f 2416/3220/2201 2417/3691/2453 2414/3643/2451
f 2308/3474/2343 2353/3553/2392 2538/3692/2479
f 2308/3474/2343 2444/3693/2480 2309/3475/2344
f 2445/3694/2455 2357/3560/2397 2355/3478/2346
f 2446/3695/2347 2419/3696/2456 2447/3697/2481
f 2447/3698/2481 2448/3699/2482 2446/3700/2347
f 2446/3482/2347 2448/3701/2482 2521/3562/2348
f 2357/3560/2397 2449/3702/2267 2096/3101/2132
f 2198/3266/2233 2393/3615/2431 2358/3703/2399
f 2097/3102/2133 2450/3704/2483 2246/3322/2265
f 2246/3322/2265 2450/3704/2483 2451/3705/2484
f 2246/3322/2265 2451/3705/2484 2362/3567/2376
f 2336/3528/2375 2316/3493/2310 2452/3706/2485
f 2125/3148/2137 2453/3707/2377 2021/2973/2057
f 2314/3489/2350 2454/3708/2486 2253/3372/2290
f 2366/3664/2404 2525/3709/2487 2367/3577/2405
f 2293/3447/2328 2455/3710/2463 2102/3108/2136
f 1969/2888/2016 2456/3711/2488 2201/3278/2239
f 2338/3532/2378 2457/3712/2489 2397/3621/2435
f 2297/3458/2331 2504/3583/2314 2505/3713/2490
f 2201/3278/2239 2456/3711/2488 2340/3534/2379
f 2340/3534/2379 2427/3669/2464 2054/3037/2088
f 2398/3623/2436 2549/3714/2491 2399/3624/2380
f 2373/3585/2332 2429/3671/2465 2372/3584/2408
f 2255/3374/2291 2150/3194/2182 2279/3419/2316
f 2299/3462/2334 2401/3626/2438 2152/3197/2184
f 2182/3241/2215 2458/3715/2492 2320/3501/2356
f 2184/3243/2217 2747/3716/2493 2001/3155/2046
f 2082/3083/2120 2321/3502/2357 2378/3592/2414
f 2030/2991/2068 2083/3084/2121 2184/3243/2217
f 2155/3200/2187 2484/3717/2494 2108/3119/2143
f 2058/3041/2092 2343/3538/2383 2459/3718/2495
f 2260/3379/2296 2460/3719/2496 2131/3157/2165
f 2461/3720/2298 2403/3630/2420 2462/3721/2419
f 2086/3087/2123 2382/3596/2418 2384/3601/2421
f 2327/3293/2246 2434/3676/2469 2186/3246/2220
f 2034/3000/2073 2463/3722/2497 1979/2858/1998
f 2034/3126/2073 2328/3515/2364 2463/3723/2497
f 2211/3295/2247 1874/2709/1915 2385/3602/2422
f 2006/2955/2049 2062/3049/2098 2464/3724/2498
f 2036/3002/2075 2405/3632/2443 2406/3633/2444
f 2160/3207/2193 2349/3549/2389 2348/3679/2388
f 2066/3167/2101 2438/3725/2471 2189/3249/2222
f 2161/3209/2102 2465/3726/2499 2408/3637/2446
f 2214/3302/2252 2387/3516/2365 2466/3727/2500
f 2302/3094/2129 2633/3684/2472 2136/3166/2169
f 2467/3728/2501 2304/3470/2340 2350/3550/2224
f 2304/3470/2340 2468/3729/2502 2216/3305/2255
f 2241/3349/2280 2093/3097/2131 2306/3472/2341
f 2040/3007/2078 1959/2865/2004 2352/3552/2391
f 2242/3392/2257 2533/3391/2200 2493/3730/2503
f 2442/3689/2477 2413/3731/2450 2266/3393/2281
f 2469/3732/2202 2391/3733/2429 2415/3734/2452
f 2218/3310/2230 2470/3735/2373 2418/3648/2454
f 2444/3693/2480 2445/3649/2455 2309/3475/2344
f 2243/3354/2282 2471/3736/2504 2311/3477/2262
f 2310/3479/2345 2640/3737/2505 2419/3650/2456
f 2225/3323/2266 2472/3738/2506 2272/3400/2306
f 2362/3530/2376 2472/3738/2506 2225/3323/2266
f 2422/3654/2459 2473/3739/2507 2076/3074/2116
f 2394/3653/2432 2474/3740/2508 1969/2888/2016
f 2423/3657/2433 2547/3656/2349 2454/3741/2486
f 2423/3742/2433 2454/3708/2486 2314/3489/2350
f 2421/3659/2458 2614/3743/2509 2287/3434/2324
f 2287/3434/2324 2614/3743/2509 2476/3443/2269
f 2454/3708/2486 2366/3664/2404 2253/3372/2290
f 2312/3445/2327 2475/3744/2510 2296/3457/2330
f 2502/3745/2511 2293/3746/2328 2476/3747/2269
f 2426/3662/2462 2297/3458/2331 2477/3748/2512
f 2229/3334/2270 2318/3498/2353 2478/3749/2513
f 2399/3624/2380 2549/3714/2491 2479/3750/2514
f 2279/3419/2316 2480/3751/2515 2255/3374/2291
f 2298/3587/2333 2375/3752/2411 2428/3586/2409
f 2480/3751/2515 2279/3419/2316 2400/3625/2437
f 2056/3039/2090 2482/3627/2439 2481/3753/2516
f 2001/3155/2046 2747/3716/2493 2482/3754/2439
f 2205/3286/2243 2483/3755/2517 2431/3673/2467
f 2108/3287/2143 2484/3756/2494 2300/3463/2335
f 2057/3040/2091 2058/3041/2092 2485/3757/2518
f 1919/2791/1962 2323/3504/2359 2208/3290/2244
f 2131/3157/2165 2460/3719/2496 2209/3291/2245
f 2432/3758/2468 2323/3759/2359 2486/3760/2093
f 2325/3506/2361 2773/3629/2441 2281/3421/2318
f 2842/3761/2519 2157/3202/2189 2282/3422/2319
f 2345/3540/2337 2435/3677/2336 2824/3762/2520
f 2487/3763/2386 1872/2707/1914 1823/2626/1867
f 2006/2955/2049 2464/3724/2498 2328/3515/2364
f 2754/3764/2423 2488/3765/2521 2212/3385/2249
f 2212/3766/2249 2488/3767/2521 2090/3768/2126
f 2348/3679/2388 2349/3549/2389 2514/3769/2522
f 2188/3248/2221 2465/3770/2499 2161/3054/2102
f 2439/3685/2473 2489/3771/2474 2215/3304/2254
f 2192/3255/2227 2490/3772/2523 2305/3471/2226
f 2137/3169/2170 2217/3306/2256 2440/3687/2475
f 2117/3133/2152 2264/3389/2301 2491/3773/2524
f 2440/3687/2475 2441/3688/2476 2164/3212/2196
f 2118/3134/2153 2492/3774/2525 2351/3551/2390
f 2163/3211/2195 2411/3640/2449 2285/3426/2322
f 2118/3134/2153 2138/3170/2171 2492/3774/2525
f 2242/3352/2257 2493/3775/2503 2391/3612/2429
f 2414/3643/2451 2442/3776/2477 2267/3394/2302
f 2494/3777/2393 2495/3778/2526 2591/3779/2527
f 2332/3520/2369 2496/3780/2528 2243/3354/2282
f 2494/3554/2393 2334/3555/2371 2495/3781/2526
f 2140/3174/2173 2443/3690/2478 2497/3782/2529
f 2172/3429/2204 2443/3690/2478 2140/3174/2173
f 2538/3692/2479 2444/3693/2480 2308/3474/2343
f 2357/3560/2397 2420/3783/2457 2449/3702/2267
f 2123/3145/2157 2450/3704/2483 2097/3102/2133
f 2394/3616/2432 2337/3529/2283 2498/3784/2530
f 2273/3360/2286 2361/3785/2401 2228/3328/2268
f 2076/3074/2116 2473/3739/2507 2247/3359/2285
f 2145/3183/2176 2425/3661/2461 2393/3615/2431
f 2021/2973/2057 2613/3786/2531 2421/3652/2458
f 2316/3493/2310 2426/3662/2462 2452/3706/2485
f 2359/3564/2400 2499/3787/2532 2396/3620/2434
f 2476/3788/2269 2614/3789/2509 2502/3790/2511
f 2251/3365/2288 2397/3621/2435 2500/3791/2533
f 2396/3620/2434 2501/3792/2534 2365/3573/2403
f 2229/3334/2270 2478/3749/2513 2395/3446/2325
f 2502/3793/2511 2477/3794/2512 2293/3795/2328
f 2453/3531/2377 2455/3663/2463 2503/3796/2535
f 2297/3458/2331 2505/3713/2490 2477/3748/2512
f 2504/3797/2314 2370/3798/2354 2505/3799/2490
f 2401/3626/2438 2458/3715/2492 2182/3241/2215
f 2319/3500/2355 2183/3242/2216 2430/3672/2466
f 2376/3590/2412 2056/3039/2090 2481/3753/2516
f 2028/2989/2066 2342/3537/2382 2377/3591/2413
f 2258/3377/2294 2506/3800/2536 2233/3340/2273
f 2057/3040/2091 2485/3757/2518 2259/3378/2295
f 2209/3291/2245 2507/3801/2537 2402/3628/2440
f 2462/3597/2419 2508/3802/2538 2324/3505/2360
f 2381/3803/2417 2509/3804/2539 2236/3805/2276
f 2236/3343/2276 2509/3806/2539 2435/3677/2336
f 2327/3293/2246 2824/3807/2520 2434/3676/2469
f 2327/3514/2246 2345/3465/2337 2824/3808/2520
f 2510/3809/2385 2684/3810/2540 2511/3811/2096
f 2238/3345/2278 2512/3812/2541 2035/3001/2074
f 2328/3515/2364 2464/3724/2498 2513/3813/2542
f 2187/3247/2190 2686/3814/2543 2436/3545/2387
f 2348/3548/2388 2514/3815/2522 2347/3546/2248
f 2407/3634/2445 2113/3128/2149 2437/3680/2470
f 2283/3424/2320 2465/3770/2499 2188/3248/2221
f 2437/3681/2470 2214/3302/2252 2515/3816/2544
f 2409/3817/2447 2467/3728/2501 2350/3550/2224
f 2489/3686/2474 2516/3818/2545 2217/3306/2256
f 2117/3133/2152 2491/3773/2524 2389/3607/2426
f 2138/3170/2171 2166/3214/2198 2517/3819/2546
f 2533/3609/2200 2412/3611/2428 2518/3820/2547
f 2333/3521/2370 2517/3819/2546 2166/3214/2198
f 2334/3555/2371 2418/3821/2454 2495/3781/2526
f 2570/3558/2395 2519/3822/2548 2335/3524/2372
f 2448/3823/2482 2419/3824/2456 2640/3825/2505
f 2419/3696/2456 2520/3826/2549 2447/3697/2481
f 2521/3827/2348 2448/3823/2482 2640/3825/2505
f 2360/3526/2374 2358/3563/2399 2543/3828/2550
f 2362/3530/2376 2451/3829/2484 2472/3738/2506
f 2312/3484/2327 2420/3651/2457 2522/3830/2551
f 2021/2973/2057 2453/3707/2377 2613/3786/2531
f 2226/3831/2264 2227/3234/2209 2523/3832/2552
f 2364/3570/2402 2643/3833/2553 2546/3406/2309
f 2423/3618/2433 2395/3617/2325 2422/3834/2459
f 2522/3835/2551 2475/3744/2510 2312/3445/2327
f 2251/3365/2288 2500/3791/2533 2364/3572/2402
f 2426/3662/2462 2596/3836/2554 2452/3706/2485
f 2396/3620/2434 2499/3787/2532 2501/3792/2534
f 2596/3837/2554 2477/3794/2512 2502/3793/2511
f 2426/3662/2462 2477/3748/2512 2596/3836/2554
f 2317/3494/2351 2523/3832/2552 2227/3234/2209
f 2365/3573/2403 2501/3792/2534 2368/3578/2406
f 2501/3792/2534 2524/3838/2555 2368/3578/2406
f 2457/3839/2489 2338/3667/2378 2367/3666/2405
f 2457/3839/2489 2367/3666/2405 2525/3840/2487
f 2372/3584/2408 2429/3671/2465 2526/3841/2556
f 2399/3624/2380 2479/3750/2514 2374/3842/2410
f 2374/3842/2410 2479/3750/2514 2551/3843/2557
f 2527/3844/2558 2428/3586/2409 2375/3752/2411
f 2204/3285/2242 2528/3845/2559 2106/3114/2141
f 2280/3420/2317 2319/3500/2355 2553/3846/2560
f 2529/3847/2561 2184/3243/2217 2083/3084/2121
f 2431/3673/2467 2530/3848/2562 2260/3379/2296
f 2530/3848/2562 2460/3719/2496 2260/3379/2296
f 2325/3506/2361 2324/3505/2360 2774/3849/2563
f 2748/3850/2564 2842/3761/2519 2282/3422/2319
f 2748/3850/2564 2282/3422/2319 2434/3676/2469
f 2403/3630/2420 2326/3513/2363 2629/3851/2565
f 2684/3852/2540 2487/3544/2386 2511/3048/2096
f 2487/3763/2386 2301/3466/2338 1872/2707/1914
f 2686/3853/2543 2754/3603/2423 2436/3678/2387
f 2404/3854/2442 2347/3546/2248 2514/3815/2522
f 2283/3424/2320 2090/3091/2126 2488/3765/2521
f 2214/3302/2252 2466/3727/2500 2515/3816/2544
f 2410/3639/2448 2303/3469/2339 2191/3252/2225
f 2467/3728/2501 2468/3729/2502 2304/3470/2340
f 2531/3855/2566 2241/3349/2280 2306/3472/2341
f 2468/3729/2502 2331/3519/2368 2216/3305/2255
f 2516/3818/2545 2440/3687/2475 2217/3306/2256
f 2139/3171/2172 2532/3856/2567 2219/3312/2258
f 2518/3857/2547 2493/3858/2503 2533/3859/2200
f 2567/3860/2568 2413/3731/2450 2442/3689/2477
f 2412/3641/2428 2494/3554/2393 2534/3861/2569
f 2413/3642/2450 2535/3862/2570 2443/3690/2478
f 2592/3863/2571 2443/3690/2478 2535/3862/2570
f 2536/3864/2572 2415/3734/2452 2391/3733/2429
f 2414/3643/2451 2417/3691/2453 2537/3865/2573
f 2497/3782/2529 2310/3476/2345 2140/3174/2173
f 2538/3866/2479 2353/3867/2392 2415/3734/2452
f 2417/3647/2453 2335/3646/2372 2834/3868/2574
f 2639/3869/2575 2418/3648/2454 2470/3735/2373
f 2444/3693/2480 2541/3870/2576 2445/3649/2455
f 2470/3525/2373 2356/3559/2396 2539/3871/2577
f 2269/3397/2304 2540/3872/2578 2268/3396/2303
f 2541/3873/2576 2357/3560/2397 2445/3694/2455
f 2714/3874/2579 2311/3477/2262 2471/3736/2504
f 2520/3875/2549 2419/3876/2456 2448/3877/2482
f 2520/3878/2549 2448/3699/2482 2447/3698/2481
f 2542/3879/2580 2272/3400/2306 2472/3738/2506
f 2360/3565/2374 2543/3880/2550 2359/3564/2400
f 2544/3881/2581 2200/3277/2238 2228/3328/2268
f 2545/3882/2582 2474/3740/2508 2394/3653/2432
f 2645/3883/2583 2547/3656/2349 2643/3884/2553
f 2645/3883/2583 2454/3741/2486 2547/3656/2349
f 2500/3791/2533 2643/3885/2553 2364/3572/2402
f 2546/3886/2309 2643/3887/2553 2547/3888/2349
f 2645/3883/2583 2548/3889/2584 2454/3741/2486
f 2548/3890/2584 2366/3664/2404 2454/3708/2486
f 2397/3621/2435 2457/3712/2489 2617/3891/2585
f 2455/3710/2463 2293/3447/2328 2573/3892/2586
f 2478/3749/2513 2318/3498/2353 2651/3622/2240
f 2398/3668/2436 2524/3838/2555 2549/3893/2491
f 2479/3894/2514 2549/3893/2491 2550/3895/2587
f 2479/3894/2514 2550/3895/2587 2551/3896/2557
f 2374/3588/2410 2600/3897/2588 2299/3462/2334
f 2428/3670/2409 2552/3898/2589 2429/3671/2465
f 2552/3898/2589 2428/3670/2409 2527/3899/2558
f 2527/3844/2558 2375/3752/2411 2553/3900/2560
f 2375/3589/2411 2280/3420/2317 2553/3846/2560
f 2528/3845/2559 2257/3376/2293 2106/3114/2141
f 2554/3901/2590 2205/3286/2243 2377/3591/2413
f 2554/3901/2590 2483/3755/2517 2205/3286/2243
f 2083/3084/2121 2259/3378/2295 2529/3847/2561
f 2343/3538/2383 2555/3902/2591 2459/3718/2495
f 2343/3538/2383 2773/3629/2441 2556/3903/2592
f 2433/3675/2362 2344/3539/2384 2557/3904/2593
f 2433/3507/2362 2558/3905/2594 2381/3595/2417
f 2261/3380/2297 2559/3906/2595 2382/3596/2418
f 2324/3505/2360 2508/3802/2538 2774/3849/2563
f 2509/3806/2539 2560/3907/2596 2435/3677/2336
f 2514/3769/2522 2349/3549/2389 2797/3908/2597
f 2406/3633/2444 2561/3909/2598 2604/3386/2300
f 2604/3386/2300 2438/3682/2471 2114/3129/2150
f 2330/3518/2367 2241/3349/2280 2531/3855/2566
f 2306/3472/2341 2284/3425/2321 2562/3910/2599
f 2563/3911/2600 2192/3255/2227 2389/3607/2426
f 2193/3256/2228 2351/3551/2390 2564/3912/2601
f 2564/3912/2601 2351/3551/2390 2565/3913/2602
f 2165/3213/2197 2566/3914/2603 2332/3520/2369
f 2442/3776/2477 2414/3643/2451 2567/3915/2568
f 2568/3916/2604 2536/3917/2572 2391/3612/2429
f 2569/3918/2398 2519/3919/2548 2570/3920/2395
f 2540/3921/2578 2269/3614/2304 2838/3922/2605
f 2269/3614/2304 2521/3483/2348 2838/3922/2605
f 2270/3398/2305 2272/3431/2306 2670/3923/2606
f 2270/3398/2305 2670/3923/2606 2356/3559/2396
f 2544/3881/2581 2228/3328/2268 2361/3785/2401
f 2421/3659/2458 2613/3924/2531 2614/3743/2509
f 2422/3654/2459 2395/3446/2325 2473/3739/2507
f 2544/3881/2581 2571/3925/2607 2200/3277/2238
f 2452/3706/2485 2596/3836/2554 2597/3926/2608
f 2614/3789/2509 2572/3927/2609 2502/3790/2511
f 2474/3740/2508 2456/3711/2488 1969/2888/2016
f 2505/3713/2490 2676/3928/2610 2477/3748/2512
f 2477/3929/2512 2573/3892/2586 2293/3447/2328
f 2477/3930/2512 2676/3931/2610 2573/3932/2586
f 2525/3840/2487 2574/3933/2611 2457/3839/2489
f 2200/3277/2238 2571/3925/2607 2370/3581/2354
f 2145/3183/2176 2371/3582/2407 2424/3660/2460
f 2505/3713/2490 2370/3934/2354 2676/3928/2610
f 2278/3418/2315 2575/3935/2612 2651/3282/2240
f 2368/3578/2406 2524/3838/2555 2398/3668/2436
f 2456/3711/2488 2576/3936/2613 2340/3534/2379
f 2549/3893/2491 2524/3838/2555 2577/3937/2614
f 2429/3671/2465 2578/3938/2615 2526/3841/2556
f 2230/3335/2271 2579/3939/2616 2204/3285/2242
f 2400/3625/2437 2580/3940/2617 2480/3751/2515
f 2401/3626/2438 2581/3941/2618 2458/3715/2492
f 2376/3590/2412 2951/3942/2619 2400/3625/2437
f 2257/3376/2293 2582/3943/2620 2342/3537/2382
f 2458/3715/2492 2341/3536/2381 2320/3501/2356
f 2233/3340/2273 2506/3800/2536 2430/3672/2466
f 2341/3536/2381 2583/3944/2621 2321/3502/2357
f 2431/3673/2467 2483/3755/2517 2530/3848/2562
f 2300/3463/2335 2584/3945/2622 2234/3341/2274
f 2234/3341/2274 2584/3945/2622 2380/3594/2416
f 2555/3902/2591 2343/3538/2383 2556/3903/2592
f 2157/3202/2189 2627/3946/2623 2235/3342/2275
f 2157/3202/2189 2842/3761/2519 2627/3946/2623
f 2382/3596/2418 2585/3947/2624 2384/3601/2421
f 2404/3631/2442 2586/3948/2625 2239/3346/2279
f 2464/3724/2498 2062/3049/2098 2587/3949/2626
f 2062/3049/2098 2407/3634/2445 2587/3949/2626
f 2404/3631/2442 2514/3769/2522 2586/3948/2625
f 2136/3166/2169 2633/3684/2472 2386/3604/2424
f 2438/3725/2471 2409/3638/2447 2189/3249/2222
f 2303/3469/2339 2410/3639/2448 2730/3950/2627
f 2490/3772/2523 2192/3255/2227 2563/3911/2600
f 2588/3951/2628 2388/3606/2425 2331/3519/2368
f 2193/3256/2228 2564/3912/2601 2284/3425/2321
f 2388/3606/2425 2589/3952/2629 2411/3640/2449
f 2165/3213/2197 2285/3426/2322 2566/3914/2603
f 2493/3775/2503 2590/3953/2630 2391/3612/2429
f 2494/3554/2393 2591/3954/2527 2534/3861/2569
f 2443/3955/2478 2592/3956/2571 2497/3957/2529
f 2536/3864/2572 2736/3958/2631 2415/3734/2452
f 2415/3734/2452 2691/3959/2632 2538/3866/2479
f 2736/3958/2631 2691/3959/2632 2415/3734/2452
f 2539/3960/2577 2593/3961/2633 2470/3735/2373
f 2444/3693/2480 2538/3692/2479 2594/3962/2634
f 2272/3431/2306 2542/3963/2580 2670/3923/2606
f 2336/3528/2375 2671/3964/2635 2286/3430/2323
f 2543/3880/2550 2499/3787/2532 2359/3564/2400
f 2451/3829/2484 2644/3965/2636 2472/3738/2506
f 2498/3784/2530 2545/3966/2582 2394/3616/2432
f 2613/3786/2531 2453/3707/2377 2615/3967/2637
f 2425/3661/2461 2424/3660/2460 2595/3968/2638
f 2395/3446/2325 2478/3749/2513 2473/3739/2507
f 2596/3969/2554 2502/3790/2511 2597/3970/2608
f 2366/3664/2404 2619/3971/2639 2525/3709/2487
f 2574/3933/2611 2722/3972/2640 2457/3839/2489
f 2296/3457/2330 2598/3973/2641 2103/3036/2087
f 2340/3534/2379 2576/3936/2613 2427/3669/2464
f 2277/3414/2313 2255/3374/2291 2599/3974/2642
f 2374/3842/2410 2551/3843/2557 2600/3975/2588
f 2255/3374/2291 2480/3751/2515 2599/3974/2642
f 2481/3753/2516 2951/3942/2619 2376/3590/2412
f 2481/3753/2516 2601/3976/2643 2951/3942/2619
f 2155/3200/2187 2378/3592/2414 2879/3977/2644
f 2155/3200/2187 2879/3977/2644 2484/3717/2494
f 2058/3041/2092 2459/3718/2495 2485/3757/2518
f 2460/3719/2496 2507/3801/2537 2209/3291/2245
f 2559/3906/2595 2585/3947/2624 2382/3596/2418
f 2381/3595/2417 2558/3905/2594 2509/3806/2539
f 2462/3721/2419 2403/3630/2420 2508/3978/2538
f 2406/3633/2444 2405/3632/2443 2561/3909/2598
f 2407/3634/2445 2437/3680/2470 2602/3979/2645
f 2283/3424/2320 2488/3765/2521 2603/3980/2646
f 2438/3725/2471 2604/3981/2300 2605/3982/2647
f 2438/3725/2471 2605/3982/2647 2409/3638/2447
f 2388/3606/2425 2588/3951/2628 2589/3952/2629
f 2441/3688/2476 2606/3983/2648 2139/3171/2172
f 2532/3856/2567 2607/3984/2649 2219/3312/2258
f 2352/3552/2391 2307/3473/2342 2608/3985/2650
f 2391/3612/2429 2590/3953/2630 2568/3916/2604
f 2536/3917/2572 2568/3916/2604 2609/3986/2651
f 2268/3396/2303 2610/3987/2652 2333/3521/2370
f 2470/3735/2373 2593/3961/2633 2639/3869/2575
f 2444/3693/2480 2594/3962/2634 2541/3870/2576
f 2521/3988/2348 2640/3989/2505 2838/3990/2605
f 2541/3873/2576 2611/3991/2653 2357/3560/2397
f 2452/3706/2485 2612/3992/2654 2336/3528/2375
f 2336/3528/2375 2612/3992/2654 2671/3964/2635
f 2247/3359/2285 2473/3739/2507 2392/3613/2430
f 2361/3785/2401 2714/3874/2579 2544/3881/2581
f 2337/3356/2283 2523/3993/2552 2498/3994/2530
f 2337/3356/2283 2226/3321/2264 2523/3993/2552
f 2612/3995/2654 2646/3996/2655 2765/3997/2656
f 2765/3997/2656 2646/3996/2655 2613/3998/2531
f 2613/3999/2531 2646/4000/2655 2614/4001/2509
f 2613/4002/2531 2615/4003/2637 2765/4004/2656
f 2502/3790/2511 2572/3927/2609 2616/4005/2657
f 2457/3839/2489 2722/3972/2640 2617/4006/2585
f 2574/3933/2611 2618/4007/2658 2722/3972/2640
f 2525/3840/2487 2619/4008/2639 2574/3933/2611
f 2577/3937/2614 2550/3895/2587 2549/3893/2491
f 2550/3895/2587 2620/4009/2659 2551/3896/2557
f 2551/3896/2557 2620/4009/2659 2621/4010/2660
f 2551/3843/2557 2621/4011/2660 2600/3975/2588
f 2622/4012/2661 2527/3844/2558 2553/3900/2560
f 2528/3845/2559 2582/3943/2620 2257/3376/2293
f 2583/3944/2621 2623/4013/2662 2321/3502/2357
f 2258/3377/2294 2624/4014/2663 2506/3800/2536
f 2379/3593/2415 2624/4014/2663 2258/3377/2294
f 2485/3757/2518 2625/4015/2664 2259/3378/2295
f 2485/3757/2518 2459/3718/2495 2625/4015/2664
f 2507/3801/2537 2626/4016/2665 2402/3628/2440
f 2402/3628/2440 2626/4016/2665 2261/3380/2297
f 2773/3629/2441 2325/3506/2361 2774/3849/2563
f 2235/4017/2275 2627/4018/2623 2432/3758/2468
f 2433/3675/2362 2557/3904/2593 2628/4019/2666
f 2384/3601/2421 2585/3947/2624 2629/4020/2565
f 2748/3850/2564 2434/3676/2469 2825/4021/2667
f 2384/3601/2421 2629/4020/2565 2326/3541/2363
f 1979/2858/1998 2463/3722/2497 2704/4022/2668
f 2487/3544/2386 2684/3852/2540 2630/4023/2669
f 2112/3125/2147 2631/4024/2670 2238/3345/2278
f 2632/4025/2671 2405/3632/2443 2158/3205/2191
f 2408/3637/2446 2439/3685/2473 2329/3517/2366
f 2633/4026/2472 2303/3469/2339 2730/3950/2627
f 2531/3855/2566 2634/4027/2672 2330/3518/2367
f 2635/4028/2673 2468/3729/2502 2467/3728/2501
f 2410/4029/2448 2305/3471/2226 2490/3772/2523
f 2563/3911/2600 2389/3607/2426 2636/4030/2674
f 2637/4031/2675 2606/3983/2648 2441/3688/2476
f 2413/3731/2450 2567/3860/2568 2638/4032/2676
f 2414/3643/2451 2537/3865/2573 2567/3915/2568
f 2536/3864/2572 2609/4033/2651 2736/3958/2631
f 2495/3781/2526 2418/3821/2454 2639/4034/2575
f 2335/3524/2372 2519/3822/2548 2834/4035/2574
f 2497/3782/2529 2640/4036/2505 2310/3476/2345
f 2519/3919/2548 2569/3918/2398 2641/4037/2677
f 2123/3145/2157 2354/3556/2394 2450/3704/2483
f 2642/4038/2678 2569/3561/2398 2286/3430/2323
f 2714/4039/2579 2361/3566/2401 2311/3318/2262
f 2542/3879/2580 2472/3738/2506 2711/4040/2679
f 2393/3615/2431 2425/3661/2461 2737/4041/2680
f 2420/4042/2457 2542/4043/2580 2522/4044/2551
f 2450/3704/2483 2717/4045/2681 2451/3705/2484
f 2451/3829/2484 2717/4046/2681 2644/3965/2636
f 2645/4047/2583 2643/4048/2553 2644/4049/2636
f 2643/3885/2553 2500/3791/2533 2644/4050/2636
f 2644/4051/2636 2717/4052/2681 2645/4053/2583
f 2717/4045/2681 2548/3890/2584 2645/4054/2583
f 2646/4055/2655 2572/4056/2609 2614/4057/2509
f 2502/3790/2511 2616/4005/2657 2597/3970/2608
f 2739/4058/2682 2616/4059/2657 2572/4056/2609
f 2453/3531/2377 2503/3796/2535 2615/4060/2637
f 2500/3791/2533 2397/3621/2435 2647/4061/2683
f 2648/4062/2684 2456/3711/2488 2474/3740/2508
f 2503/3796/2535 2455/3663/2463 2649/4063/2685
f 2618/4007/2658 2574/3933/2611 2619/4008/2639
f 2501/3792/2534 2650/4064/2686 2524/3838/2555
f 2598/4065/2641 2278/3418/2315 2103/3110/2087
f 2651/4066/2240 2575/4067/2612 2618/4068/2658
f 2619/4069/2639 2768/4070/2687 2651/4071/2240
f 2456/3711/2488 2652/4072/2688 2576/3936/2613
f 2653/4073/2689 2577/3937/2614 2524/3838/2555
f 2427/3669/2464 2579/3939/2616 2230/3335/2271
f 2429/3671/2465 2552/3898/2589 2578/3938/2615
f 2527/3899/2558 2654/4074/2690 2552/3898/2589
f 2204/3285/2242 2655/4075/2691 2528/3845/2559
f 2299/3462/2334 2600/3897/2588 2401/3626/2438
f 2654/4074/2690 2527/3899/2558 2622/4076/2661
f 2553/3846/2560 2319/3500/2355 2656/4077/2692
f 2430/3672/2466 2656/4077/2692 2319/3500/2355
f 2184/3243/2217 2529/3847/2561 2747/3716/2493
f 2657/4078/2693 2379/3593/2415 2322/3503/2358
f 2322/3503/2358 2208/3290/2244 2793/4079/2694
f 2584/3945/2622 2300/3463/2335 2484/3756/2494
f 2344/3539/2384 2380/3594/2416 2658/4080/2695
f 2626/4016/2665 2559/3906/2595 2261/3380/2297
f 2628/4081/2666 2558/3905/2594 2433/3507/2362
f 2659/4082/2696 2842/3761/2519 2748/3850/2564
f 2560/3907/2596 2824/3762/2520 2435/3677/2336
f 2825/4021/2667 2434/3676/2469 2824/3807/2520
f 2346/3543/2299 2795/4083/2697 2510/3542/2385
f 2631/4024/2670 2112/3125/2147 1979/2904/1998
f 2660/4084/2698 2187/3204/2190 2301/3466/2338
f 2586/3948/2625 2514/3769/2522 2661/4085/2699
f 2515/3816/2544 2602/4086/2645 2437/3681/2470
f 2387/3605/2365 2330/3518/2367 2634/4027/2672
f 2468/3729/2502 2662/4087/2700 2331/3519/2368
f 2489/3686/2474 2663/4088/2701 2516/3818/2545
f 2306/3472/2341 2562/3910/2599 2664/4089/2702
f 2389/3607/2426 2491/3773/2524 2636/4030/2674
f 2491/3773/2524 2264/3389/2301 2665/4090/2703
f 2589/3952/2629 2666/4091/2704 2411/3640/2449
f 2412/3611/2428 2907/4092/2705 2518/3820/2547
f 2537/3865/2573 2667/4093/2706 2567/3915/2568
f 2219/3312/2258 2607/3984/2649 2354/3556/2394
f 2417/3691/2453 2668/4094/2707 2537/3865/2573
f 2834/3868/2574 2668/4095/2707 2417/3647/2453
f 2496/3780/2528 2471/3736/2504 2243/3354/2282
f 2519/3822/2548 2669/4096/2708 2834/4035/2574
f 2541/3870/2576 2594/3962/2634 2611/4097/2653
f 2357/4098/2397 2670/4099/2606 2420/4042/2457
f 2357/3560/2397 2611/3991/2653 2670/4100/2606
f 2393/3615/2431 2737/4041/2680 2358/3703/2399
f 2670/4099/2606 2542/4043/2580 2420/4042/2457
f 2542/4101/2580 2711/4102/2679 2712/4103/2709
f 2612/3995/2654 2765/3997/2656 2671/4104/2635
f 2452/3706/2485 2672/4105/2710 2612/3992/2654
f 2672/4106/2710 2646/3996/2655 2612/3995/2654
f 2473/3739/2507 2673/4107/2711 2392/3613/2430
f 2545/3882/2582 2648/4062/2684 2474/3740/2508
f 2572/4056/2609 2646/4055/2655 2739/4058/2682
f 2615/4060/2637 2503/3796/2535 2674/4108/2712
f 2523/3832/2552 2317/3494/2351 3031/4109/2713
f 2366/3664/2404 2548/3890/2584 2619/3971/2639
f 2456/3711/2488 2648/4062/2684 2652/4072/2688
f 2397/3621/2435 2617/3891/2585 2647/4061/2683
f 2475/3744/2510 2675/4110/2714 2296/3457/2330
f 2296/3457/2330 2675/4110/2714 2598/3973/2641
f 2370/3581/2354 2571/3925/2607 2676/4111/2610
f 2676/4112/2610 2677/4113/2715 2573/3892/2586
f 2619/4069/2639 2651/4071/2240 2618/4114/2658
f 2651/3622/2240 2768/4115/2687 2478/3749/2513
f 2371/3582/2407 2678/4116/2716 2424/3660/2460
f 2550/3895/2587 2577/3937/2614 2620/4009/2659
f 2579/3939/2616 2655/4075/2691 2204/3285/2242
f 2600/3897/2588 2581/3941/2618 2401/3626/2438
f 2342/3537/2382 2679/4117/2717 2377/3591/2413
f 2506/3800/2536 2624/4014/2663 2680/4118/2718
f 2747/3716/2493 2529/3847/2561 2681/4119/2719
f 2321/3502/2357 2623/4013/2662 2378/3592/2414
f 2555/3902/2591 2682/4120/2720 2459/3718/2495
f 2380/3594/2416 2683/4121/2721 2658/4080/2695
f 2557/3904/2593 2344/3539/2384 2658/4080/2695
f 2775/4122/2722 2629/4020/2565 2585/3947/2624
f 2684/4123/2540 2795/4124/2697 2685/4125/2723
f 2684/3810/2540 2510/3809/2385 2795/4126/2697
f 2630/4127/2669 2684/4128/2540 2685/4129/2723
f 2035/3001/2074 2632/4025/2671 2158/3205/2191
f 2660/4084/2698 2686/4130/2543 2187/3204/2190
f 2587/3949/2626 2407/3634/2445 2687/4131/2724
f 2349/3549/2389 2798/4132/2725 2797/3908/2597
f 2263/3301/2251 2798/4133/2725 2349/3635/2389
f 2561/3909/2598 2688/4134/2726 2604/3386/2300
f 2604/3981/2300 2688/4135/2726 2605/3982/2647
f 2283/3424/2320 2603/3980/2646 2465/3770/2499
f 2515/3816/2544 2466/3727/2500 2602/4086/2645
f 2605/4136/2647 2467/3728/2501 2409/3817/2447
f 2635/4028/2673 2662/4087/2700 2468/3729/2502
f 2139/3171/2172 2606/3983/2648 2532/3856/2567
f 2412/3611/2428 2534/4137/2569 2907/4092/2705
f 2566/3914/2603 2496/3780/2528 2332/3520/2369
f 2689/4138/2727 2535/3862/2570 2413/3642/2450
f 2608/3985/2650 2307/3473/2342 2690/4139/2728
f 2591/3954/2527 2495/3781/2526 2759/4140/2729
f 2495/3781/2526 2639/4034/2575 2759/4140/2729
f 2497/3782/2529 2710/4141/2730 2640/4036/2505
f 2538/3692/2479 2691/4142/2632 2594/3962/2634
f 2691/4142/2632 2692/4143/2731 2594/3962/2634
f 2569/3918/2398 2642/4144/2678 2641/4037/2677
f 2611/3991/2653 2812/4145/2732 2670/4100/2606
f 2356/3559/2396 2670/3923/2606 2812/4146/2732
f 2693/4147/2733 2717/4045/2681 2450/3704/2483
f 2542/4101/2580 2694/4148/2734 2522/3835/2551
f 2545/4149/2582 2498/3994/2530 2695/4150/2735
f 2715/4151/2736 2644/4050/2636 2500/3791/2533
f 2717/4045/2681 2716/4152/2737 2548/3890/2584
f 2672/4105/2710 2452/3706/2485 2597/3926/2608
f 2543/3880/2550 2696/4153/2738 2499/3787/2532
f 2694/4148/2734 2675/4110/2714 2522/3835/2551
f 2696/4153/2738 2697/4154/2739 2499/3787/2532
f 2545/3882/2582 2695/4155/2735 2648/4062/2684
f 2675/4110/2714 2475/3744/2510 2522/3835/2551
f 2499/3787/2532 2697/4154/2739 2501/3792/2534
f 2616/4005/2657 2698/4156/2740 2597/3970/2608
f 2424/3660/2460 2678/4116/2716 2595/3968/2638
f 2674/4108/2712 2503/3796/2535 2649/4063/2685
f 2647/4061/2683 2617/3891/2585 2699/4157/2741
f 2617/4006/2585 2722/3972/2640 2699/4158/2741
f 2649/4159/2685 2455/3710/2463 2573/3892/2586
f 2619/4069/2639 2700/4160/2742 2768/4070/2687
f 2575/4067/2612 2816/4161/2743 2618/4068/2658
f 2620/4009/2659 2701/4162/2744 2621/4010/2660
f 2621/4011/2660 2701/4163/2744 2600/3975/2588
f 2702/4164/2745 2458/3715/2492 2581/3941/2618
f 2553/3900/2560 2656/4165/2692 2622/4012/2661
f 2702/4164/2745 2341/3536/2381 2458/3715/2492
f 2430/3672/2466 2506/3800/2536 2745/4166/2746
f 2582/3943/2620 2679/4117/2717 2342/3537/2382
f 2624/4014/2663 2379/3593/2415 2657/4078/2693
f 2703/4167/2747 2529/3847/2561 2259/3378/2295
f 2703/4167/2747 2259/3378/2295 2625/4015/2664
f 2657/4078/2693 2322/3503/2358 2793/4079/2694
f 2793/4079/2694 2208/3290/2244 2323/3504/2359
f 2380/3594/2416 2584/3945/2622 2683/4121/2721
f 2508/3978/2538 2403/3630/2420 2629/3851/2565
f 2749/4168/2748 2748/3850/2564 2825/4021/2667
f 1979/2904/1998 2704/4169/2668 2631/4024/2670
f 2512/3812/2541 2238/3345/2278 2631/4024/2670
f 2705/4170/2749 2301/3466/2338 2487/3763/2386
f 2512/3812/2541 2632/4025/2671 2035/3001/2074
f 2561/3909/2598 2405/3632/2443 2776/4171/2750
f 2465/3770/2499 2603/3980/2646 2755/4172/2751
f 2386/4173/2424 2633/4026/2472 2730/3950/2627
f 2466/4174/2500 2387/3605/2365 2634/4027/2672
f 2531/3855/2566 2306/3472/2341 2664/4089/2702
f 2562/3910/2599 2284/3425/2321 2564/3912/2601
f 2706/4175/2752 2589/3952/2629 2588/3951/2628
f 2440/3687/2475 2637/4031/2675 2441/3688/2476
f 2351/3551/2390 2492/3774/2525 2565/3913/2602
f 2411/3640/2449 2707/4176/2753 2285/3426/2322
f 2390/3608/2427 2352/3552/2391 2708/4177/2754
f 2707/4176/2753 2566/3914/2603 2285/3426/2322
f 2590/4178/2630 2493/3858/2503 2518/3857/2547
f 2709/4179/2755 2592/3863/2571 2535/3862/2570
f 2759/4140/2729 2639/4034/2575 2736/4180/2631
f 2838/4181/2605 2640/4182/2505 2710/4183/2730
f 2669/4096/2708 2519/3822/2548 2641/4184/2677
f 2812/4185/2732 2711/4186/2679 2356/4187/2396
f 2539/3871/2577 2356/3559/2396 2711/4188/2679
f 2812/4189/2732 2712/4190/2709 2711/4191/2679
f 2642/4038/2678 2286/3430/2323 2671/3964/2635
f 2713/4192/2756 2544/4193/2581 2714/4194/2579
f 2472/3738/2506 2644/3965/2636 2715/4195/2736
f 2693/4196/2733 2715/4197/2757 2717/4198/2681
f 2715/4199/2757 2716/4200/2737 2717/4201/2681
f 2712/4103/2709 2694/4148/2734 2542/4101/2580
f 2672/4202/2710 2718/4203/2758 2646/4204/2655
f 2719/4205/2759 2715/4151/2736 2500/3791/2533
f 2672/4105/2710 2597/3926/2608 2720/4206/2760
f 2544/3881/2581 2721/4207/2761 2571/3925/2607
f 2720/4208/2760 2597/3970/2608 2698/4156/2740
f 2697/4154/2739 2650/4064/2686 2501/3792/2534
f 2741/4209/2762 2699/4210/2741 2722/4211/2640
f 2548/3890/2584 2700/4212/2742 2619/3971/2639
f 2371/3582/2407 2372/3584/2408 2678/4116/2716
f 2650/4064/2686 2653/4073/2689 2524/3838/2555
f 2896/4213/2763 2317/3494/2351 2277/3414/2313
f 2896/4213/2763 2277/3414/2313 2599/3974/2642
f 2723/4214/2764 2526/3841/2556 2578/3938/2615
f 2578/3938/2615 2552/3898/2589 2724/4215/2765
f 2725/4216/2766 2701/4162/2744 2620/4009/2659
f 2724/4215/2765 2552/3898/2589 2654/4074/2690
f 2579/3939/2616 2726/4217/2767 2655/4075/2691
f 2600/3975/2588 2701/4163/2744 2581/4218/2618
f 2580/3940/2617 2400/3625/2437 2951/3942/2619
f 2483/3755/2517 2554/3901/2590 2727/4219/2768
f 3115/4220/2769 2585/3947/2624 2559/3906/2595
f 2346/3382/2299 2211/3295/2247 2728/4221/2770
f 2328/3515/2364 2729/4222/2771 2463/3723/2497
f 2705/4223/2749 2487/3544/2386 2630/4023/2669
f 2754/3764/2423 2777/4224/2772 2488/3765/2521
f 2407/3634/2445 2602/3979/2645 2687/4131/2724
f 2730/4225/2627 2410/4029/2448 2731/4226/2773
f 2731/4226/2773 2410/4029/2448 2490/3772/2523
f 2732/4227/2774 2588/3951/2628 2331/3519/2368
f 2264/3389/2301 2390/3608/2427 2665/4090/2703
f 2517/3819/2546 2333/3521/2370 2733/4228/2775
f 2534/3861/2569 2591/3954/2527 2734/4229/2776
f 2591/3954/2527 2759/4140/2729 2735/4230/2777
f 2736/4231/2631 2639/3869/2575 2833/4232/2778
f 2736/3958/2631 2761/4233/2779 2691/3959/2632
f 2639/3869/2575 2593/3961/2633 2833/4232/2778
f 2543/3828/2550 2358/3563/2399 2737/4234/2680
f 2711/4040/2679 2472/3738/2506 2764/4235/2780
f 2737/4041/2680 2425/3661/2461 2738/4236/2781
f 2425/3661/2461 2595/3968/2638 2738/4236/2781
f 2646/4204/2655 2718/4203/2758 2739/4237/2682
f 2740/4238/2782 2648/4062/2684 2695/4155/2735
f 2741/4239/2762 2722/4240/2640 2816/4241/2743
f 2742/4242/2783 2676/4111/2610 2571/3925/2607
f 2722/3972/2640 2618/4007/2658 2816/4243/2743
f 2278/3418/2315 2743/4244/2784 2575/3935/2612
f 2480/3751/2515 2580/3940/2617 2744/4245/2785
f 2656/4165/2692 2745/4246/2746 2622/4012/2661
f 2430/3672/2466 2745/4166/2746 2656/4077/2692
f 2482/3627/2439 2746/4247/2786 2481/3753/2516
f 2482/3627/2439 2747/4248/2493 2746/4247/2786
f 2459/3718/2495 2682/4120/2720 2625/4015/2664
f 2558/3905/2594 3207/4249/2787 2509/3806/2539
f 2748/4250/2564 2749/4251/2748 2659/4252/2696
f 2750/4253/2788 2824/3762/2520 2560/3907/2596
f 2587/3949/2626 2751/4254/2789 2464/3724/2498
f 2752/4255/2790 2753/4256/2791 2686/4130/2543
f 2686/4130/2543 2753/4256/2791 2754/4257/2423
f 2514/3769/2522 2797/3908/2597 2661/4085/2699
f 2798/4132/2725 2263/3387/2251 2386/3604/2424
f 2465/3726/2499 2755/4258/2751 2408/3637/2446
f 2386/3604/2424 2730/4225/2627 2756/4259/2792
f 2757/4260/2793 2489/3771/2474 2439/3685/2473
f 2411/3640/2449 2666/4091/2704 2707/4176/2753
f 2492/3774/2525 2138/3170/2171 2758/4261/2794
f 2517/3819/2546 2758/4261/2794 2138/3170/2171
f 2609/4033/2651 2759/4262/2729 2736/3958/2631
f 2607/3984/2649 2760/4263/2795 2354/3556/2394
f 2736/4231/2631 2833/4232/2778 2761/4264/2779
f 2669/4096/2708 2762/4265/2796 2834/4035/2574
f 2497/3782/2529 2763/4266/2797 2710/4141/2730
f 2471/3736/2504 2785/4267/2798 2714/3874/2579
f 2268/3396/2303 2540/3872/2578 2610/3987/2652
f 2392/3613/2430 2690/4139/2728 2307/3473/2342
f 2539/3871/2577 2711/4188/2679 2764/4268/2780
f 2671/3964/2635 2943/4269/2799 2642/4038/2678
f 2671/3964/2635 2765/4270/2656 2943/4269/2799
f 2498/3994/2530 2766/4271/2800 2695/4150/2735
f 2523/3993/2552 2766/4271/2800 2498/3994/2530
f 2718/4203/2758 2968/4272/2801 2739/4237/2682
f 2720/4206/2760 2787/4273/2802 2672/4105/2710
f 2616/4005/2657 2767/4274/2803 2698/4156/2740
f 2739/4058/2682 2767/4275/2803 2616/4059/2657
f 2768/4276/2687 2700/4277/2742 2816/4278/2743
f 2372/3584/2408 2769/4279/2804 2678/4116/2716
f 2372/3584/2408 2526/3841/2556 2769/4279/2804
f 2427/3669/2464 2770/4280/2805 2579/3939/2616
f 2620/4009/2659 2577/3937/2614 2725/4216/2766
f 2745/4166/2746 2506/3800/2536 2680/4118/2718
f 2530/3848/2562 2483/3755/2517 2771/4281/2806
f 2484/3756/2494 2772/4282/2807 2584/3945/2622
f 2901/4283/2808 2773/4284/2441 2774/4285/2563
f 2774/3849/2563 2508/3802/2538 2862/4286/2809
f 2822/4287/2810 3207/4249/2787 2558/3905/2594
f 2560/3907/2596 2509/3806/2539 2750/4253/2788
f 2881/4288/2811 2508/3978/2538 2775/4289/2722
f 2629/3851/2565 2775/4289/2722 2508/3978/2538
f 2211/3295/2247 2385/3602/2422 2728/4221/2770
f 2464/3724/2498 2751/4254/2789 2513/3813/2542
f 2405/4290/2443 2864/4291/2812 2776/4292/2750
f 2753/4256/2791 2777/4293/2772 2754/4257/2423
f 2466/4174/2500 2634/4027/2672 2602/3979/2645
f 2605/4136/2647 2778/4294/2813 2467/3728/2501
f 2778/4294/2813 2635/4028/2673 2467/3728/2501
f 2439/3685/2473 2408/3637/2446 2757/4260/2793
f 2779/4295/2814 2780/4296/2815 2516/3818/2545
f 2589/3952/2629 3496/4297/2816 2666/4091/2704
f 2665/4090/2703 2390/3608/2427 2781/4298/2817
f 2517/3819/2546 2733/4228/2775 2782/4299/2818
f 2610/3987/2652 2733/4228/2775 2333/3521/2370
f 2568/3916/2604 2808/4300/2819 2609/3986/2651
f 2592/3956/2571 2709/4301/2755 2497/3957/2529
f 2759/4140/2729 2783/4302/2820 2735/4230/2777
f 2609/4303/2651 2761/4304/2779 2783/4305/2820
f 2759/4306/2729 2609/4307/2651 2783/4308/2820
f 2761/4309/2779 2833/4310/2778 2783/4311/2820
f 2761/4233/2779 2692/4312/2731 2691/3959/2632
f 2760/4263/2795 2450/3704/2483 2354/3556/2394
f 2641/4184/2677 2642/4038/2678 2669/4096/2708
f 2611/4097/2653 2784/4313/2821 2812/4314/2732
f 2450/3704/2483 2760/4263/2795 2693/4147/2733
f 2785/4315/2798 2713/4192/2756 2714/4194/2579
f 2472/4316/2506 2715/4151/2736 2764/4317/2780
f 2765/4318/2656 2615/4319/2637 2943/4320/2799
f 2712/4103/2709 2786/4321/2822 2694/4148/2734
f 2738/4236/2781 2595/3968/2638 2989/4322/2823
f 2720/4208/2760 2698/4156/2740 2787/4323/2802
f 2910/4324/2824 2598/3973/2641 2675/4110/2714
f 2678/4116/2716 2788/4325/2825 2595/3968/2638
f 2678/4116/2716 2769/4279/2804 2788/4325/2825
f 2427/3669/2464 2576/3936/2613 2770/4280/2805
f 2701/4162/2744 2789/4326/2826 2581/3941/2618
f 2581/3941/2618 2789/4326/2826 2702/4164/2745
f 2702/4164/2745 2790/4327/2827 2341/3536/2381
f 2341/3536/2381 2791/4328/2828 2583/3944/2621
f 2747/4248/2493 2681/4329/2719 2746/4247/2786
f 2377/3591/2413 2679/4117/2717 2554/3901/2590
f 2584/3945/2622 2792/4330/2829 2683/4121/2721
f 2323/3759/2359 2976/4331/2830 2793/4332/2694
f 2658/4080/2695 2683/4121/2721 2794/4333/2831
f 2432/3758/2468 2976/4331/2830 2323/3759/2359
f 2557/4334/2593 2820/4335/2832 2628/4336/2666
f 2631/4024/2670 2704/4169/2668 2902/4337/2833
f 2463/3722/2497 2729/4338/2771 2704/4022/2668
f 2346/3382/2299 2728/4221/2770 2795/4339/2697
f 2587/3949/2626 2687/4131/2724 2796/4340/2834
f 2561/3909/2598 2776/4171/2750 2688/4134/2726
f 2797/4341/2597 2798/4342/2725 2958/4343/2835
f 2488/3765/2521 2777/4224/2772 2799/4344/2836
f 2488/3765/2521 2799/4344/2836 2603/3980/2646
f 2603/3980/2646 2799/4344/2836 2755/4172/2751
f 2602/3979/2645 2634/4027/2672 2800/4345/2837
f 2688/4134/2726 2801/4346/2838 2605/4136/2647
f 2801/4346/2838 2778/4294/2813 2605/4136/2647
f 2490/3772/2523 2563/3911/2600 2802/4347/2839
f 2331/3519/2368 2662/4087/2700 2732/4227/2774
f 2636/4030/2674 2803/4348/2840 2804/4349/2841
f 2516/3818/2545 2780/4296/2815 2440/3687/2475
f 2636/4030/2674 2491/3773/2524 2803/4348/2840
f 2491/3773/2524 2665/4090/2703 2803/4348/2840
f 2352/3552/2391 2608/3985/2650 2708/4177/2754
f 2734/4229/2776 2735/4230/2777 2805/4350/2842
f 2591/3954/2527 2735/4230/2777 2734/4229/2776
f 2535/3862/2570 2689/4138/2727 2709/4179/2755
f 2537/3865/2573 2806/4351/2843 2667/4093/2706
f 2709/4301/2755 2807/4352/2844 2497/3957/2529
f 2537/3865/2573 2668/4094/2707 2806/4351/2843
f 2808/4353/2819 2761/4233/2779 2609/4033/2651
f 2668/4095/2707 2834/3868/2574 2835/4354/2845
f 2593/3961/2633 2539/3960/2577 2809/4355/2846
f 2594/3962/2634 2692/4143/2731 2784/4313/2821
f 2594/3962/2634 2784/4313/2821 2611/4097/2653
f 2812/4314/2732 2784/4313/2821 2810/4356/2847
f 2812/4314/2732 2810/4356/2847 2786/4357/2822
f 2715/4151/2736 2811/4358/2848 2764/4317/2780
f 2812/4359/2732 2786/4321/2822 2712/4103/2709
f 2721/4207/2761 2742/4242/2783 2571/3925/2607
f 2739/4058/2682 2870/4360/2849 2767/4275/2803
f 2698/4156/2740 2767/4274/2803 2813/4361/2850
f 2697/4154/2739 2814/4362/2851 2650/4064/2686
f 2598/4065/2641 2743/4244/2784 2278/3418/2315
f 2650/4064/2686 2814/4362/2851 2653/4073/2689
f 2575/3935/2612 2743/4244/2784 2815/4363/2852
f 2575/4067/2612 2815/4364/2852 2816/4161/2743
f 2816/4365/2743 2815/4363/2852 2768/4366/2687
f 2769/4279/2804 2526/3841/2556 2874/4367/2853
f 2724/4215/2765 2654/4074/2690 2817/4368/2854
f 2654/4074/2690 2622/4076/2661 2817/4368/2854
f 2745/4166/2746 2818/4369/2855 2622/4076/2661
f 2341/3536/2381 2790/4327/2827 2791/4328/2828
f 2679/4117/2717 2582/3943/2620 2819/4370/2856
f 2727/4219/2768 2771/4281/2806 2483/3755/2517
f 2555/3902/2591 2556/3903/2592 3169/4371/2857
f 2658/4080/2695 2794/4333/2831 2820/4372/2832
f 2658/4080/2695 2820/4372/2832 2557/3904/2593
f 2820/4335/2832 2821/4373/2858 2628/4336/2666
f 2627/4018/2623 2977/4374/2859 2432/3758/2468
f 2559/3906/2595 3021/4375/2860 3114/4376/2861
f 2628/4336/2666 2822/4377/2810 2558/4378/2594
f 2842/3761/2519 2659/4082/2696 2823/4379/2862
f 2824/4380/2520 2750/4381/2788 2825/4382/2667
f 2385/3602/2422 2239/3346/2279 2826/4383/2863
f 2660/4084/2698 2752/4255/2790 2686/4130/2543
f 2796/4340/2834 2751/4254/2789 2587/3949/2626
f 2602/3979/2645 2800/4345/2837 2687/4131/2724
f 2664/4089/2702 2827/4384/2864 2531/3855/2566
f 2563/3911/2600 2828/4385/2865 2802/4347/2839
f 2563/3911/2600 2636/4030/2674 2828/4385/2865
f 2390/3608/2427 2708/4177/2754 2781/4298/2817
f 2518/3857/2547 2829/4386/2866 2590/4178/2630
f 2829/4387/2866 2830/4388/2867 2590/3953/2630
f 2709/4179/2755 2689/4138/2727 2831/4389/2868
f 2496/3780/2528 2832/4390/2869 2471/3736/2504
f 2832/4390/2869 2785/4267/2798 2471/3736/2504
f 2833/4391/2778 2938/4392/2870 2783/4302/2820
f 2762/4393/2796 2891/4394/2871 2834/4395/2574
f 2834/4035/2574 2891/4396/2871 2835/4397/2845
f 2833/4232/2778 2593/3961/2633 2836/4398/2872
f 2692/4312/2731 2761/4233/2779 2868/4399/2873
f 2539/3871/2577 2764/4268/2780 2809/4400/2846
f 2540/3921/2578 2838/3922/2605 2837/4401/2874
f 2710/4141/2730 2837/4402/2874 2838/4403/2605
f 2737/4234/2680 2696/4404/2738 2543/3828/2550
f 2694/4148/2734 2910/4324/2824 2675/4110/2714
f 2473/3739/2507 2478/3749/2513 2673/4107/2711
f 2526/3841/2556 2723/4214/2764 2874/4367/2853
f 2725/4216/2766 2839/4405/2875 2701/4162/2744
f 2622/4076/2661 2818/4369/2855 2817/4368/2854
f 2789/4326/2826 2790/4327/2827 2702/4164/2745
f 2840/4406/2876 2623/4013/2662 2583/3944/2621
f 2378/3592/2414 2841/4407/2877 2879/3977/2644
f 2432/3758/2468 2977/4374/2859 2976/4331/2830
f 2842/4408/2519 2823/4409/2862 2627/4410/2623
f 2626/4016/2665 3021/4375/2860 2559/3906/2595
f 2631/4024/2670 2843/4411/2878 2512/3812/2541
f 2705/4170/2749 2660/4084/2698 2301/3466/2338
f 2239/3346/2279 2586/3948/2625 2826/4383/2863
f 2661/4085/2699 2797/3908/2597 2844/4412/2879
f 2798/4132/2725 2386/3604/2424 2845/4413/2880
f 2757/4260/2793 2408/3637/2446 2755/4258/2751
f 2756/4259/2792 2730/4225/2627 2846/4414/2881
f 2846/4414/2881 2730/4225/2627 2731/4226/2773
f 2731/4226/2773 2490/3772/2523 2802/4347/2839
f 2663/4088/2701 2779/4295/2814 2516/3818/2545
f 2636/4030/2674 2804/4349/2841 2828/4385/2865
f 2492/3774/2525 2758/4261/2794 2847/4415/2882
f 2735/4230/2777 2783/4302/2820 2805/4350/2842
f 2709/4179/2755 2831/4389/2868 2807/4416/2844
f 2836/4398/2872 2593/3961/2633 2809/4355/2846
f 2669/4096/2708 2642/4038/2678 2941/4417/2883
f 2738/4236/2781 2848/4418/2884 2737/4041/2680
f 2989/4322/2823 2991/4419/2885 2738/4236/2781
f 2695/4420/2735 2869/4421/2886 2740/4422/2782
f 2696/4153/2738 2849/4423/2887 2697/4154/2739
f 2500/3791/2533 2850/4424/2888 2719/4205/2759
f 2716/4152/2737 2851/4425/2889 2548/3890/2584
f 2787/4273/2802 2718/4426/2758 2672/4105/2710
f 2500/3791/2533 2647/4061/2683 2850/4424/2888
f 2648/4062/2684 2740/4238/2782 2852/4427/2890
f 2699/4157/2741 2853/4428/2891 2647/4061/2683
f 2741/4209/2762 2853/4429/2891 2699/4210/2741
f 2698/4430/2740 2813/4431/2850 2787/4273/2802
f 2854/4432/2892 2816/4433/2743 2700/4212/2742
f 2676/4112/2610 2872/4434/2893 2677/4113/2715
f 2788/4435/2825 2769/4436/2804 2993/4437/2894
f 2599/3974/2642 2973/4438/2895 2896/4213/2763
f 2770/4280/2805 2855/4439/2896 2579/3939/2616
f 2599/3974/2642 2857/4440/2897 2973/4438/2895
f 2578/3938/2615 2856/4441/2898 2723/4214/2764
f 2599/4442/2642 2744/4443/2785 2857/4444/2897
f 2578/3938/2615 2724/4215/2765 2856/4441/2898
f 2599/3974/2642 2480/3751/2515 2744/4245/2785
f 2701/4162/2744 2839/4405/2875 2789/4326/2826
f 2951/3942/2619 2858/4445/2899 2580/3940/2617
f 2528/3845/2559 2859/4446/2900 2582/3943/2620
f 2624/4014/2663 2860/4447/2901 2680/4118/2718
f 2703/4167/2747 2625/4015/2664 2861/4448/2902
f 2530/3848/2562 2771/4281/2806 2460/3719/2496
f 2556/3903/2592 2773/3629/2441 3046/4449/2903
f 2862/4450/2809 2901/4283/2808 2774/4285/2563
f 3114/4376/2861 3115/4220/2769 2559/3906/2595
f 3025/4451/2904 2585/3947/2624 3115/4220/2769
f 2981/4452/2905 2750/4253/2788 2509/3806/2539
f 2881/4453/2811 2775/4454/2722 2585/4455/2624
f 2863/4456/2906 2630/4127/2669 2685/4129/2723
f 2902/4337/2833 2843/4411/2878 2631/4024/2670
f 2864/4457/2812 2405/3632/2443 2632/4025/2671
f 2799/4344/2836 2885/4458/2907 2755/4172/2751
f 2634/4027/2672 2531/3855/2566 2865/4459/2908
f 2846/4414/2881 2731/4226/2773 2802/4347/2839
f 2780/4296/2815 2637/4031/2675 2440/3687/2475
f 2866/4460/2909 2665/4090/2703 2781/4298/2817
f 2637/4031/2675 2867/4461/2910 2606/3983/2648
f 2568/3916/2604 2590/3953/2630 2830/4388/2867
f 2807/4416/2844 2763/4266/2797 2497/3782/2529
f 2808/4353/2819 2868/4399/2873 2761/4233/2779
f 2833/4391/2778 2836/4462/2872 2938/4392/2870
f 2669/4096/2708 2941/4417/2883 2762/4265/2796
f 2809/4355/2846 2764/4463/2780 2811/4464/2848
f 2692/4143/2731 2868/4465/2873 2784/4313/2821
f 3102/4466/2911 2810/4356/2847 2784/4313/2821
f 2760/4263/2795 2851/4425/2889 2693/4147/2733
f 2945/4467/2912 2696/4404/2738 2737/4234/2680
f 2941/4417/2883 2642/4038/2678 2940/4468/2913
f 2642/4038/2678 2943/4269/2799 2940/4468/2913
f 2848/4469/2884 2738/4470/2781 2991/4471/2885
f 2715/4197/2757 2693/4196/2733 2851/4472/2889
f 2715/4199/2757 2851/4473/2889 2716/4200/2737
f 2615/4060/2637 2987/4474/2914 2943/4475/2799
f 2544/3881/2581 2713/4476/2756 2721/4207/2761
f 2695/4150/2735 2766/4271/2800 2869/4477/2886
f 2766/4271/2800 2523/3993/2552 3031/4478/2713
f 2615/4060/2637 2674/4108/2712 2987/4474/2914
f 2647/4061/2683 2853/4428/2891 2850/4424/2888
f 2968/4272/2801 2870/4479/2849 2739/4237/2682
f 2697/4154/2739 2871/4480/2915 2814/4362/2851
f 2816/4241/2743 2854/4481/2892 2741/4239/2762
f 2742/4242/2783 2872/4482/2893 2676/4111/2610
f 2815/4363/2852 2743/4244/2784 2873/4483/2916
f 2677/4113/2715 2649/4159/2685 2573/3892/2586
f 2874/4484/2853 2993/4437/2894 2769/4436/2804
f 2653/4073/2689 2875/4485/2917 2577/3937/2614
f 2726/4217/2767 2876/4486/2918 2655/4075/2691
f 2744/4245/2785 2580/3940/2617 2858/4445/2899
f 2528/3845/2559 2655/4075/2691 2859/4446/2900
f 2582/3943/2620 2859/4446/2900 2819/4370/2856
f 2481/3753/2516 2746/4247/2786 2601/3976/2643
f 2680/4118/2718 2877/4487/2919 2745/4166/2746
f 2791/4328/2828 2840/4406/2876 2583/3944/2621
f 2680/4118/2718 2860/4447/2901 2878/4488/2920
f 2624/4014/2663 2657/4078/2693 2860/4447/2901
f 2879/3977/2644 2841/4407/2877 2772/4489/2807
f 2879/4490/2644 2772/4282/2807 2484/3756/2494
f 2772/4282/2807 2792/4330/2829 2584/3945/2622
f 2861/4448/2902 2625/4015/2664 2682/4120/2720
f 2771/4281/2806 2880/4491/2921 2460/3719/2496
f 2659/4082/2696 3186/4492/2922 2823/4379/2862
f 2585/3947/2624 3025/4451/2904 2881/4493/2811
f 2882/4494/2923 2795/4339/2697 2728/4221/2770
f 2863/4495/2906 2705/4223/2749 2630/4023/2669
f 2586/3948/2625 2661/4085/2699 2883/4496/2924
f 2864/4457/2812 2801/4346/2838 2776/4171/2750
f 2776/4171/2750 2801/4346/2838 2688/4134/2726
f 2777/4293/2772 2884/4497/2925 2885/4498/2907
f 2777/4224/2772 2885/4458/2907 2799/4344/2836
f 2886/4499/2926 2779/4295/2814 2663/4088/2701
f 2803/4348/2840 2665/4090/2703 2866/4460/2909
f 2492/3774/2525 2847/4415/2882 2565/3913/2602
f 2518/3820/2547 2907/4092/2705 2960/4500/2927
f 2567/3860/2568 2887/4501/2928 2638/4032/2676
f 2638/4502/2676 2689/4138/2727 2413/3642/2450
f 2888/4503/2929 2496/3780/2528 2566/3914/2603
f 2668/4094/2707 2835/4397/2845 2806/4351/2843
f 2835/4397/2845 2891/4396/2871 2889/4504/2930
f 2891/4394/2931 2762/4393/2932 2890/4505/2933
f 2891/4506/2871 2762/4507/2796 2908/4508/2934
f 2540/3921/2578 2837/4401/2874 2892/4509/2935
f 2690/4139/2728 2392/3613/2430 2673/4107/2711
f 2737/4234/2680 2848/4510/2884 2945/4467/2912
f 2786/4321/2822 2942/4511/2936 2694/4148/2734
f 2715/4151/2736 2719/4205/2759 2811/4358/2848
f 2871/4480/2915 2697/4154/2739 2849/4423/2887
f 2548/3890/2584 2893/4512/2937 2700/4212/2742
f 2853/4513/2891 2741/4514/2762 2854/4515/2892
f 2894/4516/2938 2648/4062/2684 2852/4427/2890
f 2648/4062/2684 2894/4516/2938 2652/4072/2688
f 3109/4517/2939 2947/4518/2940 2677/4519/2715
f 2652/4072/2688 2895/4520/2941 2576/3936/2613
f 2317/4521/2351 2896/4522/2763 2970/4523/2942
f 2895/4520/2941 2770/4280/2805 2576/3936/2613
f 2874/4367/2853 2723/4214/2764 2972/4524/2943
f 2770/4280/2805 2897/4525/2944 2855/4439/2896
f 2855/4439/2896 2726/4217/2767 2579/3939/2616
f 2746/4247/2786 2681/4329/2719 3000/4526/2945
f 2840/4406/2876 2898/4527/2946 2623/4013/2662
f 2899/4528/2947 2554/3901/2590 2679/4117/2717
f 2899/4528/2947 2727/4219/2768 2554/3901/2590
f 3169/4371/2857 2682/4120/2720 2555/3902/2591
f 2460/3719/2496 2880/4491/2921 2507/3801/2537
f 2507/3801/2537 2900/4529/2948 2626/4016/2665
f 2773/3629/2441 2901/4530/2808 3046/4449/2903
f 2821/4373/2858 3116/4531/2949 2628/4336/2666
f 2659/4252/2696 2749/4251/2748 3186/4532/2922
f 2980/4533/2950 2508/3978/2538 2881/4288/2811
f 3207/4249/2787 2981/4452/2905 2509/3806/2539
f 2825/4021/2667 2917/4534/2951 2749/4168/2748
f 2902/4535/2833 2704/4022/2668 2729/4338/2771
f 2753/4256/2791 2922/4536/2952 2777/4293/2772
f 2903/4537/2953 2801/4346/2838 2864/4457/2812
f 2386/3604/2424 2756/4259/2792 2845/4413/2880
f 2885/4538/2907 2757/4260/2793 2755/4258/2751
f 2757/4539/2793 2663/4088/2701 2489/3686/2474
f 2802/4347/2839 2904/4540/2954 2846/4414/2881
f 2531/3855/2566 2827/4384/2864 2865/4459/2908
f 2905/4541/2955 2588/3951/2628 2732/4227/2774
f 2905/4541/2955 2706/4175/2752 2588/3951/2628
f 2608/3985/2650 2906/4542/2956 2708/4177/2754
f 2517/3819/2546 2782/4299/2818 2758/4261/2794
f 2606/3983/2648 2607/3984/2649 2532/3856/2567
f 2534/3861/2569 2734/4229/2776 2907/4543/2705
f 2568/3916/2604 2830/4388/2867 2808/4300/2819
f 2783/4302/2820 2938/4392/2870 2805/4350/2842
f 2807/4544/2844 2890/4545/2933 2763/4546/2797
f 2908/4547/2934 2889/4504/2930 2891/4396/2871
f 2762/4507/2796 2941/4548/2883 2908/4508/2934
f 2837/4401/2874 2966/4549/2957 2892/4509/2935
f 2942/4511/2936 2910/4324/2824 2694/4148/2734
f 2851/4425/2889 2893/4512/2937 2548/3890/2584
f 2478/3749/2513 2909/4550/2958 2673/4107/2711
f 2595/3968/2638 2788/4325/2825 2989/4322/2823
f 2598/4065/2641 2910/4551/2824 2743/4244/2784
f 2674/4108/2712 2649/4063/2685 2912/4552/2959
f 2677/4113/2715 2872/4434/2893 2911/4553/2960
f 2677/4113/2715 2912/4554/2959 2649/4159/2685
f 2913/4555/2961 2875/4485/2917 2653/4073/2689
f 2874/4484/2853 2914/4556/2962 2993/4437/2894
f 2896/4213/2763 2973/4438/2895 3038/4557/2963
f 2577/3937/2614 2875/4485/2917 2725/4216/2766
f 2789/4326/2826 2839/4405/2875 2915/4558/2964
f 2655/4075/2691 2876/4486/2918 2859/4446/2900
f 2680/4118/2718 2916/4559/2965 2877/4487/2919
f 2680/4118/2718 2878/4488/2920 2916/4559/2965
f 2623/4013/2662 2898/4527/2946 2378/3592/2414
f 2378/3592/2414 2898/4527/2946 2841/4407/2877
f 3046/4449/2903 3144/4560/2966 2556/3903/2592
f 2900/4529/2948 3021/4375/2860 2626/4016/2665
f 2628/4336/2666 3116/4531/2949 2822/4377/2810
f 3265/4561/2967 2981/4452/2905 3207/4249/2787
f 2750/4562/2788 2917/4563/2951 2825/4564/2667
f 2863/4565/2906 2882/4566/2923 2918/4567/2968
f 2863/4565/2906 2685/4125/2723 2882/4566/2923
f 2660/4084/2698 2919/4568/2969 2752/4255/2790
f 2632/4025/2671 2920/4569/2970 2864/4457/2812
f 2921/4570/2971 2922/4571/2952 2753/4572/2791
f 2777/4293/2772 2922/4536/2952 2884/4497/2925
f 2958/4343/2835 2798/4342/2725 2845/4573/2880
f 2687/4131/2724 2800/4345/2837 2923/4574/2972
f 2924/4575/2973 2778/4294/2813 2801/4346/2838
f 2778/4294/2813 2924/4575/2973 2635/4028/2673
f 2924/4575/2973 2925/4576/2974 2635/4028/2673
f 2846/4414/2881 2926/4577/2975 2756/4259/2792
f 2664/4089/2702 2562/3910/2599 2927/4578/2976
f 2803/4348/2840 2866/4460/2909 2928/4579/2977
f 2562/3910/2599 2564/3912/2601 2929/4580/2978
f 3496/4297/2816 2589/3952/2629 2706/4175/2752
f 2567/3915/2568 2930/4581/2979 2887/4582/2928
f 2806/4351/2843 2931/4583/2980 2667/4093/2706
f 2932/4584/2981 2868/4399/2873 2808/4353/2819
f 2610/3987/2652 2933/4585/2982 2733/4228/2775
f 2807/4416/2844 3054/4586/2983 2890/4587/2933
f 2807/4416/2844 2831/4389/2868 3054/4586/2983
f 2835/4397/2845 2889/4504/2930 2806/4351/2843
f 2760/4263/2795 2934/4588/2984 2935/4589/2985
f 2908/4547/2934 2936/4590/2986 2889/4504/2930
f 2836/4398/2872 2937/4591/2987 2938/4592/2870
f 2836/4398/2872 2809/4355/2846 2937/4591/2987
f 2710/4141/2730 3057/4593/2988 2837/4402/2874
f 2966/4549/2957 2939/4594/2989 2892/4509/2935
f 2940/4595/2913 3012/4596/2990 2941/4597/2883
f 2810/4356/2847 2942/4598/2936 2786/4357/2822
f 2943/4599/2799 2987/4600/2914 2944/4601/2991
f 2696/4153/2738 2945/4602/2912 2849/4423/2887
f 2718/4426/2758 2946/4603/2992 2944/4604/2991
f 2944/4605/2991 2968/4606/2801 2718/4607/2758
f 2718/4426/2758 2787/4273/2802 2946/4603/2992
f 2478/3749/2513 2768/4115/2687 2909/4550/2958
f 2947/4608/2940 2912/4554/2959 2677/4113/2715
f 2677/4113/2715 2911/4553/2960 3109/4609/2939
f 2653/4073/2689 2814/4362/2851 2913/4555/2961
f 2652/4072/2688 2894/4516/2938 2895/4520/2941
f 2875/4485/2917 2948/4610/2993 2725/4216/2766
f 2856/4441/2898 2972/4524/2943 2723/4214/2764
f 2839/4405/2875 2725/4216/2766 2948/4610/2993
f 2949/4611/2994 2857/4444/2897 2744/4443/2785
f 2724/4215/2765 2950/4612/2995 2856/4441/2898
f 2744/4245/2785 2858/4445/2899 2949/4613/2994
f 2817/4368/2854 2818/4369/2855 2877/4487/2919
f 2789/4326/2826 2915/4558/2964 2790/4327/2827
f 2951/4614/2619 2601/4615/2643 2858/4616/2899
f 2819/4370/2856 2952/4617/2996 2679/4117/2717
f 2681/4119/2719 2529/3847/2561 2953/4618/2997
f 2657/4078/2693 2954/4619/2998 2860/4447/2901
f 3169/4371/2857 2556/3903/2592 3144/4560/2966
f 2823/4409/2862 2955/4620/2999 2627/4410/2623
f 2685/4125/2723 2795/4124/2697 2882/4566/2923
f 2902/4535/2833 2729/4338/2771 2956/4621/3000
f 2729/4222/2771 2328/3515/2364 2513/3813/2542
f 2751/4254/2789 2957/4622/3001 2513/3813/2542
f 2826/4383/2863 2586/3948/2625 2883/4496/2924
f 2753/4256/2791 2752/4255/2790 2921/4623/2971
f 2797/3908/2597 2958/4624/2835 2844/4412/2879
f 2925/4576/2974 2662/4087/2700 2635/4028/2673
f 2904/4540/2954 2802/4347/2839 2828/4385/2865
f 2565/3913/2602 2959/4625/3002 2564/3912/2601
f 2518/3857/2547 2960/4626/2927 2829/4386/2866
f 2638/4032/2676 2887/4501/2928 2961/4627/3003
f 2667/4093/2706 2930/4581/2979 2567/3915/2568
f 2734/4229/2776 2805/4350/2842 2962/4628/3004
f 2963/4629/3005 2831/4389/2868 2689/4138/2727
f 2830/4388/2867 2932/4630/2981 2808/4300/2819
f 2607/3984/2649 2934/4588/2984 2760/4263/2795
f 2889/4504/2930 2931/4583/2980 2806/4351/2843
f 2938/4392/2870 2964/4631/3006 2805/4350/2842
f 2610/3987/2652 2540/3872/2578 2933/4585/2982
f 2710/4141/2730 2763/4266/2797 3057/4593/2988
f 2540/3872/2578 2892/4632/2935 2965/4633/3007
f 2837/4402/2874 3057/4593/2988 2966/4634/2957
f 2943/4269/2799 2967/4635/3008 2940/4468/2913
f 2943/4269/2799 2944/4604/2991 2967/4635/3008
f 2944/4636/2991 2988/4637/3009 2968/4638/2801
f 2787/4273/2802 3179/4639/3010 2946/4603/2992
f 2852/4427/2890 2740/4238/2782 2894/4516/2938
f 2968/4638/2801 2988/4637/3009 2870/4640/2849
f 2854/4515/2892 2969/4641/3011 2853/4513/2891
f 2700/4212/2742 2893/4512/2937 2854/4432/2892
f 2788/4325/2825 2992/4642/3012 2989/4322/2823
f 2317/3494/2351 2970/4643/2942 3031/4109/2713
f 2873/4483/2916 2971/4644/3013 2815/4363/2852
f 2815/4363/2852 2971/4644/3013 2768/4366/2687
f 2896/4213/2763 3038/4557/2963 3037/4645/3014
f 2874/4484/2853 2972/4646/2943 2914/4556/2962
f 2973/4647/2895 2857/4648/2897 3039/4649/3015
f 2897/4525/2944 2974/4650/3016 2855/4439/2896
f 2857/4648/2897 2975/4651/3017 3039/4649/3015
f 2724/4215/2765 2817/4368/2854 2950/4612/2995
f 2818/4369/2855 2745/4166/2746 2877/4487/2919
f 2529/3847/2561 2703/4167/2747 2953/4618/2997
f 2976/4331/2830 3113/4652/3018 2793/4332/2694
f 2976/4653/2830 2977/4654/2859 2978/4655/3019
f 2979/4656/3020 2977/4654/2859 2627/4410/2623
f 2508/3802/2538 2980/4657/2950 2862/4286/2809
f 2750/4562/2788 2981/4658/2905 2917/4563/2951
f 2843/4411/2878 2632/4025/2671 2512/3812/2541
f 2903/4537/2953 2924/4575/2973 2801/4346/2838
f 2885/4498/2907 2982/4659/3021 2757/4539/2793
f 2634/4027/2672 2983/4660/3022 2800/4345/2837
f 2827/4384/2864 2664/4089/2702 2927/4578/2976
f 2562/3910/2599 2929/4580/2978 2927/4578/2976
f 2960/4500/2927 2907/4092/2705 2962/4661/3004
f 2907/4543/2705 2734/4229/2776 2962/4628/3004
f 2689/4138/2727 2638/4502/2676 2963/4629/3005
f 2890/4587/2933 3054/4586/2983 2984/4662/3023
f 2763/4663/2797 2890/4664/2933 2985/4665/3024
f 2941/4417/2883 2936/4590/2986 2908/4547/2934
f 2760/4263/2795 2935/4589/2985 2851/4425/2889
f 2966/4549/2957 3028/4666/3025 2939/4594/2989
f 2986/4667/3026 2945/4467/2912 2848/4510/2884
f 2987/4668/2914 2988/4669/3009 2944/4670/2991
f 2989/4671/2823 2990/4672/3027 2991/4673/2885
f 2853/4428/2891 2969/4674/3011 2850/4424/2888
f 2990/4672/3027 2989/4671/2823 2992/4675/3012
f 2854/4515/2892 2893/4676/2937 2969/4641/3011
f 2788/4325/2825 2993/4677/2894 2992/4642/3012
f 2814/4362/2851 2871/4480/2915 2913/4555/2961
f 2994/4678/3028 2895/4520/2941 2894/4516/2938
f 2896/4522/2763 3037/4679/3014 2970/4523/2942
f 2973/4438/2895 3039/4680/3015 3038/4557/2963
f 2855/4439/2896 2974/4650/3016 2726/4217/2767
f 2857/4440/2897 2949/4613/2994 2975/4681/3017
f 2856/4441/2898 2950/4612/2995 2972/4524/2943
f 2726/4217/2767 2995/4682/3029 2876/4486/2918
f 2948/4610/2993 2996/4683/3030 2839/4405/2875
f 2858/4445/2899 2997/4684/3031 2949/4613/2994
f 2817/4368/2854 2877/4487/2919 2950/4612/2995
f 2858/4445/2899 2601/3976/2643 2997/4684/3031
f 2876/4486/2918 3139/4685/3032 2859/4446/2900
f 2790/4327/2827 2915/4558/2964 2791/4328/2828
f 2819/4370/2856 2859/4446/2900 2952/4617/2996
f 2840/4406/2876 2791/4328/2828 2998/4686/3033
f 2679/4117/2717 2999/4687/3034 2899/4528/2947
f 3000/4688/2945 2681/4119/2719 2953/4618/2997
f 2953/4618/2997 2703/4167/2747 3001/4689/3035
f 2703/4167/2747 2861/4448/2902 3001/4689/3035
f 3169/4371/2857 3002/4690/3036 2682/4120/2720
f 2980/4533/2950 2881/4288/2811 3023/4691/3037
f 2729/4222/2771 2513/3813/2542 3003/4692/3038
f 2826/4383/2863 3004/4693/3039 2385/3602/2422
f 2796/4340/2834 2923/4574/2972 3005/4694/3040
f 2796/4340/2834 2687/4131/2724 2923/4574/2972
f 2924/4575/2973 3006/4695/3041 2925/4576/2974
f 2926/4577/2975 2846/4414/2881 2904/4540/2954
f 3007/4696/3042 2886/4499/2926 2663/4088/2701
f 2828/4385/2865 2804/4349/2841 3008/4697/3043
f 2803/4348/2840 3009/4698/3044 2804/4349/2841
f 2803/4348/2840 2928/4579/2977 3009/4698/3044
f 2781/4298/2817 3010/4699/3045 2866/4460/2909
f 2496/3780/2528 2888/4503/2929 2832/4390/2869
f 2890/4664/2933 3011/4700/3046 2985/4665/3024
f 2941/4417/2883 3012/4701/2990 2936/4590/2986
f 2986/4702/3026 3013/4703/3047 2945/4602/2912
f 2940/4595/2913 2967/4704/3008 3012/4596/2990
f 3014/4705/3048 2810/4356/2847 3102/4466/2911
f 2945/4602/2912 3013/4703/3047 2849/4423/2887
f 2944/4604/2991 2946/4603/2992 2967/4635/3008
f 3031/4706/2713 2869/4707/2886 2766/4708/2800
f 2721/4207/2761 3409/4709/3049 2742/4242/2783
f 3409/4709/3049 2872/4482/2893 2742/4242/2783
f 2787/4273/2802 2813/4431/2850 3179/4639/3010
f 3031/4109/2713 2970/4643/2942 3032/4710/3050
f 2910/4551/2824 3158/4711/3051 2743/4244/2784
f 2813/4361/2850 2767/4274/2803 3034/4712/3052
f 3158/4711/3051 2873/4483/2916 2743/4244/2784
f 2947/4518/2940 3015/4713/3053 2912/4552/2959
f 2871/4480/2915 3016/4714/3054 2913/4555/2961
f 2895/4520/2941 2994/4678/3028 3017/4715/3055
f 3016/4714/3054 3018/4716/3056 2913/4555/2961
f 3017/4715/3055 2897/4525/2944 2895/4520/2941
f 2895/4520/2941 2897/4525/2944 2770/4280/2805
f 2875/4485/2917 2913/4555/2961 3019/4717/3057
f 2746/4247/2786 3000/4526/2945 2601/3976/2643
f 2952/4617/2996 2999/4687/3034 2679/4117/2717
f 2840/4406/2876 2998/4686/3033 2898/4527/2946
f 2657/4078/2693 2793/4079/2694 2954/4619/2998
f 3002/4690/3036 2861/4448/2902 2682/4120/2720
f 2820/4335/2832 2794/4718/2831 3020/4719/3058
f 2507/3801/2537 2880/4491/2921 2900/4529/2948
f 3021/4720/2860 2900/4721/2948 3022/4722/3059
f 2627/4410/2623 2955/4620/2999 2979/4656/3020
f 2881/4723/2811 3025/4724/2904 3023/4725/3037
f 3024/4726/3060 3023/4691/3037 3025/4727/2904
f 2385/3602/2422 3004/4693/3039 2728/4221/2770
f 2705/4170/2749 2919/4568/2969 2660/4084/2698
f 2884/4728/2925 2982/4729/3021 2885/4730/2907
f 2923/4574/2972 2800/4345/2837 2983/4660/3022
f 2983/4660/3022 2634/4027/2672 2865/4459/2908
f 2982/4659/3021 3007/4696/3042 2757/4539/2793
f 3007/4696/3042 2663/4088/2701 2757/4539/2793
f 2904/4540/2954 2828/4385/2865 3008/4697/3043
f 3026/4731/3061 2965/4633/3007 2892/4632/2935
f 2938/4592/2870 2937/4591/2987 3074/4732/3062
f 3027/4733/3063 2713/4192/2756 2785/4315/2798
f 3056/4734/3064 2892/4509/2935 2939/4594/2989
f 3057/4593/2988 3028/4735/3025 2966/4634/2957
f 3056/4734/3064 2939/4594/2989 3028/4666/3025
f 2848/4736/2884 2991/4673/2885 3153/4737/3065
f 3012/4701/2990 2967/4635/3008 3029/4738/3066
f 2990/4672/3027 3153/4737/3065 2991/4673/2885
f 3030/4739/3067 2869/4740/2886 3106/4741/3068
f 3030/4742/3067 2740/4422/2782 2869/4421/2886
f 2987/4743/2914 3247/4744/3069 2988/4745/3009
f 2869/4740/2886 3031/4746/2713 3032/4747/3050
f 2719/4205/2759 2850/4424/2888 3033/4748/3070
f 2946/4603/2992 3179/4639/3010 3246/4749/3071
f 3030/4750/3067 2894/4516/2938 2740/4238/2782
f 2912/4552/2959 2987/4474/2914 2674/4108/2712
f 2813/4431/2850 3034/4751/3052 3179/4639/3010
f 3034/4712/3052 2767/4274/2803 3107/4752/3072
f 3107/4752/3072 2767/4274/2803 2870/4753/2849
f 3030/4750/3067 2994/4678/3028 2894/4516/2938
f 3032/4710/3050 2970/4643/2942 3081/4754/3073
f 2970/4643/2942 3037/4645/3014 3081/4754/3073
f 3035/4755/3074 2947/4518/2940 3109/4517/2939
f 3036/4756/3075 3037/4757/3014 3038/4758/2963
f 3036/4759/3075 3038/4760/2963 3040/4761/3076
f 3038/4758/2963 3039/4762/3015 3040/4763/3076
f 3019/4717/3057 2913/4555/2961 3018/4716/3056
f 3039/4762/3015 2975/4764/3017 3040/4763/3076
f 2875/4485/2917 3019/4717/3057 2948/4610/2993
f 3040/4763/3076 2975/4764/3017 3041/4765/3077
f 2975/4681/3017 2949/4613/2994 3041/4766/3077
f 2949/4613/2994 2997/4684/3031 3041/4766/3077
f 2996/4683/3030 2948/4610/2993 3042/4767/3078
f 3041/4765/3077 2997/4768/3031 3043/4769/3079
f 3044/4770/3080 2792/4330/2829 2772/4282/2807
f 2978/4655/3019 3113/4771/3018 2976/4653/2830
f 3045/4772/3081 3046/4773/2903 2901/4283/2808
f 3115/4220/2769 3024/4774/3060 3025/4451/2904
f 3047/4775/3082 2917/4563/2951 2981/4658/2905
f 3265/4776/2967 3047/4777/3082 2981/4778/2905
f 2882/4494/2923 2728/4221/2770 2918/4779/2968
f 2513/3813/2542 2957/4622/3001 3048/4780/3083
f 2843/4411/2878 3049/4781/3084 2632/4025/2671
f 2845/4413/2880 2756/4259/2792 3050/4782/3085
f 2886/4499/2926 3051/4783/3086 2779/4295/2814
f 2732/4227/2774 3052/4784/3087 2905/4541/2955
f 2929/4580/2978 2564/3912/2601 2959/4625/3002
f 2708/4177/2754 3053/4785/3088 2781/4298/2817
f 2707/4176/2753 3069/4786/3089 2566/3914/2603
f 2887/4582/2928 2930/4581/2979 3190/4787/3090
f 2963/4629/3005 3054/4586/2983 2831/4389/2868
f 2932/4584/2981 3245/4788/3091 2868/4399/2873
f 3054/4789/2983 3100/4790/3092 2984/4791/3023
f 2889/4504/2930 2936/4590/2986 3055/4792/3093
f 2890/4587/2933 2984/4662/3023 3011/4793/3046
f 2763/4266/2797 2985/4794/3024 3057/4593/2988
f 2892/4632/2935 3056/4795/3064 3026/4731/3061
f 3057/4796/2988 2985/4665/3024 3077/4797/3094
f 2848/4510/2884 3153/4798/3065 2986/4667/3026
f 2784/4313/2821 2868/4465/2873 3102/4466/2911
f 2967/4635/3008 3246/4749/3071 3029/4738/3066
f 2810/4356/2847 3014/4705/3048 2942/4598/2936
f 2967/4635/3008 2946/4603/2992 3246/4749/3071
f 2942/4511/2936 3058/4799/3095 2910/4324/2824
f 2869/4740/2886 3032/4747/3050 3106/4741/3068
f 3247/4800/3069 3248/4801/3096 2988/4637/3009
f 3033/4748/3070 2850/4424/2888 2969/4674/3011
f 3058/4802/3095 3158/4711/3051 2910/4551/2824
f 2990/4803/3027 2992/4642/3012 3059/4804/3097
f 2893/4676/2937 3301/4805/3098 2969/4641/3011
f 3248/4801/3096 2870/4640/2849 2988/4637/3009
f 2969/4641/3011 3301/4805/3098 3220/4806/3099
f 2974/4650/3016 2897/4525/2944 3135/4807/3100
f 2974/4650/3016 3060/4808/3101 2726/4217/2767
f 2726/4217/2767 3060/4808/3101 2995/4682/3029
f 2996/4683/3030 2915/4558/2964 2839/4405/2875
f 2998/4686/3033 3061/4809/3102 2898/4527/2946
f 2899/4528/2947 3062/4810/3103 2727/4219/2768
f 2683/4121/2721 2792/4330/2829 3063/4811/3104
f 3064/4812/3105 2820/4335/2832 3020/4719/3058
f 3144/4560/2966 3046/4449/2903 3045/4813/3081
f 3064/4812/3105 2821/4373/2858 2820/4335/2832
f 2862/4450/2809 2980/4814/2950 2901/4283/2808
f 3065/4815/3106 3024/4816/3060 3115/4817/2769
f 2749/4168/2748 2917/4534/2951 3186/4492/2922
f 3208/4818/3107 2843/4411/2878 2902/4337/2833
f 3003/4692/3038 2513/3813/2542 3048/4780/3083
f 2958/4343/2835 2845/4573/2880 3050/4819/3085
f 2903/4537/2953 3066/4820/3108 2924/4575/2973
f 3007/4696/3042 3067/4821/3109 2886/4499/2926
f 2780/4296/2815 3068/4822/3110 2637/4031/2675
f 2707/4823/2753 3097/4824/3111 3069/4825/3089
f 2758/4261/2794 3070/4826/3112 2847/4415/2882
f 2960/4500/2927 2962/4661/3004 3121/4827/3113
f 2607/3984/2649 3071/4828/3114 2934/4588/2984
f 3072/4829/3115 2830/4388/2867 2829/4387/2866
f 2963/4629/3005 2638/4502/2676 3073/4830/3116
f 2782/4299/2818 2733/4228/2775 2933/4585/2982
f 2938/4392/2870 3074/4831/3062 2964/4631/3006
f 3027/4733/3063 3075/4832/3117 2713/4192/2756
f 2690/4139/2728 2673/4107/2711 3076/4833/3118
f 3057/4593/2988 3077/4834/3094 3028/4735/3025
f 3075/4835/3117 3409/4709/3049 2713/4476/2756
f 2811/4358/2848 2719/4205/2759 3033/4748/3070
f 3014/4836/3048 3058/4837/3095 2942/4838/2936
f 3032/4747/3050 3083/4839/3119 3106/4741/3068
f 2909/4550/2958 3078/4840/3120 2673/4107/2711
f 2871/4480/2915 2849/4423/2887 3079/4841/3121
f 3032/4710/3050 3081/4754/3073 3083/4842/3119
f 2912/4552/2959 3015/4713/3053 3080/4843/3122
f 3081/4844/3073 3082/4845/3123 3083/4846/3119
f 3081/4844/3073 3037/4757/3014 3082/4845/3123
f 3109/4609/2939 2911/4553/2960 3084/4847/3124
f 3037/4757/3014 3036/4756/3075 3082/4845/3123
f 3017/4715/3055 3135/4807/3100 2897/4525/2944
f 3085/4848/3125 3086/4849/3126 3087/4850/3127
f 3085/4848/3125 3036/4756/3075 3040/4763/3076
f 3085/4848/3125 3040/4763/3076 3086/4849/3126
f 3040/4763/3076 3164/4851/3128 3086/4849/3126
f 3040/4763/3076 3041/4765/3077 3164/4851/3128
f 2948/4610/2993 3019/4717/3057 3042/4767/3078
f 2995/4682/3029 3138/4852/3129 2876/4486/2918
f 2876/4486/2918 3138/4852/3129 3139/4685/3032
f 2997/4684/3031 2601/3976/2643 3088/4853/3130
f 3000/4526/2945 3089/4854/3131 2601/3976/2643
f 3061/4809/3102 2841/4407/2877 2898/4527/2946
f 2953/4618/2997 3001/4689/3035 3397/4855/3132
f 2771/4281/2806 2727/4219/2768 3090/4856/3133
f 3002/4690/3036 3169/4371/2857 3091/4857/3134
f 2794/4718/2831 3063/4858/3104 3020/4719/3058
f 2683/4121/2721 3063/4811/3104 2794/4333/2831
f 2880/4491/2921 3145/4859/3135 2900/4529/2948
f 2901/4283/2808 2980/4814/2950 3045/4772/3081
f 3186/4492/2922 2917/4534/2951 3235/4860/3136
f 2843/4411/2878 3208/4818/3107 3092/4861/3137
f 2729/4222/2771 3003/4692/3038 2956/4862/3000
f 3049/4781/3084 2920/4569/2970 2632/4025/2671
f 2751/4254/2789 3093/4863/3138 2957/4622/3001
f 3094/4864/3139 2921/4623/2971 2752/4255/2790
f 2751/4254/2789 2796/4340/2834 3093/4863/3138
f 2958/4624/2835 3050/4782/3085 2844/4412/2879
f 2756/4259/2792 3095/4865/3140 3050/4782/3085
f 2926/4577/2975 3095/4865/3140 2756/4259/2792
f 2779/4295/2814 3051/4783/3086 2780/4296/2815
f 2866/4460/2909 3010/4699/3045 3096/4866/3141
f 2781/4298/2817 3053/4785/3088 3010/4699/3045
f 2707/4176/2753 2666/4091/2704 3097/4867/3111
f 2758/4261/2794 2782/4299/2818 3070/4826/3112
f 3069/4786/3089 2888/4503/2929 2566/3914/2603
f 2805/4350/2842 3098/4868/3142 2962/4628/3004
f 3072/4829/3115 3099/4869/3143 2830/4388/2867
f 3099/4869/3143 2932/4630/2981 2830/4388/2867
f 3054/4586/2983 2963/4629/3005 3100/4870/3092
f 2809/4355/2846 3276/4871/3144 2937/4591/2987
f 2809/4355/2846 2811/4464/2848 3274/4872/3145
f 2937/4591/2987 3276/4871/3144 3074/4732/3062
f 2851/4425/2889 2935/4589/2985 3101/4873/3146
f 2868/4399/2873 3245/4788/3091 3102/4874/2911
f 2673/4107/2711 3103/4875/3147 3076/4833/3118
f 2936/4590/2986 3012/4701/2990 3104/4876/3148
f 2986/4702/3026 3105/4877/3149 3013/4703/3047
f 3102/4466/2911 3151/4878/3150 3014/4705/3048
f 2713/4476/2756 3409/4709/3049 2721/4207/2761
f 3106/4879/3068 3083/4846/3119 3273/4880/3151
f 3248/4801/3096 3107/4881/3072 2870/4640/2849
f 3034/4751/3052 3130/4882/3152 3179/4639/3010
f 2871/4480/2915 3079/4841/3121 3016/4714/3054
f 3082/4845/3123 3085/4848/3125 3108/4883/3153
f 3082/4845/3123 3036/4756/3075 3085/4848/3125
f 3109/4884/2939 3084/4885/3124 3035/4886/3074
f 3087/4850/3127 3086/4849/3126 3163/4887/3154
f 2914/4888/2962 2972/4524/2943 3110/4889/3155
f 3041/4765/3077 3043/4769/3079 3164/4851/3128
f 2972/4524/2943 3111/4890/3156 3110/4889/3155
f 2995/4682/3029 3060/4808/3101 3138/4852/3129
f 2950/4612/2995 3111/4890/3156 2972/4524/2943
f 2997/4684/3031 3088/4853/3130 3043/4891/3079
f 2950/4612/2995 2877/4487/2919 3111/4890/3156
f 2952/4617/2996 3112/4892/3157 2999/4687/3034
f 2841/4407/2877 3228/4893/3158 2772/4489/2807
f 2954/4619/2998 2793/4079/2694 3113/4894/3018
f 3114/4895/2861 3065/4896/3106 3115/4897/2769
f 3116/4898/2949 3207/4249/2787 2822/4287/2810
f 2863/4495/2906 3266/4899/3159 2705/4223/2749
f 2826/4383/2863 2883/4496/2924 3004/4693/3039
f 3094/4864/3139 2752/4255/2790 2919/4568/2969
f 2661/4085/2699 3117/4900/3160 2883/4496/2924
f 2796/4340/2834 3005/4694/3040 3093/4863/3138
f 2661/4085/2699 2844/4412/2879 3117/4900/3160
f 2921/4570/2971 3118/4901/3161 2922/4571/2952
f 2844/4412/2879 3050/4782/3085 3119/4902/3162
f 2922/4536/2952 3118/4903/3161 2884/4497/2925
f 2884/4497/2925 3118/4903/3161 2982/4659/3021
f 2904/4540/2954 3008/4697/3043 2926/4577/2975
f 2732/4227/2774 2662/4087/2700 3052/4784/3087
f 2637/4031/2675 3120/4904/3163 2867/4461/2910
f 3121/4905/3113 3122/4906/3164 2960/4626/2927
f 2960/4626/2927 3122/4906/3164 2829/4386/2866
f 2829/4387/2866 3122/4907/3164 3072/4829/3115
f 2608/3985/2650 2690/4139/2728 3123/4908/3165
f 2931/4583/2980 2930/4581/2979 2667/4093/2706
f 3124/4909/3166 3099/4869/3143 3072/4829/3115
f 2782/4299/2818 2933/4585/2982 3125/4910/3167
f 2805/4350/2842 2964/4631/3006 3098/4868/3142
f 2889/4504/2930 3126/4911/3168 2931/4583/2980
f 2889/4504/2930 3055/4792/3093 3126/4911/3168
f 2965/4633/3007 2933/4585/2982 2540/3872/2578
f 3011/4793/3046 2984/4662/3023 3127/4912/3169
f 3056/4795/3064 3152/4913/3170 3026/4731/3061
f 3028/4666/3025 3128/4914/3171 3056/4734/3064
f 3077/4834/3094 3128/4915/3171 3028/4735/3025
f 3083/4846/3119 3129/4916/3172 3273/4880/3151
f 3034/4917/3052 3131/4918/3173 3130/4919/3152
f 3034/4712/3052 3107/4752/3072 3131/4920/3173
f 3083/4846/3119 3082/4845/3123 3129/4916/3172
f 3108/4883/3153 3085/4848/3125 3132/4921/3174
f 3085/4848/3125 3087/4850/3127 3132/4921/3174
f 2873/4483/2916 3475/4922/3175 3474/4923/3176
f 2873/4483/2916 3474/4923/3176 2971/4644/3013
f 2992/4642/3012 2993/4677/2894 3133/4924/3177
f 3016/4714/3054 3134/4925/3178 3018/4716/3056
f 2993/4677/2894 2914/4888/2962 3133/4924/3177
f 3135/4926/3100 3017/4927/3055 3136/4928/3179
f 3086/4849/3126 3164/4851/3128 3163/4887/3154
f 3018/4716/3056 3137/4929/3180 3019/4717/3057
f 2974/4650/3016 3135/4807/3100 3060/4808/3101
f 3019/4717/3057 3137/4929/3180 3042/4767/3078
f 3138/4930/3129 3312/4931/3181 3139/4932/3032
f 3139/4685/3032 2952/4617/2996 2859/4446/2900
f 2791/4328/2828 3140/4933/3182 2998/4686/3033
f 2899/4528/2947 2999/4687/3034 3062/4810/3103
f 2861/4448/2902 3002/4690/3036 3141/4934/3183
f 2792/4330/2829 3044/4770/3080 3063/4811/3104
f 3142/4935/3184 2978/4655/3019 2977/4654/2859
f 3045/4772/3081 3143/4936/3185 3144/4937/2966
f 3145/4938/3135 3022/4722/3059 2900/4721/2948
f 2979/4656/3020 3142/4935/3184 2977/4654/2859
f 3114/4895/2861 3021/4720/2860 3146/4939/3186
f 2864/4457/2812 2920/4569/2970 2903/4537/2953
f 3066/4820/3108 3006/4695/3041 2924/4575/2973
f 2928/4579/2977 2866/4460/2909 3096/4866/3141
f 2959/4625/3002 3147/4940/3187 2929/4580/2978
f 3068/4822/3110 3120/4904/3163 2637/4031/2675
f 2867/4461/2910 3120/4904/3163 3148/4941/3188
f 2708/4177/2754 2906/4542/2956 3053/4785/3088
f 2607/3984/2649 2606/3983/2648 3071/4828/3114
f 2961/4942/3003 3073/4830/3116 2638/4502/2676
f 2931/4583/2980 3149/4943/3189 2930/4581/2979
f 3127/4912/3169 3150/4944/3190 3011/4793/3046
f 2985/4665/3024 3011/4700/3046 3150/4945/3190
f 2936/4590/2986 3104/4876/3148 3055/4792/3093
f 2809/4355/2846 3274/4872/3145 3276/4871/3144
f 3245/4788/3091 3151/4946/3150 3102/4874/2911
f 3033/4748/3070 3274/4947/3145 2811/4358/2848
f 3128/4914/3171 3152/4948/3170 3056/4734/3064
f 3106/4741/3068 3299/4949/3191 3030/4739/3067
f 3153/4950/3065 2990/4803/3027 3154/4951/3192
f 3101/4873/3146 2893/4512/2937 2851/4425/2889
f 3014/4705/3048 3155/4952/3193 3058/4802/3095
f 2849/4423/2887 3013/4703/3047 3079/4841/3121
f 3273/4880/3151 3129/4916/3172 3156/4953/3194
f 2673/4107/2711 3078/4840/3120 3103/4875/3147
f 3030/4750/3067 3157/4954/3195 2994/4678/3028
f 2987/4474/2914 2912/4552/2959 3080/4843/3122
f 3082/4845/3123 3108/4883/3153 3129/4916/3172
f 3158/4955/3051 3475/4956/3175 2873/4957/2916
f 3079/4841/3121 3159/4958/3196 3016/4714/3054
f 2768/4115/2687 2971/4959/3013 2909/4550/2958
f 2994/4678/3028 3160/4960/3197 3017/4715/3055
f 3016/4714/3054 3159/4958/3196 3134/4925/3178
f 2992/4642/3012 3133/4924/3177 3059/4804/3097
f 3087/4850/3127 3163/4887/3154 3161/4961/3198
f 3018/4716/3056 3134/4925/3178 3137/4929/3180
f 3135/4926/3100 3162/4962/3199 3060/4963/3101
f 3163/4964/3154 3164/4965/3128 3165/4966/3200
f 3164/4965/3128 3043/4891/3079 3165/4966/3200
f 3060/4963/3101 3260/4967/3201 3138/4930/3129
f 3138/4930/3129 3260/4967/3201 3312/4931/3181
f 3139/4685/3032 3112/4892/3157 2952/4617/2996
f 2878/4488/2920 3166/4968/3202 2916/4559/2965
f 2860/4447/2901 3167/4969/3203 2878/4488/2920
f 2860/4447/2901 2954/4619/2998 3168/4970/3204
f 2861/4448/2902 3141/4934/3183 3001/4689/3035
f 3002/4690/3036 3091/4857/3134 3141/4934/3183
f 2771/4281/2806 3090/4856/3133 2880/4491/2921
f 3169/4971/2857 3170/4972/3205 3091/4973/3134
f 3144/4937/2966 3170/4972/3205 3169/4971/2857
f 2978/4655/3019 3171/4974/3206 3113/4771/3018
f 3021/4720/2860 3172/4975/3207 3146/4939/3186
f 2823/4409/2862 3173/4976/3208 2955/4620/2999
f 3114/4895/2861 3146/4939/3186 3065/4896/3106
f 2827/4384/2864 3174/4977/3209 2865/4459/2908
f 2565/3913/2602 3175/4978/3210 2959/4625/3002
f 3496/4297/2816 3097/4867/3111 2666/4091/2704
f 2867/4461/2910 3071/4828/3114 2606/3983/2648
f 2608/3985/2650 3123/4908/3165 2906/4542/2956
f 3073/4830/3116 3100/4870/3092 2963/4629/3005
f 2785/4267/2798 2832/4390/2869 3027/4979/3063
f 2984/4662/3023 3100/4870/3092 3127/4912/3169
f 3074/4831/3062 3176/4980/3211 2964/4631/3006
f 2985/4665/3024 3324/4981/3212 3077/4797/3094
f 3276/4871/3144 3275/4982/3213 3074/4732/3062
f 3156/4953/3194 3129/4916/3172 3108/4883/3153
f 3298/4983/3214 3108/4883/3153 3177/4984/3215
f 3177/4984/3215 3108/4883/3153 3132/4921/3174
f 2987/4474/2914 3080/4843/3122 3247/4985/3069
f 3130/4986/3152 3131/4987/3173 3179/4988/3010
f 3131/4920/3173 3178/4989/3216 3179/4990/3010
f 3157/4954/3195 3160/4960/3197 2994/4678/3028
f 3087/4850/3127 3180/4991/3217 3132/4921/3174
f 2909/4550/2958 2971/4959/3013 3078/4840/3120
f 3160/4992/3197 3136/4928/3179 3017/4927/3055
f 3135/4926/3100 3136/4928/3179 3162/4962/3199
f 2914/4888/2962 3110/4889/3155 3133/4924/3177
f 3163/4964/3154 3165/4966/3200 3181/4993/3218
f 3162/4962/3199 3256/4994/3219 3060/4963/3101
f 3256/4994/3219 3260/4967/3201 3060/4963/3101
f 2996/4683/3030 3313/4995/3220 2915/4558/2964
f 2601/3976/2643 3089/4854/3131 3088/4853/3130
f 2916/4559/2965 3182/4996/3221 2877/4487/2919
f 2727/4219/2768 3062/4810/3103 3090/4856/3133
f 2821/4373/2858 3183/4997/3222 3116/4531/2949
f 3173/4976/3208 2823/4409/2862 3184/4998/3223
f 3184/4999/3223 3186/4492/2922 3185/5000/3224
f 2823/4409/2862 3186/5001/2922 3184/4998/3223
f 3398/5002/3225 3265/4561/2967 3207/4249/2787
f 3049/4781/3084 2843/4411/2878 3092/4861/3137
f 3187/5003/3226 2883/4496/2924 3117/4900/3160
f 3117/4900/3160 2844/4412/2879 3119/4902/3162
f 3119/4902/3162 3050/4782/3085 3095/4865/3140
f 3008/4697/3043 2804/4349/2841 3009/4698/3044
f 2706/4175/2752 2905/4541/2955 3496/4297/2816
f 2565/3913/2602 2847/4415/2882 3175/4978/3210
f 3053/4785/3088 2906/4542/2956 3188/5004/3227
f 2847/4415/2882 3070/4826/3112 3189/5005/3228
f 2887/4501/2928 3190/5006/3090 2961/4627/3003
f 2930/4581/2979 3191/5007/3229 3190/4787/3090
f 3192/5008/3230 3073/4830/3116 2961/4942/3003
f 2931/4583/2980 3126/4911/3168 3149/4943/3189
f 2965/4633/3007 3193/5009/3231 2933/4585/2982
f 3127/5010/3169 3100/5011/3092 3194/5012/3232
f 3127/4912/3169 3194/5013/3232 3150/4944/3190
f 3074/4831/3062 3217/5014/3233 3176/4980/3211
f 2985/4665/3024 3150/4945/3190 3324/4981/3212
f 2986/4667/3026 3153/4798/3065 3105/5015/3149
f 3152/4913/3170 3195/5016/3234 3026/4731/3061
f 3273/5017/3151 3299/4949/3191 3106/4741/3068
f 3105/4877/3149 3196/5018/3235 3013/4703/3047
f 3299/5019/3191 3157/5020/3195 3030/5021/3067
f 3156/4953/3194 3108/4883/3153 3298/4983/3214
f 3014/4705/3048 3151/4878/3150 3438/5022/3236
f 3014/4705/3048 3438/5022/3236 3155/4952/3193
f 3177/4984/3215 3132/4921/3174 3180/4991/3217
f 3015/4713/3053 3197/5023/3237 3080/4843/3122
f 3087/4850/3127 3161/4961/3198 3180/4991/3217
f 2872/4434/2893 3198/5024/3238 2911/4553/2960
f 2947/4518/2940 3197/5023/3237 3015/4713/3053
f 3059/4804/3097 3133/4924/3177 3199/5025/3239
f 3200/5026/3240 3162/4962/3199 3136/4928/3179
f 3134/4925/3178 3201/5027/3241 3137/4929/3180
f 3111/4890/3156 3202/5028/3242 3110/4889/3155
f 3088/4853/3130 3203/5029/3243 3043/4891/3079
f 2915/4558/2964 3140/4933/3182 2791/4328/2828
f 2916/4559/2965 3485/5030/3244 3182/4996/3221
f 2916/4559/2965 3166/4968/3202 3485/5030/3244
f 3000/4688/2945 2953/4618/2997 3369/5031/3245
f 2998/4686/3033 3204/5032/3246 3061/4809/3102
f 3228/4893/3158 2841/4407/2877 3061/4809/3102
f 2953/4618/2997 3397/4855/3132 3396/5033/3247
f 3020/4719/3058 3063/4858/3104 3205/5034/3248
f 3172/4975/3207 3021/4720/2860 3022/4722/3059
f 3045/4772/3081 2980/4814/2950 3206/5035/3249
f 3183/4997/3222 3207/5036/2787 3116/4531/2949
f 3185/5000/3224 3186/4492/2922 3235/4860/3136
f 2980/4533/2950 3023/4691/3037 3401/5037/3250
f 2902/4535/2833 2956/4621/3000 3208/5038/3107
f 2918/4779/2968 2728/4221/2770 3209/5039/3251
f 2926/4577/2975 3008/4697/3043 3210/5040/3252
f 3009/4698/3044 2928/4579/2977 3211/5041/3253
f 3212/5042/3254 3121/4827/3113 2962/4661/3004
f 2782/4299/2818 3125/4910/3167 3070/4826/3112
f 2962/4628/3004 3098/4868/3142 3212/5043/3254
f 3149/4943/3189 3126/4911/3168 3213/5044/3255
f 2932/4584/2981 3214/5045/3256 3245/4788/3091
f 3156/4953/3194 3298/4983/3214 3215/5046/3257
f 3216/5047/3258 3026/4731/3061 3195/5016/3234
f 3273/4880/3151 3156/4953/3194 3215/5046/3257
f 3217/5048/3233 3074/4732/3062 3275/4982/3213
f 3153/4798/3065 3154/5049/3192 3105/5015/3149
f 3154/5049/3192 3325/5050/3259 3105/5015/3149
f 3012/4701/2990 3329/5051/3260 3104/4876/3148
f 3196/5018/3235 3079/4841/3121 3013/4703/3047
f 2990/4803/3027 3059/4804/3097 3154/4951/3192
f 3246/5052/3071 3218/5053/3261 3219/5054/3262
f 3059/4804/3097 3199/5025/3239 3154/4951/3192
f 3155/4952/3193 3158/4711/3051 3058/4802/3095
f 3179/4639/3010 3178/5055/3216 3246/4749/3071
f 3247/4985/3069 3080/4843/3122 3328/5056/3263
f 3033/4748/3070 2969/4674/3011 3220/5057/3099
f 3079/4841/3121 3221/5058/3264 3159/4958/3196
f 3222/5059/3265 3136/4928/3179 3160/4992/3197
f 2872/4434/2893 3223/5060/3266 3198/5024/3238
f 3224/5061/3267 3134/4925/3178 3159/4958/3196
f 3198/5024/3238 3084/4847/3124 2911/4553/2960
f 3163/4964/3154 3181/4993/3218 3161/5062/3198
f 3200/5026/3240 3257/5063/3268 3256/4994/3219
f 3200/5026/3240 3256/4994/3219 3162/4962/3199
f 3133/4924/3177 3110/4889/3155 3225/5064/3269
f 3201/5027/3241 3284/5065/3270 3137/4929/3180
f 3110/4889/3155 3202/5028/3242 3225/5064/3269
f 3137/4929/3180 3284/5065/3270 3042/4767/3078
f 3284/5065/3270 3287/5066/3271 3042/4767/3078
f 3042/4767/3078 3287/5066/3271 2996/4683/3030
f 3226/5067/3272 3111/4890/3156 2877/4487/2919
f 3140/4933/3182 2915/4558/2964 3313/4995/3220
f 3088/4853/3130 3089/4854/3131 3368/5068/3273
f 2878/4488/2920 3167/4969/3203 3166/4968/3202
f 2999/4687/3034 3227/5069/3274 3062/4810/3103
f 2860/4447/2901 3168/4970/3204 3167/4969/3203
f 3044/4770/3080 2772/4282/2807 3228/5070/3158
f 3229/5071/3275 3063/4858/3104 3044/5072/3080
f 3142/4935/3184 3230/5073/3276 2978/4655/3019
f 3230/5073/3276 3171/4974/3206 2978/4655/3019
f 3142/4935/3184 2979/4656/3020 3231/5074/3277
f 2955/4620/2999 3232/5075/3278 2979/4656/3020
f 3183/5076/3222 3398/5002/3225 3207/4249/2787
f 2980/4533/2950 3401/5037/3250 3206/5077/3249
f 3233/5078/3279 3234/5079/3280 3065/4815/3106
f 3065/4815/3106 3234/5079/3280 3024/4816/3060
f 3047/4775/3082 3235/5080/3136 2917/4563/2951
f 3049/4781/3084 3236/5081/3281 2920/4569/2970
f 3093/4863/3138 3005/4694/3040 3237/5082/3282
f 2923/4574/2972 2983/4660/3022 3238/5083/3283
f 3095/4865/3140 2926/4577/2975 3239/5084/3284
f 2927/4578/2976 3240/5085/3285 2827/4384/2864
f 3051/4783/3086 3068/4822/3110 2780/4296/2815
f 2905/4541/2955 3241/5086/3286 3496/4297/2816
f 2847/4415/2882 3189/5005/3228 3175/4978/3210
f 2832/4390/2869 3242/5087/3287 3027/4979/3063
f 3055/4792/3093 3243/5088/3288 3126/4911/3168
f 3027/4733/3063 3244/5089/3289 3075/4832/3117
f 3152/4913/3170 3468/5090/3290 3195/5016/3234
f 3128/4914/3171 3468/5091/3290 3152/4948/3170
f 3151/5092/3150 3245/5093/3091 3323/5094/3291
f 3012/5095/2990 3029/5096/3066 3329/5097/3260
f 3219/5098/3262 3029/5099/3066 3246/5100/3071
f 3196/5018/3235 3221/5058/3264 3079/4841/3121
f 3219/5098/3262 3247/5101/3069 3029/5099/3066
f 3247/5101/3069 3219/5098/3262 3248/5102/3096
f 3409/4709/3049 3223/5103/3266 2872/4482/2893
f 3157/5104/3195 3222/5059/3265 3160/4992/3197
f 3220/5057/3099 3432/5105/3292 3033/4748/3070
f 3249/5106/3293 3250/5107/3294 3251/5108/3295
f 3131/4920/3173 3252/5109/3296 3178/4989/3216
f 3107/4881/3072 3248/4801/3096 3252/5110/3296
f 3080/4843/3122 3253/5111/3297 3328/5056/3263
f 3131/4920/3173 3107/4752/3072 3252/5109/3296
f 3301/4805/3098 3254/5112/3298 3220/4806/3099
f 3221/5058/3264 3334/5113/3299 3159/4958/3196
f 3255/5114/3300 3200/5026/3240 3136/4928/3179
f 3159/4958/3196 3334/5113/3299 3224/5061/3267
f 2947/4518/2940 3035/4755/3074 3197/5023/3237
f 3084/4885/3124 3721/5115/3301 3035/4886/3074
f 3256/5116/3219 3257/5117/3268 3258/5118/3302
f 3134/4925/3178 3224/5061/3267 3201/5027/3241
f 3258/5118/3302 3259/5119/3303 3256/5116/3219
f 3259/5119/3303 3261/5120/3304 3256/5116/3219
f 3256/5116/3219 3261/5120/3304 3260/5121/3201
f 3043/4891/3079 3203/5029/3243 3165/4966/3200
f 3260/4967/3201 3261/5122/3304 3312/4931/3181
f 2996/4683/3030 3287/5066/3271 3310/5123/3305
f 2996/4683/3030 3310/5123/3305 3313/4995/3220
f 3140/4933/3182 3204/5032/3246 2998/4686/3033
f 3089/4854/3131 3000/4526/2945 3369/5124/3245
f 3112/4892/3157 3262/5125/3306 2999/4687/3034
f 3369/5031/3245 2953/4618/2997 3396/5033/3247
f 2999/4687/3034 3262/5125/3306 3227/5069/3274
f 3170/4972/3205 3263/5126/3307 3091/4973/3134
f 3205/5034/3248 3063/4858/3104 3229/5071/3275
f 3090/4856/3133 3264/5127/3308 2880/4491/2921
f 2955/4620/2999 3173/4976/3208 3232/5075/3278
f 3265/5128/2967 3235/5080/3136 3047/4775/3082
f 2863/5129/2906 3316/5130/3309 3266/5131/3159
f 2728/4221/2770 3004/4693/3039 3209/5039/3251
f 3049/4781/3084 3267/5132/3310 3236/5081/3281
f 2920/4569/2970 3268/5133/3311 2903/4537/2953
f 3118/4903/3161 3269/5134/3312 2982/4659/3021
f 3174/4977/3209 2827/4384/2864 3240/5085/3285
f 3008/4697/3043 3009/4698/3044 3270/5135/3313
f 3123/4908/3165 3188/5004/3227 2906/4542/2956
f 3190/5006/3090 3192/5136/3230 2961/4627/3003
f 3190/5006/3090 3271/5137/3314 3192/5136/3230
f 2930/4581/2979 3149/4943/3189 3191/5007/3229
f 2933/4585/2982 3193/5009/3231 3125/4910/3167
f 3026/4731/3061 3216/5047/3258 3272/5138/3315
f 3273/5017/3151 3326/5139/3316 3299/4949/3191
f 3215/5140/3257 3326/5141/3316 3273/5142/3151
f 3274/5143/3145 3275/5144/3213 3276/5145/3144
f 3104/4876/3148 3277/5146/3317 3055/4792/3093
f 3275/4982/3213 3433/5147/3318 3217/5048/3233
f 3105/4877/3149 3325/5148/3259 3196/5018/3235
f 3128/4915/3171 3077/4834/3094 3566/5149/3319
f 3104/4876/3148 3329/5051/3260 3277/5146/3317
f 3438/5022/3236 3387/5150/3320 3155/4952/3193
f 3247/4985/3069 3328/5056/3263 3029/5151/3066
f 3246/4749/3071 3178/5055/3216 3218/5152/3261
f 3158/4711/3051 3155/4952/3193 3387/5150/3320
f 3278/5153/3321 3222/5059/3265 3157/5104/3195
f 3249/5154/3293 3251/5155/3295 3279/5156/3322
f 3255/5114/3300 3280/5157/3323 3200/5026/3240
f 3158/4955/3051 3387/5158/3320 3475/4956/3175
f 3221/5058/3264 3332/5159/3324 3334/5113/3299
f 3180/5160/3217 3161/5062/3198 3281/5161/3325
f 3080/4843/3122 3282/5162/3326 3253/5111/3297
f 3222/5059/3265 3255/5114/3300 3136/4928/3179
f 3200/5026/3240 3280/5157/3323 3257/5063/3268
f 3080/4843/3122 3197/5023/3237 3282/5162/3326
f 2971/4644/3013 3474/4923/3176 3283/5163/3327
f 3284/5164/3270 3285/5165/3328 3286/5166/3329
f 3284/5164/3270 3286/5166/3329 3287/5167/3271
f 3111/4890/3156 3226/5067/3272 3202/5028/3242
f 3088/4853/3130 3288/5168/3330 3203/5029/3243
f 3182/4996/3221 3226/5067/3272 2877/4487/2919
f 3514/5169/3331 3112/5170/3157 3139/5171/3032
f 3062/4810/3103 3227/5069/3274 3090/4856/3133
f 3143/4936/3185 3170/4972/3205 3144/4937/2966
f 3289/5172/3332 3022/4722/3059 3145/4938/3135
f 3064/4812/3105 3290/5173/3333 2821/4373/2858
f 3291/5174/3334 2918/4779/2968 3209/5039/3251
f 2956/4862/3000 3003/4692/3038 3377/5175/3335
f 2705/4170/2749 3266/5131/3159 2919/4568/2969
f 3292/5176/3336 3003/4692/3038 3048/4780/3083
f 2957/4622/3001 3293/5177/3337 3048/4780/3083
f 2957/4622/3001 3093/4863/3138 3293/5177/3337
f 2923/4574/2972 3294/5178/3338 3005/4694/3040
f 2982/4659/3021 3269/5134/3312 3007/4696/3042
f 2865/4459/2908 3295/5179/3339 2983/4660/3022
f 2886/4499/2926 3296/5180/3340 3051/4783/3086
f 2867/4461/2910 3148/4941/3188 3071/4828/3114
f 3069/4825/3089 3297/5181/3341 2888/5182/2929
f 3026/4731/3061 3272/5138/3315 2965/4633/3007
f 3298/5183/3214 3456/5184/3342 3215/5185/3257
f 3298/4983/3214 3177/4984/3215 3350/5186/3343
f 3128/4915/3171 3566/5149/3319 3468/5187/3290
f 3299/5188/3191 3278/5153/3321 3157/5104/3195
f 3221/5058/3264 3196/5018/3235 3332/5159/3324
f 3180/5160/3217 3281/5161/3325 3526/5189/3344
f 3386/5190/3345 3280/5157/3323 3255/5114/3300
f 3278/5153/3321 3459/5191/3346 3255/5114/3300
f 3151/5092/3150 3300/5192/3347 3438/5193/3236
f 3249/5194/3293 3356/5195/3348 3250/5196/3294
f 3278/5153/3321 3255/5114/3300 3222/5059/3265
f 3301/5197/3098 3101/4873/3146 3254/5198/3298
f 3249/5154/3293 3279/5156/3322 3356/5199/3348
f 3250/5107/3294 3355/5200/3349 3251/5108/3295
f 3133/4924/3177 3302/5201/3350 3199/5025/3239
f 3303/5202/3351 3304/5203/3352 3305/5204/3353
f 3133/4924/3177 3225/5064/3269 3302/5201/3350
f 3224/5061/3267 3284/5065/3270 3201/5027/3241
f 3303/5202/3351 3306/5205/3354 3304/5203/3352
f 3307/5206/3355 3304/5203/3352 3306/5205/3354
f 3304/5203/3352 3307/5206/3355 3308/5207/3356
f 3225/5064/3269 3202/5028/3242 3393/5208/3357
f 3306/5205/3354 3394/5209/3358 3307/5206/3355
f 3286/5166/3329 3309/5210/3359 3287/5167/3271
f 3307/5206/3355 3310/5211/3305 3309/5210/3359
f 3309/5210/3359 3310/5211/3305 3287/5167/3271
f 3394/5209/3358 3311/5212/3360 3307/5206/3355
f 3311/5212/3360 3310/5211/3305 3307/5206/3355
f 3312/5213/3181 3514/5169/3331 3139/5171/3032
f 3311/5212/3360 3313/5214/3220 3310/5211/3305
f 3311/5212/3360 3447/5215/3361 3313/5214/3220
f 3061/4809/3102 3204/5032/3246 3228/4893/3158
f 3091/4973/3134 3263/5126/3307 3141/5216/3183
f 3113/4894/3018 3373/5217/3362 2954/4619/2998
f 3290/5173/3333 3183/4997/3222 2821/4373/2858
f 3045/4772/3081 3206/5035/3249 3314/5218/3363
f 3065/4896/3106 3146/4939/3186 3233/5219/3279
f 3235/4860/3136 3315/5220/3364 3185/5000/3224
f 3398/5221/3225 3344/5222/3365 3265/5223/2967
f 2918/4567/2968 3316/5224/3309 2863/4565/2906
f 3003/4692/3038 3292/5176/3336 3377/5175/3335
f 2919/4568/2969 3317/5225/3366 3094/4864/3139
f 3066/4820/3108 2903/4537/2953 3318/5226/3367
f 3066/4820/3108 3319/5227/3368 3006/4695/3041
f 3239/5084/3284 2926/4577/2975 3210/5040/3252
f 3099/4869/3143 3214/5228/3256 2932/4630/2981
f 3126/4911/3168 3243/5088/3288 3213/5044/3255
f 3076/4833/3118 3320/5229/3369 2690/4139/2728
f 3215/5185/3257 3456/5184/3342 3326/5230/3316
f 3321/5231/3370 3298/4983/3214 3350/5186/3343
f 3150/4944/3190 3194/5013/3232 3322/5232/3371
f 3150/5233/3190 3322/5234/3371 3464/5235/3372
f 3214/5045/3256 3323/5236/3291 3245/4788/3091
f 3324/5237/3212 3150/5233/3190 3464/5235/3372
f 3325/5238/3259 3327/5239/3373 3196/5240/3235
f 3326/5241/3316 3278/5153/3321 3299/5188/3191
f 3177/5242/3215 3180/5160/3217 3526/5189/3344
f 3196/5018/3235 3327/5243/3373 3332/5159/3324
f 3459/5191/3346 3386/5190/3345 3255/5114/3300
f 3323/5094/3291 3300/5192/3347 3151/5092/3150
f 3029/5244/3066 3328/5245/3263 3329/5246/3260
f 2893/4512/2937 3101/4873/3146 3301/5197/3098
f 3101/4873/3146 3330/5247/3374 3254/5198/3298
f 3248/4801/3096 3219/5248/3262 3252/5110/3296
f 3220/5057/3099 3331/5249/3375 3432/5105/3292
f 3220/4806/3099 3254/5112/3298 3331/5250/3375
f 3332/5251/3324 3333/5252/3376 3334/5253/3299
f 3335/5254/3377 3336/5255/3378 3303/5202/3351
f 3303/5202/3351 3305/5204/3353 3335/5254/3377
f 3334/5113/3299 3333/5256/3376 3224/5061/3267
f 3225/5064/3269 3337/5257/3379 3302/5201/3350
f 3224/5061/3267 3333/5256/3376 3284/5065/3270
f 3084/4885/3124 3338/5258/3380 3721/5115/3301
f 3181/4993/3218 3165/4966/3200 3339/5259/3381
f 3225/5064/3269 3393/5208/3357 3340/5260/3382
f 3307/5206/3355 3309/5210/3359 3308/5207/3356
f 3308/5207/3356 3309/5210/3359 3286/5166/3329
f 3394/5209/3358 3444/5261/3383 3311/5212/3360
f 3444/5261/3383 3447/5215/3361 3311/5212/3360
f 3088/4853/3130 3368/5068/3273 3288/5168/3330
f 3313/5214/3220 3447/5215/3361 3140/5262/3182
f 3089/4854/3131 3369/5124/3245 3368/5068/3273
f 3044/5072/3080 3341/5263/3384 3229/5071/3275
f 3170/4972/3205 3342/5264/3385 3263/5126/3307
f 3145/4938/3135 2880/5265/2921 3264/5266/3308
f 3142/4935/3184 3231/5074/3277 3230/5073/3276
f 3045/4772/3081 3314/5218/3363 3343/5267/3386
f 3024/4726/3060 3401/5037/3250 3023/4691/3037
f 3024/5268/3060 3234/5269/3280 3401/5270/3250
f 3265/5128/2967 3344/5271/3365 3235/5080/3136
f 2956/4621/3000 3345/5272/3387 3208/5038/3107
f 3092/4861/3137 3267/5132/3310 3049/4781/3084
f 3004/4693/3039 2883/4496/2924 3346/5273/3388
f 3187/5003/3226 3347/5274/3389 2883/4496/2924
f 3117/4900/3160 3119/4902/3162 3187/5003/3226
f 3269/5134/3312 3067/4821/3109 3007/4696/3042
f 2865/4459/2908 3174/4977/3209 3295/5179/3339
f 2925/4576/2974 3348/5275/3390 2662/4087/2700
f 3348/5275/3390 3052/4784/3087 2662/4087/2700
f 3210/5040/3252 3008/4697/3043 3270/5135/3313
f 3121/4905/3113 3499/5276/3391 3122/4906/3164
f 3212/5043/3254 3098/4868/3142 3349/5277/3392
f 3123/4908/3165 2690/4139/2728 3320/5229/3369
f 2888/4503/2929 3242/5087/3287 2832/4390/2869
f 3244/5278/3289 3027/4979/3063 3242/5087/3287
f 3456/5184/3342 3298/5183/3214 3321/5279/3370
f 3350/5280/3343 3177/5242/3215 3526/5189/3344
f 3434/5281/3393 3275/5144/3213 3274/5143/3145
f 3274/4947/3145 3033/4748/3070 3432/5105/3292
f 3195/5016/3234 3468/5090/3290 3351/5282/3394
f 3436/5283/3395 3329/5246/3260 3328/5245/3263
f 3352/5284/3396 3329/5246/3260 3436/5283/3395
f 3329/5246/3260 3352/5284/3396 3353/5285/3397
f 3252/5286/3296 3218/5287/3261 3178/5288/3216
f 3252/5286/3296 3219/5289/3262 3218/5287/3261
f 3352/5284/3396 3354/5290/3398 3353/5285/3397
f 3356/5291/3348 3355/5292/3349 3250/5293/3294
f 3356/5294/3348 3435/5295/3399 3355/5200/3349
f 3357/5296/3400 3331/5250/3375 3254/5112/3298
f 3357/5297/3400 3254/5198/3298 3358/5298/3401
f 3335/5254/3377 3305/5204/3353 3359/5299/3402
f 3680/5300/3403 3303/5202/3351 3336/5255/3378
f 3897/5301/3404 2971/4959/3013 3283/5302/3327
f 3161/5062/3198 3181/4993/3218 3360/5303/3405
f 3197/5023/3237 3035/4755/3074 3577/5304/3406
f 3577/5304/3406 3035/4755/3074 3721/5305/3301
f 3305/5204/3353 3304/5203/3352 3361/5306/3407
f 3306/5205/3354 3303/5202/3351 3680/5300/3403
f 3304/5203/3352 3308/5207/3356 3361/5306/3407
f 3362/5307/3408 3285/5165/3328 3284/5164/3270
f 3614/5308/3409 3261/5120/3304 3259/5119/3303
f 3308/5207/3356 3286/5166/3329 3285/5165/3328
f 3363/5309/3410 3444/5261/3383 3394/5209/3358
f 3165/4966/3200 3203/5029/3243 3445/5310/3411
f 3364/5311/3412 3312/5213/3181 3261/5120/3304
f 3365/5312/3413 3202/5028/3242 3226/5067/3272
f 3419/5313/3414 3226/5067/3272 3182/4996/3221
f 3419/5313/3414 3182/4996/3221 3485/5030/3244
f 3366/5314/3415 3367/5315/3416 3368/5316/3273
f 3366/5314/3415 3368/5316/3273 3369/5317/3245
f 3513/5318/3417 3262/5319/3306 3112/5170/3157
f 3341/5263/3384 3044/5072/3080 3228/5320/3158
f 3370/5321/3418 3090/4856/3133 3227/5069/3274
f 3168/4970/3204 2954/4619/2998 3373/5217/3362
f 3001/5322/3035 3141/5216/3183 3371/5323/3419
f 3020/4719/3058 3205/5034/3248 3372/5324/3420
f 3372/5324/3420 3064/4812/3105 3020/4719/3058
f 3373/5325/3362 3113/4771/3018 3171/4974/3206
f 3374/5326/3421 3171/4974/3206 3230/5073/3276
f 3375/5327/3422 3289/5172/3332 3145/4938/3135
f 3143/4936/3185 3045/4772/3081 3343/5267/3386
f 3290/5173/3333 3064/4812/3105 3376/5328/3423
f 3345/5272/3387 2956/4621/3000 3377/5329/3335
f 3208/4818/3107 3267/5132/3310 3092/4861/3137
f 3237/5082/3282 3005/4694/3040 3294/5178/3338
f 3378/5330/3424 3119/4902/3162 3095/4865/3140
f 3296/5180/3340 2886/4499/2926 3067/4821/3109
f 2928/4579/2977 3096/4866/3141 3379/5331/3425
f 2959/4625/3002 3175/4978/3210 3380/5332/3426
f 3297/5181/3341 3069/4825/3089 3097/4824/3111
f 3381/5333/3427 3073/4830/3116 3192/5008/3230
f 3382/5334/3428 3100/4870/3092 3073/4830/3116
f 3456/5335/3342 3458/5336/3429 3326/5241/3316
f 3055/4792/3093 3277/5146/3317 3243/5088/3288
f 3176/4980/3211 3217/5014/3233 3383/5337/3430
f 3154/5049/3192 3599/5338/3431 3325/5050/3259
f 3326/5241/3316 3458/5336/3429 3278/5153/3321
f 3217/5048/3233 3433/5147/3318 3383/5339/3430
f 3194/5013/3232 3384/5340/3432 3322/5232/3371
f 3458/5336/3429 3459/5191/3346 3278/5153/3321
f 3434/5341/3393 3433/5147/3318 3275/4982/3213
f 3464/5235/3372 3385/5342/3433 3324/5237/3212
f 3562/5343/3434 3280/5344/3323 3386/5345/3345
f 3154/4951/3192 3199/5025/3239 3559/5346/3435
f 3387/5347/3320 3438/5193/3236 3388/5348/3436
f 3199/5025/3239 3302/5201/3350 3559/5346/3435
f 3389/5349/3437 3335/5254/3377 3359/5299/3402
f 3281/5161/3325 3161/5062/3198 3645/5350/3438
f 3254/5198/3298 3330/5247/3374 3358/5298/3401
f 3279/5156/3322 3251/5155/3295 3472/5351/3439
f 3355/5200/3349 3415/5352/3440 3251/5108/3295
f 3078/4840/3120 2971/4959/3013 3897/5301/3404
f 3390/5353/3441 3258/5118/3302 3257/5117/3268
f 3359/5299/3402 3305/5204/3353 3361/5306/3407
f 3391/5354/3442 3198/5024/3238 3223/5060/3266
f 3197/5023/3237 3577/5304/3406 3282/5162/3326
f 3362/5307/3408 3284/5164/3270 3333/5252/3376
f 3337/5257/3379 3225/5064/3269 3340/5260/3382
f 3680/5355/3403 3363/5356/3410 3306/5357/3354
f 3259/5119/3303 3258/5118/3302 3390/5353/3441
f 3361/5306/3407 3308/5207/3356 3285/5165/3328
f 3392/5358/3443 3340/5359/3382 3393/5360/3357
f 3306/5357/3354 3363/5356/3410 3394/5361/3358
f 3393/5208/3357 3202/5028/3242 3365/5312/3413
f 3364/5311/3412 3514/5169/3331 3312/5213/3181
f 3288/5362/3330 3368/5316/3273 3395/5363/3444
f 3368/5316/3273 3367/5315/3416 3395/5363/3444
f 3369/5317/3245 3396/5364/3247 3366/5314/3415
f 3001/5322/3035 3371/5323/3419 3397/5365/3132
f 3145/4938/3135 3264/5266/3308 3375/5327/3422
f 3289/5172/3332 3172/4975/3207 3022/4722/3059
f 3232/5075/3278 3231/5074/3277 2979/4656/3020
f 3206/5077/3249 3401/5037/3250 3779/5366/3445
f 3183/4997/3222 3399/5367/3446 3398/5368/3225
f 3399/5369/3446 3344/5222/3365 3398/5221/3225
f 3400/5370/3447 3401/5371/3250 3234/5372/3280
f 3315/5373/3364 3235/5080/3136 3344/5271/3365
f 3094/4864/3139 3118/4903/3161 2921/4623/2971
f 3268/5133/3311 3318/5226/3367 2903/4537/2953
f 2923/4574/2972 3238/5083/3283 3294/5178/3338
f 3269/5134/3312 3402/5374/3448 3067/4821/3109
f 3403/5375/3449 2929/4580/2978 3147/4940/3187
f 3147/4940/3187 2959/4625/3002 3380/5332/3426
f 2964/4631/3006 3176/4980/3211 3098/4868/3142
f 3213/5044/3255 3243/5088/3288 3404/5376/3450
f 3216/5047/3258 3405/5377/3451 3272/5138/3315
f 3322/5234/3371 3406/5378/3452 3464/5235/3372
f 3322/5232/3371 3384/5340/3432 3406/5379/3452
f 3407/5380/3453 3408/5381/3454 3389/5349/3437
f 3409/5382/3049 3460/5383/3455 3223/5060/3266
f 3389/5349/3437 3408/5381/3454 3335/5254/3377
f 3410/5384/3456 3332/5251/3324 3327/5239/3373
f 3329/5051/3260 3353/5385/3397 3411/5386/3457
f 3389/5349/3437 3359/5299/3402 3412/5387/3458
f 3359/5299/3402 3413/5388/3459 3412/5387/3458
f 3331/5249/3375 3414/5389/3460 3432/5105/3292
f 3328/5056/3263 3253/5111/3297 3436/5390/3395
f 3332/5251/3324 3410/5384/3456 3333/5252/3376
f 3251/5155/3295 3415/5391/3440 3472/5351/3439
f 3355/5200/3349 3416/5392/3461 3415/5352/3440
f 3410/5384/3456 3362/5307/3408 3333/5252/3376
f 3198/5024/3238 3338/5393/3380 3084/4847/3124
f 3285/5165/3328 3362/5307/3408 3361/5306/3407
f 3203/5029/3243 3288/5168/3330 3445/5310/3411
f 3447/5215/3361 3417/5394/3462 3418/5395/3463
f 3226/5396/3272 3419/5397/3414 3365/5398/3413
f 3447/5215/3361 3418/5395/3463 3140/5262/3182
f 3228/5320/3158 3420/5399/3464 3341/5263/3384
f 3170/4972/3205 3143/4936/3185 3342/5264/3385
f 3370/5321/3418 3264/5127/3308 3090/4856/3133
f 3372/5324/3420 3376/5328/3423 3064/4812/3105
f 3421/5400/3465 3146/4939/3186 3172/4975/3207
f 3173/4976/3208 3184/4998/3223 3422/5401/3466
f 3184/4998/3223 3185/5402/3224 3422/5401/3466
f 3146/4939/3186 3423/5403/3467 3233/5219/3279
f 3317/5225/3366 3424/5404/3468 3094/4864/3139
f 2883/4496/2924 3347/5274/3389 3346/5273/3388
f 3424/5404/3468 3118/4903/3161 3094/4864/3139
f 3093/4863/3138 3237/5082/3282 3293/5177/3337
f 3119/4902/3162 3378/5330/3424 3187/5003/3226
f 3238/5083/3283 3425/5405/3469 3294/5178/3338
f 3238/5083/3283 2983/4660/3022 3295/5179/3339
f 3006/4695/3041 3348/5275/3390 2925/4576/2974
f 3270/5135/3313 3009/4698/3044 3211/5041/3253
f 2929/4580/2978 3403/5375/3449 2927/4578/2976
f 3211/5041/3253 2928/4579/2977 3379/5331/3425
f 3175/4978/3210 3426/5406/3470 3427/5407/3471
f 3122/4907/3164 3746/5408/3472 3072/4829/3115
f 3070/4826/3112 3125/4910/3167 3189/5005/3228
f 3297/5181/3341 3242/5409/3287 2888/5182/2929
f 3191/5007/3229 3149/4943/3189 3213/5044/3255
f 3098/4868/3142 3176/4980/3211 3428/5410/3473
f 2934/4588/2984 3429/5411/3474 2935/4589/2985
f 3321/5279/3370 3457/5412/3475 3456/5184/3342
f 3320/5229/3369 3076/4833/3118 3430/5413/3476
f 3216/5047/3258 3195/5016/3234 3405/5377/3451
f 3383/5337/3430 3431/5414/3477 3176/4980/3211
f 3076/4833/3118 3103/4875/3147 3430/5413/3476
f 3599/5415/3431 3154/4951/3192 3559/5346/3435
f 3383/5416/3430 3433/5417/3318 3466/5418/3478
f 3274/5419/3145 3432/5420/3292 3434/5421/3393
f 3195/5016/3234 3351/5282/3394 3405/5377/3451
f 3433/5422/3318 3434/5423/3393 3466/5424/3478
f 3324/5237/3212 3385/5342/3433 3077/5425/3094
f 3468/5187/3290 3566/5149/3319 3528/5426/3479
f 3279/5156/3322 3528/5427/3479 3356/5199/3348
f 3335/5254/3377 3408/5381/3454 3336/5255/3378
f 3388/5348/3436 3475/5428/3175 3387/5347/3320
f 3356/5429/3348 3528/5430/3479 3435/5431/3399
f 3352/5432/3396 3436/5433/3395 3437/5434/3480
f 3302/5201/3350 3560/5435/3481 3559/5346/3435
f 3438/5436/3236 3439/5437/3482 3388/5438/3436
f 3355/5200/3349 3435/5295/3399 3416/5392/3461
f 3438/5193/3236 3300/5192/3347 3439/5439/3482
f 3410/5384/3456 3440/5440/3483 3362/5307/3408
f 3161/5062/3198 3360/5303/3405 3645/5350/3438
f 3359/5299/3402 3361/5306/3407 3413/5388/3459
f 3361/5306/3407 3362/5307/3408 3413/5388/3459
f 3508/5441/3484 3441/5442/3485 3442/5443/3486
f 3441/5442/3485 3392/5358/3443 3443/5444/3487
f 3165/4966/3200 3445/5310/3411 3339/5259/3381
f 3441/5442/3485 3443/5444/3487 3442/5443/3486
f 3363/5356/3410 3547/5445/3488 3444/5446/3383
f 3393/5360/3357 3365/5398/3413 3443/5444/3487
f 3445/5447/3411 3288/5362/3330 3446/5448/3489
f 3443/5444/3487 3365/5398/3413 3442/5443/3486
f 3442/5443/3486 3365/5398/3413 3511/5449/3490
f 3483/5450/3491 3447/5451/3361 3444/5446/3383
f 3511/5449/3490 3365/5398/3413 3448/5452/3492
f 3449/5453/3493 3288/5362/3330 3395/5363/3444
f 3448/5452/3492 3365/5398/3413 3419/5397/3414
f 3514/5169/3331 3513/5318/3417 3112/5170/3157
f 3166/4968/3202 3450/5454/3494 3485/5030/3244
f 3167/4969/3203 3689/5455/3495 3166/4968/3202
f 3262/5125/3306 3516/5456/3496 3227/5069/3274
f 3204/5457/3246 3420/5399/3464 3228/5320/3158
f 3141/5216/3183 3263/5126/3307 3371/5323/3419
f 3231/5074/3277 3451/5458/3497 3230/5073/3276
f 3314/5218/3363 3206/5035/3249 3491/5459/3498
f 3401/5037/3250 3400/5460/3447 3779/5366/3445
f 3399/5369/3446 3452/5461/3499 3344/5222/3365
f 3344/5271/3365 3452/5462/3499 3315/5373/3364
f 3266/5131/3159 3317/5225/3366 2919/4568/2969
f 3048/4780/3083 3453/5463/3500 3292/5176/3336
f 3048/4780/3083 3293/5177/3337 3453/5463/3500
f 2920/4569/2970 3236/5081/3281 3268/5133/3311
f 3380/5332/3426 3175/4978/3210 3427/5407/3471
f 3097/4824/3111 3454/5464/3501 3297/5181/3341
f 3189/5005/3228 3426/5406/3470 3175/4978/3210
f 3125/4910/3167 3193/5009/3231 3455/5465/3502
f 3099/4869/3143 3753/5466/3503 3214/5228/3256
f 3456/5467/3342 3457/5468/3475 3458/5469/3429
f 3321/5231/3370 3350/5186/3343 3593/5470/3504
f 3100/4870/3092 3382/5334/3428 3194/5013/3232
f 3562/5343/3434 3386/5345/3345 3459/5471/3346
f 3409/4709/3049 3075/4835/3117 3460/5472/3455
f 3384/5340/3432 3463/5473/3505 3406/5379/3452
f 3461/5474/3506 3410/5384/3456 3327/5239/3373
f 3597/5475/3507 3410/5384/3456 3461/5474/3506
f 3280/5344/3323 3562/5343/3434 3462/5476/3508
f 3406/5477/3452 3463/5478/3505 3464/5479/3372
f 3407/5380/3453 3465/5480/3509 3408/5381/3454
f 3466/5481/3478 3467/5482/3510 3383/5483/3430
f 3528/5484/3479 3351/5485/3394 3468/5486/3290
f 3329/5051/3260 3411/5386/3457 3277/5146/3317
f 3466/5481/3478 3469/5487/3511 3467/5482/3510
f 3300/5192/3347 3323/5094/3291 3644/5488/3512
f 3223/5060/3266 3460/5383/3455 3470/5489/3513
f 3280/5490/3323 3462/5491/3508 3257/5117/3268
f 3279/5156/3322 3472/5351/3439 3528/5427/3479
f 3436/5492/3395 3253/5493/3297 3471/5494/3514
f 3300/5495/3347 3644/5496/3512 3473/5497/3515
f 3302/5201/3350 3337/5257/3379 3560/5435/3481
f 3415/5498/3440 3537/5499/3516 3472/5500/3439
f 3282/5162/3326 3536/5501/3517 3253/5111/3297
f 3473/5502/3515 3439/5439/3482 3300/5192/3347
f 3474/5503/3176 3475/5504/3175 3476/5505/3518
f 3477/5506/3519 3680/5300/3403 3336/5255/3378
f 3440/5440/3483 3413/5388/3459 3362/5307/3408
f 3540/5507/3520 3508/5441/3484 3509/5508/3521
f 3181/4993/3218 3339/5259/3381 3360/5303/3405
f 3441/5442/3485 3508/5441/3484 3540/5507/3520
f 3340/5359/3382 3392/5358/3443 3478/5509/3522
f 3508/5441/3484 3442/5443/3486 3479/5510/3523
f 3363/5356/3410 3480/5511/3524 3547/5445/3488
f 3481/5512/3525 3446/5448/3489 3482/5513/3526
f 3442/5443/3486 3511/5449/3490 3479/5510/3523
f 3614/5308/3409 3364/5311/3412 3261/5120/3304
f 3446/5448/3489 3288/5362/3330 3482/5513/3526
f 3288/5362/3330 3449/5453/3493 3482/5513/3526
f 3447/5215/3361 3483/5514/3491 3417/5394/3462
f 3395/5363/3444 3484/5515/3527 3449/5453/3493
f 3448/5452/3492 3419/5397/3414 3512/5516/3528
f 3395/5363/3444 3367/5315/3416 3484/5515/3527
f 3419/5397/3414 3485/5517/3244 3512/5516/3528
f 3140/5262/3182 3486/5518/3529 3487/5519/3530
f 3513/5318/3417 3516/5520/3496 3262/5319/3306
f 3487/5519/3530 3204/5457/3246 3140/5262/3182
f 3487/5519/3530 3420/5399/3464 3204/5457/3246
f 3167/4969/3203 3168/4970/3204 3689/5455/3495
f 3396/5364/3247 3397/5365/3132 3488/5521/3531
f 3263/5126/3307 3342/5264/3385 3489/5522/3532
f 3451/5458/3497 3374/5326/3421 3230/5073/3276
f 3232/5075/3278 3173/4976/3208 3490/5523/3533
f 3206/5077/3249 3779/5366/3445 3491/5524/3498
f 3234/5525/3280 3492/5526/3534 3400/5527/3447
f 2918/4567/2968 3291/5528/3334 3316/5224/3309
f 3208/4818/3107 3345/5529/3387 3493/5530/3535
f 3316/5130/3309 3519/5531/3536 3266/5131/3159
f 3208/4818/3107 3493/5530/3535 3267/5132/3310
f 3004/4693/3039 3346/5273/3388 3209/5039/3251
f 3494/5532/3537 3269/5134/3312 3118/4903/3161
f 3240/5085/3285 2927/4578/2976 3403/5375/3449
f 3052/4784/3087 3495/5533/3538 2905/4541/2955
f 3241/5086/3286 2905/4541/2955 3495/5533/3538
f 3097/4824/3111 3496/5534/2816 3454/5464/3501
f 3497/5535/3539 3148/4941/3188 3120/4904/3163
f 3297/5181/3341 3498/5536/3540 3242/5409/3287
f 3212/5042/3254 3848/5537/3541 3499/5538/3391
f 3212/5042/3254 3499/5538/3391 3121/4827/3113
f 3212/5043/3254 3349/5277/3392 3848/5539/3541
f 3190/4787/3090 3191/5007/3229 3557/5540/3542
f 3125/4910/3167 3455/5465/3502 3189/5005/3228
f 3071/4828/3114 3429/5411/3474 2934/4588/2984
f 3746/5408/3472 3124/4909/3166 3072/4829/3115
f 3073/4830/3116 3381/5333/3427 3382/5334/3428
f 3325/5238/3259 3461/5474/3506 3327/5239/3373
f 3459/5191/3346 3640/5541/3543 3562/5542/3434
f 3440/5440/3483 3410/5384/3456 3597/5475/3507
f 3077/5425/3094 3385/5342/3433 3566/5543/3319
f 3385/5544/3433 3464/5479/3372 3500/5545/3544
f 3440/5440/3483 3412/5387/3458 3413/5388/3459
f 3436/5546/3395 3471/5547/3514 3437/5548/3480
f 3501/5549/3545 3502/5550/3546 3503/5551/3547
f 3352/5552/3396 3606/5553/3548 3354/5554/3398
f 3644/5488/3512 3718/5555/3549 3473/5502/3515
f 3471/5494/3514 3253/5493/3297 3539/5556/3550
f 3504/5557/3551 3534/5558/3552 3533/5559/3553
f 3353/5285/3397 3354/5290/3398 3505/5560/3554
f 3502/5550/3546 3481/5512/3525 3503/5551/3547
f 3504/5557/3551 3540/5507/3520 3534/5558/3552
f 3577/5304/3406 3536/5501/3517 3282/5162/3326
f 3540/5507/3520 3504/5557/3551 3441/5442/3485
f 3506/5561/3555 3649/5562/3556 3503/5551/3547
f 3503/5551/3547 3481/5512/3525 3506/5561/3555
f 3198/5024/3238 3507/5563/3557 3338/5393/3380
f 3508/5564/3484 3479/5565/3523 3509/5566/3521
f 3652/5567/3558 3480/5511/3524 3363/5356/3410
f 3482/5513/3526 3506/5561/3555 3481/5512/3525
f 3393/5360/3357 3443/5444/3487 3392/5358/3443
f 3339/5568/3381 3445/5447/3411 3446/5448/3489
f 3616/5569/3559 3417/5394/3462 3510/5570/3560
f 3482/5513/3526 3449/5453/3493 3506/5561/3555
f 3444/5446/3383 3547/5445/3488 3483/5450/3491
f 3417/5394/3462 3483/5514/3491 3510/5570/3560
f 3511/5571/3490 3448/5572/3492 3582/5573/3561
f 3514/5169/3331 3364/5311/3412 3580/5574/3562
f 3512/5575/3528 3582/5573/3561 3448/5572/3492
f 3513/5576/3417 3514/5577/3331 3515/5578/3563
f 3418/5395/3463 3486/5518/3529 3140/5262/3182
f 3516/5579/3496 3517/5580/3564 3227/5581/3274
f 3227/5581/3274 3517/5580/3564 3370/5582/3418
f 3397/5365/3132 3371/5323/3419 3488/5521/3531
f 3371/5323/3419 3263/5126/3307 3518/5583/3565
f 3146/4939/3186 3421/5400/3465 3423/5403/3467
f 3423/5584/3467 3492/5585/3534 3233/5078/3279
f 3233/5078/3279 3492/5585/3534 3234/5079/3280
f 3399/5369/3446 3780/5586/3566 3452/5461/3499
f 3316/5224/3309 3659/5587/3567 3519/5588/3536
f 3066/4820/3108 3520/5589/3568 3319/5227/3368
f 3095/4865/3140 3239/5084/3284 3378/5330/3424
f 3053/4785/3088 3521/5590/3569 3010/4699/3045
f 3053/4785/3088 3188/5004/3227 3522/5591/3570
f 3271/5592/3314 3381/5333/3427 3192/5008/3230
f 3099/4869/3143 3124/4909/3166 3753/5466/3503
f 2965/4633/3007 3272/5138/3315 3193/5009/3231
f 3350/5186/3343 3600/5593/3571 3593/5470/3504
f 3523/5594/3572 3524/5595/3573 3525/5596/3574
f 3458/5336/3429 3640/5541/3543 3459/5191/3346
f 3461/5597/3506 3325/5050/3259 3599/5338/3431
f 3525/5596/3574 3412/5387/3458 3523/5594/3572
f 3525/5596/3574 3407/5380/3453 3389/5349/3437
f 3389/5349/3437 3412/5387/3458 3525/5596/3574
f 3350/5186/3343 3526/5598/3344 3600/5593/3571
f 3523/5594/3572 3412/5387/3458 3440/5440/3483
f 3323/5236/3291 3214/5045/3256 3527/5599/3575
f 3466/5424/3478 3434/5423/3393 3469/5600/3511
f 3500/5545/3544 3464/5479/3372 3463/5478/3505
f 3385/5544/3433 3500/5545/3544 3859/5601/3576
f 3463/5602/3505 3710/5603/3577 3500/5604/3544
f 3467/5482/3510 3469/5487/3511 3603/5605/3578
f 3566/5606/3319 3530/5607/3579 3528/5608/3479
f 3501/5549/3545 3503/5551/3547 3529/5609/3580
f 3528/5430/3479 3530/5610/3579 3435/5431/3399
f 3529/5609/3580 3503/5551/3547 3531/5611/3581
f 3352/5432/3396 3437/5434/3480 3606/5612/3548
f 3530/5610/3579 3532/5613/3582 3435/5431/3399
f 3435/5295/3399 3532/5614/3582 3416/5392/3461
f 3533/5615/3553 3534/5616/3552 3535/5617/3583
f 3470/5489/3513 3391/5354/3442 3223/5060/3266
f 3253/5493/3297 3536/5618/3517 3539/5556/3550
f 3416/5392/3461 3537/5619/3516 3415/5352/3440
f 3536/5620/3517 3538/5621/3584 3539/5622/3550
f 3534/5616/3552 3540/5623/3520 3535/5617/3583
f 3474/4923/3176 3476/5624/3518 3283/5163/3327
f 3340/5359/3382 3478/5509/3522 3337/5625/3379
f 3540/5623/3520 3509/5566/3521 3535/5617/3583
f 3541/5626/3585 3441/5442/3485 3504/5557/3551
f 3542/5627/3586 3481/5512/3525 3502/5550/3546
f 3577/5304/3406 3578/5628/3587 3536/5501/3517
f 3339/5259/3381 3545/5629/3588 3360/5303/3405
f 3509/5566/3521 3479/5565/3523 3543/5630/3589
f 3542/5627/3586 3544/5631/3590 3481/5512/3525
f 3545/5632/3588 3339/5568/3381 3544/5631/3590
f 3339/5568/3381 3446/5448/3489 3544/5631/3590
f 3481/5512/3525 3544/5631/3590 3446/5448/3489
f 3479/5565/3523 3511/5571/3490 3546/5633/3591
f 3547/5634/3488 3510/5570/3560 3483/5514/3491
f 3485/5517/3244 3450/5635/3494 3512/5516/3528
f 3367/5315/3416 3366/5314/3415 3548/5636/3592
f 3513/5576/3417 3549/5637/3593 3516/5579/3496
f 3366/5314/3415 3396/5364/3247 3488/5521/3531
f 3229/5071/3275 3550/5638/3594 3551/5639/3595
f 3341/5263/3384 3550/5638/3594 3229/5071/3275
f 3552/5640/3596 3231/5074/3277 3232/5075/3278
f 3291/5528/3334 3659/5587/3567 3316/5224/3309
f 3519/5531/3536 3553/5641/3597 3266/5131/3159
f 3553/5641/3597 3317/5225/3366 3266/5131/3159
f 3267/5132/3310 3554/5642/3598 3236/5081/3281
f 3424/5404/3468 3494/5532/3537 3118/4903/3161
f 3068/4822/3110 3555/5643/3599 3120/4904/3163
f 3096/4866/3141 3010/4699/3045 3556/5644/3600
f 3241/5086/3286 3454/5645/3501 3496/4297/2816
f 3190/5006/3090 3557/5646/3542 3271/5137/3314
f 3122/4906/3164 3499/5276/3391 3746/5647/3472
f 3191/5007/3229 3634/5648/3601 3557/5540/3542
f 3457/5649/3475 3640/5541/3543 3458/5336/3429
f 3440/5440/3483 3597/5475/3507 3523/5594/3572
f 2935/4589/2985 3558/5650/3602 3101/4873/3146
f 3559/5651/3435 3560/5652/3481 3561/5653/3603
f 3562/5654/3434 3791/5655/3604 3462/5491/3508
f 3563/5656/3605 3501/5549/3545 3529/5609/3580
f 3384/5340/3432 3564/5657/3606 3463/5473/3505
f 3432/5658/3292 3707/5659/3607 3434/5660/3393
f 3408/5381/3454 3565/5661/3608 3336/5255/3378
f 3385/5544/3433 3859/5601/3576 3566/5662/3319
f 3463/5473/3505 3564/5657/3606 3710/5663/3577
f 3567/5664/3609 3568/5665/3610 3569/5666/3611
f 3570/5667/3612 3533/5559/3553 3568/5665/3610
f 3533/5559/3553 3569/5666/3611 3568/5665/3610
f 3570/5667/3612 3504/5557/3551 3533/5559/3553
f 3501/5549/3545 3571/5668/3613 3502/5550/3546
f 3471/5547/3514 3539/5622/3550 3670/5669/3614
f 3388/5348/3436 3476/5670/3518 3475/5428/3175
f 3357/5296/3400 3607/5671/3615 3331/5250/3375
f 3572/5672/3616 3541/5626/3585 3504/5557/3551
f 3078/4840/3120 3897/5301/3404 3573/5673/3617
f 3560/5652/3481 3337/5625/3379 3574/5674/3618
f 3537/5499/3516 3672/5675/3619 3472/5500/3439
f 3360/5303/3405 3575/5676/3620 3645/5350/3438
f 3542/5627/3586 3502/5550/3546 3571/5668/3613
f 3503/5551/3547 3649/5562/3556 3531/5611/3581
f 3337/5625/3379 3478/5509/3522 3574/5674/3618
f 3353/5285/3397 3505/5560/3554 3576/5677/3621
f 3473/5502/3515 3718/5555/3549 3439/5439/3482
f 3509/5566/3521 3543/5630/3589 3535/5617/3583
f 3391/5678/3442 3507/5679/3557 3198/5680/3238
f 3360/5303/3405 3545/5629/3588 3575/5676/3620
f 3577/5681/3406 3721/5682/3301 3578/5683/3587
f 3542/5627/3586 3545/5632/3588 3544/5631/3590
f 3506/5561/3555 3579/5684/3622 3649/5562/3556
f 3547/5634/3488 3480/5685/3524 3510/5570/3560
f 3546/5633/3591 3511/5571/3490 3810/5686/3623
f 3506/5561/3555 3484/5515/3527 3579/5684/3622
f 3506/5561/3555 3449/5453/3493 3484/5515/3527
f 3367/5687/3416 3686/5688/3624 3484/5689/3527
f 3580/5690/3562 3515/5578/3563 3514/5577/3331
f 3512/5516/3528 3581/5691/3625 3582/5692/3561
f 3512/5516/3528 3655/5693/3626 3581/5691/3625
f 3512/5516/3528 3450/5635/3494 3655/5693/3626
f 3166/4968/3202 3689/5455/3495 3450/5454/3494
f 3488/5521/3531 3371/5323/3419 3583/5694/3627
f 3341/5263/3384 3420/5399/3464 3550/5638/3594
f 3229/5071/3275 3551/5639/3595 3205/5034/3248
f 3373/5325/3362 3584/5695/3628 3168/5696/3204
f 3552/5640/3596 3451/5458/3497 3231/5074/3277
f 3585/5697/3629 3343/5267/3386 3314/5218/3363
f 3172/4975/3207 3586/5698/3630 3421/5400/3465
f 3290/5173/3333 3587/5699/3631 3183/4997/3222
f 3173/4976/3208 3422/5401/3466 3490/5523/3533
f 3423/5403/3467 3421/5400/3465 3588/5700/3632
f 3587/5699/3631 3399/5367/3446 3183/4997/3222
f 3345/5272/3387 3377/5329/3335 3589/5701/3633
f 3209/5039/3251 3590/5702/3634 3291/5174/3334
f 3347/5274/3389 3591/5703/3635 3346/5273/3388
f 3010/4699/3045 3521/5590/3569 3556/5644/3600
f 3123/4908/3165 3592/5704/3636 3188/5004/3227
f 3349/5277/3392 3098/4868/3142 3428/5410/3473
f 3593/5705/3504 3457/5412/3475 3321/5279/3370
f 3593/5470/3504 3594/5706/3637 3595/5707/3638
f 3600/5593/3571 3594/5706/3637 3593/5470/3504
f 3596/5708/3639 2935/4589/2985 3429/5411/3474
f 3636/5709/3640 3524/5595/3573 3523/5594/3572
f 3523/5594/3572 3597/5475/3507 3636/5709/3640
f 3461/5597/3506 3665/5710/3641 3597/5711/3507
f 3599/5338/3431 3665/5710/3641 3461/5597/3506
f 3407/5380/3453 3525/5596/3574 3598/5712/3642
f 3465/5480/3509 3407/5380/3453 3598/5712/3642
f 3599/5713/3431 3559/5651/3435 3561/5653/3603
f 3526/5189/3344 3281/5161/3325 3600/5714/3571
f 3351/5282/3394 3601/5715/3643 3405/5377/3451
f 3383/5337/3430 3467/5716/3510 3431/5414/3477
f 3602/5717/3644 3570/5667/3612 3568/5665/3610
f 3603/5718/3578 3604/5719/3645 3467/5716/3510
f 3859/5720/3576 3530/5607/3579 3566/5606/3319
f 3565/5661/3608 3477/5506/3519 3336/5255/3378
f 3569/5666/3611 3533/5559/3553 3535/5721/3583
f 3358/5298/3401 3605/5722/3646 3357/5297/3400
f 3670/5669/3614 3437/5548/3480 3471/5547/3514
f 3437/5723/3480 3765/5724/3647 3606/5725/3548
f 3357/5297/3400 3605/5722/3646 3607/5726/3615
f 3538/5621/3584 3670/5669/3614 3539/5622/3550
f 3388/5348/3436 3439/5439/3482 3476/5670/3518
f 3439/5439/3482 3608/5727/3648 3476/5670/3518
f 3574/5674/3618 3478/5509/3522 3541/5626/3585
f 3675/5728/3649 3505/5729/3554 3354/5730/3398
f 3718/5555/3549 3609/5731/3650 3439/5439/3482
f 3439/5439/3482 3609/5731/3650 3608/5727/3648
f 3575/5732/3620 3545/5632/3588 3542/5627/3586
f 3441/5442/3485 3541/5626/3585 3392/5358/3443
f 3390/5353/3441 3610/5733/3651 3259/5119/3303
f 3259/5119/3303 3610/5733/3651 3614/5308/3409
f 3725/5734/3652 3611/5735/3653 3612/5736/3654
f 3616/5569/3559 3611/5735/3653 3725/5734/3652
f 3616/5569/3559 3725/5734/3652 3613/5737/3655
f 3614/5738/3409 3615/5739/3656 3364/5740/3412
f 3613/5737/3655 3417/5394/3462 3616/5569/3559
f 3616/5569/3559 3617/5741/3657 3653/5742/3658
f 3616/5743/3559 3510/5744/3560 3617/5745/3657
f 3617/5741/3657 3510/5570/3560 3480/5685/3524
f 3417/5394/3462 3613/5737/3655 3618/5746/3659
f 3364/5311/3412 3615/5747/3656 3580/5574/3562
f 3511/5571/3490 3582/5573/3561 3810/5686/3623
f 3417/5394/3462 3618/5746/3659 3418/5395/3463
f 3582/5692/3561 3581/5691/3625 3733/5748/3660
f 3581/5691/3625 3655/5693/3626 3619/5749/3661
f 3488/5521/3531 3620/5750/3662 3366/5314/3415
f 3621/5751/3663 3517/5580/3564 3516/5579/3496
f 3376/5328/3423 3372/5324/3420 3622/5752/3664
f 3370/5582/3418 3623/5753/3665 3264/5266/3308
f 3623/5753/3665 3624/5754/3666 3264/5266/3308
f 3171/4974/3206 3625/5755/3667 3373/5325/3362
f 3451/5458/3497 3626/5756/3668 3374/5326/3421
f 3627/5757/3669 3290/5173/3333 3376/5328/3423
f 3587/5699/3631 3628/5758/3670 3399/5367/3446
f 3399/5369/3446 3628/5759/3670 3780/5586/3566
f 3377/5175/3335 3292/5176/3336 3589/5760/3633
f 3292/5176/3336 3453/5463/3500 3589/5760/3633
f 3346/5273/3388 3629/5761/3671 3209/5039/3251
f 3052/4784/3087 3348/5275/3390 3630/5762/3672
f 3051/4783/3086 3555/5643/3599 3068/4822/3110
f 3241/5086/3286 3631/5763/3673 3454/5645/3501
f 3189/5005/3228 3632/5764/3674 3426/5406/3470
f 3297/5181/3341 3633/5765/3675 3498/5536/3540
f 3634/5766/3601 3635/5767/3676 3557/5768/3542
f 3746/5408/3472 3748/5769/3677 3124/4909/3166
f 3124/4909/3166 3748/5769/3677 3753/5466/3503
f 3595/5707/3638 3784/5770/3678 3593/5470/3504
f 3457/5412/3475 3593/5705/3504 3788/5771/3679
f 3753/5466/3503 3704/5772/3680 3214/5228/3256
f 3176/4980/3211 3431/5414/3477 3428/5410/3473
f 3597/5711/3507 3789/5773/3681 3636/5774/3640
f 3597/5711/3507 3665/5710/3641 3789/5773/3681
f 3594/5706/3637 3563/5656/3605 3595/5707/3638
f 3637/5775/3682 3598/5712/3642 3525/5596/3574
f 3594/5706/3637 3501/5549/3545 3563/5656/3605
f 3563/5656/3605 3529/5609/3580 3638/5776/3683
f 3277/5146/3317 3404/5376/3450 3243/5088/3288
f 3194/5013/3232 3382/5334/3428 3384/5340/3432
f 3642/5777/3684 3594/5706/3637 3600/5593/3571
f 3277/5146/3317 3639/5778/3685 3404/5376/3450
f 3640/5779/3543 3791/5655/3604 3562/5654/3434
f 3641/5780/3686 3408/5381/3454 3465/5480/3509
f 3600/5714/3571 3281/5161/3325 3642/5781/3684
f 3594/5706/3637 3571/5668/3613 3501/5549/3545
f 3101/4873/3146 3558/5650/3602 3330/5247/3374
f 3645/5350/3438 3642/5781/3684 3281/5161/3325
f 3529/5609/3580 3531/5611/3581 3706/5782/3687
f 3560/5652/3481 3643/5783/3688 3561/5653/3603
f 3323/5236/3291 3527/5599/3575 3644/5784/3512
f 3645/5785/3438 3646/5786/3689 3642/5777/3684
f 3564/5657/3606 3796/5787/3690 3710/5663/3577
f 3434/5423/3393 3708/5788/3691 3469/5600/3511
f 3570/5667/3612 3572/5672/3616 3504/5557/3551
f 3643/5783/3688 3574/5674/3618 3572/5672/3616
f 3643/5783/3688 3560/5652/3481 3574/5674/3618
f 3331/5250/3375 3607/5671/3615 3414/5789/3460
f 3390/5353/3441 3257/5117/3268 3462/5491/3508
f 3645/5785/3438 3575/5732/3620 3646/5786/3689
f 3646/5786/3689 3575/5732/3620 3542/5627/3586
f 3571/5668/3613 3646/5786/3689 3542/5627/3586
f 3574/5674/3618 3541/5626/3585 3572/5672/3616
f 3606/5553/3548 3675/5790/3649 3354/5554/3398
f 3536/5791/3517 3647/5792/3692 3538/5793/3584
f 3608/5727/3648 3648/5794/3693 3476/5670/3518
f 3476/5624/3518 3648/5795/3693 3283/5163/3327
f 3541/5626/3585 3478/5509/3522 3392/5358/3443
f 3680/5355/3403 3652/5567/3558 3363/5356/3410
f 3649/5796/3556 3650/5797/3694 3857/5798/3695
f 3611/5735/3653 3616/5569/3559 3651/5799/3696
f 3479/5565/3523 3546/5633/3591 3543/5630/3589
f 3652/5800/3558 3651/5799/3696 3480/5685/3524
f 3616/5801/3559 3653/5802/3658 3651/5803/3696
f 3480/5685/3524 3651/5799/3696 3653/5742/3658
f 3649/5796/3556 3579/5804/3622 3650/5797/3694
f 3480/5685/3524 3653/5742/3658 3617/5741/3657
f 3582/5573/3561 3733/5805/3660 3810/5686/3623
f 3580/5690/3562 3654/5806/3697 3515/5578/3563
f 3418/5395/3463 3618/5746/3659 3837/5807/3698
f 3450/5808/3494 3908/5809/3699 3655/5810/3626
f 3548/5636/3592 3366/5314/3415 3620/5750/3662
f 3342/5264/3385 3143/4936/3185 3343/5267/3386
f 3264/5266/3308 3624/5754/3666 3375/5327/3422
f 3451/5458/3497 3552/5640/3596 3656/5811/3700
f 3289/5172/3332 3586/5698/3630 3172/4975/3207
f 3490/5523/3533 3657/5812/3701 3232/5075/3278
f 3490/5523/3533 3422/5401/3466 3658/5813/3702
f 3185/5402/3224 3315/5373/3364 3658/5813/3702
f 3291/5174/3334 3590/5702/3634 3659/5814/3567
f 3347/5274/3389 3187/5003/3226 3378/5330/3424
f 3052/4784/3087 3630/5762/3672 3495/5533/3538
f 3096/4866/3141 3556/5644/3600 3379/5331/3425
f 3556/5644/3600 3521/5590/3569 3660/5815/3703
f 3053/4785/3088 3522/5591/3570 3521/5590/3569
f 3297/5181/3341 3454/5464/3501 3661/5816/3704
f 3271/5592/3314 3662/5817/3705 3381/5333/3427
f 3191/5007/3229 3213/5044/3255 3634/5648/3601
f 3455/5465/3502 3193/5009/3231 3663/5818/3706
f 3784/5819/3678 3788/5820/3679 3593/5821/3504
f 3193/5009/3231 3272/5138/3315 3663/5818/3706
f 3404/5376/3450 3883/5822/3707 3213/5044/3255
f 3272/5138/3315 3405/5377/3451 3663/5818/3706
f 3563/5656/3605 3638/5776/3683 3595/5707/3638
f 3638/5776/3683 3529/5609/3580 3664/5823/3708
f 3599/5713/3431 3561/5653/3603 3665/5824/3641
f 3075/4835/3117 3666/5825/3709 3460/5472/3455
f 3641/5780/3686 3565/5661/3608 3408/5381/3454
f 3384/5340/3432 3667/5826/3710 3564/5657/3606
f 3594/5706/3637 3642/5777/3684 3571/5668/3613
f 3571/5668/3613 3642/5777/3684 3646/5786/3689
f 3561/5653/3603 3643/5783/3688 3668/5827/3711
f 3570/5667/3612 3643/5783/3688 3572/5672/3616
f 3432/5658/3292 3414/5789/3460 3707/5659/3607
f 3330/5247/3374 3605/5722/3646 3358/5298/3401
f 3414/5789/3460 3669/5828/3712 3707/5659/3607
f 3670/5829/3614 3765/5724/3647 3437/5723/3480
f 3531/5830/3581 3857/5798/3695 3671/5831/3713
f 3672/5832/3619 3673/5833/3714 3472/5351/3439
f 3532/5614/3582 3672/5834/3619 3416/5392/3461
f 3538/5621/3584 3674/5835/3715 3670/5669/3614
f 3606/5725/3548 3765/5724/3647 3675/5836/3649
f 3676/5837/3716 3677/5838/3717 3678/5839/3718
f 3416/5392/3461 3672/5834/3619 3537/5619/3516
f 3647/5840/3692 3674/5835/3715 3538/5621/3584
f 3676/5837/3716 3679/5841/3719 3677/5838/3717
f 3531/5830/3581 3649/5796/3556 3857/5798/3695
f 3477/5842/3519 3681/5843/3720 3680/5844/3403
f 3679/5841/3719 3723/5845/3721 3677/5838/3717
f 3680/5846/3403 3681/5847/3720 3652/5848/3558
f 3718/5555/3549 3717/5849/3722 3609/5731/3650
f 3611/5735/3653 3651/5799/3696 3681/5850/3720
f 3681/5850/3720 3651/5799/3696 3652/5800/3558
f 3338/5851/3380 3867/5852/3723 3721/5853/3301
f 3578/5683/3587 3721/5682/3301 3866/5854/3724
f 3677/5838/3717 3723/5845/3721 3682/5855/3725
f 3723/5845/3721 3683/5856/3726 3684/5857/3727
f 3684/5857/3727 3683/5856/3726 3654/5806/3697
f 3684/5857/3727 3654/5806/3697 3615/5739/3656
f 3617/5858/3728 3733/5748/3660 3581/5691/3625
f 3615/5739/3656 3654/5806/3697 3580/5690/3562
f 3579/5804/3622 3484/5689/3527 3686/5688/3624
f 3367/5315/3416 3685/5859/3729 3686/5860/3624
f 3513/5576/3417 3687/5861/3730 3549/5637/3593
f 3487/5519/3530 3688/5862/3731 3420/5399/3464
f 3689/5863/3495 3168/5696/3204 3690/5864/3732
f 3371/5323/3419 3518/5583/3565 3583/5694/3627
f 3551/5639/3595 3691/5865/3733 3205/5034/3248
f 3205/5034/3248 3691/5865/3733 3372/5324/3420
f 3168/5696/3204 3584/5695/3628 3690/5864/3732
f 3584/5695/3628 3373/5325/3362 3625/5755/3667
f 3657/5812/3701 3552/5640/3596 3232/5075/3278
f 3588/5700/3632 3421/5400/3465 3586/5698/3630
f 3692/5866/3734 3587/5699/3631 3290/5173/3333
f 3422/5401/3466 3185/5402/3224 3658/5813/3702
f 3658/5813/3702 3315/5373/3364 3693/5867/3735
f 3345/5529/3387 3694/5868/3736 3493/5530/3535
f 3589/5701/3633 3694/5869/3736 3345/5272/3387
f 3209/5039/3251 3629/5761/3671 3590/5702/3634
f 3237/5082/3282 3294/5178/3338 3695/5870/3737
f 3319/5227/3368 3696/5871/3738 3006/4695/3041
f 3006/4695/3041 3696/5871/3738 3348/5275/3390
f 3240/5085/3285 3403/5375/3449 3697/5872/3739
f 3051/4783/3086 3698/5873/3740 3555/5643/3599
f 3147/4940/3187 3699/5874/3741 3403/5375/3449
f 3148/4941/3188 3700/5875/3742 3071/4828/3114
f 3271/5137/3314 3557/5646/3542 3922/5876/3743
f 3320/5229/3369 3592/5704/3636 3123/4908/3165
f 3381/5333/3427 3701/5877/3744 3382/5334/3428
f 3784/5770/3678 3595/5707/3638 3638/5776/3683
f 3244/5278/3289 3242/5087/3287 3702/5878/3745
f 3524/5595/3573 3636/5709/3640 3703/5879/3746
f 3524/5595/3573 3703/5879/3746 3525/5596/3574
f 3704/5880/3680 3527/5881/3575 3214/5882/3256
f 3465/5480/3509 3598/5712/3642 3705/5883/3747
f 3529/5609/3580 3706/5782/3687 3664/5823/3708
f 3382/5334/3428 3667/5826/3710 3384/5340/3432
f 3467/5716/3510 3885/5884/3748 3431/5414/3477
f 3467/5716/3510 3604/5719/3645 3885/5884/3748
f 3531/5830/3581 3671/5831/3713 3706/5885/3687
f 3434/5886/3393 3707/5887/3607 3708/5888/3691
f 3709/5889/3749 3500/5890/3544 3710/5891/3577
f 3796/5787/3690 3709/5892/3749 3710/5663/3577
f 3528/5427/3479 3472/5351/3439 3673/5833/3714
f 3353/5385/3397 3576/5893/3621 3411/5386/3457
f 3679/5841/3719 3676/5837/3716 3799/5894/3750
f 3708/5888/3691 3603/5605/3578 3469/5487/3511
f 3893/5895/3751 3672/5834/3619 3532/5614/3582
f 3604/5719/3645 3603/5718/3578 3711/5896/3752
f 3765/5724/3647 3670/5829/3614 3674/5897/3715
f 3678/5839/3718 3677/5838/3717 3712/5898/3753
f 3713/5899/3754 3390/5353/3441 3462/5491/3508
f 3714/5900/3755 3681/5850/3720 3477/5506/3519
f 3612/5736/3654 3681/5850/3720 3714/5900/3755
f 3713/5899/3754 3610/5733/3651 3390/5353/3441
f 3647/5792/3692 3536/5791/3517 3768/5901/3756
f 3612/5736/3654 3611/5735/3653 3681/5850/3720
f 3612/5736/3654 3715/5902/3757 3725/5734/3652
f 3535/5617/3583 3543/5630/3589 3716/5903/3758
f 3717/5904/3722 3718/5905/3549 3895/5906/3759
f 3677/5838/3717 3682/5855/3725 3712/5898/3753
f 3719/5907/3760 3608/5727/3648 3609/5731/3650
f 3720/5908/3761 3609/5731/3650 3717/5849/3722
f 3807/5909/3762 3338/5393/3380 3507/5563/3557
f 3867/5910/3723 3866/5911/3724 3721/5912/3301
f 3723/5845/3721 3684/5857/3727 3682/5855/3725
f 3722/5913/3763 3683/5914/3726 3723/5915/3721
f 3724/5916/3764 3725/5917/3652 3715/5918/3757
f 3808/5919/3765 3726/5920/3766 3717/5849/3722
f 3725/5917/3652 3724/5916/3764 3613/5921/3655
f 3727/5922/3767 3728/5923/3768 3730/5924/3769
f 3650/5797/3694 3579/5804/3622 3729/5925/3770
f 3730/5924/3769 3617/5858/3728 3727/5922/3767
f 3730/5926/3769 3731/5927/3771 3617/5928/3728
f 3617/5858/3728 3581/5691/3625 3732/5929/3772
f 3731/5927/3771 3733/5930/3660 3617/5928/3728
f 3732/5929/3772 3581/5691/3625 3619/5749/3661
f 3683/5856/3726 3734/5931/3773 3654/5806/3697
f 3735/5932/3774 3654/5806/3697 3734/5931/3773
f 3735/5932/3774 3515/5578/3563 3654/5806/3697
f 3735/5933/3774 3687/5934/3730 3515/5935/3563
f 3837/5807/3698 3486/5518/3529 3418/5395/3463
f 3685/5859/3729 3367/5315/3416 3548/5636/3592
f 3687/5861/3730 3513/5576/3417 3515/5578/3563
f 3736/5936/3775 3655/5810/3626 3908/5809/3699
f 3549/5637/3593 3621/5751/3663 3516/5579/3496
f 3550/5638/3594 3420/5399/3464 3688/5862/3731
f 3737/5937/3776 3488/5521/3531 3583/5694/3627
f 3738/5938/3777 3624/5754/3666 3623/5753/3665
f 3171/4974/3206 3374/5326/3421 3625/5755/3667
f 3739/5939/3778 3289/5172/3332 3375/5327/3422
f 3627/5757/3669 3692/5866/3734 3290/5173/3333
f 3490/5523/3533 3658/5813/3702 3740/5940/3779
f 3423/5403/3467 3741/5941/3780 3492/5942/3534
f 3779/5366/3445 3400/5460/3447 3873/5943/3781
f 3452/5462/3499 3693/5867/3735 3315/5373/3364
f 3553/5641/3597 3424/5404/3468 3317/5225/3366
f 3378/5330/3424 3239/5084/3284 3742/5944/3782
f 3210/5040/3252 3270/5135/3313 3743/5945/3783
f 3744/5946/3784 3348/5275/3390 3696/5871/3738
f 3697/5872/3739 3403/5375/3449 3699/5874/3741
f 3555/5643/3599 3745/5947/3785 3120/4904/3163
f 3661/5816/3704 3633/5765/3675 3297/5181/3341
f 3849/5948/3786 3746/5949/3472 3499/5538/3391
f 3455/5465/3502 3632/5764/3674 3189/5005/3228
f 3557/5950/3542 3635/5951/3676 3922/5952/3743
f 3746/5953/3472 3747/5954/3787 3748/5955/3677
f 3749/5956/3788 3349/5277/3392 3428/5410/3473
f 3592/5704/3636 3320/5229/3369 3750/5957/3789
f 3784/5770/3678 3638/5776/3683 3751/5958/3790
f 3748/5955/3677 3752/5959/3791 3753/5960/3503
f 3634/5648/3601 3213/5044/3255 3883/5822/3707
f 3702/5878/3745 3754/5961/3792 3244/5278/3289
f 3704/5880/3680 3753/5960/3503 3752/5959/3791
f 3821/5962/3793 3636/5774/3640 3789/5773/3681
f 3750/5957/3789 3320/5229/3369 3430/5413/3476
f 3666/5825/3709 3075/4835/3117 3244/5278/3289
f 3428/5410/3473 3431/5414/3477 3885/5884/3748
f 3706/5782/3687 3755/5963/3794 3664/5823/3708
f 3756/5964/3795 3602/5717/3644 3568/5665/3610
f 3665/5824/3641 3561/5653/3603 3668/5827/3711
f 3705/5883/3747 3641/5780/3686 3465/5480/3509
f 3570/5667/3612 3602/5717/3644 3757/5965/3796
f 3758/5966/3797 3676/5837/3716 3759/5967/3798
f 3430/5413/3476 3103/4875/3147 3760/5968/3799
f 3757/5965/3796 3643/5783/3688 3570/5667/3612
f 3668/5827/3711 3643/5783/3688 3757/5965/3796
f 3759/5967/3798 3676/5837/3716 3678/5839/3718
f 3411/5386/3457 3761/5969/3800 3277/5146/3317
f 3762/5970/3801 3477/5506/3519 3565/5661/3608
f 3861/5971/3802 3569/5666/3611 3535/5721/3583
f 3351/5485/3394 3528/5484/3479 3673/5972/3714
f 3709/5889/3749 3891/5973/3803 3500/5890/3544
f 3644/5974/3512 3890/5975/3804 3718/5976/3549
f 3411/5386/3457 3576/5893/3621 3763/5977/3805
f 3762/5970/3801 3714/5900/3755 3477/5506/3519
f 3669/5828/3712 3414/5789/3460 3764/5978/3806
f 3607/5671/3615 3764/5978/3806 3414/5789/3460
f 3673/5979/3714 3672/5980/3619 3893/5981/3751
f 3766/5982/3807 3675/5728/3649 3765/5983/3647
f 3765/5724/3647 3674/5897/3715 3766/5984/3807
f 3767/5985/3808 3715/5902/3757 3612/5736/3654
f 3897/5301/3404 3283/5302/3327 3648/5986/3693
f 3766/5982/3807 3505/5729/3554 3675/5728/3649
f 3647/5840/3692 3768/5987/3756 3674/5835/3715
f 3768/5988/3756 3536/5501/3517 3578/5628/3587
f 3679/5841/3719 3722/5989/3763 3723/5845/3721
f 3505/5560/3554 3769/5990/3809 3576/5677/3621
f 3610/5991/3651 3682/5855/3725 3614/5738/3409
f 3717/5904/3722 3895/5906/3759 3770/5992/3810
f 3609/5731/3650 3720/5908/3761 3719/5907/3760
f 3614/5738/3409 3682/5855/3725 3615/5739/3656
f 3543/5630/3589 3546/5633/3591 3933/5993/3811
f 3682/5855/3725 3684/5857/3727 3615/5739/3656
f 3731/5927/3771 3730/5926/3769 3728/5994/3768
f 3808/5919/3765 3771/5995/3812 3726/5920/3766
f 3772/5996/3813 3546/5633/3591 3810/5686/3623
f 3617/5858/3728 3732/5929/3772 3727/5922/3767
f 3579/5804/3622 3686/5688/3624 3729/5925/3770
f 3736/5936/3775 3619/5997/3661 3655/5810/3626
f 3837/5807/3698 3487/5519/3530 3486/5518/3529
f 3773/5998/3814 3688/5862/3731 3487/5519/3530
f 3620/5750/3662 3488/5521/3531 3737/5937/3776
f 3774/5999/3815 3518/5583/3565 3263/5126/3307
f 3517/5580/3564 3775/6000/3816 3370/5582/3418
f 3776/6001/3817 3585/5697/3629 3314/5218/3363
f 3314/5218/3363 3491/5459/3498 3776/6001/3817
f 3491/5459/3498 3842/6002/3818 3776/6001/3817
f 3588/5700/3632 3741/5941/3780 3423/5403/3467
f 3740/5940/3779 3658/5813/3702 3777/6003/3819
f 3587/5699/3631 3778/6004/3820 3628/5758/3670
f 3491/5459/3498 3779/6005/3445 3842/6002/3818
f 3779/6006/3445 3873/6007/3781 3972/6008/3821
f 3492/5526/3534 3873/6009/3781 3400/5527/3447
f 3693/5867/3735 3452/5462/3499 3780/6010/3566
f 3494/5532/3537 3424/5404/3468 3781/6011/3822
f 3318/5226/3367 3520/5589/3568 3066/4820/3108
f 3239/5084/3284 3210/5040/3252 3742/5944/3782
f 3742/5944/3782 3210/5040/3252 3743/5945/3783
f 3744/5946/3784 3630/5762/3672 3348/5275/3390
f 3211/5041/3253 3379/5331/3425 3270/5135/3313
f 3782/6012/3823 3661/6013/3704 3454/5645/3501
f 3746/5949/3472 3849/5948/3786 3846/6014/3824
f 3349/5277/3392 3749/5956/3788 3848/5539/3541
f 3746/5953/3472 3783/6015/3825 3747/5954/3787
f 3819/6016/3826 3784/6017/3678 3751/6018/3790
f 3751/5958/3790 3664/5823/3708 3783/6015/3825
f 3751/5958/3790 3638/5776/3683 3664/5823/3708
f 3783/6015/3825 3664/5823/3708 3747/5954/3787
f 3747/5954/3787 3752/5959/3791 3748/5955/3677
f 3703/6019/3746 3636/5774/3640 3785/6020/3827
f 3784/5819/3678 3786/6021/3828 3788/5820/3679
f 3636/5774/3640 3821/5962/3793 3785/6020/3827
f 3787/6022/3829 3525/5596/3574 3703/5879/3746
f 3787/6022/3829 3637/5775/3682 3525/5596/3574
f 3788/6023/3679 3640/5541/3543 3457/5649/3475
f 3244/5278/3289 3754/5961/3792 3666/5825/3709
f 3789/6024/3681 3665/5824/3641 3790/6025/3830
f 3788/6023/3679 3887/6026/3831 3640/5541/3543
f 3404/5376/3450 3639/5778/3685 3883/5822/3707
f 3596/5708/3639 3558/5650/3602 2935/4589/2985
f 3756/5964/3795 3757/5965/3796 3602/5717/3644
f 3640/5541/3543 3887/6026/3831 3791/6027/3604
f 3790/6025/3830 3665/5824/3641 3668/5827/3711
f 3792/6028/3832 3568/5665/3610 3567/5664/3609
f 3790/6025/3830 3668/5827/3711 3757/5965/3796
f 3793/6029/3833 3565/5661/3608 3641/5780/3686
f 3794/6030/3834 3676/5837/3716 3758/5966/3797
f 3462/5491/3508 3791/5655/3604 3795/6031/3835
f 3794/6030/3834 3799/5894/3750 3676/5837/3716
f 3639/5778/3685 3277/5146/3317 3761/5969/3800
f 3567/5664/3609 3569/5666/3611 3861/5971/3802
f 3103/4875/3147 3078/4840/3120 3760/5968/3799
f 3667/5826/3710 3796/5787/3690 3564/5657/3606
f 3530/6032/3579 3859/6033/3576 3532/5614/3582
f 3532/5614/3582 3859/6033/3576 3858/6034/3836
f 3709/6035/3749 3796/6036/3690 3797/6037/3837
f 3707/5887/3607 3669/6038/3712 3798/6039/3838
f 3799/6040/3750 3800/6041/3839 3679/6042/3719
f 3532/5614/3582 3858/6034/3836 3893/5895/3751
f 3709/6035/3749 3797/6037/3837 3801/6043/3840
f 3470/5489/3513 3802/6044/3841 3391/5354/3442
f 3612/5736/3654 3714/5900/3755 3762/5970/3801
f 3707/5887/3607 3803/6045/3842 3708/5888/3691
f 3707/5887/3607 3798/6039/3838 3803/6045/3842
f 3893/6046/3751 3989/6047/3843 3673/6048/3714
f 3612/5736/3654 3804/6049/3844 3767/5985/3808
f 3603/5605/3578 3708/5888/3691 3711/6050/3752
f 3674/5897/3715 3829/6051/3845 3766/5984/3807
f 3674/5897/3715 3768/6052/3756 3829/6051/3845
f 3769/6053/3809 3763/5977/3805 3576/5893/3621
f 3543/5630/3589 3933/5993/3811 3716/5903/3758
f 3505/5560/3554 3805/6054/3846 3769/5990/3809
f 3857/5798/3695 3650/5797/3694 3806/6055/3847
f 3338/5851/3380 3807/6056/3762 3867/5852/3723
f 3717/5849/3722 3726/5920/3766 3720/5908/3761
f 3546/5633/3591 3772/5996/3813 3933/5993/3811
f 3770/5992/3810 3808/6057/3765 3717/5904/3722
f 3809/6058/3848 3727/5922/3767 3732/5929/3772
f 3650/5797/3694 3729/5925/3770 3835/6059/3849
f 3724/5916/3764 3618/6060/3659 3613/5921/3655
f 3772/6061/3813 3810/6062/3623 3733/5748/3660
f 3811/6063/3850 3771/5995/3812 3808/5919/3765
f 3683/5914/3726 3812/6064/3851 3734/6065/3773
f 3619/5997/3661 3736/5936/3775 3813/6066/3852
f 3814/6067/3853 3487/5519/3530 3837/5807/3698
f 3550/5638/3594 3815/6068/3854 3551/5639/3595
f 3774/5999/3815 3263/5126/3307 3489/5522/3532
f 3370/5582/3418 3775/6000/3816 3623/5753/3665
f 3656/5811/3700 3626/5756/3668 3451/5458/3497
f 3622/5752/3664 3627/5757/3669 3376/5328/3423
f 3490/5523/3533 3740/5940/3779 3816/6069/3855
f 3692/5866/3734 3817/6070/3856 3587/5699/3631
f 3817/6070/3856 3778/6004/3820 3587/5699/3631
f 3778/6071/3820 3818/6072/3857 3628/5759/3670
f 3493/5530/3535 3554/5642/3598 3267/5132/3310
f 3148/4941/3188 3497/5535/3539 3700/5875/3742
f 3071/4828/3114 3700/5875/3742 3429/5411/3474
f 3849/5948/3786 3499/5538/3391 3848/5537/3541
f 3271/5592/3314 3922/6073/3743 3662/5817/3705
f 3819/6074/3826 3786/6021/3828 3784/5819/3678
f 3664/5823/3708 3752/5959/3791 3747/5954/3787
f 3752/5959/3791 3664/5823/3708 3755/5963/3794
f 3820/6075/3858 3637/5775/3682 3787/6022/3829
f 3821/6076/3793 3789/6024/3681 3790/6025/3830
f 3637/5775/3682 3705/5883/3747 3598/5712/3642
f 3704/5880/3680 3752/5959/3791 3527/5881/3575
f 3790/6025/3830 3757/5965/3796 3756/5964/3795
f 3382/5334/3428 4072/6077/3859 3667/5826/3710
f 3822/6078/3860 3758/5966/3797 3759/5967/3798
f 3567/5664/3609 3888/6079/3861 3792/6028/3832
f 3706/5782/3687 3823/6080/3862 3755/5963/3794
f 3706/5782/3687 3824/6081/3863 3823/6080/3862
f 3825/6082/3864 3799/5894/3750 3794/6030/3834
f 3793/6029/3833 3804/6049/3844 3762/5970/3801
f 3793/6029/3833 3762/5970/3801 3565/5661/3608
f 3678/5839/3718 3826/6083/3865 3759/5967/3798
f 3527/5599/3575 3827/6084/3866 3644/5784/3512
f 3826/6083/3865 3678/5839/3718 3712/5898/3753
f 3644/5784/3512 3827/6084/3866 3890/6085/3804
f 3796/5787/3690 4042/6086/3867 3797/6087/3837
f 3762/5970/3801 3804/6049/3844 3612/5736/3654
f 3711/5896/3752 3828/6088/3868 3604/5719/3645
f 3890/5975/3804 3895/6089/3759 3718/5976/3549
f 3803/6045/3842 4016/6090/3869 3708/5888/3691
f 3826/6083/3865 3682/5855/3725 3713/6091/3754
f 3712/5898/3753 3682/5855/3725 3826/6083/3865
f 3829/6051/3845 3768/6052/3756 3864/6092/3870
f 3610/5991/3651 3713/6091/3754 3682/5855/3725
f 3505/5729/3554 3766/5982/3807 3805/6093/3846
f 3766/5982/3807 3829/6094/3845 3805/6093/3846
f 3769/5990/3809 3805/6054/3846 3830/6095/3871
f 3650/5797/3694 3835/6059/3849 3806/6055/3847
f 3831/6096/3872 3728/5923/3768 3727/5922/3767
f 3831/6096/3872 3727/5922/3767 3809/6058/3848
f 3831/6096/3872 3832/6097/3873 3728/5923/3768
f 3726/5920/3766 3833/6098/3874 3720/5908/3761
f 3729/6099/3770 3834/6100/3875 3835/6101/3849
f 3808/5919/3765 3834/6100/3875 3811/6063/3850
f 3726/5920/3766 3771/5995/3812 3833/6098/3874
f 3834/6100/3875 3729/6099/3770 3811/6063/3850
f 3732/6102/3772 3619/5997/3661 3813/6066/3852
f 3729/6099/3770 3685/5859/3729 3811/6063/3850
f 3685/5859/3729 3836/6103/3876 3811/6063/3850
f 3729/6099/3770 3686/5860/3624 3685/5859/3729
f 3968/6104/3877 3837/6105/3698 3618/6060/3659
f 3685/5859/3729 3838/6106/3878 3836/6103/3876
f 3548/5636/3592 3838/6106/3878 3685/5859/3729
f 3487/5519/3530 3814/6067/3853 3839/6107/3879
f 3487/5519/3530 3839/6107/3879 3773/5998/3814
f 3450/5635/3494 3689/5863/3495 3840/6108/3880
f 3375/5327/3422 3624/5754/3666 3739/5939/3778
f 3374/5326/3421 3626/5756/3668 3625/5755/3667
f 3289/5172/3332 3739/5939/3778 3586/5698/3630
f 3585/5697/3629 3776/6001/3817 3841/6109/3881
f 3657/5812/3701 3490/5523/3533 3816/6069/3855
f 3658/5813/3702 3693/5867/3735 3777/6003/3819
f 3779/6110/3445 3972/6111/3821 3842/6112/3818
f 3628/5759/3670 3818/6072/3857 3780/5586/3566
f 3346/5273/3388 3591/5703/3635 3629/5761/3671
f 3293/5177/3337 3843/6113/3882 3453/5463/3500
f 3424/5404/3468 3844/6114/3883 3781/6011/3822
f 3293/5177/3337 3237/5082/3282 3843/6113/3882
f 3347/5274/3389 3378/5330/3424 3591/5703/3635
f 3402/5374/3448 3296/5180/3340 3067/4821/3109
f 3296/5180/3340 3698/5873/3740 3051/4783/3086
f 3188/5004/3227 3592/5704/3636 3845/6115/3884
f 3746/5953/3472 3846/6116/3824 3783/6015/3825
f 3751/6018/3790 3846/6014/3824 3847/6117/3885
f 3783/6015/3825 3846/6116/3824 3751/5958/3790
f 3848/6118/3541 3749/6119/3788 3849/6120/3786
f 3242/5409/3287 3498/5536/3540 3702/6121/3745
f 3819/6016/3826 3751/6018/3790 3847/6117/3885
f 3819/6074/3826 3847/6122/3885 3850/6123/3886
f 3703/5879/3746 3785/6124/3827 3951/6125/3887
f 3701/5877/3744 4072/6077/3859 3382/5334/3428
f 3785/6126/3827 3821/6076/3793 3851/6127/3888
f 3786/6128/3828 3822/6078/3860 3788/6023/3679
f 3755/5963/3794 3527/5881/3575 3752/5959/3791
f 3821/6076/3793 3790/6025/3830 3851/6127/3888
f 3822/6078/3860 3887/6026/3831 3788/6023/3679
f 3637/5775/3682 3852/6129/3889 3705/5883/3747
f 3790/6025/3830 3756/5964/3795 3851/6127/3888
f 3568/5665/3610 3853/6130/3890 3756/5964/3795
f 3755/5963/3794 3823/6080/3862 3527/5881/3575
f 3705/5883/3747 3854/6131/3891 3641/5780/3686
f 3854/6131/3891 3793/6029/3833 3641/5780/3686
f 3887/6026/3831 3759/5967/3798 3795/6132/3835
f 3759/5967/3798 3826/6083/3865 3795/6132/3835
f 3639/5778/3685 3761/5969/3800 3855/6133/3892
f 3856/6134/3893 3793/6029/3833 3854/6131/3891
f 3823/6080/3862 3827/6135/3866 3527/5881/3575
f 3706/5782/3687 3671/6136/3713 3824/6081/3863
f 3856/6134/3893 3804/6049/3844 3793/6029/3833
f 3671/6136/3713 3857/6137/3695 3824/6081/3863
f 3462/5491/3508 3795/6031/3835 3713/5899/3754
f 3795/6132/3835 3826/6083/3865 3713/6091/3754
f 3760/5968/3799 3078/4840/3120 3573/5673/3617
f 3856/6134/3893 3767/5985/3808 3804/6049/3844
f 3500/6138/3544 3858/6139/3836 3859/6140/3576
f 3604/5719/3645 3828/6088/3868 3860/6141/3894
f 3535/5617/3583 3716/5903/3758 3861/6142/3802
f 3801/6043/3840 3797/6037/3837 3862/6143/3895
f 3391/5354/3442 3991/6144/3896 3507/5563/3557
f 3648/5794/3693 3608/5727/3648 3863/6145/3897
f 3578/5628/3587 3864/6146/3870 3768/5988/3756
f 3679/6042/3719 3865/6147/3898 3722/5913/3763
f 3578/5628/3587 3866/6148/3724 3864/6146/3870
f 3831/6096/3872 3809/6058/3848 4017/6149/3899
f 3728/5923/3768 3772/6061/3813 3731/6150/3771
f 3832/6097/3873 3772/6061/3813 3728/5923/3768
f 3866/6151/3724 3867/6152/3723 3901/6153/3900
f 3835/6101/3849 3834/6100/3875 3868/6154/3901
f 3868/6154/3901 3834/6100/3875 3770/6155/3810
f 3772/6061/3813 3733/5748/3660 3731/6150/3771
f 3834/6100/3875 3808/5919/3765 3770/6155/3810
f 3722/5913/3763 3812/6064/3851 3683/5914/3726
f 3811/6063/3850 3836/6103/3876 3771/5995/3812
f 3837/5807/3698 3869/6156/3902 3814/6067/3853
f 3687/5861/3730 3870/6157/3903 3549/5637/3593
f 3620/5750/3662 3907/6158/3904 3548/5636/3592
f 3583/5694/3627 3518/5583/3565 3871/6159/3905
f 3550/5638/3594 3688/5862/3731 3815/6068/3854
f 3372/5324/3420 3691/5865/3733 3622/5752/3664
f 3588/5700/3632 3872/6160/3906 3741/5941/3780
f 3492/6161/3534 3741/6162/3780 3873/6163/3781
f 3874/6164/3907 3818/6072/3857 3778/6071/3820
f 3780/6010/3566 3818/6165/3857 3693/5867/3735
f 3659/5587/3567 3875/6166/3908 3519/5588/3536
f 3493/5530/3535 3694/5868/3736 3876/6167/3909
f 3493/5530/3535 3876/6167/3909 3554/5642/3598
f 3424/5404/3468 3553/5641/3597 3844/6114/3883
f 3695/5870/3737 3843/6113/3882 3237/5082/3282
f 3425/5405/3469 3695/5870/3737 3294/5178/3338
f 3520/5589/3568 3877/6168/3910 3319/5227/3368
f 3240/5085/3285 3878/6169/3911 3174/4977/3209
f 3556/5644/3600 3879/6170/3912 3379/5331/3425
f 3241/5086/3286 3495/5533/3538 3631/5763/3673
f 3427/5407/3471 3426/5406/3470 3880/6171/3913
f 3188/5004/3227 3845/6115/3884 3522/5591/3570
f 3881/6172/3914 3635/5767/3676 3882/6173/3915
f 3951/6125/3887 3787/6022/3829 3703/5879/3746
f 3819/6074/3826 3850/6123/3886 3786/6021/3828
f 3635/5767/3676 3634/5766/3601 3882/6173/3915
f 3634/5766/3601 3883/6174/3707 3884/6175/3916
f 3850/6176/3886 3822/6078/3860 3786/6128/3828
f 3820/6075/3858 3852/6129/3889 3637/5775/3682
f 3749/6119/3788 3428/6177/3473 3885/6178/3748
f 3822/6078/3860 3886/6179/3917 3758/5966/3797
f 3792/6028/3832 3853/6130/3890 3568/5665/3610
f 3759/5967/3798 3887/6026/3831 3822/6078/3860
f 3887/6180/3831 3795/6031/3835 3791/5655/3604
f 3567/6181/3609 3861/6182/3802 3888/6183/3861
f 3985/6184/3918 3856/6134/3893 3854/6131/3891
f 3666/5825/3709 3889/6185/3919 3460/5472/3455
f 3825/6186/3864 3800/6041/3839 3799/6040/3750
f 3824/6081/3863 3827/6135/3866 3823/6080/3862
f 3351/5282/3394 3673/6187/3714 3601/5715/3643
f 3667/5826/3710 4042/6086/3867 3796/5787/3690
f 3827/6135/3866 3824/6081/3863 3890/6188/3804
f 3857/6137/3695 3890/6188/3804 3824/6081/3863
f 3500/6138/3544 3891/6189/3803 3858/6139/3836
f 3411/5386/3457 3763/5977/3805 3761/5969/3800
f 3858/6034/3836 3894/6190/3920 3893/5895/3751
f 3857/6137/3695 3806/6191/3847 3890/6188/3804
f 3806/6191/3847 3892/6192/3921 3890/6188/3804
f 3893/6193/3751 3894/6194/3920 3989/6195/3843
f 3890/6188/3804 3892/6192/3921 3895/6196/3759
f 3798/6197/3838 3896/6198/3922 3803/6199/3842
f 3767/6200/3808 3931/6201/3923 3715/5918/3757
f 3802/6044/3841 3991/6144/3896 3391/5354/3442
f 3648/5794/3693 3863/6145/3897 3897/6202/3404
f 3708/5888/3691 4016/6090/3869 3711/6050/3752
f 3711/5896/3752 4018/6203/3924 3828/6088/3868
f 3931/6201/3923 3724/5916/3764 3715/5918/3757
f 3806/6191/3847 3868/6154/3901 3892/6192/3921
f 3719/5907/3760 3898/6204/3925 3608/5727/3648
f 3868/6154/3901 3770/6155/3810 3892/6192/3921
f 3892/6192/3921 3770/6155/3810 3895/6196/3759
f 3866/6148/3724 3899/6205/3926 3864/6146/3870
f 3864/6092/3870 3899/6206/3926 3829/6051/3845
f 3829/6051/3845 3899/6206/3926 3805/6054/3846
f 3806/6191/3847 3835/6101/3849 3868/6154/3901
f 3807/5909/3762 3507/5563/3557 3936/6207/3927
f 3805/6054/3846 3899/6206/3926 3900/6208/3928
f 3866/6148/3724 3901/6209/3900 3899/6205/3926
f 3805/6054/3846 3900/6208/3928 3830/6095/3871
f 3732/6102/3772 3902/6210/3929 3809/6211/3848
f 3724/5916/3764 3903/6212/3930 3618/6060/3659
f 3833/6098/3874 3771/5995/3812 3904/6213/3931
f 3771/5995/3812 3836/6103/3876 3904/6213/3931
f 3734/6065/3773 3905/6214/3932 3735/5933/3774
f 3905/6214/3932 3687/5934/3730 3735/5933/3774
f 3838/6106/3878 3906/6215/3933 3836/6103/3876
f 3736/5936/3775 3908/5809/3699 4023/6216/3934
f 3838/6106/3878 3548/5636/3592 3907/6158/3904
f 3620/6217/3662 3940/6218/3935 3907/6219/3904
f 3908/6220/3699 3450/5635/3494 3840/6108/3880
f 3689/5863/3495 3690/5864/3732 3840/6108/3880
f 3909/6221/3936 3737/5937/3776 3583/5694/3627
f 3774/5999/3815 3871/6159/3905 3518/5583/3565
f 3691/5865/3733 3551/5639/3595 3910/6222/3937
f 3815/6068/3854 3910/6222/3937 3551/5639/3595
f 3911/6223/3938 3775/6000/3816 3517/5580/3564
f 3584/5695/3628 3625/5755/3667 3912/6224/3939
f 3625/5755/3667 3626/5756/3668 3913/6225/3940
f 3946/6226/3941 3778/6004/3820 3817/6070/3856
f 3740/5940/3779 3777/6003/3819 3914/6227/3942
f 3842/6002/3818 3915/6228/3943 3776/6001/3817
f 3916/6229/3944 3519/5588/3536 3875/6166/3908
f 3917/6230/3945 3236/5081/3281 3554/5642/3598
f 3236/5081/3281 3917/6230/3945 3268/5133/3311
f 3269/5134/3312 3918/6231/3946 3919/6232/3947
f 3920/6233/3948 3238/5083/3283 3295/5179/3339
f 3295/5179/3339 3174/4977/3209 3878/6169/3911
f 3878/6169/3911 3240/5085/3285 3697/5872/3739
f 3921/6234/3949 3497/5535/3539 3120/4904/3163
f 4009/6235/3950 3846/6014/3824 3849/5948/3786
f 3922/6236/3743 3635/5767/3676 3881/6172/3914
f 3881/6172/3914 3787/6022/3829 3951/6125/3887
f 3881/6172/3914 3882/6173/3915 3787/6022/3829
f 3592/5704/3636 3750/5957/3789 3923/6237/3951
f 3820/6075/3858 3787/6022/3829 3882/6173/3915
f 3953/6238/3952 3886/6179/3917 3850/6176/3886
f 3884/6175/3916 3882/6173/3915 3634/5766/3601
f 3882/6173/3915 3852/6129/3889 3820/6075/3858
f 3850/6176/3886 3886/6179/3917 3822/6078/3860
f 3924/6239/3953 3758/5966/3797 3886/6179/3917
f 3705/5883/3747 3852/6129/3889 3854/6131/3891
f 3852/6129/3889 3925/6240/3954 3854/6131/3891
f 4122/6241/3955 3667/5826/3710 4072/6077/3859
f 3883/6174/3707 3639/6242/3685 3926/6243/3956
f 3885/5884/3748 3604/5719/3645 3860/6141/3894
f 3558/5650/3602 3927/6244/3957 3330/5247/3374
f 3927/6244/3957 3605/5722/3646 3330/5247/3374
f 4040/6245/3958 3761/5969/3800 3763/5977/3805
f 3928/6246/3959 3861/5971/3802 3716/6247/3758
f 3891/6189/3803 3894/6248/3920 3858/6139/3836
f 3709/6035/3749 3801/6043/3840 3891/6189/3803
f 3865/6147/3898 3679/6042/3719 3800/6041/3839
f 3929/6249/3960 3801/6043/3840 3862/6143/3895
f 3862/6143/3895 3930/6250/3961 3929/6249/3960
f 4074/6251/3962 3931/6252/3923 3767/6253/3808
f 3932/6254/3963 3831/6096/3872 4017/6149/3899
f 3832/6097/3873 3716/6247/3758 3933/6255/3811
f 4016/6090/3869 3803/6045/3842 3896/6256/3922
f 3863/6145/3897 3608/5727/3648 3898/6204/3925
f 3711/6050/3752 4016/6090/3869 4018/6257/3924
f 3772/6061/3813 3832/6097/3873 3933/6255/3811
f 4018/6257/3924 3934/6258/3964 3935/6259/3965
f 3936/6260/3927 4048/6261/3966 3807/6262/3762
f 3901/6153/3900 3900/6208/3928 3899/6206/3926
f 3935/6259/3965 3934/6258/3964 3937/6263/3967
f 3867/6152/3723 3938/6264/3968 3901/6153/3900
f 3719/5907/3760 3720/5908/3761 3833/6098/3874
f 3732/6102/3772 3813/6066/3852 3902/6210/3929
f 3812/6064/3851 3905/6214/3932 3734/6065/3773
f 3813/6066/3852 3736/5936/3775 4023/6216/3934
f 3939/6265/3969 3549/5637/3593 3870/6157/3903
f 3549/5637/3593 3939/6265/3969 3621/5751/3663
f 3939/6265/3969 3911/6223/3938 3621/5751/3663
f 3620/5750/3662 3737/5937/3776 3940/6266/3935
f 3940/6266/3935 3737/5937/3776 3909/6221/3936
f 3583/5694/3627 3871/6159/3905 3941/6267/3970
f 4190/6268/3971 3840/6108/3880 3690/5864/3732
f 3621/5751/3663 3911/6223/3938 3517/5580/3564
f 3942/6269/3972 3622/5752/3664 3691/5865/3733
f 3342/5264/3385 3343/5267/3386 3943/6270/3973
f 3738/5938/3777 3623/5753/3665 3775/6000/3816
f 3913/6225/3940 3912/6224/3939 3625/5755/3667
f 3944/6271/3974 3741/5941/3780 3872/6160/3906
f 3842/6002/3818 4063/6272/3975 3915/6228/3943
f 3741/5941/3780 3945/6273/3976 3873/6274/3781
f 3842/6002/3818 3972/6275/3821 4063/6272/3975
f 3946/6276/3941 4116/6277/3977 3874/6164/3907
f 3693/5867/3735 3818/6165/3857 3947/6278/3978
f 3630/5762/3672 3948/6279/3979 3495/5533/3538
f 3698/5873/3740 3949/6280/3980 3555/5643/3599
f 3147/4940/3187 3380/5332/3426 3950/6281/3981
f 3631/5763/3673 3782/6012/3823 3454/5645/3501
f 3846/6014/3824 4009/6235/3950 3847/6117/3885
f 3881/6172/3914 3952/6282/3982 3922/6236/3743
f 3662/5817/3705 3701/5877/3744 3381/5333/3427
f 3881/6283/3914 3951/6284/3887 3952/6285/3982
f 3847/6122/3885 3953/6286/3952 3850/6123/3886
f 3884/6175/3916 3852/6129/3889 3882/6173/3915
f 3851/6127/3888 3756/5964/3795 3853/6130/3890
f 3924/6239/3953 3954/6287/3983 3758/5966/3797
f 3884/6175/3916 3883/6174/3707 3926/6243/3956
f 3884/6175/3916 3925/6240/3954 3852/6129/3889
f 3663/5818/3706 3405/5377/3451 3955/6288/3984
f 3758/5966/3797 3954/6287/3983 3794/6030/3834
f 3639/6242/3685 3855/6289/3892 3926/6243/3956
f 3925/6240/3954 3956/6290/3985 3854/6131/3891
f 3405/5377/3451 3601/5715/3643 3957/6291/3986
f 3854/6131/3891 3956/6290/3985 3985/6184/3918
f 3888/6079/3861 3861/5971/3802 3958/6292/3987
f 3856/6293/3893 3959/6294/3988 3767/6253/3808
f 4042/6295/3867 3960/6296/3989 3797/6297/3837
f 3928/6246/3959 3716/6247/3758 3832/6097/3873
f 3891/6189/3803 3801/6043/3840 3929/6249/3960
f 3832/6097/3873 3831/6096/3872 3932/6254/3963
f 3932/6254/3963 4017/6149/3899 4098/6298/3990
f 4040/6245/3958 3763/5977/3805 4045/6299/3991
f 3763/5977/3805 3769/6053/3809 4045/6299/3991
f 3828/6088/3868 4018/6203/3924 3963/6300/3992
f 4045/6299/3991 3769/6053/3809 3961/6301/3993
f 3769/6053/3809 3830/6302/3871 3961/6301/3993
f 3865/6147/3898 3962/6303/3994 3722/5913/3763
f 4018/6257/3924 3935/6259/3965 3963/6304/3992
f 3807/6262/3762 4048/6261/3966 3938/6264/3968
f 3807/6262/3762 3938/6264/3968 3867/6152/3723
f 3833/6098/3874 3964/6305/3995 3719/5907/3760
f 3938/6264/3968 3965/6306/3996 3901/6153/3900
f 3722/5913/3763 3962/6303/3994 3812/6064/3851
f 3833/6098/3874 3904/6213/3931 3964/6305/3995
f 3904/6213/3931 3836/6103/3876 3966/6307/3997
f 3967/6308/3998 3814/6067/3853 3869/6156/3902
f 3836/6103/3876 3906/6215/3933 3966/6307/3997
f 3968/6309/3877 3869/6156/3902 3837/5807/3698
f 3906/6215/3933 3838/6106/3878 3907/6158/3904
f 3909/6221/3936 3583/5694/3627 3941/6267/3970
f 4190/6310/3971 3690/6311/3732 3969/6312/3999
f 3584/5695/3628 3969/6313/3999 3690/5864/3732
f 3342/5264/3385 3943/6270/3973 3489/5522/3532
f 3776/6001/3817 3970/6314/4000 3841/6109/3881
f 3971/6315/4001 3946/6226/3941 3817/6070/3856
f 3776/6001/3817 3915/6228/3943 3970/6314/4000
f 3778/6071/3820 3946/6276/3941 3874/6164/3907
f 3777/6003/3819 3693/5867/3735 3947/6278/3978
f 3874/6316/3907 3947/6278/3978 3818/6165/3857
f 3873/6274/3781 3945/6273/3976 3972/6317/3821
f 3694/5869/3736 3589/5701/3633 4091/6318/4002
f 3659/5814/3567 3590/5702/3634 3875/6319/3908
f 3453/5463/3500 3973/6320/4003 3589/5760/3633
f 3553/5641/3597 3974/6321/4004 3844/6114/3883
f 3402/5374/3448 3975/6322/4005 3296/5180/3340
f 3556/5644/3600 3660/5815/3703 3879/6170/3912
f 3427/5407/3471 3880/6171/3913 3380/5332/3426
f 3497/5535/3539 3976/6323/4006 3700/5875/3742
f 3633/5765/3675 3977/6324/4007 3498/5536/3540
f 3632/5764/3674 3455/5465/3502 3978/6325/4008
f 3922/6326/3743 3979/6327/4009 3662/6328/3705
f 3922/6329/3743 3952/6285/3982 3979/6330/4009
f 3849/6120/3786 3749/6119/3788 3980/6331/4010
f 3951/6284/3887 3785/6332/3827 3981/6333/4011
f 3885/6178/3748 3982/6334/4012 3749/6119/3788
f 3884/6175/3916 3926/6243/3956 3925/6240/3954
f 3954/6287/3983 3825/6082/3864 3794/6030/3834
f 3792/6028/3832 3888/6079/3861 3983/6335/4013
f 4122/6241/3955 4042/6086/3867 3667/5826/3710
f 3926/6243/3956 3956/6290/3985 3925/6240/3954
f 3666/6336/3709 4073/6337/4014 3889/6338/3919
f 3888/6079/3861 3958/6292/3987 3984/6339/4015
f 3958/6292/3987 3861/5971/3802 4097/6340/4016
f 3985/6341/3918 3959/6294/3988 3856/6293/3893
f 3460/5383/3455 3889/6338/3919 3470/5489/3513
f 3761/5969/3800 3986/6342/4017 3855/6133/3892
f 3761/5969/3800 4040/6245/3958 3986/6342/4017
f 3959/6294/3988 4074/6251/3962 3767/6253/3808
f 4097/6340/4016 3932/6254/3963 4098/6298/3990
f 3669/6038/3712 3987/6343/4018 3798/6039/3838
f 3669/5828/3712 3764/5978/3806 3987/6344/4018
f 3797/6345/3837 3960/6346/3989 3862/6347/3895
f 3989/6348/3843 3988/6349/4019 3673/6187/3714
f 3798/6197/3838 3987/6350/4018 3896/6198/3922
f 3894/6248/3920 4076/6351/4020 3989/6352/3843
f 3930/6250/3961 3990/6353/4021 3929/6249/3960
f 3507/6354/3557 3991/6355/3896 3936/6356/3927
f 3935/6259/3965 3992/6357/4022 3963/6304/3992
f 3719/5907/3760 3964/6305/3995 3898/6204/3925
f 3900/6208/3928 3901/6153/3900 3993/6358/4023
f 3994/6359/4024 3937/6263/3967 3934/6258/3964
f 3901/6153/3900 3965/6306/3996 3993/6358/4023
f 3993/6358/4023 3967/6308/3998 3830/6095/3871
f 3995/6360/4025 3814/6067/3853 3967/6308/3998
f 3968/6309/3877 3996/6361/4026 3869/6156/3902
f 3995/6360/4025 3839/6107/3879 3814/6067/3853
f 3687/5861/3730 3997/6362/4027 3870/6157/3903
f 3908/6220/3699 3840/6108/3880 4190/6268/3971
f 3998/6363/4028 3738/5938/3777 3775/6000/3816
f 3943/6270/3973 3343/5267/3386 3999/6364/4029
f 3999/6364/4029 3343/5267/3386 3585/5697/3629
f 3656/5811/3700 4000/6365/4030 3626/5756/3668
f 3817/6070/3856 3692/5866/3734 3971/6315/4001
f 4001/6366/4031 4002/6367/4032 3971/6315/4001
f 4003/6368/4033 3944/6271/3974 3872/6160/3906
f 4004/6369/4034 3970/6314/4000 3915/6228/3943
f 4005/6370/4035 3946/6226/3941 3971/6315/4001
f 3519/5531/3536 3916/6371/3944 3553/5641/3597
f 3591/5703/3635 4006/6372/4036 3629/5761/3671
f 3591/5703/3635 3378/5330/3424 4007/6373/4037
f 3920/6233/3948 3425/5405/3469 3238/5083/3283
f 3269/5134/3312 3919/6232/3947 3402/5374/3448
f 3877/6168/3910 3696/5871/3738 3319/5227/3368
f 3270/5135/3313 4008/6374/4038 3743/5945/3783
f 3745/5947/3785 3921/6234/3949 3120/4904/3163
f 3592/5704/3636 3923/6237/3951 3845/6115/3884
f 3849/6120/3786 3980/6331/4010 4009/6375/3950
f 3847/6376/3885 3924/6239/3953 3953/6238/3952
f 4009/6375/3950 3924/6239/3953 3847/6376/3885
f 3785/6126/3827 3851/6127/3888 3981/6377/4011
f 3886/6179/3917 3953/6238/3952 3924/6239/3953
f 3981/6377/4011 3851/6127/3888 3853/6130/3890
f 3924/6239/3953 3980/6331/4010 3954/6287/3983
f 3749/6119/3788 3982/6334/4012 3980/6331/4010
f 3954/6287/3983 3980/6331/4010 3982/6334/4012
f 3983/6335/4013 3853/6130/3890 3792/6028/3832
f 3405/5377/3451 3957/6291/3986 3955/6288/3984
f 3888/6079/3861 3984/6339/4015 3983/6335/4013
f 3885/6178/3748 4010/6378/4039 3982/6334/4012
f 3430/5413/3476 3760/5968/3799 4011/6379/4040
f 3885/6178/3748 3860/6380/3894 4010/6378/4039
f 3984/6339/4015 3958/6292/3987 4012/6381/4041
f 3855/6289/3892 3956/6290/3985 3926/6243/3956
f 4012/6381/4041 3958/6292/3987 4097/6340/4016
f 3855/6289/3892 3986/6382/4017 3956/6290/3985
f 3861/5971/3802 3928/6246/3959 4097/6340/4016
f 3860/6141/3894 4013/6383/4042 4010/6384/4039
f 3605/5722/3646 3927/6244/3957 3607/5726/3615
f 4097/6340/4016 3928/6246/3959 3932/6254/3963
f 3832/6097/3873 3932/6254/3963 3928/6246/3959
f 3828/6088/3868 4013/6383/4042 3860/6141/3894
f 3963/6300/3992 4013/6383/4042 3828/6088/3868
f 3764/6385/3806 4014/6386/4043 3987/6350/4018
f 3891/6189/3803 4076/6351/4020 3894/6248/3920
f 3862/6347/3895 3960/6346/3989 3930/6387/3961
f 3929/6249/3960 4076/6351/4020 3891/6189/3803
f 3960/6346/3989 4015/6388/4044 3930/6387/3961
f 3930/6250/3961 4015/6389/4044 3990/6353/4021
f 4016/6390/3869 3896/6391/3922 4047/6392/4045
f 3724/5916/3764 3931/6201/3923 3903/6212/3930
f 3809/6211/3848 3902/6210/3929 4017/6393/3899
f 4018/6394/3924 4019/6395/4046 3934/6396/3964
f 3900/6208/3928 3993/6358/4023 3830/6095/3871
f 3992/6357/4022 3937/6263/3967 4020/6397/4047
f 3992/6357/4022 3935/6259/3965 3937/6263/3967
f 3902/6210/3929 3813/6066/3852 4109/6398/4048
f 4020/6397/4047 3812/6399/3851 3962/6400/3994
f 4108/6401/4049 3965/6306/3996 3938/6264/3968
f 3937/6263/3967 3994/6359/4024 4020/6397/4047
f 3903/6212/3930 3968/6104/3877 3618/6060/3659
f 3993/6358/4023 3995/6360/4025 3967/6308/3998
f 4021/6402/4050 3904/6213/3931 3966/6307/3997
f 3812/6399/3851 4020/6397/4047 3905/6403/3932
f 3994/6359/4024 3997/6362/4027 4020/6397/4047
f 4020/6397/4047 3997/6362/4027 3905/6403/3932
f 4109/6398/4048 3813/6066/3852 4023/6216/3934
f 3905/6403/3932 3997/6362/4027 3687/5861/3730
f 4022/6404/4051 4023/6405/3934 3908/6220/3699
f 4024/6406/4052 3773/5998/3814 3839/6107/3879
f 3773/5998/3814 4024/6406/4052 3688/5862/3731
f 3815/6068/3854 3688/5862/3731 4024/6406/4052
f 3939/6265/3969 4205/6407/4053 3911/6223/3938
f 3969/6313/3999 3584/5695/3628 3912/6224/3939
f 4025/6408/4054 3775/6000/3816 3911/6223/3938
f 4026/6409/4055 3775/6000/3816 4025/6408/4054
f 3624/5754/3666 4027/6410/4056 3739/5939/3778
f 4028/6411/4057 3841/6109/3881 3970/6314/4000
f 4028/6411/4057 3970/6314/4000 4001/6366/4031
f 3970/6314/4000 4004/6369/4034 4001/6366/4031
f 3971/6315/4001 4002/6367/4032 4005/6370/4035
f 4063/6272/3975 4004/6369/4034 3915/6228/3943
f 4004/6369/4034 4063/6272/3975 4087/6412/4058
f 4005/6413/4035 4116/6277/3977 3946/6276/3941
f 3916/6371/3944 3974/6321/4004 3553/5641/3597
f 3554/5642/3598 4029/6414/4059 3917/6230/3945
f 4030/6415/4060 3318/5226/3367 3268/5133/3311
f 3494/5532/3537 3918/6231/3946 3269/5134/3312
f 3742/5944/3782 3743/5945/3783 4031/6416/4061
f 4032/6417/4062 4033/6418/4063 3744/5946/3784
f 3426/5406/3470 4034/6419/4064 3880/6171/3913
f 3426/5406/3470 3632/5764/3674 4358/6420/4065
f 3979/6327/4009 4035/6421/4066 3662/6328/3705
f 3952/6285/3982 4036/6422/4067 3979/6330/4009
f 3952/6285/3982 3951/6284/3887 3981/6333/4011
f 4009/6375/3950 3980/6331/4010 3924/6239/3953
f 4035/6421/4066 3701/6423/3744 3662/6328/3705
f 3455/5465/3502 4306/6424/4068 3978/6325/4008
f 3455/5465/3502 3663/5818/3706 4306/6424/4068
f 3954/6287/3983 3982/6334/4012 3825/6082/3864
f 3825/6082/3864 3982/6334/4012 4010/6378/4039
f 4037/6425/4069 3983/6335/4013 3984/6339/4015
f 4010/6378/4039 3800/6426/3839 3825/6082/3864
f 3956/6290/3985 3986/6382/4017 4038/6427/4070
f 3956/6290/3985 4038/6427/4070 3985/6184/3918
f 3985/6184/3918 4038/6427/4070 3959/6428/3988
f 4038/6427/4070 3986/6382/4017 4039/6429/4071
f 3986/6382/4017 4040/6430/3958 4039/6429/4071
f 3673/6187/3714 3988/6349/4019 3601/5715/3643
f 3607/5726/3615 4014/6386/4043 3764/6385/3806
f 3470/5489/3513 3889/6338/3919 3802/6044/3841
f 4041/6431/4072 3960/6346/3989 4042/6432/3867
f 4040/6430/3958 4043/6433/4073 4039/6429/4071
f 3987/6350/4018 4014/6386/4043 4044/6434/4074
f 3897/5301/3404 3863/6435/3897 3573/5673/3617
f 4045/6436/3991 4043/6433/4073 4040/6430/3958
f 4045/6436/3991 3961/6437/3993 4043/6433/4073
f 3963/6304/3992 3992/6357/4022 3865/6438/3898
f 3830/6095/3871 4046/6439/4075 3961/6437/3993
f 3865/6438/3898 3992/6357/4022 3962/6400/3994
f 4016/6090/3869 4047/6440/4045 4018/6257/3924
f 3936/6356/3927 4127/6441/4076 4048/6442/3966
f 4047/6440/4045 4019/6443/4046 4018/6257/3924
f 3962/6400/3994 3992/6357/4022 4020/6397/4047
f 4048/6444/3966 4049/6445/4077 3938/6446/3968
f 3934/6258/3964 4019/6443/4046 3994/6359/4024
f 3904/6213/3931 4021/6402/4050 3964/6305/3995
f 3967/6308/3998 3869/6156/3902 3996/6361/4026
f 4108/6401/4049 4050/6447/4078 3965/6306/3996
f 3965/6306/3996 3995/6360/4025 3993/6358/4023
f 3995/6360/4025 4051/6448/4079 3839/6107/3879
f 3997/6362/4027 4052/6449/4080 3870/6157/3903
f 3907/6158/3904 3966/6307/3997 3906/6215/3933
f 4052/6449/4080 3939/6265/3969 3870/6157/3903
f 3907/6219/3904 3940/6218/3935 4053/6450/4081
f 3941/6267/3970 3871/6159/3905 3774/5999/3815
f 3940/6266/3935 3909/6221/3936 4053/6451/4081
f 3774/5999/3815 3489/5522/3532 4054/6452/4082
f 4055/6453/4083 3622/5752/3664 3942/6269/3972
f 3998/6363/4028 4056/6454/4084 3738/5938/3777
f 3775/6000/3816 4026/6409/4055 3998/6363/4028
f 3913/6225/3940 3626/5756/3668 4000/6365/4030
f 3622/5752/3664 4055/6453/4083 3627/5757/3669
f 3552/5640/3596 4057/6455/4085 3656/5811/3700
f 3627/5757/3669 4058/6456/4086 3692/5866/3734
f 3588/5700/3632 3586/5698/3630 3872/6160/3906
f 3971/6315/4001 4059/6457/4087 4001/6366/4031
f 3740/5940/3779 3914/6227/3942 4060/6458/4088
f 4001/6366/4031 4004/6369/4034 4002/6367/4032
f 4004/6369/4034 4061/6459/4089 4002/6367/4032
f 4002/6367/4032 4061/6459/4089 4062/6460/4090
f 3944/6271/3974 3945/6273/3976 3741/5941/3780
f 4087/6412/4058 4061/6459/4089 4004/6369/4034
f 4062/6460/4090 4005/6370/4035 4002/6367/4032
f 3777/6003/3819 3947/6278/3978 3914/6227/3942
f 3972/6461/3821 4088/6462/4091 4063/6463/3975
f 3875/6319/3908 3590/5702/3634 4090/6464/4092
f 3378/5330/3424 3742/5944/3782 4007/6373/4037
f 3295/5179/3339 3878/6169/3911 3920/6233/3948
f 3744/5946/3784 3696/5871/3738 4032/6417/4062
f 3296/5180/3340 3975/6322/4005 3698/5873/3740
f 3630/5762/3672 4064/6465/4093 3948/6279/3979
f 3699/5874/3741 4065/6466/4094 3697/5872/3739
f 3147/4940/3187 3950/6281/3981 3699/5874/3741
f 3631/5763/3673 4066/6467/4095 3782/6012/3823
f 3521/5590/3569 4067/6468/4096 3660/5815/3703
f 4066/6467/4095 4068/6469/4097 3782/6012/3823
f 3521/5590/3569 3522/5591/3570 4067/6468/4096
f 3952/6285/3982 3981/6333/4011 4036/6422/4067
f 3429/5411/3474 4069/6470/4098 3596/5708/3639
f 3853/6130/3890 4070/6471/4099 3981/6377/4011
f 3701/6423/3744 4071/6472/4100 4072/6473/3859
f 3983/6335/4013 4070/6471/4099 3853/6130/3890
f 3666/5825/3709 3754/5961/3792 4073/6474/4014
f 4071/6472/4100 3984/6339/4015 4012/6381/4041
f 4010/6378/4039 4013/6475/4042 3800/6426/3839
f 3959/6428/3988 4038/6427/4070 4039/6429/4071
f 4013/6475/4042 3865/6438/3898 3800/6426/3839
f 3959/6428/3988 4039/6429/4071 4074/6476/3962
f 4039/6429/4071 4043/6433/4073 4074/6476/3962
f 3988/6349/4019 3989/6348/3843 4183/6477/4101
f 3863/6435/3897 4075/6478/4102 3573/5673/3617
f 4013/6475/4042 3963/6304/3992 3865/6438/3898
f 3989/6479/3843 4076/6480/4020 4183/6481/4101
f 3898/6482/3925 4077/6483/4103 3863/6435/3897
f 3961/6437/3993 4046/6439/4075 3931/6484/3923
f 4259/6485/4104 4019/6443/4046 4047/6440/4045
f 3830/6095/3871 3967/6308/3998 4046/6439/4075
f 3967/6308/3998 3996/6361/4026 4046/6439/4075
f 4046/6439/4075 3996/6361/4026 3903/6486/3930
f 3996/6361/4026 3968/6309/3877 3903/6486/3930
f 3994/6359/4024 4019/6443/4046 4078/6487/4105
f 4050/6447/4078 3995/6360/4025 3965/6306/3996
f 4078/6487/4105 3997/6362/4027 3994/6359/4024
f 4052/6449/4080 3997/6362/4027 4078/6487/4105
f 3839/6107/3879 4051/6448/4079 4024/6406/4052
f 4022/6404/4051 3908/6220/3699 4189/6488/4106
f 4189/6488/4106 3908/6220/3699 4190/6268/3971
f 4052/6449/4080 4205/6407/4053 3939/6265/3969
f 4079/6489/4107 4080/6490/4108 3941/6267/3970
f 3909/6221/3936 3941/6267/3970 4080/6490/4108
f 4024/6406/4052 4081/6491/4109 3815/6068/3854
f 3910/6222/3937 3815/6068/3854 4082/6492/4110
f 4205/6407/4053 4025/6408/4054 3911/6223/3938
f 4027/6410/4056 4083/6493/4111 3739/5939/3778
f 4028/6411/4057 4001/6366/4031 4059/6457/4087
f 3971/6315/4001 3692/5866/3734 4084/6494/4112
f 4060/6458/4088 3914/6227/3942 4085/6495/4113
f 4061/6496/4089 4086/6497/4114 4062/6498/4090
f 4087/6499/4058 4063/6500/3975 4088/6501/4091
f 4088/6502/4091 3972/6317/3821 3945/6273/3976
f 4089/6503/4115 3916/6229/3944 3875/6166/3908
f 4089/6503/4115 3875/6166/3908 4090/6504/4092
f 4091/6505/4002 3589/5760/3633 3973/6320/4003
f 4090/6464/4092 3590/5702/3634 3629/5761/3671
f 3554/5642/3598 3876/6167/3909 4092/6506/4116
f 4006/6372/4036 3591/5703/3635 4007/6373/4037
f 4030/6415/4060 4093/6507/4117 3318/5226/3367
f 4093/6507/4117 3520/5589/3568 3318/5226/3367
f 4094/6508/4118 3918/6231/3946 3494/5532/3537
f 4181/6509/4119 3696/5871/3738 3877/6168/3910
f 4095/6510/4120 3270/5135/3313 3379/5331/3425
f 3948/6279/3979 3631/5763/3673 3495/5533/3538
f 4096/6511/4121 3660/5815/3703 4067/6468/4096
f 4068/6469/4097 3661/6013/3704 3782/6012/3823
f 4035/6421/4066 3979/6327/4009 4036/6512/4067
f 3981/6377/4011 4070/6471/4099 4036/6512/4067
f 4035/6421/4066 4037/6425/4069 3701/6423/3744
f 3701/6423/3744 4037/6425/4069 4071/6472/4100
f 4037/6425/4069 3984/6339/4015 4071/6472/4100
f 4097/6513/4016 4098/6514/3990 4144/6515/4122
f 4075/6478/4102 3863/6435/3897 4077/6483/4103
f 4074/6476/3962 4043/6433/4073 3931/6484/3923
f 4098/6514/3990 4017/6393/3899 4099/6516/4123
f 4100/6517/4124 4099/6516/4123 4017/6393/3899
f 3960/6346/3989 4101/6518/4125 4015/6388/4044
f 3929/6249/3960 4102/6519/4126 4076/6351/4020
f 3929/6249/3960 4103/6520/4127 4102/6519/4126
f 3929/6249/3960 3990/6353/4021 4103/6520/4127
f 4101/6521/4125 3990/6353/4021 4015/6389/4044
f 3990/6353/4021 4101/6521/4125 4103/6520/4127
f 4043/6433/4073 3961/6437/3993 3931/6484/3923
f 4101/6521/4125 4104/6522/4128 4103/6520/4127
f 4102/6519/4126 4105/6523/4129 4076/6351/4020
f 4101/6518/4125 4188/6524/4130 4104/6525/4128
f 4100/6517/4124 4017/6393/3899 3902/6210/3929
f 4105/6523/4129 4102/6519/4126 4106/6526/4131
f 3931/6484/3923 4046/6439/4075 3903/6486/3930
f 4149/6527/4132 4105/6523/4129 4166/6528/4133
f 4166/6528/4133 4105/6523/4129 4107/6529/4134
f 4106/6526/4131 4107/6529/4134 4105/6523/4129
f 4108/6530/4049 3938/6446/3968 4049/6445/4077
f 4078/6487/4105 4019/6443/4046 4259/6485/4104
f 4050/6447/4078 4051/6448/4079 3995/6360/4025
f 4215/6531/4135 4051/6448/4079 4050/6447/4078
f 4109/6532/4048 4023/6405/3934 4022/6404/4051
f 4052/6449/4080 4203/6533/4136 4205/6407/4053
f 4082/6492/4110 3815/6068/3854 4081/6491/4109
f 4110/6534/4137 3998/6363/4028 4026/6409/4055
f 4111/6535/4138 3624/5754/3666 3738/5938/3777
f 3999/6364/4029 3585/5697/3629 4112/6536/4139
f 4113/6537/4140 3627/5757/3669 4055/6453/4083
f 4112/6536/4139 3585/5697/3629 3841/6109/3881
f 4114/6538/4141 3872/6160/3906 3586/5698/3630
f 3816/6069/3855 3740/5940/3779 4060/6458/4088
f 3944/6271/3974 4088/6502/4091 3945/6273/3976
f 4085/6495/4113 3914/6227/3942 3947/6278/3978
f 4115/6539/4142 4086/6497/4114 4061/6496/4089
f 4061/6496/4089 4087/6499/4058 4115/6539/4142
f 4086/6497/4114 4158/6540/4143 4062/6498/4090
f 4062/6498/4090 4158/6540/4143 4005/6413/4035
f 3947/6278/3978 3874/6316/3907 4116/6541/3977
f 4030/6415/4060 3268/5133/3311 3917/6230/3945
f 3695/5870/3737 3425/5405/3469 4117/6542/4144
f 4007/6373/4037 3742/5944/3782 4118/6543/4145
f 4093/6507/4117 3877/6168/3910 3520/5589/3568
f 3878/6169/3911 3697/5872/3739 4119/6544/4146
f 4095/6510/4120 3379/5331/3425 3879/6170/3912
f 3697/5872/3739 4065/6466/4094 4119/6544/4146
f 3555/5643/3599 3949/6280/3980 3745/5947/3785
f 3950/6281/3981 3380/5332/3426 4120/6545/4147
f 3380/5332/3426 3880/6171/3913 4120/6545/4147
f 3426/5406/3470 4358/6420/4065 4034/6419/4064
f 4121/6546/4148 3702/6121/3745 3498/5536/3540
f 4036/6512/4067 4037/6425/4069 4035/6421/4066
f 3702/6121/3745 4121/6546/4148 3754/6547/3792
f 4306/6424/4068 3663/5818/3706 3955/6288/3984
f 4070/6471/4099 3983/6335/4013 4037/6425/4069
f 4072/6473/3859 4071/6472/4100 4122/6548/3955
f 4071/6472/4100 4012/6381/4041 4122/6548/3955
f 4123/6549/4149 4012/6381/4041 4097/6340/4016
f 4073/6337/4014 4124/6550/4150 3889/6338/3919
f 4123/6549/4149 4041/6551/4072 4042/6552/3867
f 4125/6553/4151 3601/5715/3643 3988/6349/4019
f 4126/6554/4152 3991/6144/3896 3802/6044/3841
f 4076/6555/4020 4184/6556/4153 4183/6557/4101
f 4076/6558/4020 4149/6559/4132 4184/6560/4153
f 4105/6523/4129 4149/6527/4132 4076/6351/4020
f 4149/6561/4132 4146/6562/4154 4184/6563/4153
f 4047/6440/4045 3896/6256/3922 4198/6564/4155
f 4048/6444/3966 4127/6565/4076 4049/6445/4077
f 4128/6566/4156 4022/6404/4051 4189/6488/4106
f 4078/6567/4105 4130/6568/4157 4052/6569/4080
f 4128/6566/4156 4189/6488/4106 4129/6570/4158
f 4052/6449/4080 4130/6571/4157 4203/6533/4136
f 3966/6572/3997 3907/6219/3904 4171/6573/4159
f 4051/6448/4079 4131/6574/4160 4024/6406/4052
f 3907/6219/3904 4053/6450/4081 4153/6575/4161
f 4024/6406/4052 4131/6574/4160 4081/6491/4109
f 4080/6490/4108 4053/6451/4081 3909/6221/3936
f 3998/6363/4028 4110/6534/4137 4056/6454/4084
f 3489/5522/3532 3943/6270/3973 4054/6452/4082
f 4056/6454/4084 4111/6535/4138 3738/5938/3777
f 4111/6535/4138 4027/6410/4056 3624/5754/3666
f 4112/6536/4139 3841/6109/3881 4132/6576/4162
f 4028/6411/4057 4132/6576/4162 3841/6109/3881
f 3657/5812/3701 3816/6069/3855 4133/6577/4163
f 3971/6315/4001 4084/6494/4112 4059/6457/4087
f 4134/6578/4164 4135/6579/4165 3944/6271/3974
f 3947/6278/3978 4136/6580/4166 4085/6495/4113
f 4086/6497/4114 4176/6581/4167 4158/6540/4143
f 4116/6541/3977 4136/6580/4166 3947/6278/3978
f 4158/6540/4143 4116/6277/3977 4005/6413/4035
f 3781/6011/3822 4094/6508/4118 3494/5532/3537
f 3843/6113/3882 3695/5870/3737 4137/6582/4168
f 3695/5870/3737 4117/6542/4144 4137/6582/4168
f 3918/6231/3946 4138/6583/4169 3919/6232/3947
f 3425/5405/3469 3920/6233/3948 4117/6542/4144
f 3878/6169/3911 4139/6584/4170 3920/6233/3948
f 3743/5945/3783 4008/6374/4038 4140/6585/4171
f 3522/5591/3570 4141/6586/4172 4067/6468/4096
f 3632/5764/3674 3978/6325/4008 4358/6420/4065
f 3977/6324/4007 4121/6546/4148 3498/5536/3540
f 3750/5957/3789 4142/6587/4173 3923/6237/3951
f 4036/6512/4067 4070/6471/4099 4037/6425/4069
f 4069/6470/4098 4143/6588/4174 3596/5708/3639
f 4122/6548/3955 4012/6381/4041 4123/6549/4149
f 4097/6340/4016 4144/6589/4122 4123/6549/4149
f 3607/5726/3615 3927/6244/3957 4014/6386/4043
f 3889/6338/3919 4126/6554/4152 3802/6044/3841
f 3960/6346/3989 4145/6590/4175 4101/6518/4125
f 4101/6518/4125 4145/6590/4175 4188/6524/4130
f 4146/6591/4154 4348/6592/4176 4184/6593/4153
f 3936/6356/3927 4147/6594/4177 4127/6441/4076
f 4166/6595/4133 4148/6596/4178 4149/6597/4132
f 3964/6598/3995 4150/6599/4179 3898/6482/3925
f 4102/6600/4126 4151/6601/4180 4106/6602/4131
f 4104/6522/4128 4128/6566/4156 4152/6603/4181
f 4214/6604/4182 4050/6447/4078 4108/6401/4049
f 4050/6447/4078 4214/6604/4182 4215/6531/4135
f 4215/6531/4135 4131/6574/4160 4051/6448/4079
f 4129/6605/4158 4189/6606/4106 4200/6607/4183
f 4153/6608/4161 4053/6451/4081 4080/6490/4108
f 3969/6313/3999 4191/6609/4184 4190/6268/3971
f 3739/5939/3778 4154/6610/4185 3586/5698/3630
f 4154/6610/4185 4114/6538/4141 3586/5698/3630
f 4059/6457/4087 4155/6611/4186 4028/6411/4057
f 4156/6612/4187 4059/6457/4087 4084/6494/4112
f 4114/6538/4141 4003/6368/4033 3872/6160/3906
f 3944/6271/3974 4003/6368/4033 4134/6578/4164
f 4157/6613/4188 4085/6495/4113 4136/6580/4166
f 4135/6579/4165 4088/6502/4091 3944/6271/3974
f 4088/6501/4091 4115/6539/4142 4087/6499/4058
f 4116/6541/3977 4158/6614/4143 4136/6580/4166
f 3916/6371/3944 4159/6615/4189 3974/6321/4004
f 3453/5463/3500 3843/6113/3882 3973/6320/4003
f 3629/5761/3671 4006/6372/4036 4160/6616/4190
f 3974/6321/4004 4161/6617/4191 3844/6114/3883
f 3918/6231/3946 4094/6508/4118 4138/6583/4169
f 4118/6543/4145 3742/5944/3782 4031/6416/4061
f 3920/6233/3948 4139/6584/4170 4117/6542/4144
f 4031/6416/4061 3743/5945/3783 4140/6585/4171
f 3919/6232/3947 3975/6322/4005 3402/5374/3448
f 3696/5871/3738 4162/6618/4192 4032/6417/4062
f 3270/5135/3313 4095/6510/4120 4008/6374/4038
f 3744/5946/3784 4064/6465/4093 3630/5762/3672
f 3948/6279/3979 4066/6467/4095 3631/5763/3673
f 3497/5535/3539 3921/6234/3949 3976/6323/4006
f 4068/6469/4097 4163/6619/4193 3661/6013/3704
f 3522/5591/3570 3845/6115/3884 4141/6586/4172
f 3596/5708/3639 4143/6588/4174 3558/5650/3602
f 3558/5650/3602 4164/6620/4194 3927/6244/3957
f 4122/6548/3955 4123/6549/4149 4042/6552/3867
f 4098/6514/3990 4099/6516/4123 4144/6515/4122
f 4041/6431/4072 4145/6590/4175 3960/6346/3989
f 3991/6355/3896 4147/6594/4177 3936/6356/3927
f 4348/6592/4176 4146/6591/4154 4148/6596/4178
f 4146/6562/4154 4149/6561/4132 4148/6621/4178
f 4102/6519/4126 4103/6520/4127 4151/6622/4180
f 4104/6522/4128 4152/6603/4181 4103/6520/4127
f 4107/6623/4134 4165/6624/4195 4166/6625/4133
f 4107/6623/4134 4167/6626/4196 4165/6624/4195
f 4047/6440/4045 4198/6564/4155 4259/6485/4104
f 4021/6627/4050 4168/6628/4197 3964/6598/3995
f 4106/6526/4131 4169/6629/4198 4107/6529/4134
f 4169/6629/4198 4106/6526/4131 4151/6622/4180
f 4107/6529/4134 4169/6629/4198 4167/6630/4196
f 4104/6522/4128 4170/6631/4199 4128/6566/4156
f 4049/6632/4077 4214/6604/4182 4108/6401/4049
f 4151/6622/4180 4152/6603/4181 4129/6570/4158
f 4128/6566/4156 4129/6570/4158 4152/6603/4181
f 4170/6631/4199 4022/6404/4051 4128/6566/4156
f 3966/6307/3997 4171/6633/4159 4021/6402/4050
f 4022/6404/4051 4170/6631/4199 4109/6532/4048
f 4259/6485/4104 4130/6571/4157 4078/6487/4105
f 3907/6219/3904 4153/6575/4161 4171/6573/4159
f 4172/6634/4200 4081/6491/4109 4131/6574/4160
f 3941/6267/3970 3774/5999/3815 4173/6635/4201
f 4172/6634/4200 4082/6492/4110 4081/6491/4109
f 3691/5865/3733 3910/6222/3937 3942/6269/3972
f 3912/6224/3939 3913/6225/3940 4174/6636/4202
f 3656/5811/3700 4057/6455/4085 4175/6637/4203
f 4058/6456/4086 3627/5757/3669 4113/6537/4140
f 3552/5640/3596 3657/5812/3701 4057/6455/4085
f 3692/5866/3734 4058/6456/4086 4084/6494/4112
f 4155/6611/4186 4059/6457/4087 4156/6612/4187
f 4135/6579/4165 4134/6578/4164 4157/6613/4188
f 4135/6579/4165 4176/6638/4167 4115/6639/4142
f 4135/6579/4165 4157/6613/4188 4176/6638/4167
f 4157/6613/4188 4136/6580/4166 4176/6638/4167
f 4135/6579/4165 4115/6639/4142 4088/6502/4091
f 4115/6639/4142 4176/6638/4167 4086/6640/4114
f 4136/6580/4166 4158/6614/4143 4176/6638/4167
f 3916/6371/3944 4089/6641/4115 4159/6615/4189
f 3694/5868/3736 4092/6506/4116 3876/6167/3909
f 4090/6464/4092 3629/5761/3671 4160/6616/4190
f 4092/6506/4116 4177/6642/4204 3554/5642/3598
f 3843/6113/3882 4137/6582/4168 4178/6643/4205
f 4007/6373/4037 4118/6543/4145 4378/6644/4206
f 3877/6645/3910 4248/6646/4207 4179/6647/4208
f 4138/6583/4169 4180/6648/4209 3919/6232/3947
f 3877/6645/3910 4179/6647/4208 4181/6649/4119
f 3744/5946/3784 4033/6418/4063 4064/6465/4093
f 3430/5413/3476 4011/6379/4040 3750/5957/3789
f 4123/6549/4149 4144/6589/4122 4041/6551/4072
f 4144/6589/4122 4099/6650/4123 4041/6551/4072
f 4041/6551/4072 4099/6650/4123 4145/6651/4175
f 4145/6651/4175 4099/6650/4123 4182/6652/4210
f 4099/6650/4123 4100/6653/4124 4182/6652/4210
f 4183/6654/4101 4184/6655/4153 4185/6656/4211
f 3987/6350/4018 4186/6657/4212 3896/6198/3922
f 4147/6594/4177 4187/6658/4213 4127/6441/4076
f 4077/6483/4103 3898/6482/3925 4150/6599/4179
f 4152/6603/4181 4151/6622/4180 4103/6520/4127
f 4188/6659/4130 4170/6631/4199 4104/6522/4128
f 3964/6598/3995 4168/6628/4197 4150/6599/4179
f 3902/6660/3929 4109/6532/4048 4170/6631/4199
f 3941/6267/3970 4173/6635/4201 4079/6489/4107
f 4153/6608/4161 4080/6490/4108 4079/6489/4107
f 4189/6661/4106 4190/6662/3971 4191/6663/4184
f 4191/6609/4184 3969/6313/3999 4192/6664/4214
f 4110/6534/4137 4193/6665/4215 4056/6454/4084
f 4192/6664/4214 3969/6313/3999 3912/6224/3939
f 3656/5811/3700 4175/6637/4203 4000/6365/4030
f 4085/6495/4113 4194/6666/4216 4060/6458/4088
f 4134/6578/4164 4194/6666/4216 4157/6613/4188
f 4157/6613/4188 4194/6666/4216 4085/6495/4113
f 4090/6504/4092 4237/6667/4217 4089/6503/4115
f 4159/6615/4189 4195/6668/4218 3974/6321/4004
f 3844/6114/3883 4161/6617/4191 3781/6011/3822
f 4139/6584/4170 3878/6169/3911 4196/6669/4219
f 4183/6477/4101 4185/6670/4211 3988/6349/4019
f 4126/6554/4152 4147/6671/4177 3991/6144/3896
f 3987/6350/4018 4044/6434/4074 4186/6657/4212
f 4184/6672/4153 4348/6673/4176 4185/6674/4211
f 4077/6483/4103 4150/6599/4179 4197/6675/4220
f 4182/6652/4210 4188/6659/4130 4145/6651/4175
f 4182/6652/4210 4100/6653/4124 4188/6659/4130
f 4198/6676/4155 3896/6198/3922 4199/6677/4221
f 4188/6659/4130 4100/6653/4124 4170/6631/4199
f 3902/6660/3929 4170/6631/4199 4100/6653/4124
f 4166/6595/4133 4165/6678/4195 4148/6596/4178
f 4129/6605/4158 4200/6607/4183 4151/6679/4180
f 4169/6629/4198 4151/6622/4180 4200/6680/4183
f 4189/6488/4106 4191/6609/4184 4200/6680/4183
f 4153/6608/4161 4079/6489/4107 4201/6681/4222
f 4215/6682/4135 4202/6683/4223 4131/6684/4160
f 4203/6685/4136 4204/6686/4224 4205/6687/4053
f 4204/6688/4224 4025/6408/4054 4205/6407/4053
f 3942/6269/3972 4206/6689/4225 4055/6453/4083
f 4192/6664/4214 3912/6224/3939 4174/6636/4202
f 4083/6493/4111 4154/6610/4185 3739/5939/3778
f 4057/6455/4085 3657/5812/3701 4133/6577/4163
f 4132/6576/4162 4028/6411/4057 4155/6611/4186
f 3816/6069/3855 4207/6690/4226 4133/6577/4163
f 3816/6069/3855 4060/6458/4088 4207/6690/4226
f 4003/6368/4033 4208/6691/4227 4134/6578/4164
f 3694/5869/3736 4091/6318/4002 4092/6692/4116
f 3973/6320/4003 4209/6693/4228 4091/6505/4002
f 3917/6230/3945 4210/6694/4229 4030/6415/4060
f 4211/6695/4230 4117/6542/4144 4249/6696/4231
f 4093/6697/4117 4248/6698/4207 3877/6699/3910
f 4181/6509/4119 4162/6618/4192 3696/5871/3738
f 3880/6171/3913 4212/6700/4232 4120/6545/4147
f 3661/5816/3704 4213/6701/4233 3633/5765/3675
f 3633/5765/3675 4213/6701/4233 3977/6324/4007
f 3700/5875/3742 4069/6470/4098 3429/5411/3474
f 4306/6424/4068 3955/6288/3984 4415/6702/4234
f 3754/6547/3792 4121/6546/4148 4073/6337/4014
f 4143/6588/4174 4164/6620/4194 3558/5650/3602
f 3889/6338/3919 4124/6550/4150 4126/6554/4152
f 4075/6478/4102 4077/6483/4103 4197/6675/4220
f 4049/6445/4077 4261/6703/4235 4214/6704/4182
f 4167/6630/4196 4169/6629/4198 4229/6705/4236
f 4214/6704/4182 4261/6703/4235 4215/6706/4135
f 4169/6629/4198 4200/6680/4183 4229/6705/4236
f 4200/6680/4183 4216/6707/4237 4229/6705/4236
f 4217/6708/4238 4202/6683/4223 4215/6682/4135
f 4079/6489/4107 4173/6635/4201 4201/6681/4222
f 4130/6709/4157 4245/6710/4239 4203/6685/4136
f 4172/6634/4200 4218/6711/4240 4219/6712/4241
f 4131/6574/4160 4202/6713/4223 4172/6634/4200
f 4200/6680/4183 4191/6609/4184 4216/6707/4237
f 4191/6609/4184 4192/6664/4214 4216/6707/4237
f 3774/5999/3815 4220/6714/4242 4173/6635/4201
f 4221/6715/4243 3910/6222/3937 4082/6492/4110
f 4220/6714/4242 3774/5999/3815 4054/6452/4082
f 4204/6688/4224 4026/6409/4055 4025/6408/4054
f 4110/6534/4137 4026/6409/4055 4222/6716/4244
f 4000/6365/4030 4174/6636/4202 3913/6225/3940
f 3999/6364/4029 4223/6717/4245 3943/6270/3973
f 4208/6691/4227 4003/6368/4033 4114/6538/4141
f 4208/6691/4227 4194/6666/4216 4134/6578/4164
f 3554/5642/3598 4177/6642/4204 4029/6414/4059
f 3843/6113/3882 4178/6643/4205 3973/6320/4003
f 3974/6321/4004 4195/6668/4218 4161/6617/4191
f 3917/6230/3945 4029/6414/4059 4210/6694/4229
f 4030/6415/4060 4300/6718/4246 4093/6507/4117
f 3919/6232/3947 4180/6648/4209 3975/6322/4005
f 4032/6417/4062 4162/6618/4192 4033/6418/4063
f 4008/6374/4038 4095/6510/4120 4224/6719/4247
f 4119/6544/4146 4196/6669/4219 3878/6169/3911
f 4163/6619/4193 4213/6720/4233 3661/6013/3704
f 4125/6553/4151 3957/6291/3986 3601/5715/3643
f 3927/6244/3957 4225/6721/4248 4014/6386/4043
f 4014/6386/4043 4226/6722/4249 4044/6434/4074
f 4186/6657/4212 4199/6677/4221 3896/6198/3922
f 4148/6596/4178 4165/6678/4195 4367/6723/4250
f 4049/6445/4077 4308/6724/4251 4227/6725/4252
f 4167/6726/4196 4228/6727/4253 4165/6728/4195
f 4167/6729/4196 4229/6730/4236 4228/6731/4253
f 4021/6627/4050 4232/6732/4254 4168/6628/4197
f 4049/6445/4077 4227/6725/4252 4261/6703/4235
f 4230/6733/4255 4228/6734/4253 4229/6705/4236
f 4021/6627/4050 4171/6735/4159 4232/6732/4254
f 4230/6733/4255 4229/6705/4236 4231/6736/4256
f 4171/6633/4159 4201/6681/4222 4232/6737/4254
f 4153/6608/4161 4201/6681/4222 4171/6633/4159
f 4229/6705/4236 4216/6707/4237 4231/6736/4256
f 4172/6634/4200 4219/6712/4241 4082/6492/4110
f 4202/6713/4223 4218/6711/4240 4172/6634/4200
f 4216/6707/4237 4192/6664/4214 4233/6738/4257
f 4203/6685/4136 4245/6710/4239 4204/6686/4224
f 4110/6534/4137 4222/6716/4244 4193/6665/4215
f 4154/6610/4185 4083/6493/4111 4234/6739/4258
f 4156/6612/4187 4235/6740/4259 4155/6611/4186
f 4060/6458/4088 4194/6666/4216 4207/6690/4226
f 4089/6641/4115 4236/6741/4260 4159/6615/4189
f 4090/6464/4092 4160/6616/4190 4237/6742/4217
f 4210/6694/4229 4300/6718/4246 4030/6415/4060
f 4117/6542/4144 4211/6695/4230 4137/6582/4168
f 4117/6542/4144 4139/6584/4170 4249/6696/4231
f 3699/5874/3741 3950/6281/3981 4065/6466/4094
f 3660/5815/3703 4096/6511/4121 3879/6170/3912
f 3949/6280/3980 4238/6743/4261 3745/5947/3785
f 3948/6279/3979 4239/6744/4262 4066/6467/4095
f 4120/6545/4147 4240/6745/4263 3950/6281/3981
f 4213/6701/4233 4241/6746/4264 3977/6324/4007
f 4226/6722/4249 4186/6657/4212 4044/6434/4074
f 4147/6671/4177 4403/6747/4265 4187/6748/4213
f 4127/6441/4076 4187/6658/4213 4308/6749/4251
f 4127/6565/4076 4308/6724/4251 4049/6445/4077
f 4215/6706/4135 4261/6703/4235 4217/6750/4238
f 4219/6712/4241 4291/6751/4266 4242/6752/4267
f 4218/6711/4240 4291/6751/4266 4219/6712/4241
f 4130/6709/4157 4277/6753/4268 4245/6710/4239
f 4201/6681/4222 4173/6635/4201 4243/6754/4269
f 4216/6707/4237 4233/6738/4257 4231/6736/4256
f 4222/6716/4244 4244/6755/4270 4193/6665/4215
f 4245/6756/4239 4222/6716/4244 4204/6688/4224
f 4222/6716/4244 4026/6409/4055 4204/6688/4224
f 4233/6738/4257 4192/6664/4214 4246/6757/4271
f 4192/6664/4214 4174/6636/4202 4246/6757/4271
f 4000/6365/4030 4247/6758/4272 4174/6636/4202
f 4236/6741/4260 4195/6668/4218 4159/6615/4189
f 4161/6617/4191 4094/6508/4118 3781/6011/3822
f 4006/6372/4036 4007/6373/4037 4452/6759/4273
f 4300/6718/4246 4248/6760/4207 4093/6507/4117
f 4139/6761/4170 4302/6762/4274 4249/6763/4231
f 4179/6764/4208 4250/6765/4275 4181/6766/4119
f 4139/6584/4170 4196/6669/4219 4251/6767/4276
f 3975/6322/4005 4252/6768/4277 3698/5873/3740
f 4033/6418/4063 4253/6769/4278 4064/6465/4093
f 4254/6770/4279 3700/5875/3742 3976/6323/4006
f 4121/6546/4148 4360/6771/4280 4073/6337/4014
f 3750/5957/3789 4011/6379/4040 4142/6587/4173
f 3760/5968/3799 3573/5673/3617 4011/6379/4040
f 3573/5673/3617 4255/6772/4281 4011/6379/4040
f 4125/6553/4151 3988/6349/4019 4447/6773/4282
f 3573/5673/3617 4075/6478/4102 4255/6772/4281
f 3988/6349/4019 4256/6774/4283 4447/6773/4282
f 4014/6386/4043 4225/6721/4248 4226/6722/4249
f 4126/6554/4152 4440/6775/4284 4147/6671/4177
f 3988/6349/4019 4185/6670/4211 4256/6774/4283
f 4148/6596/4178 4367/6723/4250 4348/6592/4176
f 4199/6677/4221 4257/6776/4285 4198/6676/4155
f 4150/6599/4179 4168/6628/4197 4258/6777/4286
f 4165/6678/4195 4228/6778/4253 4367/6723/4250
f 4168/6628/4197 4232/6732/4254 4258/6777/4286
f 4198/6676/4155 4257/6776/4285 4259/6779/4104
f 4227/6780/4252 4260/6781/4287 4261/6782/4235
f 4257/6776/4285 4130/6709/4157 4259/6779/4104
f 4243/6754/4269 4232/6737/4254 4201/6681/4222
f 4261/6703/4235 4242/6783/4267 4217/6750/4238
f 4231/6784/4256 4262/6785/4288 4230/6786/4255
f 4173/6635/4201 4220/6714/4242 4243/6754/4269
f 4218/6711/4240 4202/6713/4223 4217/6787/4238
f 4193/6665/4215 4263/6788/4289 4056/6454/4084
f 4056/6454/4084 4263/6788/4289 4111/6535/4138
f 4054/6452/4082 3943/6270/3973 4264/6789/4290
f 4111/6535/4138 4263/6788/4289 4027/6410/4056
f 4027/6410/4056 4265/6790/4291 4083/6493/4111
f 3973/6320/4003 4266/6791/4292 4209/6693/4228
f 4006/6372/4036 4452/6759/4273 4267/6792/4293
f 4210/6694/4229 4298/6793/4294 4300/6718/4246
f 4140/6585/4171 4268/6794/4295 4031/6416/4061
f 4180/6648/4209 4269/6795/4296 3975/6322/4005
f 3921/6234/3949 4254/6770/4279 3976/6323/4006
f 4163/6619/4193 4270/6796/4297 4213/6720/4233
f 4034/6419/4064 4358/6420/4065 4271/6797/4298
f 4075/6478/4102 4197/6675/4220 4272/6798/4299
f 4256/6774/4283 4185/6670/4211 4348/6799/4176
f 4150/6599/4179 4258/6777/4286 4273/6800/4300
f 4326/6801/4301 4274/6802/4302 4260/6781/4287
f 4260/6803/4287 4275/6804/4303 4261/6703/4235
f 4228/6778/4253 4230/6786/4255 4262/6785/4288
f 4258/6805/4286 4232/6737/4254 4243/6754/4269
f 4260/6781/4287 4274/6802/4302 4275/6806/4303
f 4130/6709/4157 4257/6776/4285 4277/6753/4268
f 4219/6712/4241 4242/6752/4267 4274/6802/4302
f 4261/6703/4235 4275/6804/4303 4242/6783/4267
f 4276/6807/4304 4219/6712/4241 4274/6802/4302
f 4276/6807/4304 4082/6492/4110 4219/6712/4241
f 4291/6751/4266 4217/6787/4238 4242/6752/4267
f 4277/6808/4268 4222/6716/4244 4245/6756/4239
f 4278/6809/4305 4218/6810/4306 4233/6738/4257
f 4054/6452/4082 4264/6789/4290 4220/6714/4242
f 3910/6222/3937 4206/6689/4225 3942/6269/3972
f 4247/6758/4272 4000/6365/4030 4175/6637/4203
f 4112/6536/4139 4279/6811/4307 3999/6364/4029
f 4280/6812/4308 4084/6494/4112 4058/6456/4086
f 4235/6740/4259 4281/6813/4309 4155/6611/4186
f 4160/6616/4190 4363/6814/4310 4237/6742/4217
f 4282/6815/4311 4160/6616/4190 4267/6792/4293
f 4160/6616/4190 4006/6372/4036 4267/6792/4293
f 4250/6765/4275 4283/6816/4312 4181/6766/4119
f 4181/6766/4119 4283/6816/4312 4162/6817/4192
f 4119/6544/4146 4284/6818/4313 4196/6669/4219
f 4095/6510/4120 3879/6170/3912 4224/6719/4247
f 3698/5873/3740 4285/6819/4314 3949/6280/3980
f 4096/6511/4121 4067/6468/4096 4286/6820/4315
f 4067/6468/4096 4141/6586/4172 4286/6820/4315
f 4034/6419/4064 4287/6821/4316 3880/6171/3913
f 4360/6771/4280 4124/6550/4150 4073/6337/4014
f 4288/6822/4317 4164/6620/4194 4143/6588/4174
f 4255/6772/4281 4075/6478/4102 4272/6798/4299
f 4164/6620/4194 4225/6721/4248 3927/6244/3957
f 4186/6657/4212 4289/6823/4318 4199/6677/4221
f 4186/6657/4212 4226/6722/4249 4289/6823/4318
f 4197/6675/4220 4150/6599/4179 4290/6824/4319
f 4308/6825/4251 4326/6801/4301 4227/6780/4252
f 4326/6801/4301 4260/6781/4287 4227/6780/4252
f 4276/6807/4304 4274/6802/4302 4326/6801/4301
f 4274/6802/4302 4242/6752/4267 4275/6806/4303
f 4218/6810/4306 4278/6809/4305 4291/6826/4320
f 4217/6787/4238 4291/6751/4266 4218/6711/4240
f 4231/6784/4256 4233/6827/4257 4292/6828/4321
f 4244/6755/4270 4222/6716/4244 4277/6808/4268
f 4292/6829/4321 4233/6738/4257 4218/6810/4306
f 4221/6715/4243 4206/6689/4225 3910/6222/3937
f 4278/6809/4305 4233/6738/4257 4246/6757/4271
f 4246/6757/4271 4174/6636/4202 4247/6758/4272
f 4264/6789/4290 3943/6270/3973 4223/6717/4245
f 4263/6788/4289 4293/6830/4322 4027/6410/4056
f 4223/6717/4245 3999/6364/4029 4279/6811/4307
f 4265/6790/4291 4234/6739/4258 4083/6493/4111
f 4156/6612/4187 4084/6494/4112 4294/6831/4323
f 4132/6576/4162 4155/6611/4186 4281/6813/4309
f 4294/6831/4323 4084/6494/4112 4280/6812/4308
f 4295/6832/4324 4194/6666/4216 4208/6691/4227
f 3973/6320/4003 4178/6643/4205 4266/6791/4292
f 4296/6833/4325 4161/6617/4191 4195/6668/4218
f 4452/6759/4273 4007/6373/4037 4297/6834/4326
f 4298/6835/4294 4299/6836/4327 4300/6837/4246
f 4301/6838/4328 4250/6765/4275 4179/6764/4208
f 4301/6838/4328 4179/6764/4208 4248/6839/4207
f 4031/6416/4061 4268/6794/4295 4118/6543/4145
f 4139/6584/4170 4251/6767/4276 4302/6840/4274
f 4284/6818/4313 4119/6544/4146 4065/6466/4094
f 4065/6466/4094 3950/6281/3981 4303/6841/4329
f 4239/6744/4262 4304/6842/4330 4066/6467/4095
f 4238/6743/4261 3921/6234/3949 3745/5947/3785
f 4034/6419/4064 4271/6797/4298 4287/6821/4316
f 3845/6115/3884 4305/6843/4331 4141/6586/4172
f 3923/6237/3951 4305/6843/4331 3845/6115/3884
f 4306/6844/4068 4347/6845/4332 3978/6846/4008
f 4143/6588/4174 4069/6470/4098 4288/6822/4317
f 4440/6775/4284 4403/6747/4265 4147/6671/4177
f 4187/6748/4213 4307/6847/4333 4308/6848/4251
f 4258/6805/4286 4309/6849/4334 4273/6850/4300
f 4257/6776/4285 4199/6677/4221 4310/6851/4335
f 4258/6805/4286 4243/6754/4269 4309/6849/4334
f 4243/6754/4269 4220/6714/4242 4309/6849/4334
f 4218/6810/4306 4291/6826/4320 4292/6829/4321
f 4193/6665/4215 4244/6755/4270 4263/6788/4289
f 4293/6830/4322 4265/6790/4291 4027/6410/4056
f 4311/6852/4336 4113/6537/4140 4055/6453/4083
f 4113/6537/4140 4312/6853/4337 4058/6456/4086
f 4312/6853/4337 4280/6812/4308 4058/6456/4086
f 4133/6577/4163 4313/6854/4338 4057/6455/4085
f 4057/6455/4085 4313/6854/4338 4175/6637/4203
f 4154/6610/4185 4314/6855/4339 4114/6538/4141
f 4194/6666/4216 4315/6856/4340 4207/6690/4226
f 4316/6857/4341 4208/6691/4227 4114/6538/4141
f 4089/6503/4115 4237/6667/4217 4236/6858/4260
f 4091/6318/4002 4209/6859/4228 4092/6692/4116
f 4160/6616/4190 4282/6815/4311 4363/6814/4310
f 4029/6414/4059 4317/6860/4342 4210/6694/4229
f 4137/6582/4168 4472/6861/4343 4178/6643/4205
f 4007/6373/4037 4378/6644/4206 4297/6834/4326
f 4137/6582/4168 4211/6695/4230 4472/6861/4343
f 4318/6862/4344 4138/6583/4169 4094/6508/4118
f 4378/6644/4206 4118/6543/4145 4319/6863/4345
f 4250/6765/4275 4320/6864/4346 4283/6816/4312
f 4008/6374/4038 4224/6719/4247 4321/6865/4347
f 4162/6618/4192 4322/6866/4348 4033/6418/4063
f 4033/6418/4063 4322/6866/4348 4253/6769/4278
f 3949/6280/3980 4285/6819/4314 4238/6743/4261
f 4068/6469/4097 4323/6867/4349 4163/6619/4193
f 3880/6171/3913 4287/6821/4316 4212/6700/4232
f 4142/6587/4173 4011/6379/4040 4324/6868/4350
f 3957/6291/3986 4125/6553/4151 4325/6869/4351
f 4199/6677/4221 4289/6823/4318 4310/6851/4335
f 4150/6599/4179 4273/6800/4300 4290/6824/4319
f 4403/6747/4265 4307/6847/4333 4187/6748/4213
f 4307/6847/4333 4326/6870/4301 4308/6848/4251
f 4367/6723/4250 4228/6778/4253 4262/6785/4288
f 4276/6807/4304 4221/6715/4243 4082/6492/4110
f 4291/6826/4320 4278/6809/4305 4335/6871/4352
f 4220/6714/4242 4264/6789/4290 4327/6872/4353
f 4112/6536/4139 4132/6576/4162 4279/6811/4307
f 4156/6612/4187 4294/6831/4323 4235/6740/4259
f 4207/6690/4226 4328/6873/4354 4133/6577/4163
f 4092/6692/4116 4209/6859/4228 4329/6874/4355
f 4092/6506/4116 4421/6875/4356 4177/6642/4204
f 4236/6741/4260 4330/6876/4357 4195/6668/4218
f 4249/6696/4231 4331/6877/4358 4211/6695/4230
f 4138/6583/4169 4475/6878/4359 4180/6648/4209
f 4269/6795/4296 4252/6768/4277 3975/6322/4005
f 4283/6816/4312 4322/6879/4348 4162/6817/4192
f 4196/6669/4219 4284/6818/4313 4409/6880/4360
f 4252/6768/4277 4285/6819/4314 3698/5873/3740
f 4253/6769/4278 4412/6881/4361 4064/6465/4093
f 4064/6465/4093 4412/6881/4361 3948/6279/3979
f 3879/6170/3912 4096/6511/4121 4224/6719/4247
f 4332/6882/4362 4069/6470/4098 4333/6883/4363
f 3957/6291/3986 4415/6702/4234 3955/6288/3984
f 4256/6774/4283 4348/6799/4176 4334/6884/4364
f 4289/6823/4318 4368/6885/4365 4310/6851/4335
f 4310/6851/4335 4277/6753/4268 4257/6776/4285
f 4335/6886/4352 4292/6887/4321 4291/6888/4320
f 4262/6785/4288 4231/6784/4256 4292/6828/4321
f 4336/6889/4366 4244/6755/4270 4277/6808/4268
f 4246/6757/4271 4337/6890/4367 4278/6809/4305
f 4293/6830/4322 4263/6788/4289 4244/6755/4270
f 4234/6739/4258 4314/6855/4339 4154/6610/4185
f 4133/6577/4163 4328/6873/4354 4313/6854/4338
f 4316/6857/4341 4295/6832/4324 4208/6691/4227
f 4194/6666/4216 4295/6832/4324 4315/6856/4340
f 4236/6858/4260 4237/6667/4217 4338/6891/4368
f 4330/6876/4357 4296/6833/4325 4195/6668/4218
f 4317/6860/4342 4029/6414/4059 4177/6642/4204
f 4161/6617/4191 4339/6892/4369 4094/6508/4118
f 4248/6839/4207 4300/6837/4246 4299/6836/4327
f 4319/6863/4345 4118/6543/4145 4381/6893/4370
f 4118/6543/4145 4268/6794/4295 4381/6893/4370
f 4340/6894/4371 4302/6895/4274 4251/6896/4276
f 4320/6864/4346 4341/6897/4372 4283/6816/4312
f 4140/6585/4171 4008/6374/4038 4268/6794/4295
f 4268/6794/4295 4008/6374/4038 4321/6865/4347
f 4251/6767/4276 4196/6669/4219 4409/6880/4360
f 4342/6898/4373 3948/6279/3979 4412/6881/4361
f 4342/6898/4373 4239/6744/4262 3948/6279/3979
f 4120/6545/4147 4212/6700/4232 4240/6745/4263
f 4286/6820/4315 4141/6586/4172 4343/6899/4374
f 4271/6797/4298 4344/6900/4375 4287/6821/4316
f 4270/6796/4297 4241/6901/4264 4213/6720/4233
f 4345/6902/4376 4305/6843/4331 3923/6237/3951
f 4333/6883/4363 4069/6470/4098 3700/5875/3742
f 4346/6903/4377 3977/6324/4007 4241/6746/4264
f 4358/6420/4065 3978/6325/4008 4347/6904/4332
f 4415/6702/4234 3957/6291/3986 4325/6869/4351
f 4011/6379/4040 4255/6772/4281 4324/6868/4350
f 4272/6798/4299 4197/6675/4220 4290/6824/4319
f 4334/6905/4364 4348/6906/4176 4367/6907/4250
f 4349/6908/4378 4326/6801/4301 4307/6909/4333
f 4326/6801/4301 4349/6908/4378 4276/6807/4304
f 4277/6808/4268 4310/6910/4335 4336/6889/4366
f 4335/6871/4352 4278/6809/4305 4350/6911/4379
f 4309/6849/4334 4220/6714/4242 4327/6872/4353
f 4351/6912/4380 4221/6715/4243 4276/6807/4304
f 4352/6913/4381 4292/6829/4321 4335/6871/4352
f 4278/6809/4305 4337/6890/4367 4350/6911/4379
f 4337/6890/4367 4246/6757/4271 4247/6758/4272
f 4312/6853/4337 4113/6537/4140 4353/6914/4382
f 4311/6852/4336 4353/6914/4382 4113/6537/4140
f 4279/6811/4307 4132/6576/4162 4281/6813/4309
f 4354/6915/4383 4281/6813/4309 4235/6740/4259
f 4355/6916/4384 4114/6538/4141 4314/6855/4339
f 4355/6916/4384 4316/6857/4341 4114/6538/4141
f 4421/6917/4356 4092/6692/4116 4329/6874/4355
f 4282/6815/4311 4466/6918/4385 4363/6814/4310
f 4421/6875/4356 4356/6919/4386 4177/6642/4204
f 4094/6508/4118 4339/6892/4369 4318/6862/4344
f 4318/6862/4344 4475/6878/4359 4138/6583/4169
f 4301/6838/4328 4320/6864/4346 4250/6765/4275
f 4303/6841/4329 3950/6281/3981 4240/6745/4263
f 4304/6842/4330 4323/6867/4349 4066/6467/4095
f 3921/6234/3949 4357/6920/4387 4254/6770/4279
f 4358/6921/4065 4347/6845/4332 4359/6922/4388
f 3977/6923/4007 4414/6924/4389 4121/6925/4148
f 4121/6925/4148 4414/6924/4389 4360/6926/4280
f 4324/6868/4350 4255/6772/4281 4361/6927/4390
f 4225/6721/4248 4289/6823/4318 4226/6722/4249
f 4334/6928/4364 4385/6929/4391 4256/6930/4283
f 4055/6453/4083 4206/6689/4225 4311/6852/4336
f 4312/6853/4337 4362/6931/4392 4280/6812/4308
f 4338/6891/4368 4237/6667/4217 4363/6932/4310
f 4177/6642/4204 4356/6919/4386 4317/6860/4342
f 4296/6833/4325 4339/6892/4369 4161/6617/4191
f 4249/6696/4231 4394/6933/4393 4331/6877/4358
f 4249/6696/4231 4302/6840/4274 4394/6933/4393
f 4180/6648/4209 4364/6934/4394 4269/6795/4296
f 4302/6895/4274 4340/6894/4371 4365/6935/4395
f 4340/6894/4371 4251/6896/4276 4366/6936/4396
f 4066/6467/4095 4323/6867/4349 4068/6469/4097
f 4141/6586/4172 4305/6843/4331 4343/6899/4374
f 4254/6770/4279 4333/6883/4363 3700/5875/3742
f 3923/6237/3951 4142/6587/4173 4345/6902/4376
f 4367/6937/4250 4262/6938/4288 4334/6928/4364
f 4368/6939/4365 4336/6889/4366 4310/6910/4335
f 4273/6850/4300 4309/6849/4334 4369/6940/4397
f 4349/6908/4378 4351/6912/4380 4276/6807/4304
f 4352/6913/4381 4335/6871/4352 4350/6911/4379
f 4262/6938/4288 4292/6829/4321 4352/6913/4381
f 4244/6755/4270 4370/6941/4398 4293/6830/4322
f 4353/6914/4382 4311/6852/4336 4371/6942/4399
f 4223/6717/4245 4279/6811/4307 4372/6943/4400
f 4373/6944/4401 4235/6740/4259 4294/6831/4323
f 4373/6944/4401 4354/6915/4383 4235/6740/4259
f 4374/6945/4402 4234/6739/4258 4265/6790/4291
f 4207/6690/4226 4315/6856/4340 4328/6873/4354
f 4338/6946/4368 4375/6947/4403 4236/6741/4260
f 4329/6874/4355 4376/6948/4404 4421/6917/4356
f 4209/6859/4228 4377/6949/4405 4329/6874/4355
f 4209/6693/4228 4266/6791/4292 4377/6950/4405
f 4267/6792/4293 4468/6951/4406 4282/6815/4311
f 4298/6793/4294 4210/6694/4229 4317/6860/4342
f 4211/6695/4230 4331/6877/4358 4472/6861/4343
f 4378/6952/4206 4319/6953/4345 4379/6954/4407
f 4319/6953/4345 4380/6955/4408 4379/6954/4407
f 4319/6953/4345 4381/6956/4370 4380/6955/4408
f 4475/6878/4359 4364/6934/4394 4180/6648/4209
f 4268/6794/4295 4321/6865/4347 4381/6893/4370
f 4341/6897/4372 4322/6879/4348 4283/6816/4312
f 4322/6866/4348 4412/6881/4361 4253/6769/4278
f 4252/6768/4277 4382/6957/4409 4285/6819/4314
f 4065/6466/4094 4303/6841/4329 4284/6818/4313
f 4271/6797/4298 4359/6958/4388 4344/6900/4375
f 4271/6797/4298 4358/6420/4065 4359/6958/4388
f 4142/6587/4173 4383/6959/4410 4345/6902/4376
f 4360/6771/4280 4384/6960/4411 4124/6550/4150
f 4124/6550/4150 4384/6960/4411 4126/6554/4152
f 4255/6772/4281 4272/6798/4299 4361/6927/4390
f 4447/6773/4282 4256/6774/4283 4385/6961/4391
f 4290/6962/4319 4273/6850/4300 4386/6963/4412
f 4334/6928/4364 4262/6938/4288 4352/6913/4381
f 4368/6939/4365 4370/6941/4398 4336/6889/4366
f 4370/6941/4398 4244/6755/4270 4336/6889/4366
f 4309/6849/4334 4327/6872/4353 4369/6940/4397
f 4352/6913/4381 4350/6911/4379 4387/6964/4413
f 4387/6964/4413 4350/6911/4379 4388/6965/4414
f 4388/6965/4414 4350/6911/4379 4337/6890/4367
f 4206/6689/4225 4221/6715/4243 4389/6966/4415
f 4265/6790/4291 4390/6967/4416 4391/6968/4417
f 4234/6739/4258 4392/6969/4418 4314/6855/4339
f 4314/6855/4339 4392/6969/4418 4355/6916/4384
f 4375/6947/4403 4330/6876/4357 4236/6741/4260
f 4298/6835/4294 4393/6970/4419 4299/6836/4327
f 4302/6895/4274 4365/6935/4395 4394/6971/4393
f 4320/6864/4346 4395/6972/4420 4341/6897/4372
f 4396/6973/4421 4382/6957/4409 4252/6768/4277
f 4096/6511/4121 4397/6974/4422 4224/6719/4247
f 4239/6744/4262 4342/6898/4373 4304/6842/4330
f 3921/6234/3949 4238/6743/4261 4357/6920/4387
f 4286/6820/4315 4343/6899/4374 4398/6975/4423
f 4357/6920/4387 4399/6976/4424 4254/6770/4279
f 4163/6619/4193 4323/6867/4349 4400/6977/4425
f 4401/6978/4426 4333/6883/4363 4254/6770/4279
f 4069/6470/4098 4332/6882/4362 4288/6822/4317
f 4384/6960/4411 4440/6775/4284 4126/6554/4152
f 4402/6979/4427 4307/6909/4333 4403/6980/4265
f 4307/6909/4333 4402/6979/4427 4349/6908/4378
f 4273/6850/4300 4369/6940/4397 4386/6963/4412
f 4334/6928/4364 4352/6913/4381 4387/6964/4413
f 4402/6979/4427 4351/6912/4380 4349/6908/4378
f 4404/6981/4428 4387/6964/4413 4388/6965/4414
f 4337/6890/4367 4247/6758/4272 4388/6965/4414
f 4223/6717/4245 4372/6943/4400 4264/6789/4290
f 4265/6790/4291 4293/6830/4322 4390/6967/4416
f 4279/6811/4307 4281/6813/4309 4405/6982/4429
f 4247/6758/4272 4175/6637/4203 4406/6983/4430
f 4175/6637/4203 4313/6854/4338 4406/6983/4430
f 4295/6832/4324 4407/6984/4431 4315/6856/4340
f 4267/6792/4293 4452/6759/4273 4468/6951/4406
f 4365/6935/4395 4340/6894/4371 4408/6985/4432
f 4340/6894/4371 4366/6936/4396 4408/6985/4432
f 4269/6795/4296 4396/6973/4421 4252/6768/4277
f 4251/6896/4276 4409/6986/4360 4366/6936/4396
f 4321/6865/4347 4224/6719/4247 4501/6987/4433
f 4341/6897/4372 4410/6988/4434 4322/6879/4348
f 4322/6879/4348 4410/6988/4434 4411/6989/4435
f 4322/6879/4348 4411/6989/4435 4412/6990/4361
f 4212/6700/4232 4413/6991/4436 4240/6745/4263
f 3977/6324/4007 4346/6903/4377 4414/6992/4389
f 4306/6844/4068 4415/6993/4234 4347/6845/4332
f 4272/6798/4299 4290/6824/4319 4361/6927/4390
f 4416/6994/4437 4368/6885/4365 4289/6823/4318
f 4417/6995/4438 4402/6979/4427 4403/6980/4265
f 4385/6929/4391 4334/6928/4364 4418/6996/4439
f 4390/6967/4416 4293/6830/4322 4370/6941/4398
f 4389/6966/4415 4371/6942/4399 4206/6689/4225
f 4206/6689/4225 4371/6942/4399 4311/6852/4336
f 4405/6982/4429 4281/6813/4309 4354/6915/4383
f 4373/6944/4401 4294/6831/4323 4419/6997/4440
f 4312/6853/4337 4353/6914/4382 4362/6931/4392
f 4265/6790/4291 4391/6968/4417 4374/6945/4402
f 4234/6739/4258 4374/6945/4402 4392/6969/4418
f 4421/6917/4356 4376/6948/4404 4420/6998/4441
f 4329/6874/4355 4377/6949/4405 4376/6948/4404
f 4421/6999/4356 4420/7000/4441 4356/7001/4386
f 4266/6791/4292 4469/7002/4442 4377/6950/4405
f 4466/6918/4385 4282/6815/4311 4468/6951/4406
f 4317/7003/4342 4393/6970/4419 4298/6835/4294
f 4178/6643/4205 4470/7004/4443 4266/6791/4292
f 4178/6643/4205 4472/6861/4343 4470/7004/4443
f 4378/6952/4206 4379/6954/4407 4297/7005/4326
f 4299/6836/4327 4301/6838/4328 4248/6839/4207
f 4422/7006/4444 4364/6934/4394 4475/6878/4359
f 4423/7007/4445 4269/6795/4296 4364/6934/4394
f 4424/7008/4446 4395/6972/4420 4320/6864/4346
f 4269/6795/4296 4425/7009/4447 4396/6973/4421
f 4284/6818/4313 4487/7010/4448 4409/6880/4360
f 4284/6818/4313 4426/7011/4449 4487/7010/4448
f 4411/6989/4435 4342/7012/4373 4412/6990/4361
f 4285/6819/4314 4427/7013/4450 4238/6743/4261
f 4286/6820/4315 4428/7014/4451 4096/6511/4121
f 4305/6843/4331 4345/6902/4376 4343/6899/4374
f 4241/6901/4264 4429/7015/4452 4346/7016/4377
f 4142/6587/4173 4324/6868/4350 4383/6959/4410
f 4414/6924/4389 4384/7017/4411 4360/6926/4280
f 4125/6553/4151 4447/6773/4282 4325/6869/4351
f 4430/7018/4453 4225/6721/4248 4164/6620/4194
f 4225/6721/4248 4416/6994/4437 4289/6823/4318
f 4372/6943/4400 4431/7019/4454 4264/6789/4290
f 4373/6944/4401 4419/6997/4440 4432/7020/4455
f 4280/6812/4308 4419/6997/4440 4294/6831/4323
f 4313/6854/4338 4433/7021/4456 4406/6983/4430
f 4316/6857/4341 4434/7022/4457 4295/6832/4324
f 4315/6856/4340 4435/7023/4458 4328/6873/4354
f 4297/7005/4326 4379/6954/4407 4436/7024/4459
f 4381/6956/4370 4437/7025/4460 4380/6955/4408
f 4301/6838/4328 4438/7026/4461 4320/6864/4346
f 4381/6893/4370 4321/6865/4347 4500/7027/4462
f 4396/6973/4421 4425/7009/4447 4595/7028/4463
f 4595/7028/4463 4382/6957/4409 4396/6973/4421
f 4224/6719/4247 4397/6974/4422 4501/6987/4433
f 4284/6818/4313 4303/6841/4329 4426/7011/4449
f 4382/6957/4409 4427/7013/4450 4285/6819/4314
f 4342/6898/4373 4459/7029/4464 4304/6842/4330
f 4238/6743/4261 4427/7013/4450 4357/6920/4387
f 4212/6700/4232 4287/6821/4316 4413/6991/4436
f 4270/6796/4297 4163/6619/4193 4429/7015/4452
f 4270/6796/4297 4429/7015/4452 4241/6901/4264
f 4447/6773/4282 4385/6961/4391 4439/7030/4465
f 4440/7031/4284 4417/6995/4438 4403/6980/4265
f 4418/6996/4439 4334/6928/4364 4387/6964/4413
f 4389/6966/4415 4221/6715/4243 4351/6912/4380
f 4264/6789/4290 4441/7032/4466 4327/6872/4353
f 4419/6997/4440 4280/6812/4308 4362/6931/4392
f 4372/6943/4400 4279/6811/4307 4405/6982/4429
f 4470/7004/4443 4469/7002/4442 4266/6791/4292
f 4393/6970/4419 4317/7003/4342 4442/7033/4467
f 4443/7034/4468 4301/6838/4328 4299/6836/4327
f 4566/7035/4469 4423/7007/4445 4364/6934/4394
f 4424/7008/4446 4320/6864/4346 4438/7026/4461
f 4365/6935/4395 4408/6985/4432 4444/7036/4470
f 4366/6936/4396 4445/7037/4471 4408/6985/4432
f 4500/7027/4462 4321/6865/4347 4501/6987/4433
f 4395/6972/4420 4410/6988/4434 4341/6897/4372
f 4411/6989/4435 4446/7038/4472 4342/7012/4373
f 4397/6974/4422 4096/6511/4121 4428/7014/4451
f 4399/6976/4424 4401/6978/4426 4254/6770/4279
f 4572/7039/4473 4346/7016/4377 4429/7015/4452
f 4478/7040/4474 4447/7041/4282 4439/7042/4465
f 4430/7018/4453 4416/6994/4437 4225/6721/4248
f 4387/6964/4413 4404/6981/4428 4418/6996/4439
f 4370/6941/4398 4368/6939/4365 4448/7043/4475
f 4264/6789/4290 4431/7019/4454 4441/7032/4466
f 4449/7044/4476 4371/6942/4399 4389/6966/4415
f 4450/7045/4477 4373/6944/4401 4432/7020/4455
f 4406/6983/4430 4388/6965/4414 4247/6758/4272
f 4328/6873/4354 4435/7023/4458 4433/7021/4456
f 4434/7022/4457 4316/6857/4341 4355/6916/4384
f 4297/7005/4326 4451/7046/4478 4452/7047/4273
f 4318/6862/4344 4453/7048/4479 4475/6878/4359
f 4454/7049/4480 4299/6836/4327 4393/6970/4419
f 4455/7050/4481 4394/6971/4393 4365/6935/4395
f 4438/7026/4461 4456/7051/4482 4424/7008/4446
f 4445/7037/4471 4457/7052/4483 4408/6985/4432
f 4366/6936/4396 4409/6986/4360 4445/7037/4471
f 4458/7053/4484 4411/6989/4435 4410/6988/4434
f 4411/6989/4435 4458/7053/4484 4446/7038/4472
f 4446/7038/4472 4459/7054/4464 4342/7012/4373
f 4286/6820/4315 4398/6975/4423 4428/7014/4451
f 4287/6821/4316 4344/6900/4375 4413/6991/4436
f 4400/6977/4425 4429/7015/4452 4163/6619/4193
f 4460/7055/4485 4343/6899/4374 4345/6902/4376
f 4461/7056/4486 4347/6845/4332 4479/7057/4487
f 4347/6845/4332 4415/6993/4234 4479/7057/4487
f 4462/7058/4488 4384/6960/4411 4414/6992/4389
f 4164/6620/4194 4288/6822/4317 4430/7018/4453
f 4384/6960/4411 4491/7059/4489 4440/6775/4284
f 4361/6927/4390 4290/6824/4319 4463/7060/4490
f 4463/7061/4490 4290/6962/4319 4386/6963/4412
f 4404/6981/4428 4388/6965/4414 4464/7062/4491
f 4431/7019/4454 4372/6943/4400 4405/6982/4429
f 4465/7063/4492 4405/6982/4429 4354/6915/4383
f 4433/7021/4456 4313/6854/4338 4328/6873/4354
f 4295/6832/4324 4434/7022/4457 4407/6984/4431
f 4466/7064/4385 4467/7065/4493 4363/7066/4310
f 4376/7067/4404 4484/7068/4494 4420/7069/4441
f 4466/7064/4385 4468/7070/4406 4467/7065/4493
f 4330/6876/4357 4375/6947/4403 4562/7071/4495
f 4330/6876/4357 4562/7071/4495 4296/6833/4325
f 4469/7072/4442 4470/7073/4443 4471/7074/4496
f 4468/7070/4406 4452/7047/4273 4451/7046/4478
f 4472/7075/4343 4473/7076/4497 4470/7073/4443
f 4339/6892/4369 4453/7048/4479 4318/6862/4344
f 4379/6954/4407 4474/7077/4498 4436/7024/4459
f 4475/7078/4359 4453/7079/4479 4422/7080/4444
f 4445/7037/4471 4409/6986/4360 4476/7081/4499
f 4303/6841/4329 4240/6745/4263 4426/7011/4449
f 4304/6842/4330 4459/7029/4464 4323/6867/4349
f 4343/6899/4374 4460/7055/4485 4398/6975/4423
f 4344/6900/4375 4359/6958/4388 4477/7082/4500
f 4347/6845/4332 4461/7056/4486 4359/6922/4388
f 4414/7083/4389 4346/7084/4377 4462/7085/4488
f 4415/6993/4234 4325/7086/4351 4479/7057/4487
f 4325/7087/4351 4478/7088/4474 4479/7089/4487
f 4288/6822/4317 4332/6882/4362 4430/7018/4453
f 4447/7041/4282 4478/7040/4474 4325/7086/4351
f 4480/7090/4501 4448/7043/4475 4368/6939/4365
f 4369/6940/4397 4327/6872/4353 4441/7032/4466
f 4448/7043/4475 4390/6967/4416 4370/6941/4398
f 4354/6915/4383 4373/6944/4401 4450/7045/4477
f 4481/7091/4502 4374/6945/4402 4391/6968/4417
f 4355/6916/4384 4392/6969/4418 4482/7092/4503
f 4315/6856/4340 4407/6984/4431 4483/7093/4504
f 4376/6948/4404 4377/6949/4405 4484/7094/4494
f 4297/7005/4326 4436/7024/4459 4451/7046/4478
f 4472/7075/4343 4331/7095/4358 4473/7076/4497
f 4454/7049/4480 4443/7034/4468 4299/6836/4327
f 4380/6955/4408 4474/7077/4498 4379/6954/4407
f 4301/6838/4328 4443/7034/4468 4485/7096/4505
f 4455/7050/4481 4365/6935/4395 4444/7036/4470
f 4269/6795/4296 4423/7007/4445 4425/7009/4447
f 4395/6972/4420 4486/7097/4506 4410/6988/4434
f 4409/6986/4360 4487/7098/4448 4476/7081/4499
f 4410/6988/4434 4486/7097/4506 4458/7053/4484
f 4426/7099/4449 4488/7100/4507 4487/7098/4448
f 4323/6867/4349 4459/7029/4464 4521/7101/4508
f 4240/6745/4263 4413/6991/4436 4489/7102/4509
f 4489/7102/4509 4413/6991/4436 4490/7103/4510
f 4324/6868/4350 4361/6927/4390 4504/7104/4511
f 4440/7031/4284 4491/7105/4489 4417/6995/4438
f 4402/6979/4427 4492/7106/4512 4351/6912/4380
f 4493/7107/4513 4354/6915/4383 4450/7045/4477
f 4419/6997/4440 4494/7108/4514 4432/7020/4455
f 4371/6942/4399 4449/7044/4476 4353/6914/4382
f 4495/7109/4515 4391/6968/4417 4390/6967/4416
f 4496/7110/4516 4434/7022/4457 4355/6916/4384
f 4315/6856/4340 4483/7093/4504 4435/7023/4458
f 4377/7111/4405 4469/7072/4442 4507/7112/4517
f 4468/7070/4406 4497/7113/4518 4467/7065/4493
f 4317/7003/4342 4356/7001/4386 4442/7033/4467
f 4468/7070/4406 4451/7046/4478 4497/7113/4518
f 4470/7073/4443 4473/7076/4497 4471/7074/4496
f 4498/7114/4519 4393/6970/4419 4442/7033/4467
f 4380/6955/4408 4499/7115/4520 4474/7077/4498
f 4364/6934/4394 4422/7006/4444 4566/7035/4469
f 4301/6838/4328 4485/7096/4505 4438/7026/4461
f 4456/7051/4482 4438/7026/4461 4485/7096/4505
f 4437/7025/4460 4381/6956/4370 4500/7116/4462
f 4500/7116/4462 4501/7117/4433 4502/7118/4521
f 4503/7119/4522 4486/7097/4506 4395/6972/4420
f 4397/6974/4422 4428/7014/4451 4599/7120/4523
f 4413/6991/4436 4477/7082/4500 4490/7103/4510
f 4413/6991/4436 4344/6900/4375 4477/7082/4500
f 4346/7016/4377 4572/7039/4473 4462/7121/4488
f 4504/7122/4511 4383/7123/4410 4324/7124/4350
f 4384/6960/4411 4601/7125/4524 4491/7059/4489
f 4368/6939/4365 4416/7126/4437 4480/7090/4501
f 4385/6929/4391 4418/6996/4439 4439/7042/4465
f 4492/7106/4512 4389/6966/4415 4351/6912/4380
f 4495/7109/4515 4390/6967/4416 4448/7043/4475
f 4419/6997/4440 4362/6931/4392 4494/7108/4514
f 4362/6931/4392 4353/6914/4382 4505/7127/4525
f 4392/6969/4418 4374/6945/4402 4506/7128/4526
f 4482/7092/4503 4392/6969/4418 4506/7128/4526
f 4507/7129/4517 4484/7094/4494 4377/6949/4405
f 4420/7000/4441 4508/7130/4527 4356/7001/4386
f 4339/6892/4369 4296/6833/4325 4509/7131/4528
f 4393/6970/4419 4498/7114/4519 4454/7049/4480
f 4380/6955/4408 4437/7025/4460 4499/7115/4520
f 4408/6985/4432 4457/7052/4483 4444/7036/4470
f 4476/7081/4499 4487/7098/4448 4488/7100/4507
f 4486/7097/4506 4510/7132/4529 4458/7053/4484
f 4426/7011/4449 4240/6745/4263 4527/7133/4530
f 4446/7038/4472 4511/7134/4531 4459/7054/4464
f 4240/6745/4263 4489/7102/4509 4527/7133/4530
f 4323/6867/4349 4521/7101/4508 4400/6977/4425
f 4512/7135/4532 4399/6976/4424 4357/6920/4387
f 4400/6977/4425 4570/7136/4533 4429/7015/4452
f 4477/7082/4500 4359/6958/4388 4670/7137/4534
f 4462/7058/4488 4601/7125/4524 4384/6960/4411
f 4465/7063/4492 4354/6915/4383 4493/7107/4513
f 4406/6983/4430 4433/7021/4456 4513/7138/4535
f 4434/7022/4457 4514/7139/4536 4407/6984/4431
f 4514/7139/4536 4515/7140/4537 4407/6984/4431
f 4496/7110/4516 4355/6916/4384 4482/7092/4503
f 4467/7141/4493 4588/7142/4538 4363/6932/4310
f 4508/7143/4527 4420/6998/4441 4484/7094/4494
f 4508/7130/4527 4442/7033/4467 4356/7001/4386
f 4331/7095/4358 4394/6971/4393 4516/7144/4539
f 4516/7144/4539 4394/6971/4393 4455/7050/4481
f 4437/7025/4460 4500/7116/4462 4517/7145/4540
f 4593/7146/4541 4425/7009/4447 4423/7007/4445
f 4424/7008/4446 4518/7147/4542 4395/6972/4420
f 4518/7147/4542 4503/7119/4522 4395/6972/4420
f 4445/7037/4471 4519/7148/4543 4457/7052/4483
f 4445/7037/4471 4476/7081/4499 4519/7148/4543
f 4501/6987/4433 4397/6974/4422 4547/7149/4544
f 4510/7132/4529 4520/7150/4545 4458/7053/4484
f 4520/7150/4545 4446/7038/4472 4458/7053/4484
f 4428/7014/4451 4398/6975/4423 4599/7120/4523
f 4521/7151/4508 4459/7054/4464 4511/7134/4531
f 4332/6882/4362 4333/6883/4363 4737/7152/4546
f 4479/7057/4487 4478/7040/4474 4640/7153/4547
f 4430/7018/4453 4602/7154/4548 4416/6994/4437
f 4463/7061/4490 4522/7155/4549 4361/7156/4390
f 4491/7105/4489 4523/7157/4550 4417/6995/4438
f 4522/7155/4549 4463/7061/4490 4386/6963/4412
f 4417/6995/4438 4523/7157/4550 4402/6979/4427
f 4386/6963/4412 4369/6940/4397 4524/7158/4551
f 4492/7106/4512 4402/6979/4427 4523/7157/4550
f 4441/7032/4466 4431/7019/4454 4525/7159/4552
f 4494/7108/4514 4362/6931/4392 4505/7127/4525
f 4388/6965/4414 4406/6983/4430 4464/7062/4491
f 4374/6945/4402 4481/7091/4502 4506/7128/4526
f 4515/7140/4537 4483/7093/4504 4407/6984/4431
f 4338/6891/4368 4363/6932/4310 4588/7142/4538
f 4509/7160/4528 4453/7079/4479 4339/7161/4369
f 4526/7162/4553 4473/7076/4497 4331/7095/4358
f 4566/7035/4469 4593/7146/4541 4423/7007/4445
f 4502/7118/4521 4517/7145/4540 4500/7116/4462
f 4425/7009/4447 4593/7146/4541 4595/7028/4463
f 4503/7119/4522 4510/7132/4529 4486/7097/4506
f 4426/7099/4449 4527/7163/4530 4488/7100/4507
f 4446/7038/4472 4520/7150/4545 4511/7134/4531
f 4511/7134/4531 4528/7164/4554 4521/7151/4508
f 4489/7102/4509 4490/7103/4510 4529/7165/4555
f 4521/7101/4508 4528/7166/4554 4400/6977/4425
f 4528/7166/4554 4570/7136/4533 4400/6977/4425
f 4512/7135/4532 4401/6978/4426 4399/6976/4424
f 4460/7055/4485 4345/6902/4376 4653/7167/4556
f 4345/6902/4376 4530/7168/4557 4653/7167/4556
f 4345/6902/4376 4383/6959/4410 4530/7168/4557
f 4332/6882/4362 4602/7154/4548 4430/7018/4453
f 4386/6963/4412 4524/7158/4551 4522/7155/4549
f 4369/6940/4397 4441/7032/4466 4524/7158/4551
f 4441/7032/4466 4531/7169/4558 4524/7158/4551
f 4432/7020/4455 4494/7108/4514 4532/7170/4559
f 4533/7171/4560 4353/6914/4382 4449/7044/4476
f 4431/7019/4454 4405/6982/4429 4534/7172/4561
f 4534/7172/4561 4405/6982/4429 4465/7063/4492
f 4464/7062/4491 4406/6983/4430 4513/7138/4535
f 4495/7109/4515 4481/7091/4502 4391/6968/4417
f 4535/7173/4562 4514/7139/4536 4434/7022/4457
f 4434/7022/4457 4496/7110/4516 4535/7173/4562
f 4536/7174/4563 4435/7023/4458 4483/7093/4504
f 4560/7175/4564 4375/6947/4403 4338/6946/4368
f 4537/7176/4565 4484/7094/4494 4507/7129/4517
f 4469/7072/4442 4471/7074/4496 4507/7112/4517
f 4562/7071/4495 4375/6947/4403 4560/7175/4564
f 4538/7177/4566 4467/7065/4493 4497/7113/4518
f 4497/7113/4518 4451/7046/4478 4538/7177/4566
f 4539/7178/4567 4509/7160/4528 4296/7179/4325
f 4540/7180/4568 4451/7046/4478 4436/7024/4459
f 4541/7181/4569 4542/7182/4570 4453/7079/4479
f 4422/7080/4444 4453/7079/4479 4542/7182/4570
f 4543/7183/4571 4485/7096/4505 4443/7034/4468
f 4544/7184/4572 4444/7036/4470 4457/7052/4483
f 4518/7147/4542 4545/7185/4573 4503/7119/4522
f 4476/7081/4499 4546/7186/4574 4519/7148/4543
f 4502/7118/4521 4501/7117/4433 4547/7187/4544
f 4476/7081/4499 4488/7100/4507 4546/7186/4574
f 4548/7188/4575 4427/7013/4450 4382/6957/4409
f 4397/6974/4422 4599/7120/4523 4547/7149/4544
f 4549/7189/4576 4520/7150/4545 4510/7132/4529
f 4527/7133/4530 4489/7102/4509 4550/7190/4577
f 4427/7013/4450 4551/7191/4578 4357/6920/4387
f 4520/7150/4545 4552/7192/4579 4511/7134/4531
f 4552/7192/4579 4528/7164/4554 4511/7134/4531
f 4551/7191/4578 4512/7135/4532 4357/6920/4387
f 4429/7015/4452 4553/7193/4580 4572/7039/4473
f 4737/7152/4546 4602/7154/4548 4332/6882/4362
f 4504/7194/4511 4361/7156/4390 4522/7155/4549
f 4554/7195/4581 4523/7157/4550 4491/7105/4489
f 4439/7042/4465 4418/6996/4439 4555/7196/4582
f 4555/7196/4582 4418/6996/4439 4404/6981/4428
f 4556/7197/4583 4492/7106/4512 4523/7157/4550
f 4404/6981/4428 4464/7062/4491 4557/7198/4584
f 4558/7199/4585 4493/7107/4513 4450/7045/4477
f 4514/7139/4536 4559/7200/4586 4515/7140/4537
f 4588/7142/4538 4560/7201/4564 4338/6891/4368
f 4588/7202/4538 4467/7065/4493 4561/7203/4587
f 4537/7204/4565 4507/7112/4517 4471/7074/4496
f 4562/7205/4495 4539/7178/4567 4296/7179/4325
f 4563/7206/4588 4454/7049/4480 4498/7114/4519
f 4454/7049/4480 4563/7206/4588 4443/7034/4468
f 4331/7095/4358 4516/7144/4539 4526/7162/4553
f 4474/7077/4498 4540/7180/4568 4436/7024/4459
f 4474/7077/4498 4564/7207/4589 4540/7180/4568
f 4474/7077/4498 4499/7115/4520 4564/7207/4589
f 4565/7208/4590 4566/7209/4469 4422/7080/4444
f 4567/7210/4591 4424/7008/4446 4456/7051/4482
f 4595/7028/4463 4548/7188/4575 4382/6957/4409
f 4488/7100/4507 4527/7163/4530 4568/7211/4592
f 4427/7013/4450 4548/7188/4575 4551/7191/4578
f 4549/7189/4576 4552/7192/4579 4520/7150/4545
f 4599/7120/4523 4398/6975/4423 4617/7212/4593
f 4489/7102/4509 4529/7165/4555 4550/7190/4577
f 4528/7164/4554 4569/7213/4594 4570/7214/4533
f 4401/6978/4426 4571/7215/4595 4333/6883/4363
f 4359/6958/4388 4461/7216/4486 4670/7137/4534
f 4571/7215/4595 4737/7152/4546 4333/6883/4363
f 4572/7217/4473 4601/7218/4524 4462/7219/4488
f 4383/6959/4410 4504/7104/4511 4530/7168/4557
f 4461/7056/4486 4479/7057/4487 4640/7153/4547
f 4450/7045/4477 4432/7020/4455 4558/7199/4585
f 4465/7063/4492 4493/7107/4513 4573/7220/4596
f 4492/7106/4512 4449/7044/4476 4389/6966/4415
f 4533/7171/4560 4505/7127/4525 4353/6914/4382
f 4561/7221/4587 4589/7222/4597 4588/7223/4538
f 4467/7065/4493 4538/7177/4566 4561/7203/4587
f 4508/7130/4527 4574/7224/4598 4442/7033/4467
f 4538/7177/4566 4451/7046/4478 4540/7180/4568
f 4453/7079/4479 4509/7160/4528 4541/7181/4569
f 4422/7080/4444 4542/7182/4570 4565/7208/4590
f 4437/7025/4460 4575/7225/4599 4499/7115/4520
f 4457/7052/4483 4519/7148/4543 4576/7226/4600
f 4519/7148/4543 4577/7227/4601 4576/7226/4600
f 4577/7227/4601 4519/7148/4543 4578/7228/4602
f 4519/7148/4543 4546/7186/4574 4578/7228/4602
f 4488/7100/4507 4568/7211/4592 4546/7186/4574
f 4398/6975/4423 4579/7229/4603 4617/7212/4593
f 4580/7230/4604 4528/7164/4554 4552/7192/4579
f 4398/6975/4423 4460/7055/4485 4579/7229/4603
f 4490/7103/4510 4477/7082/4500 4581/7231/4605
f 4580/7230/4604 4569/7213/4594 4528/7164/4554
f 4512/7135/4532 4571/7215/4595 4401/6978/4426
f 4570/7136/4533 4553/7193/4580 4429/7015/4452
f 4439/7042/4465 4555/7196/4582 4478/7040/4474
f 4524/7158/4551 4582/7232/4606 4522/7155/4549
f 4524/7158/4551 4531/7169/4558 4582/7232/4606
f 4583/7233/4607 4493/7107/4513 4558/7199/4585
f 4480/7090/4501 4584/7234/4608 4448/7043/4475
f 4558/7199/4585 4432/7020/4455 4532/7170/4559
f 4531/7169/4558 4441/7032/4466 4525/7159/4552
f 4585/7235/4609 4465/7063/4492 4573/7220/4596
f 4532/7170/4559 4494/7108/4514 4586/7236/4610
f 4586/7236/4610 4494/7108/4514 4505/7127/4525
f 4534/7172/4561 4525/7159/4552 4431/7019/4454
f 4433/7021/4456 4435/7023/4458 4513/7138/4535
f 4435/7023/4458 4587/7237/4611 4513/7138/4535
f 4588/7238/4538 4589/7239/4597 4560/7240/4564
f 4574/7224/4598 4498/7114/4519 4442/7033/4467
f 4540/7180/4568 4590/7241/4612 4538/7177/4566
f 4471/7074/4496 4473/7076/4497 4591/7242/4613
f 4541/7181/4569 4592/7243/4614 4542/7182/4570
f 4543/7183/4571 4456/7051/4482 4485/7096/4505
f 4444/7036/4470 4544/7184/4572 4455/7050/4481
f 4437/7025/4460 4517/7145/4540 4575/7225/4599
f 4567/7210/4591 4518/7147/4542 4424/7008/4446
f 4544/7184/4572 4457/7052/4483 4576/7226/4600
f 4593/7244/4541 4594/7245/4615 4595/7246/4463
f 4502/7118/4521 4547/7187/4544 4596/7247/4616
f 4547/7187/4544 4597/7248/4617 4596/7247/4616
f 4598/7249/4618 4510/7132/4529 4503/7119/4522
f 4599/7250/4523 4597/7248/4617 4547/7187/4544
f 4598/7249/4618 4549/7189/4576 4510/7132/4529
f 4490/7103/4510 4581/7231/4605 4529/7165/4555
f 4601/7251/4524 4572/7039/4473 4553/7193/4580
f 4600/7252/4619 4554/7195/4581 4601/7253/4524
f 4554/7195/4581 4491/7105/4489 4601/7253/4524
f 4602/7254/4548 4480/7090/4501 4416/7126/4437
f 4555/7196/4582 4603/7255/4620 4478/7040/4474
f 4555/7196/4582 4404/6981/4428 4557/7198/4584
f 4604/7256/4621 4558/7199/4585 4532/7170/4559
f 4556/7197/4583 4605/7257/4622 4492/7106/4512
f 4492/7106/4512 4605/7257/4622 4449/7044/4476
f 4534/7172/4561 4465/7063/4492 4585/7235/4609
f 4606/7258/4623 4535/7173/4562 4496/7110/4516
f 4560/7240/4564 4589/7239/4597 4644/7259/4624
f 4484/7094/4494 4537/7176/4565 4508/7143/4527
f 4508/7130/4527 4607/7260/4625 4574/7224/4598
f 4560/7261/4564 4539/7178/4567 4562/7205/4495
f 4560/7261/4564 4644/7262/4624 4539/7178/4567
f 4471/7074/4496 4608/7263/4626 4537/7204/4565
f 4608/7263/4626 4471/7074/4496 4591/7242/4613
f 4539/7178/4567 4609/7264/4627 4509/7160/4528
f 4473/7076/4497 4526/7162/4553 4591/7242/4613
f 4609/7264/4627 4541/7181/4569 4509/7160/4528
f 4540/7180/4568 4564/7207/4589 4610/7265/4628
f 4592/7243/4614 4611/7266/4629 4542/7182/4570
f 4563/7206/4588 4612/7267/4630 4443/7034/4468
f 4612/7267/4630 4543/7183/4571 4443/7034/4468
f 4566/7209/4469 4613/7268/4631 4593/7244/4541
f 4575/7225/4599 4517/7145/4540 4614/7269/4632
f 4502/7118/4521 4614/7269/4632 4517/7145/4540
f 4615/7270/4633 4548/7188/4575 4595/7028/4463
f 4546/7186/4574 4568/7211/4592 4616/7271/4634
f 4527/7163/4530 4550/7272/4577 4568/7211/4592
f 4599/7250/4523 4617/7273/4593 4597/7248/4617
f 4598/7249/4618 4618/7274/4635 4549/7189/4576
f 4529/7275/4555 4619/7276/4636 4550/7272/4577
f 4552/7192/4579 4549/7189/4576 4620/7277/4637
f 4618/7274/4635 4621/7278/4638 4549/7189/4576
f 4549/7189/4576 4621/7278/4638 4620/7277/4637
f 4552/7192/4579 4620/7277/4637 4580/7230/4604
f 4512/7135/4532 4551/7191/4578 4731/7279/4639
f 4581/7280/4605 4619/7276/4636 4529/7275/4555
f 4653/7167/4556 4579/7229/4603 4460/7055/4485
f 4581/7231/4605 4477/7082/4500 4670/7137/4534
f 4569/7213/4594 4553/7281/4580 4570/7214/4533
f 4553/7281/4580 4622/7282/4640 4601/7253/4524
f 4530/7283/4557 4504/7194/4511 4623/7284/4641
f 4558/7199/4585 4604/7256/4621 4624/7285/4642
f 4583/7233/4607 4573/7220/4596 4493/7107/4513
f 4586/7236/4610 4505/7127/4525 4533/7171/4560
f 4605/7257/4622 4533/7171/4560 4449/7044/4476
f 4557/7198/4584 4464/7062/4491 4513/7138/4535
f 4625/7286/4643 4506/7128/4526 4481/7091/4502
f 4626/7287/4644 4496/7110/4516 4482/7092/4503
f 4506/7128/4526 4625/7286/4643 4482/7092/4503
f 4561/7221/4587 4694/7288/4645 4589/7222/4597
f 4508/7143/4527 4537/7176/4565 4607/7289/4625
f 4561/7203/4587 4538/7177/4566 4660/7290/4646
f 4627/7291/4647 4498/7114/4519 4574/7224/4598
f 4627/7291/4647 4563/7206/4588 4498/7114/4519
f 4609/7264/4627 4628/7292/4648 4541/7181/4569
f 4564/7207/4589 4499/7115/4520 4629/7293/4649
f 4516/7144/4539 4455/7050/4481 4630/7294/4650
f 4565/7208/4590 4613/7268/4631 4566/7209/4469
f 4456/7051/4482 4631/7295/4651 4567/7210/4591
f 4518/7147/4542 4632/7296/4652 4545/7185/4573
f 4502/7118/4521 4596/7247/4616 4633/7297/4653
f 4594/7245/4615 4615/7298/4633 4595/7246/4463
f 4503/7119/4522 4634/7299/4654 4598/7249/4618
f 4546/7186/4574 4616/7271/4634 4578/7228/4602
f 4548/7188/4575 4635/7300/4655 4551/7191/4578
f 4636/7301/4656 4621/7278/4638 4618/7274/4635
f 4621/7278/4638 4637/7302/4657 4620/7277/4637
f 4620/7277/4637 4638/7303/4658 4580/7230/4604
f 4638/7303/4658 4569/7213/4594 4580/7230/4604
f 4571/7215/4595 4734/7304/4659 4737/7152/4546
f 4639/7305/4660 4622/7282/4640 4553/7281/4580
f 4640/7306/4547 4670/7137/4534 4461/7216/4486
f 4622/7282/4640 4600/7252/4619 4601/7253/4524
f 4737/7307/4546 4736/7308/4661 4602/7254/4548
f 4522/7155/4549 4623/7284/4641 4504/7194/4511
f 4736/7308/4661 4641/7309/4662 4602/7254/4548
f 4640/7153/4547 4478/7040/4474 4603/7255/4620
f 4642/7310/4663 4523/7157/4550 4554/7195/4581
f 4602/7254/4548 4641/7309/4662 4480/7090/4501
f 4523/7157/4550 4642/7310/4663 4556/7197/4583
f 4583/7233/4607 4558/7199/4585 4624/7285/4642
f 4643/7311/4664 4573/7220/4596 4583/7233/4607
f 4584/7234/4608 4495/7109/4515 4448/7043/4475
f 4559/7200/4586 4514/7139/4536 4535/7173/4562
f 4626/7287/4644 4606/7258/4623 4496/7110/4516
f 4589/7222/4597 4694/7288/4645 4644/7312/4624
f 4607/7260/4625 4713/7313/4665 4574/7224/4598
f 4645/7314/4666 4539/7178/4567 4644/7262/4624
f 4660/7290/4646 4538/7177/4566 4590/7241/4612
f 4590/7241/4612 4610/7265/4628 4646/7315/4667
f 4540/7180/4568 4610/7265/4628 4590/7241/4612
f 4611/7266/4629 4565/7208/4590 4542/7182/4570
f 4593/7244/4541 4613/7268/4631 4594/7245/4615
f 4577/7227/4601 4578/7228/4602 4647/7316/4668
f 4615/7298/4633 4635/7317/4655 4548/7318/4575
f 4568/7211/4592 4550/7272/4577 4616/7271/4634
f 4648/7319/4669 4636/7301/4656 4618/7274/4635
f 4617/7273/4593 4579/7320/4603 4649/7321/4670
f 4621/7278/4638 4650/7322/4671 4637/7302/4657
f 4636/7301/4656 4650/7322/4671 4621/7278/4638
f 4637/7302/4657 4638/7303/4658 4620/7277/4637
f 4651/7323/4672 4650/7322/4671 4636/7301/4656
f 4569/7213/4594 4638/7303/4658 4553/7281/4580
f 4553/7281/4580 4638/7303/4658 4639/7305/4660
f 4530/7283/4557 4652/7324/4673 4653/7325/4556
f 4530/7283/4557 4654/7326/4674 4652/7324/4673
f 4530/7283/4557 4623/7284/4641 4654/7326/4674
f 4641/7309/4662 4584/7234/4608 4480/7090/4501
f 4655/7327/4675 4643/7311/4664 4583/7233/4607
f 4655/7327/4675 4583/7233/4607 4624/7285/4642
f 4604/7256/4621 4532/7170/4559 4656/7328/4676
f 4534/7172/4561 4585/7235/4609 4657/7329/4677
f 4658/7330/4678 4513/7138/4535 4587/7237/4611
f 4481/7091/4502 4495/7109/4515 4659/7331/4679
f 4536/7174/4563 4483/7093/4504 4515/7140/4537
f 4435/7023/4458 4536/7174/4563 4587/7237/4611
f 4561/7221/4587 4660/7332/4646 4694/7288/4645
f 4713/7313/4665 4627/7291/4647 4574/7224/4598
f 4541/7181/4569 4628/7292/4648 4592/7243/4614
f 4564/7207/4589 4629/7293/4649 4661/7333/4680
f 4516/7144/4539 4630/7294/4650 4662/7334/4681
f 4543/7183/4571 4631/7295/4651 4456/7051/4482
f 4663/7335/4682 4613/7268/4631 4565/7208/4590
f 4567/7210/4591 4632/7296/4652 4518/7147/4542
f 4544/7184/4572 4576/7226/4600 4664/7336/4683
f 4502/7118/4521 4633/7297/4653 4614/7269/4632
f 4576/7226/4600 4577/7227/4601 4665/7337/4684
f 4647/7316/4668 4578/7228/4602 4666/7338/4685
f 4578/7228/4602 4616/7271/4634 4666/7338/4685
f 4616/7271/4634 4550/7272/4577 4667/7339/4686
f 4617/7273/4593 4649/7321/4670 4597/7248/4617
f 4619/7276/4636 4667/7339/4686 4550/7272/4577
f 4635/7300/4655 4729/7340/4687 4551/7191/4578
f 4551/7191/4578 4729/7340/4687 4731/7279/4639
f 4648/7319/4669 4651/7323/4672 4636/7301/4656
f 4579/7320/4603 4668/7341/4688 4649/7321/4670
f 4581/7280/4605 4669/7342/4689 4619/7276/4636
f 4653/7325/4556 4668/7341/4688 4579/7320/4603
f 4581/7280/4605 4670/7343/4534 4669/7342/4689
f 4650/7322/4671 4671/7344/4690 4637/7302/4657
f 4622/7282/4640 4672/7345/4691 4600/7252/4619
f 4672/7345/4691 4673/7346/4692 4600/7252/4619
f 4642/7310/4663 4554/7195/4581 4600/7252/4619
f 4522/7155/4549 4674/7347/4693 4623/7284/4641
f 4624/7285/4642 4604/7256/4621 4675/7348/4694
f 4585/7235/4609 4573/7220/4596 4643/7311/4664
f 4603/7255/4620 4555/7196/4582 4557/7198/4584
f 4676/7349/4695 4605/7257/4622 4556/7197/4583
f 4677/7350/4696 4495/7109/4515 4584/7234/4608
f 4534/7172/4561 4657/7329/4677 4525/7159/4552
f 4678/7351/4697 4535/7173/4562 4606/7258/4623
f 4679/7352/4698 4559/7200/4586 4535/7173/4562
f 4557/7198/4584 4513/7138/4535 4658/7330/4678
f 4515/7140/4537 4559/7200/4586 4680/7353/4699
f 4625/7286/4643 4481/7091/4502 4659/7331/4679
f 4660/7290/4646 4590/7241/4612 4681/7354/4700
f 4608/7263/4626 4682/7355/4701 4537/7204/4565
f 4683/7356/4702 4627/7291/4647 4713/7313/4665
f 4645/7314/4666 4609/7264/4627 4539/7178/4567
f 4609/7264/4627 4684/7357/4703 4628/7292/4648
f 4564/7207/4589 4661/7333/4680 4610/7265/4628
f 4611/7266/4629 4663/7335/4682 4565/7208/4590
f 4499/7115/4520 4575/7225/4599 4629/7293/4649
f 4594/7245/4615 4685/7358/4704 4615/7298/4633
f 4576/7226/4600 4665/7337/4684 4686/7359/4705
f 4597/7248/4617 4687/7360/4706 4596/7247/4616
f 4666/7338/4685 4616/7271/4634 4667/7339/4686
f 4618/7274/4635 4598/7249/4618 4648/7319/4669
f 4731/7279/4639 4732/7361/4707 4512/7135/4532
f 4732/7361/4707 4571/7215/4595 4512/7135/4532
f 4651/7323/4672 4688/7362/4708 4650/7322/4671
f 4653/7325/4556 4652/7324/4673 4668/7341/4688
f 4638/7303/4658 4637/7302/4657 4639/7305/4660
f 4688/7362/4708 4671/7344/4690 4650/7322/4671
f 4637/7302/4657 4689/7363/4709 4639/7305/4660
f 4689/7363/4709 4622/7282/4640 4639/7305/4660
f 4689/7363/4709 4672/7345/4691 4622/7282/4640
f 4623/7284/4641 4690/7364/4710 4654/7326/4674
f 4673/7346/4692 4642/7310/4663 4600/7252/4619
f 4691/7365/4711 4655/7327/4675 4692/7366/4712
f 4692/7366/4712 4624/7285/4642 4675/7348/4694
f 4692/7366/4712 4655/7327/4675 4624/7285/4642
f 4691/7365/4711 4643/7311/4664 4655/7327/4675
f 4675/7348/4694 4604/7256/4621 4656/7328/4676
f 4603/7255/4620 4557/7198/4584 4693/7367/4713
f 4531/7169/4558 4525/7159/4552 4657/7329/4677
f 4586/7236/4610 4656/7328/4676 4532/7170/4559
f 4533/7171/4560 4605/7257/4622 4676/7349/4695
f 4533/7171/4560 4676/7349/4695 4586/7236/4610
f 4679/7352/4698 4535/7173/4562 4678/7351/4697
f 4536/7174/4563 4515/7140/4537 4680/7353/4699
f 4694/7368/4645 4645/7314/4666 4644/7262/4624
f 4537/7176/4565 4682/7369/4701 4607/7289/4625
f 4590/7241/4612 4646/7315/4667 4681/7354/4700
f 4683/7356/4702 4695/7370/4714 4627/7291/4647
f 4610/7265/4628 4696/7371/4715 4646/7315/4667
f 4697/7372/4716 4592/7243/4614 4628/7292/4648
f 4526/7162/4553 4516/7144/4539 4698/7373/4717
f 4612/7267/4630 4699/7374/4718 4543/7183/4571
f 4543/7183/4571 4699/7374/4718 4631/7295/4651
f 4614/7269/4632 4700/7375/4719 4575/7225/4599
f 4544/7184/4572 4630/7294/4650 4455/7050/4481
f 4631/7295/4651 4632/7296/4652 4567/7210/4591
f 4596/7247/4616 4687/7360/4706 4633/7297/4653
f 4503/7119/4522 4545/7185/4573 4634/7299/4654
f 4634/7299/4654 4701/7376/4720 4598/7249/4618
f 4687/7360/4706 4597/7248/4617 4649/7321/4670
f 4701/7376/4720 4648/7319/4669 4598/7249/4618
f 4666/7338/4685 4702/7377/4721 4647/7316/4668
f 4666/7338/4685 4667/7339/4686 4702/7377/4721
f 4667/7339/4686 4703/7378/4722 4702/7377/4721
f 4667/7339/4686 4619/7276/4636 4704/7379/4723
f 4732/7361/4707 4734/7304/4659 4571/7215/4595
f 4671/7344/4690 4689/7363/4709 4637/7302/4657
f 4688/7362/4708 4705/7380/4724 4671/7344/4690
f 4705/7380/4724 4706/7381/4725 4671/7344/4690
f 4670/7343/4534 4707/7382/4726 4669/7342/4689
f 4670/7343/4534 4640/7153/4547 4707/7382/4726
f 4671/7344/4690 4706/7381/4725 4689/7363/4709
f 4692/7366/4712 4675/7348/4694 4708/7383/4727
f 4623/7284/4641 4674/7347/4693 4690/7364/4710
f 4708/7383/4727 4675/7348/4694 4709/7384/4728
f 4707/7382/4726 4640/7153/4547 4603/7255/4620
f 4736/7308/4661 4710/7385/4729 4641/7309/4662
f 4522/7155/4549 4582/7232/4606 4674/7347/4693
f 4675/7348/4694 4656/7328/4676 4709/7384/4728
f 4643/7311/4664 4711/7386/4730 4585/7235/4609
f 4582/7232/4606 4531/7169/4558 4712/7387/4731
f 4642/7310/4663 4676/7349/4695 4556/7197/4583
f 4657/7329/4677 4712/7387/4731 4531/7169/4558
f 4495/7109/4515 4677/7350/4696 4659/7331/4679
f 4482/7092/4503 4625/7286/4643 4626/7287/4644
f 4660/7332/4646 4748/7388/4732 4694/7288/4645
f 4660/7332/4646 4681/7389/4700 4748/7388/4732
f 4683/7390/4702 4713/7391/4665 4714/7392/4733
f 4713/7391/4665 4682/7369/4701 4714/7392/4733
f 4713/7391/4665 4607/7289/4625 4682/7369/4701
f 4681/7354/4700 4646/7315/4667 4715/7393/4734
f 4646/7315/4667 4716/7394/4735 4715/7393/4734
f 4645/7314/4666 4684/7357/4703 4609/7264/4627
f 4608/7263/4626 4591/7242/4613 4717/7395/4736
f 4591/7242/4613 4718/7396/4737 4717/7395/4736
f 4719/7397/4738 4720/7398/4739 4627/7291/4647
f 4610/7265/4628 4661/7333/4680 4696/7371/4715
f 4627/7291/4647 4612/7267/4630 4563/7206/4588
f 4720/7398/4739 4612/7267/4630 4627/7291/4647
f 4516/7144/4539 4662/7334/4681 4698/7373/4717
f 4575/7225/4599 4700/7375/4719 4629/7293/4649
f 4630/7294/4650 4544/7184/4572 4664/7336/4683
f 4613/7268/4631 4721/7399/4740 4594/7245/4615
f 4594/7245/4615 4721/7399/4740 4685/7358/4704
f 4722/7400/4741 4635/7317/4655 4615/7298/4633
f 4647/7316/4668 4723/7401/4742 4577/7227/4601
f 4647/7316/4668 4702/7377/4721 4724/7402/4743
f 4687/7360/4706 4649/7321/4670 4725/7403/4744
f 4667/7339/4686 4704/7379/4723 4703/7378/4722
f 4649/7321/4670 4668/7341/4688 4725/7403/4744
f 4668/7341/4688 4726/7404/4745 4725/7403/4744
f 4702/7377/4721 4703/7378/4722 4727/7405/4746
f 4619/7276/4636 4728/7406/4747 4704/7379/4723
f 4729/7407/4687 4730/7408/4748 4731/7409/4639
f 4730/7408/4748 4732/7410/4707 4731/7409/4639
f 4619/7276/4636 4669/7342/4689 4728/7406/4747
f 4668/7341/4688 4652/7324/4673 4733/7411/4749
f 4734/7412/4659 4735/7413/4750 4737/7307/4546
f 4736/7414/4661 4737/7415/4546 4735/7416/4750
f 4652/7324/4673 4654/7326/4674 4733/7411/4749
f 4733/7411/4749 4654/7326/4674 4690/7364/4710
f 4706/7381/4725 4673/7346/4692 4672/7345/4691
f 4672/7345/4691 4689/7363/4709 4706/7381/4725
f 4738/7417/4751 4739/7418/4752 4691/7365/4711
f 4738/7417/4751 4691/7365/4711 4692/7366/4712
f 4740/7419/4753 4692/7366/4712 4708/7383/4727
f 4708/7383/4727 4709/7384/4728 4741/7420/4754
f 4706/7381/4725 4709/7384/4728 4673/7346/4692
f 4742/7421/4755 4691/7365/4711 4739/7418/4752
f 4742/7421/4755 4711/7386/4730 4691/7365/4711
f 4710/7385/4729 4743/7422/4756 4641/7309/4662
f 4709/7384/4728 4656/7328/4676 4744/7423/4757
f 4691/7365/4711 4711/7386/4730 4643/7311/4664
f 4582/7232/4606 4712/7387/4731 4674/7347/4693
f 4656/7328/4676 4745/7424/4758 4744/7423/4757
f 4656/7328/4676 4586/7236/4610 4745/7424/4758
f 4745/7424/4758 4586/7236/4610 4676/7349/4695
f 4559/7200/4586 4679/7352/4698 4680/7353/4699
f 4746/7425/4759 4678/7351/4697 4606/7258/4623
f 4693/7367/4713 4557/7198/4584 4658/7330/4678
f 4681/7354/4700 4715/7393/4734 4747/7426/4760
f 4694/7368/4645 4748/7427/4732 4645/7314/4666
f 4748/7427/4732 4684/7357/4703 4645/7314/4666
f 4682/7355/4701 4608/7263/4626 4717/7395/4736
f 4684/7357/4703 4749/7428/4761 4628/7292/4648
f 4695/7370/4714 4719/7397/4738 4627/7291/4647
f 4697/7372/4716 4628/7292/4648 4749/7428/4761
f 4718/7396/4737 4591/7242/4613 4526/7162/4553
f 4697/7372/4716 4750/7429/4762 4592/7243/4614
f 4592/7243/4614 4750/7429/4762 4611/7266/4629
f 4629/7293/4649 4751/7430/4763 4661/7333/4680
f 4662/7334/4681 4630/7294/4650 4752/7431/4764
f 4614/7269/4632 4633/7297/4653 4700/7375/4719
f 4664/7336/4683 4576/7226/4600 4686/7359/4705
f 4615/7298/4633 4685/7358/4704 4722/7400/4741
f 4665/7337/4684 4577/7227/4601 4723/7401/4742
f 4687/7360/4706 4725/7403/4744 4753/7432/4765
f 4754/7433/4766 4729/7407/4687 4635/7317/4655
f 4754/7433/4766 4755/7434/4767 4729/7407/4687
f 4756/7435/4768 4651/7323/4672 4648/7319/4669
f 4755/7434/4767 4730/7408/4748 4729/7407/4687
f 4703/7378/4722 4757/7436/4769 4727/7405/4746
f 4726/7404/4745 4668/7341/4688 4733/7411/4749
f 4669/7342/4689 4758/7437/4770 4728/7406/4747
f 4732/7410/4707 4730/7408/4748 4734/7412/4659
f 4738/7417/4751 4692/7366/4712 4740/7419/4753
f 4733/7411/4749 4690/7364/4710 4759/7438/4771
f 4760/7439/4772 4740/7419/4753 4708/7383/4727
f 4761/7440/4773 4739/7418/4752 4738/7417/4751
f 4690/7364/4710 4739/7418/4752 4759/7438/4771
f 4760/7439/4772 4708/7383/4727 4741/7420/4754
f 4736/7308/4661 4735/7413/4750 4710/7385/4729
f 4741/7420/4754 4709/7384/4728 4706/7381/4725
f 4690/7364/4710 4742/7421/4755 4739/7418/4752
f 4711/7386/4730 4742/7421/4755 4690/7364/4710
f 4709/7384/4728 4762/7441/4774 4673/7346/4692
f 4673/7346/4692 4762/7441/4774 4642/7310/4663
f 4674/7347/4693 4712/7387/4731 4690/7364/4710
f 4762/7441/4774 4709/7384/4728 4744/7423/4757
f 4762/7441/4774 4676/7349/4695 4642/7310/4663
f 4745/7424/4758 4676/7349/4695 4762/7441/4774
f 4712/7387/4731 4657/7329/4677 4711/7386/4730
f 4711/7386/4730 4657/7329/4677 4585/7235/4609
f 4679/7352/4698 4763/7442/4775 4680/7353/4699
f 4746/7425/4759 4606/7258/4623 4764/7443/4776
f 4680/7353/4699 4765/7444/4777 4536/7174/4563
f 4681/7389/4700 4783/7445/4778 4748/7388/4732
f 4747/7426/4760 4715/7393/4734 4804/7446/4779
f 4766/7447/4780 4683/7356/4702 4714/7448/4733
f 4766/7447/4780 4767/7449/4781 4683/7356/4702
f 4715/7393/4734 4716/7394/4735 4804/7446/4779
f 4767/7449/4781 4695/7370/4714 4683/7356/4702
f 4696/7371/4715 4716/7394/4735 4646/7315/4667
f 4526/7162/4553 4698/7373/4717 4718/7396/4737
f 4612/7267/4630 4768/7450/4782 4699/7374/4718
f 4663/7335/4682 4721/7399/4740 4613/7268/4631
f 4699/7374/4718 4769/7451/4783 4631/7295/4651
f 4752/7431/4764 4630/7294/4650 4664/7336/4683
f 4769/7451/4783 4632/7296/4652 4631/7295/4651
f 4633/7297/4653 4687/7360/4706 4770/7452/4784
f 4687/7360/4706 4753/7432/4765 4770/7452/4784
f 4725/7403/4744 4771/7453/4785 4753/7432/4765
f 4723/7401/4742 4647/7316/4668 4724/7402/4743
f 4754/7433/4766 4635/7317/4655 4722/7400/4741
f 4771/7453/4785 4726/7404/4745 4772/7454/4786
f 4771/7453/4785 4725/7403/4744 4726/7404/4745
f 4724/7402/4743 4702/7377/4721 4727/7405/4746
f 4704/7379/4723 4773/7455/4787 4703/7378/4722
f 4704/7379/4723 4728/7406/4747 4773/7455/4787
f 4773/7455/4787 4757/7436/4769 4703/7378/4722
f 4774/7456/4788 4688/7362/4708 4651/7323/4672
f 4757/7436/4769 4773/7455/4787 4775/7457/4789
f 4759/7438/4771 4739/7418/4752 4761/7440/4773
f 4758/7437/4770 4669/7342/4689 4707/7382/4726
f 4758/7437/4770 4707/7382/4726 4776/7458/4790
f 4705/7380/4724 4741/7420/4754 4706/7381/4725
f 4707/7382/4726 4603/7255/4620 4777/7459/4791
f 4712/7387/4731 4711/7386/4730 4690/7364/4710
f 4743/7422/4756 4584/7234/4608 4641/7309/4662
f 4778/7460/4792 4779/7461/4793 4678/7351/4697
f 4762/7441/4774 4744/7423/4757 4745/7424/4758
f 4780/7462/4794 4603/7255/4620 4693/7367/4713
f 4779/7461/4793 4679/7352/4698 4678/7351/4697
f 4778/7460/4792 4678/7351/4697 4746/7425/4759
f 4677/7350/4696 4584/7234/4608 4743/7422/4756
f 4763/7442/4775 4765/7444/4777 4680/7353/4699
f 4764/7443/4776 4606/7258/4623 4626/7287/4644
f 4781/7463/4795 4626/7287/4644 4625/7286/4643
f 4782/7464/4796 4658/7330/4678 4587/7237/4611
f 4587/7237/4611 4536/7174/4563 4782/7464/4796
f 4783/7445/4778 4681/7389/4700 4747/7465/4760
f 4783/7466/4778 4684/7357/4703 4748/7427/4732
f 4783/7466/4778 4749/7428/4761 4684/7357/4703
f 4717/7395/4736 4718/7396/4737 4784/7467/4797
f 4785/7468/4798 4716/7394/4735 4696/7371/4715
f 4786/7469/4799 4719/7397/4738 4695/7370/4714
f 4787/7470/4800 4696/7371/4715 4661/7333/4680
f 4698/7373/4717 4662/7334/4681 4788/7471/4801
f 4750/7429/4762 4663/7335/4682 4611/7266/4629
f 4789/7472/4802 4545/7185/4573 4632/7296/4652
f 4790/7473/4803 4722/7400/4741 4685/7358/4704
f 4791/7474/4804 4665/7337/4684 4723/7401/4742
f 4753/7432/4765 4771/7453/4785 4792/7475/4805
f 4793/7476/4806 4754/7433/4766 4722/7400/4741
f 4726/7404/4745 4794/7477/4807 4772/7454/4786
f 4756/7435/4768 4774/7456/4788 4651/7323/4672
f 4733/7411/4749 4794/7477/4807 4726/7404/4745
f 4795/7478/4808 4738/7417/4751 4740/7419/4753
f 4733/7411/4749 4759/7438/4771 4794/7477/4807
f 4728/7406/4747 4758/7437/4770 4773/7455/4787
f 4795/7478/4808 4740/7419/4753 4796/7479/4809
f 4796/7479/4809 4740/7419/4753 4760/7439/4772
f 4757/7436/4769 4775/7457/4789 4797/7480/4810
f 4795/7478/4808 4761/7440/4773 4738/7417/4751
f 4775/7457/4789 4773/7455/4787 4798/7481/4811
f 4794/7477/4807 4759/7438/4771 4761/7440/4773
f 4775/7457/4789 4798/7481/4811 4799/7482/4812
f 4800/7483/4813 4734/7412/4659 4730/7408/4748
f 4800/7483/4813 4735/7413/4750 4734/7412/4659
f 4735/7413/4750 4801/7484/4814 4710/7385/4729
f 4777/7459/4791 4603/7255/4620 4780/7462/4794
f 4778/7460/4792 4746/7425/4759 4802/7485/4815
f 4693/7367/4713 4658/7330/4678 4803/7486/4816
f 4781/7463/4795 4625/7286/4643 4659/7331/4679
f 4804/7487/4779 4841/7488/4817 4747/7465/4760
f 4767/7449/4781 4786/7469/4799 4695/7370/4714
f 4805/7489/4818 4749/7428/4761 4783/7466/4778
f 4806/7490/4819 4719/7397/4738 4786/7469/4799
f 4785/7468/4798 4696/7371/4715 4787/7470/4800
f 4719/7397/4738 4807/7491/4820 4720/7398/4739
f 4720/7398/4739 4768/7450/4782 4612/7267/4630
f 4662/7334/4681 4752/7431/4764 4788/7471/4801
f 4629/7293/4649 4700/7375/4719 4751/7430/4763
f 4700/7375/4719 4808/7492/4821 4751/7430/4763
f 4752/7431/4764 4664/7336/4683 4809/7493/4822
f 4808/7492/4821 4700/7375/4719 4810/7494/4823
f 4769/7451/4783 4789/7472/4802 4632/7296/4652
f 4633/7297/4653 4810/7494/4823 4700/7375/4719
f 4633/7297/4653 4770/7452/4784 4810/7494/4823
f 4721/7399/4740 4790/7473/4803 4685/7358/4704
f 4545/7185/4573 4789/7472/4802 4634/7299/4654
f 4811/7495/4824 4665/7337/4684 4791/7474/4804
f 4648/7319/4669 4812/7496/4825 4756/7435/4768
f 4772/7454/4786 4792/7475/4805 4771/7453/4785
f 4813/7497/4826 4755/7434/4767 4754/7433/4766
f 4755/7434/4767 4813/7497/4826 4730/7408/4748
f 4774/7456/4788 4705/7380/4724 4688/7362/4708
f 4757/7436/4769 4797/7480/4810 4727/7405/4746
f 4794/7477/4807 4761/7440/4773 4795/7478/4808
f 4774/7456/4788 4814/7498/4827 4705/7380/4724
f 4760/7439/4772 4741/7420/4754 4814/7498/4827
f 4815/7499/4828 4800/7483/4813 4730/7408/4748
f 4741/7420/4754 4705/7380/4724 4814/7498/4827
f 4773/7455/4787 4758/7437/4770 4798/7481/4811
f 4816/7500/4829 4797/7480/4810 4799/7482/4812
f 4775/7457/4789 4799/7482/4812 4797/7480/4810
f 4758/7437/4770 4776/7458/4790 4798/7481/4811
f 4707/7382/4726 4777/7459/4791 4776/7458/4790
f 4710/7385/4729 4801/7484/4814 4743/7422/4756
f 4801/7484/4814 4817/7501/4830 4743/7422/4756
f 4818/7502/4831 4779/7461/4793 4778/7460/4792
f 4819/7503/4832 4763/7442/4775 4779/7461/4793
f 4763/7442/4775 4679/7352/4698 4779/7461/4793
f 4743/7422/4756 4817/7501/4830 4677/7350/4696
f 4802/7485/4815 4746/7425/4759 4764/7443/4776
f 4781/7463/4795 4659/7331/4679 4677/7350/4696
f 4658/7330/4678 4782/7464/4796 4803/7486/4816
f 4626/7287/4644 4781/7463/4795 4764/7443/4776
f 4536/7174/4563 4765/7444/4777 4782/7464/4796
f 4783/7445/4778 4747/7465/4760 4823/7504/4833
f 4842/7505/4834 4767/7449/4781 4766/7447/4780
f 4766/7506/4780 4820/7507/4835 4863/7508/4836
f 4714/7392/4733 4820/7507/4835 4766/7506/4780
f 4714/7392/4733 4682/7369/4701 4820/7507/4835
f 4842/7505/4834 4821/7509/4837 4767/7449/4781
f 4786/7469/4799 4767/7449/4781 4821/7509/4837
f 4716/7394/4735 4822/7510/4838 4804/7446/4779
f 4823/7511/4833 4805/7489/4818 4783/7466/4778
f 4717/7395/4736 4784/7467/4797 4682/7355/4701
f 4822/7510/4838 4716/7394/4735 4785/7468/4798
f 4784/7467/4797 4820/7512/4835 4682/7355/4701
f 4807/7491/4820 4719/7397/4738 4806/7490/4819
f 4697/7372/4716 4824/7513/4839 4750/7429/4762
f 4750/7429/4762 4825/7514/4840 4663/7335/4682
f 4752/7431/4764 4809/7493/4822 4826/7515/4841
f 4827/7516/4842 4790/7473/4803 4721/7399/4740
f 4686/7359/4705 4665/7337/4684 4811/7495/4824
f 4789/7472/4802 4701/7376/4720 4634/7299/4654
f 4790/7473/4803 4793/7476/4806 4722/7400/4741
f 4701/7376/4720 4812/7496/4825 4648/7319/4669
f 4793/7476/4806 4828/7517/4843 4829/7518/4844
f 4829/7518/4844 4813/7497/4826 4793/7476/4806
f 4793/7476/4806 4813/7497/4826 4754/7433/4766
f 4813/7497/4826 4829/7518/4844 4830/7519/4845
f 4831/7520/4846 4794/7477/4807 4795/7478/4808
f 4831/7520/4846 4772/7454/4786 4794/7477/4807
f 4832/7521/4847 4795/7478/4808 4796/7479/4809
f 4830/7519/4845 4815/7499/4828 4813/7497/4826
f 4833/7522/4848 4814/7498/4827 4774/7456/4788
f 4796/7479/4809 4760/7439/4772 4814/7498/4827
f 4813/7497/4826 4815/7499/4828 4730/7408/4748
f 4830/7519/4845 4834/7523/4849 4815/7499/4828
f 4815/7499/4828 4834/7523/4849 4800/7483/4813
f 4776/7458/4790 4777/7459/4791 4798/7481/4811
f 4798/7481/4811 4777/7459/4791 4799/7482/4812
f 4735/7413/4750 4800/7483/4813 4801/7484/4814
f 4834/7523/4849 4835/7524/4850 4800/7483/4813
f 4799/7482/4812 4836/7525/4851 4816/7500/4829
f 4799/7482/4812 4777/7459/4791 4837/7526/4852
f 4800/7483/4813 4835/7524/4850 4801/7484/4814
f 4838/7527/4853 4818/7502/4831 4839/7528/4854
f 4799/7482/4812 4837/7526/4852 4836/7525/4851
f 4779/7461/4793 4818/7502/4831 4838/7527/4853
f 4838/7527/4853 4819/7503/4832 4779/7461/4793
f 4818/7502/4831 4778/7460/4792 4802/7485/4815
f 4801/7484/4814 4835/7524/4850 4817/7501/4830
f 4819/7503/4832 4765/7444/4777 4763/7442/4775
f 4693/7367/4713 4803/7486/4816 4780/7462/4794
f 4817/7501/4830 4781/7463/4795 4677/7350/4696
f 4782/7464/4796 4765/7444/4777 4840/7529/4855
f 4841/7488/4817 4823/7504/4833 4747/7465/4760
f 4804/7446/4779 4822/7510/4838 4841/7530/4817
f 4841/7530/4817 4822/7510/4838 4860/7531/4856
f 4766/7506/4780 4863/7508/4836 4842/7532/4834
f 4822/7510/4838 4785/7468/4798 4843/7533/4857
f 4785/7468/4798 4787/7470/4800 4844/7534/4858
f 4807/7491/4820 4768/7450/4782 4720/7398/4739
f 4661/7333/4680 4845/7535/4859 4787/7470/4800
f 4824/7513/4839 4825/7514/4840 4750/7429/4762
f 4769/7451/4783 4699/7374/4718 4768/7450/4782
f 4788/7471/4801 4752/7431/4764 4826/7515/4841
f 4663/7335/4682 4825/7514/4840 4721/7399/4740
f 4769/7451/4783 4846/7536/4860 4789/7472/4802
f 4810/7494/4823 4770/7452/4784 4847/7537/4861
f 4847/7537/4861 4770/7452/4784 4848/7538/4862
f 4770/7452/4784 4753/7432/4765 4848/7538/4862
f 4849/7539/4863 4793/7476/4806 4790/7473/4803
f 4849/7539/4863 4828/7517/4843 4793/7476/4806
f 4753/7432/4765 4792/7475/4805 4848/7538/4862
f 4831/7520/4846 4795/7478/4808 4832/7521/4847
f 4792/7475/4805 4772/7454/4786 4831/7520/4846
f 4724/7402/4743 4850/7540/4864 4851/7541/4865
f 4756/7435/4768 4852/7542/4866 4774/7456/4788
f 4832/7521/4847 4796/7479/4809 4833/7522/4848
f 4724/7402/4743 4727/7405/4746 4850/7540/4864
f 4774/7456/4788 4852/7542/4866 4833/7522/4848
f 4814/7498/4827 4833/7522/4848 4796/7479/4809
f 4853/7543/4867 4834/7523/4849 4830/7519/4845
f 4727/7405/4746 4797/7480/4810 4854/7544/4868
f 4797/7480/4810 4816/7500/4829 4854/7544/4868
f 4839/7528/4854 4855/7545/4869 4838/7527/4853
f 4856/7546/4870 4838/7527/4853 4855/7545/4869
f 4834/7523/4849 4857/7547/4871 4835/7524/4850
f 4839/7528/4854 4818/7502/4831 4858/7548/4872
f 4856/7546/4870 4819/7503/4832 4838/7527/4853
f 4856/7546/4870 4816/7500/4829 4819/7503/4832
f 4816/7500/4829 4836/7525/4851 4819/7503/4832
f 4857/7547/4871 4802/7485/4815 4835/7524/4850
f 4858/7548/4872 4802/7485/4815 4857/7547/4871
f 4858/7548/4872 4818/7502/4831 4802/7485/4815
f 4802/7485/4815 4859/7549/4873 4835/7524/4850
f 4837/7526/4852 4840/7529/4855 4836/7525/4851
f 4837/7526/4852 4777/7459/4791 4780/7462/4794
f 4836/7525/4851 4765/7444/4777 4819/7503/4832
f 4802/7485/4815 4764/7443/4776 4859/7549/4873
f 4840/7529/4855 4765/7444/4777 4836/7525/4851
f 4803/7486/4816 4782/7464/4796 4840/7529/4855
f 4860/7550/4856 4861/7551/4874 4841/7552/4817
f 4860/7531/4856 4822/7510/4838 4843/7533/4857
f 4862/7553/4875 4821/7509/4837 4842/7505/4834
f 4863/7554/4836 4820/7512/4835 4784/7467/4797
f 4864/7555/4876 4806/7490/4819 4786/7469/4799
f 4865/7556/4877 4784/7467/4797 4718/7396/4737
f 4749/7428/4761 4866/7557/4878 4697/7372/4716
f 4787/7470/4800 4867/7558/4879 4844/7534/4858
f 4697/7372/4716 4866/7557/4878 4824/7513/4839
f 4718/7396/4737 4698/7373/4717 4868/7559/4880
f 4661/7333/4680 4869/7560/4881 4845/7535/4859
f 4661/7333/4680 4751/7430/4763 4869/7560/4881
f 4751/7430/4763 4808/7492/4821 4869/7560/4881
f 4721/7399/4740 4825/7514/4840 4827/7516/4842
f 4808/7492/4821 4810/7494/4823 4870/7561/4882
f 4809/7493/4822 4664/7336/4683 4811/7495/4824
f 4664/7336/4683 4686/7359/4705 4811/7495/4824
f 4789/7472/4802 4871/7562/4883 4701/7376/4720
f 4828/7517/4843 4849/7539/4863 4872/7563/4884
f 4723/7401/4742 4724/7402/4743 4851/7541/4865
f 4832/7521/4847 4873/7564/4885 4831/7520/4846
f 4828/7517/4843 4872/7563/4884 4829/7518/4844
f 4831/7520/4846 4873/7564/4885 4792/7475/4805
f 4874/7565/4886 4832/7521/4847 4875/7566/4887
f 4812/7496/4825 4852/7542/4866 4756/7435/4768
f 4832/7521/4847 4833/7522/4848 4875/7566/4887
f 4875/7566/4887 4833/7522/4848 4852/7542/4866
f 4829/7518/4844 4853/7543/4867 4830/7519/4845
f 4853/7543/4867 4876/7567/4888 4834/7523/4849
f 4876/7567/4888 4857/7547/4871 4834/7523/4849
f 4855/7545/4869 4839/7528/4854 4877/7568/4889
f 4839/7528/4854 4858/7548/4872 4877/7568/4889
f 4837/7526/4852 4780/7462/4794 4840/7529/4855
f 4835/7524/4850 4859/7549/4873 4817/7501/4830
f 4859/7549/4873 4781/7463/4795 4817/7501/4830
f 4780/7462/4794 4803/7486/4816 4840/7529/4855
f 4859/7549/4873 4764/7443/4776 4781/7463/4795
f 4841/7569/4817 4878/7570/4890 4823/7511/4833
f 4878/7570/4890 4805/7489/4818 4823/7511/4833
f 4786/7469/4799 4821/7509/4837 4879/7571/4891
f 4880/7572/4892 4863/7554/4836 4784/7467/4797
f 4786/7469/4799 4879/7571/4891 4864/7555/4876
f 4843/7533/4857 4785/7468/4798 4881/7573/4893
f 4784/7467/4797 4865/7556/4877 4880/7572/4892
f 4785/7468/4798 4844/7534/4858 4881/7573/4893
f 4805/7489/4818 4882/7574/4894 4749/7428/4761
f 4749/7428/4761 4882/7574/4894 4866/7557/4878
f 4718/7396/4737 4868/7559/4880 4865/7556/4877
f 4698/7373/4717 4788/7471/4801 4883/7575/4895
f 4869/7560/4881 4808/7492/4821 4870/7561/4882
f 4810/7494/4823 4847/7537/4861 4870/7561/4882
f 4847/7537/4861 4848/7538/4862 4884/7576/4896
f 4848/7538/4862 4792/7475/4805 4873/7564/4885
f 4873/7564/4885 4832/7521/4847 4874/7565/4886
f 4871/7562/4883 4812/7496/4825 4701/7376/4720
f 4723/7401/4742 4851/7541/4865 4791/7474/4804
f 4872/7563/4884 4853/7543/4867 4829/7518/4844
f 4885/7577/4897 4855/7545/4869 4877/7568/4889
f 4886/7578/4898 4856/7546/4870 4855/7545/4869
f 4876/7567/4888 4858/7548/4872 4857/7547/4871
f 4861/7579/4874 4878/7570/4890 4841/7569/4817
f 4842/7532/4834 4863/7508/4836 4880/7580/4892
f 4906/7581/4899 4879/7571/4891 4862/7553/4875
f 4821/7509/4837 4862/7553/4875 4879/7571/4891
f 4867/7558/4879 4787/7470/4800 4845/7535/4859
f 4768/7450/4782 4887/7582/4900 4769/7451/4783
f 4788/7471/4801 4826/7515/4841 4888/7583/4901
f 4846/7536/4860 4889/7584/4902 4789/7472/4802
f 4847/7537/4861 4884/7576/4896 4870/7561/4882
f 4889/7584/4902 4871/7562/4883 4789/7472/4802
f 4848/7538/4862 4873/7564/4885 4884/7576/4896
f 4849/7539/4863 4890/7585/4903 4872/7563/4884
f 4874/7565/4886 4875/7566/4887 4891/7586/4904
f 4891/7586/4904 4875/7566/4887 4852/7542/4866
f 4872/7563/4884 4892/7587/4905 4853/7543/4867
f 4893/7588/4906 4876/7567/4888 4853/7543/4867
f 4850/7540/4864 4727/7405/4746 4854/7544/4868
f 4894/7589/4907 4855/7545/4869 4885/7577/4897
f 4877/7568/4889 4858/7548/4872 4876/7567/4888
f 4854/7544/4868 4816/7500/4829 4856/7546/4870
f 4880/7572/4892 4895/7590/4908 4907/7591/4909
f 4879/7571/4891 4896/7592/4910 4864/7555/4876
f 4878/7570/4890 4882/7574/4894 4805/7489/4818
f 4844/7534/4858 4897/7593/4911 4881/7573/4893
f 4898/7594/4912 4807/7491/4820 4806/7490/4819
f 4868/7559/4880 4698/7373/4717 4883/7575/4895
f 4883/7575/4895 4788/7471/4801 4888/7583/4901
f 4846/7536/4860 4769/7451/4783 4887/7582/4900
f 4825/7514/4840 4899/7595/4913 4827/7516/4842
f 4826/7515/4841 4809/7493/4822 4900/7596/4914
f 4827/7516/4842 4901/7597/4915 4790/7473/4803
f 4809/7493/4822 4811/7495/4824 4900/7596/4914
f 4901/7597/4915 4849/7539/4863 4790/7473/4803
f 4902/7598/4916 4884/7576/4896 4873/7564/4885
f 4902/7598/4916 4873/7564/4885 4874/7565/4886
f 4811/7495/4824 4791/7474/4804 4903/7599/4917
f 4874/7565/4886 4891/7586/4904 4902/7598/4916
f 4891/7586/4904 4812/7496/4825 4871/7562/4883
f 4812/7496/4825 4891/7586/4904 4852/7542/4866
f 4890/7585/4903 4892/7587/4905 4872/7563/4884
f 4892/7587/4905 4893/7588/4906 4853/7543/4867
f 4904/7600/4918 4885/7577/4897 4877/7568/4889
f 4893/7588/4906 4904/7600/4918 4876/7567/4888
f 4904/7600/4918 4877/7568/4889 4876/7567/4888
f 4886/7578/4898 4855/7545/4869 4894/7589/4907
f 4886/7578/4898 4854/7544/4868 4856/7546/4870
f 4843/7601/4857 4908/7602/4919 4932/7603/4920
f 4862/7604/4875 4905/7605/4921 4906/7606/4899
f 4862/7604/4875 4907/7607/4909 4905/7605/4921
f 4907/7607/4909 4862/7604/4875 4880/7580/4892
f 4862/7604/4875 4842/7532/4834 4880/7580/4892
f 4843/7533/4857 4881/7573/4893 4908/7608/4919
f 4861/7579/4874 4909/7609/4922 4878/7570/4890
f 4880/7572/4892 4865/7556/4877 4895/7590/4908
f 4909/7609/4922 4882/7574/4894 4878/7570/4890
f 4806/7490/4819 4864/7555/4876 4898/7594/4912
f 4910/7610/4923 4898/7594/4912 4864/7555/4876
f 4865/7556/4877 4868/7559/4880 4911/7611/4924
f 4844/7534/4858 4867/7558/4879 4897/7593/4911
f 4867/7558/4879 4912/7612/4925 4897/7593/4911
f 4898/7594/4912 4913/7613/4926 4807/7491/4820
f 4869/7560/4881 4914/7614/4927 4845/7535/4859
f 4825/7514/4840 4824/7513/4839 4899/7595/4913
f 4869/7560/4881 4870/7561/4882 4915/7615/4928
f 4827/7516/4842 4899/7595/4913 4901/7597/4915
f 4916/7616/4929 4889/7584/4902 4846/7536/4860
f 4870/7561/4882 4884/7576/4896 4915/7615/4928
f 4915/7615/4928 4884/7576/4896 4902/7598/4916
f 4889/7584/4902 4917/7617/4930 4918/7618/4931
f 4918/7618/4931 4871/7562/4883 4889/7584/4902
f 4902/7598/4916 4891/7586/4904 4918/7618/4931
f 4849/7539/4863 4901/7597/4915 4890/7585/4903
f 4811/7495/4824 4903/7599/4917 4919/7619/4932
f 4871/7562/4883 4918/7618/4931 4891/7586/4904
f 4851/7541/4865 4903/7599/4917 4791/7474/4804
f 4851/7541/4865 4850/7540/4864 4920/7620/4933
f 4894/7589/4907 4885/7577/4897 4921/7621/4934
f 4921/7621/4934 4885/7577/4897 4904/7600/4918
f 4850/7540/4864 4854/7544/4868 4922/7622/4935
f 4922/7622/4935 4886/7578/4898 4894/7589/4907
f 4922/7622/4935 4854/7544/4868 4886/7578/4898
f 4843/7601/4857 4932/7603/4920 4860/7550/4856
f 4860/7550/4856 4932/7603/4920 4861/7551/4874
f 4906/7581/4899 4923/7623/4936 4879/7571/4891
f 4923/7623/4936 4896/7592/4910 4879/7571/4891
f 4881/7573/4893 4924/7624/4937 4908/7608/4919
f 4896/7592/4910 4910/7610/4923 4864/7555/4876
f 4881/7573/4893 4910/7610/4923 4924/7624/4937
f 4895/7590/4908 4865/7556/4877 4925/7625/4938
f 4926/7626/4939 4927/7627/4940 4882/7574/4894
f 4881/7573/4893 4897/7593/4911 4910/7610/4923
f 4865/7556/4877 4911/7611/4924 4925/7625/4938
f 4897/7593/4911 4898/7594/4912 4910/7610/4923
f 4845/7535/4859 4912/7612/4925 4867/7558/4879
f 4887/7582/4900 4916/7616/4929 4846/7536/4860
f 4869/7560/4881 4915/7615/4928 4914/7614/4927
f 4915/7615/4928 4902/7598/4916 4928/7628/4941
f 4916/7616/4929 4917/7617/4930 4889/7584/4902
f 4928/7628/4941 4902/7598/4916 4918/7618/4931
f 4901/7597/4915 4929/7629/4942 4890/7585/4903
f 4929/7629/4942 4892/7587/4905 4890/7585/4903
f 4921/7621/4934 4930/7630/4943 4894/7589/4907
f 4931/7631/4944 4904/7600/4918 4892/7587/4905
f 4931/7631/4944 4921/7621/4934 4904/7600/4918
f 4892/7587/4905 4904/7600/4918 4893/7588/4906
f 4920/7620/4933 4850/7540/4864 4922/7622/4935
f 4924/7624/4937 4949/7632/4945 4908/7608/4919
f 4932/7633/4920 4909/7609/4922 4861/7579/4874
f 4924/7624/4937 4896/7592/4910 4923/7623/4936
f 4924/7624/4937 4910/7610/4923 4896/7592/4910
f 4933/7634/4946 4926/7626/4939 4909/7609/4922
f 4909/7609/4922 4926/7626/4939 4882/7574/4894
f 4882/7574/4894 4927/7627/4940 4866/7557/4878
f 4897/7593/4911 4934/7635/4947 4898/7594/4912
f 4934/7635/4947 4913/7613/4926 4898/7594/4912
f 4868/7559/4880 4883/7575/4895 4911/7611/4924
f 4913/7613/4926 4887/7582/4900 4807/7491/4820
f 4807/7491/4820 4887/7582/4900 4768/7450/4782
f 4866/7557/4878 4935/7636/4948 4824/7513/4839
f 4912/7612/4925 4845/7535/4859 4914/7614/4927
f 4883/7575/4895 4888/7583/4901 4936/7637/4949
f 4935/7636/4948 4899/7595/4913 4824/7513/4839
f 4937/7638/4950 4914/7614/4927 4938/7639/4951
f 4826/7515/4841 4900/7596/4914 4888/7583/4901
f 4914/7614/4927 4915/7615/4928 4938/7639/4951
f 4938/7639/4951 4928/7628/4941 4939/7640/4952
f 4915/7615/4928 4928/7628/4941 4938/7639/4951
f 4939/7640/4952 4928/7628/4941 4917/7617/4930
f 4939/7640/4952 4917/7617/4930 4916/7616/4929
f 4928/7628/4941 4918/7618/4931 4917/7617/4930
f 4811/7495/4824 4919/7619/4932 4900/7596/4914
f 4940/7641/4953 4929/7629/4942 4901/7597/4915
f 4903/7599/4917 4851/7541/4865 4920/7620/4933
f 4941/7642/4954 4931/7631/4944 4929/7629/4942
f 4931/7631/4944 4892/7587/4905 4929/7629/4942
f 4941/7642/4954 4921/7621/4934 4931/7631/4944
f 4942/7643/4955 4894/7589/4907 4930/7630/4943
f 4920/7620/4933 4922/7622/4935 4942/7643/4955
f 4942/7643/4955 4922/7622/4935 4894/7589/4907
f 4906/7606/4899 4943/7644/4956 4923/7645/4936
f 4924/7624/4937 4923/7623/4936 4949/7632/4945
f 4932/7633/4920 4963/7646/4957 4909/7609/4922
f 4897/7593/4911 4912/7612/4925 4934/7635/4947
f 4934/7635/4947 4912/7612/4925 4944/7647/4958
f 4912/7612/4925 4914/7614/4927 4937/7638/4950
f 4939/7640/4952 4916/7616/4929 4945/7648/4959
f 4944/7647/4958 4938/7639/4951 4939/7640/4952
f 4944/7647/4958 4939/7640/4952 4945/7648/4959
f 4888/7583/4901 4900/7596/4914 4946/7649/4960
f 4899/7595/4913 4940/7641/4953 4901/7597/4915
f 4946/7649/4960 4900/7596/4914 4919/7619/4932
f 4903/7599/4917 4920/7620/4933 4947/7650/4961
f 4930/7630/4943 4921/7621/4934 4941/7642/4954
f 4930/7630/4943 4948/7651/4962 4942/7643/4955
f 4948/7651/4962 4920/7620/4933 4942/7643/4955
f 4932/7603/4920 4908/7602/4919 4949/7652/4945
f 4964/7653/4963 4923/7645/4936 4943/7644/4956
f 4933/7634/4946 4909/7609/4922 4963/7646/4957
f 4905/7654/4921 4895/7590/4908 4950/7655/4964
f 4905/7654/4921 4907/7591/4909 4895/7590/4908
f 4895/7590/4908 4925/7625/4938 4950/7655/4964
f 4925/7625/4938 4911/7611/4924 4951/7656/4965
f 4927/7627/4940 4935/7636/4948 4866/7557/4878
f 4911/7611/4924 4883/7575/4895 4936/7637/4949
f 4937/7638/4950 4944/7647/4958 4912/7612/4925
f 4913/7613/4926 4945/7648/4959 4887/7582/4900
f 4913/7613/4926 4934/7635/4947 4945/7648/4959
f 4934/7635/4947 4944/7647/4958 4945/7648/4959
f 4945/7648/4959 4916/7616/4929 4887/7582/4900
f 4937/7638/4950 4938/7639/4951 4944/7647/4958
f 4940/7641/4953 4941/7642/4954 4929/7629/4942
f 4952/7657/4966 4919/7619/4932 4903/7599/4917
f 4903/7599/4917 4947/7650/4961 4952/7657/4966
f 4947/7650/4961 4920/7620/4933 4948/7651/4962
f 4923/7645/4936 4964/7653/4963 4949/7652/4945
f 4906/7606/4899 4905/7605/4921 4943/7644/4956
f 4905/7654/4921 4950/7655/4964 4943/7658/4956
f 4950/7655/4964 4925/7625/4938 4951/7656/4965
f 4911/7611/4924 4936/7637/4949 4953/7659/4967
f 4935/7636/4948 4954/7660/4968 4899/7595/4913
f 4899/7595/4913 4955/7661/4969 4940/7641/4953
f 4940/7641/4953 4955/7661/4969 4956/7662/4970
f 4956/7662/4970 4941/7642/4954 4940/7641/4953
f 4930/7630/4943 4941/7642/4954 4956/7662/4970
f 4957/7663/4971 4930/7630/4943 4956/7662/4970
f 4948/7651/4962 4930/7630/4943 4957/7663/4971
f 4952/7657/4966 4947/7650/4961 4957/7663/4971
f 4957/7663/4971 4947/7650/4961 4948/7651/4962
f 4943/7658/4956 4950/7655/4964 4958/7664/4972
f 4958/7664/4972 4926/7626/4939 4933/7634/4946
f 4958/7664/4972 4959/7665/4973 4926/7626/4939
f 4950/7655/4964 4951/7656/4965 4960/7666/4974
f 4926/7626/4939 4959/7665/4973 4961/7667/4975
f 4926/7626/4939 4961/7667/4975 4927/7627/4940
f 4951/7656/4965 4911/7611/4924 4953/7659/4967
f 4936/7637/4949 4888/7583/4901 4946/7649/4960
f 4954/7660/4968 4955/7661/4969 4899/7595/4913
f 4962/7668/4976 4946/7649/4960 4952/7657/4966
f 4946/7649/4960 4919/7619/4932 4952/7657/4966
f 4949/7652/4945 4964/7653/4963 4963/7669/4957
f 4932/7603/4920 4949/7652/4945 4963/7669/4957
f 4958/7664/4972 4964/7670/4963 4943/7658/4956
f 4958/7664/4972 4933/7634/4946 4963/7646/4957
f 4958/7664/4972 4950/7655/4964 4959/7665/4973
f 4950/7655/4964 4960/7666/4974 4959/7665/4973
f 4927/7627/4940 4961/7667/4975 4965/7671/4977
f 4960/7666/4974 4951/7656/4965 4953/7659/4967
f 4927/7627/4940 4965/7671/4977 4935/7636/4948
f 4935/7636/4948 4965/7671/4977 4954/7660/4968
f 4954/7660/4968 4966/7672/4978 4955/7661/4969
f 4946/7649/4960 4962/7668/4976 4967/7673/4979
f 4966/7672/4978 4956/7662/4970 4955/7661/4969
f 4968/7674/4980 4956/7662/4970 4966/7672/4978
f 4962/7668/4976 4952/7657/4966 4968/7674/4980
f 4968/7674/4980 4957/7663/4971 4956/7662/4970
f 4968/7674/4980 4952/7657/4966 4957/7663/4971
f 4963/7646/4957 4964/7670/4963 4958/7664/4972
f 4960/7666/4974 4961/7667/4975 4959/7665/4973
f 4960/7666/4974 4969/7675/4981 4961/7667/4975
f 4969/7675/4981 4960/7666/4974 4953/7659/4967
f 4936/7637/4949 4946/7649/4960 4967/7673/4979
f 4954/7660/4968 4970/7676/4982 4966/7672/4978
f 4968/7674/4980 4966/7672/4978 4970/7676/4982
f 4961/7667/4975 4970/7676/4982 4965/7671/4977
f 4961/7667/4975 4969/7675/4981 4970/7676/4982
f 4953/7659/4967 4967/7673/4979 4969/7675/4981
f 4936/7637/4949 4967/7673/4979 4953/7659/4967
f 4970/7676/4982 4954/7660/4968 4965/7671/4977
f 4967/7673/4979 4968/7674/4980 4969/7675/4981
f 4967/7673/4979 4962/7668/4976 4968/7674/4980
f 4969/7675/4981 4968/7674/4980 4970/7676/4982
