# Blender 5.0.0
# www.blender.org
mtllib t_shirt.mtl
o t_shirt
v -0.349912 1.789996 0.114060
v -0.424462 1.734583 0.139692
v -0.421178 1.682603 0.014720
v -0.376902 1.629978 -0.071545
v -0.271834 1.566444 -0.188606
v -0.151115 1.530189 -0.258305
v -0.039643 1.516881 -0.281582
v 0.056970 1.518938 -0.280149
v 0.168862 1.535615 -0.255034
v 0.267353 1.568244 -0.196726
v 0.354047 1.615571 -0.108958
v 0.407407 1.670882 -0.013277
v 0.423920 1.712989 0.063285
v 0.421209 1.739203 0.135724
v 0.346328 1.795697 0.110688
v 0.352696 1.771999 0.035983
v 0.299606 1.694098 -0.136055
v 0.226338 1.654503 -0.221750
v 0.165903 1.633237 -0.269107
v 0.045110 1.611810 -0.307582
v -0.038996 1.611217 -0.305725
v -0.141714 1.625983 -0.276906
v -0.292247 1.685669 -0.137187
v -0.330327 1.720750 -0.052483
v 0.334858 1.731034 -0.051504
v -0.333852 1.599378 -0.127120
v -0.221750 1.650064 -0.217642
v -0.349604 1.752512 0.014386
v -0.346779 1.787225 0.114072
v -0.424735 1.734958 0.139591
v -0.421776 1.686063 0.023169
v -0.383593 1.635400 -0.065303
v -0.271972 1.566429 -0.189131
v -0.151213 1.530116 -0.258793
v -0.039880 1.516751 -0.282035
v 0.070843 1.519779 -0.279863
v 0.196851 1.542244 -0.244145
v 0.294435 1.580877 -0.174317
v 0.368244 1.626460 -0.089057
v 0.416737 1.686132 0.011274
v 0.421507 1.739592 0.135626
v 0.346649 1.796063 0.110658
v 0.353006 1.772234 0.035573
v 0.304276 1.697671 -0.129968
v 0.159090 1.631518 -0.272825
v 0.043933 1.611619 -0.308090
v -0.038953 1.611096 -0.306214
v -0.142186 1.625979 -0.277235
v -0.292733 1.685875 -0.137315
v -0.354293 1.771350 0.056858
v -0.334958 1.724710 -0.048255
v 0.230061 1.655644 -0.219566
v 0.332588 1.726745 -0.063402
v -0.334191 1.599538 -0.127439
v -0.222216 1.650189 -0.217877
v -0.346951 1.787626 0.113343
v -0.375324 1.766880 0.124588
v -0.392142 1.754948 0.130936
v -0.408567 1.744442 0.135765
v -0.424651 1.734712 0.139284
v -0.424546 1.734843 0.139404
v -0.427259 1.724953 0.108742
v -0.428061 1.714986 0.082117
v -0.426904 1.706714 0.063646
v -0.423223 1.694237 0.039067
v -0.417283 1.678360 0.009701
v -0.410045 1.667573 -0.009587
v -0.401664 1.656670 -0.028181
v -0.392820 1.646385 -0.045996
v -0.382653 1.635784 -0.064189
v -0.370208 1.625084 -0.083000
v -0.356360 1.614447 -0.101836
v -0.341709 1.604395 -0.119833
v -0.325732 1.594559 -0.137682
v -0.309512 1.585534 -0.154258
v -0.292039 1.576739 -0.170602
v -0.274101 1.568543 -0.185899
v -0.254800 1.560570 -0.200806
v -0.235291 1.553333 -0.214384
v -0.214452 1.546491 -0.227403
v -0.192962 1.540316 -0.239271
v -0.170988 1.534864 -0.249933
v -0.147652 1.530146 -0.259204
v -0.124569 1.526250 -0.266025
v -0.097038 1.522429 -0.272531
v -0.075065 1.520045 -0.276319
v -0.050412 1.518100 -0.279666
v -0.023301 1.516867 -0.281858
v -0.000050 1.516652 -0.282346
v 0.024935 1.517287 -0.282083
v 0.050063 1.518787 -0.280463
v 0.074999 1.521083 -0.277708
v 0.098999 1.523992 -0.273897
v 0.124461 1.527752 -0.268427
v 0.147334 1.531689 -0.262000
v 0.170807 1.536875 -0.253070
v 0.193167 1.542733 -0.242691
v 0.214098 1.549002 -0.231452
v 0.234867 1.556051 -0.218794
v 0.254699 1.563569 -0.205280
v 0.273346 1.571433 -0.191085
v 0.291906 1.580066 -0.175423
v 0.308893 1.588797 -0.159536
v 0.325325 1.598117 -0.142606
v 0.340992 1.607987 -0.124806
v 0.354893 1.617743 -0.107342
v 0.368914 1.628745 -0.087818
v 0.381202 1.639528 -0.068787
v 0.390726 1.649820 -0.050863
v 0.399505 1.660804 -0.032058
v 0.407155 1.671643 -0.013519
v 0.413950 1.682658 0.005733
v 0.419770 1.699011 0.035743
v 0.423221 1.711078 0.059376
v 0.424528 1.719640 0.078219
v 0.423886 1.729440 0.104329
v 0.421211 1.739418 0.135632
v 0.421338 1.739298 0.135527
v 0.405739 1.750381 0.131291
v 0.390468 1.761576 0.126567
v 0.369981 1.777099 0.119362
v 0.346427 1.795856 0.109824
v 0.346546 1.795836 0.110007
v 0.350784 1.789862 0.085473
v 0.352173 1.781657 0.060995
v 0.351635 1.772542 0.037984
v 0.349532 1.762023 0.014033
v 0.345762 1.751496 -0.008594
v 0.340653 1.740922 -0.030962
v 0.334475 1.730636 -0.053626
v 0.327171 1.720860 -0.076168
v 0.319403 1.712000 -0.097562
v 0.309013 1.702346 -0.119315
v 0.296704 1.693041 -0.138905
v 0.282418 1.683725 -0.158259
v 0.255912 1.668820 -0.190319
v 0.235713 1.658999 -0.212208
v 0.218069 1.651427 -0.229224
v 0.199722 1.644423 -0.244638
v 0.178959 1.637519 -0.259383
v 0.158182 1.631804 -0.271632
v 0.135833 1.626836 -0.281471
v 0.111272 1.622155 -0.290187
v 0.087140 1.618001 -0.297406
v 0.062136 1.614379 -0.303140
v 0.037971 1.611873 -0.306702
v 0.012194 1.610376 -0.308372
v -0.013172 1.610282 -0.307833
v -0.038670 1.611454 -0.305433
v -0.063076 1.613612 -0.301195
v -0.088716 1.617141 -0.294196
v -0.134739 1.625310 -0.277726
v -0.157609 1.630147 -0.267181
v -0.178264 1.635501 -0.254169
v -0.198231 1.641643 -0.238585
v -0.216871 1.648463 -0.222384
v -0.233270 1.655321 -0.206381
v -0.262475 1.669302 -0.174002
v -0.280818 1.679314 -0.151350
v -0.294773 1.688007 -0.132156
v -0.306924 1.696951 -0.112369
v -0.316862 1.706092 -0.090481
v -0.325055 1.714756 -0.069337
v -0.332824 1.724285 -0.046812
v -0.339440 1.733811 -0.025073
v -0.345358 1.743839 -0.002932
v -0.349477 1.754332 0.019456
v -0.352293 1.764479 0.042243
v -0.353043 1.773694 0.065458
v -0.351709 1.781808 0.088874
v -0.346968 1.787564 0.113610
v -0.111709 1.621022 -0.286600
v 0.267772 1.675259 -0.176692
v -0.250233 1.663259 -0.188260
v 0.347189 1.796381 0.111156
v 0.424053 1.741670 0.136500
v 0.372663 1.737802 0.244967
v 0.255096 1.709899 0.317829
v 0.185616 1.701855 0.329969
v 0.042314 1.694328 0.336596
v -0.137483 1.698332 0.334038
v -0.233875 1.707010 0.323060
v -0.304496 1.717472 0.299688
v -0.366310 1.730966 0.253977
v -0.407191 1.738447 0.194750
v -0.424500 1.735012 0.139660
v -0.346681 1.787038 0.114080
v -0.323979 1.791318 0.178270
v -0.221362 1.780244 0.259950
v -0.132500 1.776957 0.276892
v 0.027829 1.778766 0.287591
v 0.185015 1.778368 0.269647
v 0.244404 1.783404 0.250219
v 0.288698 1.792529 0.221200
v 0.329290 1.799278 0.163474
v -0.278535 1.787974 0.231676
v 0.309481 1.722167 0.298897
v 0.347442 1.796740 0.111196
v 0.424342 1.742082 0.136554
v 0.372874 1.738180 0.245208
v 0.311697 1.721452 0.295772
v 0.255328 1.710231 0.318158
v 0.168610 1.700282 0.332263
v 0.013520 1.694014 0.335991
v -0.137564 1.698595 0.334450
v -0.241576 1.708598 0.322664
v -0.304806 1.717471 0.299449
v -0.366283 1.731248 0.254429
v -0.407436 1.738844 0.194931
v -0.423762 1.736169 0.141397
v -0.347183 1.787852 0.113502
v -0.324171 1.791745 0.178472
v -0.221904 1.779668 0.259177
v -0.132827 1.777279 0.277223
v 0.027293 1.779012 0.287954
v 0.242284 1.785746 0.253741
v 0.288931 1.792949 0.221369
v 0.329557 1.799700 0.163501
v -0.280467 1.789017 0.230863
v 0.184029 1.779559 0.271192
v 0.346444 1.795895 0.109829
v 0.374994 1.772332 0.122470
v 0.390077 1.760854 0.128333
v 0.405585 1.749890 0.132650
v 0.421343 1.739271 0.135528
v 0.421278 1.739374 0.135354
v 0.415737 1.741115 0.155711
v 0.409201 1.742172 0.176126
v 0.401598 1.742471 0.196150
v 0.391610 1.740978 0.214499
v 0.379887 1.738728 0.232412
v 0.367067 1.735869 0.249144
v 0.352403 1.732165 0.264318
v 0.336363 1.727852 0.277497
v 0.319510 1.723369 0.289450
v 0.301297 1.718717 0.300371
v 0.282349 1.714963 0.308109
v 0.262060 1.711345 0.315074
v 0.242019 1.708094 0.320909
v 0.211537 1.704350 0.325850
v 0.189326 1.702287 0.329144
v 0.146844 1.699137 0.333110
v 0.123965 1.697783 0.333893
v 0.091462 1.696397 0.335075
v 0.052007 1.694886 0.335344
v -0.002041 1.693993 0.335405
v -0.068654 1.695883 0.335736
v -0.121208 1.698149 0.334508
v -0.154668 1.699790 0.332580
v -0.177175 1.701306 0.330426
v -0.198848 1.703127 0.327586
v -0.222108 1.705390 0.323910
v -0.241901 1.707571 0.320292
v -0.262066 1.710616 0.314305
v -0.282665 1.713941 0.307286
v -0.301637 1.717224 0.299771
v -0.319734 1.720916 0.289573
v -0.337287 1.724658 0.277880
v -0.353431 1.728120 0.265326
v -0.368331 1.731171 0.250415
v -0.381354 1.733721 0.234152
v -0.393456 1.735838 0.216608
v -0.404081 1.737380 0.198417
v -0.411767 1.737146 0.179367
v -0.418513 1.736273 0.159673
v -0.424588 1.734779 0.139129
v -0.424676 1.734708 0.139301
v -0.408479 1.744529 0.135867
v -0.392424 1.754803 0.131143
v -0.377114 1.765298 0.125387
v -0.367937 1.772548 0.121649
v -0.346873 1.787634 0.113438
v -0.347034 1.787541 0.113337
v -0.340065 1.789952 0.137086
v -0.331631 1.791179 0.160284
v -0.320338 1.791239 0.181906
v -0.306879 1.789818 0.201575
v -0.290664 1.787668 0.218814
v -0.272394 1.785162 0.233903
v -0.251479 1.782830 0.245596
v -0.229842 1.780645 0.255090
v -0.206192 1.779060 0.263032
v -0.182570 1.778064 0.268552
v -0.157837 1.777439 0.273128
v -0.131701 1.777300 0.276873
v -0.092848 1.777411 0.280950
v -0.043242 1.777792 0.284342
v -0.001090 1.777979 0.285571
v 0.043092 1.777899 0.284800
v 0.131734 1.777740 0.277389
v 0.157108 1.778132 0.273911
v 0.182143 1.778821 0.269827
v 0.206575 1.780154 0.264191
v 0.229582 1.782202 0.256528
v 0.251727 1.784874 0.246576
v 0.271446 1.788175 0.233702
v 0.289253 1.791946 0.218449
v 0.305634 1.795341 0.200846
v 0.319261 1.797201 0.180555
v 0.330113 1.797985 0.158401
v 0.339013 1.797361 0.134673
v 0.346604 1.795771 0.109741
v 0.089171 1.777727 0.282001
v 0.212353 1.704743 0.326230
v 0.346039 1.795284 0.110568
v 0.393381 1.758056 0.131025
v 0.422045 1.740059 0.136788
v 0.379573 1.739617 0.236020
v 0.302441 1.718384 0.299972
v 0.227329 1.704826 0.322006
v 0.140626 1.697028 0.331246
v 0.037345 1.693985 0.334992
v -0.121329 1.696464 0.333946
v -0.233800 1.705948 0.321000
v -0.292100 1.715322 0.303396
v -0.349082 1.727002 0.269264
v -0.395487 1.735722 0.212930
v -0.424790 1.734414 0.140491
v -0.397627 1.750807 0.134426
v -0.346653 1.787207 0.113914
v -0.323705 1.790222 0.176845
v -0.266600 1.783368 0.238257
v -0.179316 1.777036 0.268989
v -0.057434 1.776801 0.282837
v 0.072955 1.777178 0.282709
v 0.182683 1.778542 0.270197
v 0.253322 1.784269 0.245902
v 0.316915 1.796292 0.186704
v 0.346321 1.795673 0.110629
v 0.393626 1.758487 0.131074
v 0.422318 1.740457 0.136821
v 0.379793 1.740023 0.236218
v 0.302463 1.718735 0.300332
v 0.211395 1.703386 0.325615
v 0.099670 1.695199 0.333181
v -0.018933 1.693954 0.335560
v -0.147725 1.699131 0.333114
v -0.229672 1.705240 0.321415
v -0.292135 1.715659 0.303756
v -0.349224 1.727375 0.269553
v -0.395668 1.736130 0.213145
v -0.425049 1.734826 0.140526
v -0.397782 1.751284 0.134454
v -0.346929 1.787615 0.113962
v -0.266430 1.783502 0.238541
v -0.180356 1.777435 0.269279
v -0.056980 1.777041 0.283296
v 0.073434 1.777412 0.283120
v 0.182894 1.778841 0.270569
v 0.253378 1.784592 0.246273
v 0.317154 1.796680 0.186898
v -0.323761 1.790816 0.177715
v 0.345997 1.795517 0.110573
v 0.374862 1.772241 0.123519
v 0.389590 1.761021 0.129407
v 0.405158 1.749957 0.133873
v 0.420783 1.738675 0.136587
v 0.420895 1.738858 0.136401
v 0.408685 1.742119 0.176423
v 0.401115 1.742581 0.196127
v 0.390914 1.741025 0.214576
v 0.379237 1.738787 0.232265
v 0.366555 1.736012 0.248725
v 0.351832 1.732331 0.263907
v 0.335761 1.728006 0.277115
v 0.318832 1.723498 0.289134
v 0.300986 1.718973 0.299877
v 0.281533 1.715089 0.307767
v 0.262008 1.711575 0.314436
v 0.241618 1.708226 0.320357
v 0.211506 1.704605 0.325423
v 0.182728 1.701770 0.329237
v 0.152385 1.699365 0.332011
v 0.125767 1.697788 0.333483
v 0.094866 1.696250 0.334559
v 0.060991 1.694860 0.334979
v 0.006254 1.693786 0.334982
v -0.051632 1.694884 0.335303
v -0.108654 1.697247 0.334659
v -0.154177 1.699621 0.332086
v -0.177468 1.701290 0.329831
v -0.198884 1.702955 0.326855
v -0.216954 1.704878 0.324170
v -0.241697 1.707629 0.319676
v -0.261653 1.710632 0.313739
v -0.281846 1.713905 0.306850
v -0.301173 1.717288 0.299234
v -0.319348 1.721035 0.289040
v -0.336466 1.724685 0.277654
v -0.353023 1.728261 0.264820
v -0.367617 1.731231 0.250227
v -0.381126 1.733733 0.233364
v -0.392649 1.735677 0.216803
v -0.403573 1.737186 0.198300
v -0.411452 1.736858 0.179163
v -0.418019 1.735745 0.160160
v -0.423912 1.733894 0.140119
v -0.424020 1.733854 0.140313
v -0.408029 1.744231 0.137157
v -0.391966 1.754864 0.132147
v -0.376737 1.765281 0.126217
v -0.371461 1.769639 0.124001
v -0.346671 1.787474 0.113906
v -0.346855 1.787397 0.113808
v -0.339953 1.789348 0.136330
v -0.331288 1.790641 0.160261
v -0.320025 1.790791 0.181667
v -0.306474 1.789443 0.201289
v -0.290313 1.787306 0.218530
v -0.272164 1.784826 0.233517
v -0.251223 1.782412 0.245169
v -0.229700 1.780279 0.254593
v -0.206052 1.778799 0.262548
v -0.182426 1.777766 0.268053
v -0.157440 1.777107 0.272655
v -0.131038 1.776971 0.276441
v -0.058750 1.777162 0.283070
v 0.001018 1.777546 0.285305
v 0.053680 1.777440 0.283907
v 0.083167 1.777288 0.281986
v 0.131706 1.777357 0.276807
v 0.157154 1.777812 0.273357
v 0.181967 1.778583 0.269320
v 0.206562 1.779870 0.263626
v 0.229250 1.781817 0.256138
v 0.251439 1.784459 0.246238
v 0.271339 1.787884 0.233169
v 0.288755 1.791582 0.218156
v 0.305323 1.795069 0.200524
v 0.318945 1.796730 0.180336
v 0.329788 1.797519 0.158334
v 0.338568 1.796808 0.134745
v 0.346133 1.795382 0.110509
v -0.089289 1.777206 0.281001
v -0.198880 1.703287 0.327239
v 0.105716 1.777454 0.279950
v -0.347346 1.787345 0.113003
v -0.423862 1.733441 0.139310
v -0.413975 1.676085 0.007581
v -0.380870 1.634301 -0.065671
v -0.323321 1.591951 -0.138277
v -0.221799 1.548455 -0.221242
v -0.140596 1.528905 -0.257576
v -0.002949 1.515150 -0.283677
v 0.145808 1.531331 -0.260213
v 0.245985 1.559268 -0.209826
v 0.389470 1.648029 -0.052674
v 0.424342 1.714280 0.069739
v 0.420254 1.738179 0.136015
v 0.345893 1.795007 0.110146
v 0.352830 1.778129 0.053253
v 0.335441 1.731129 -0.050092
v 0.275452 1.678022 -0.168283
v 0.168517 1.633414 -0.267371
v -0.022730 1.610350 -0.306204
v -0.159051 1.629134 -0.268592
v -0.300506 1.691069 -0.123209
v -0.340737 1.735539 -0.017212
v -0.352675 1.769573 0.058434
v 0.336883 1.605100 -0.125308
v 0.053543 1.613553 -0.302603
v -0.330597 1.644592 -0.105652
v -0.428098 1.712975 0.081462
v -0.240169 1.658566 -0.196571
v 0.365779 1.707328 -0.025123
v 0.240507 1.603603 -0.208782
v -0.347649 1.787721 0.112972
v -0.424142 1.733822 0.139216
v -0.414284 1.676481 0.007451
v -0.381127 1.634551 -0.066007
v -0.336521 1.600644 -0.125597
v -0.268176 1.565577 -0.191253
v -0.084553 1.520666 -0.274495
v 0.022827 1.516505 -0.282389
v 0.145993 1.531306 -0.260673
v 0.235815 1.555793 -0.216875
v 0.310432 1.589589 -0.158316
v 0.367054 1.626682 -0.086129
v 0.403661 1.669004 -0.016671
v 0.424640 1.714667 0.069606
v 0.420545 1.738548 0.135904
v 0.346229 1.795367 0.110098
v 0.353182 1.778519 0.053341
v 0.335795 1.731267 -0.050451
v 0.275770 1.678048 -0.168675
v 0.168682 1.633291 -0.267827
v 0.053603 1.613387 -0.303069
v -0.041275 1.610664 -0.305214
v -0.159309 1.629045 -0.269014
v -0.300980 1.691226 -0.123366
v -0.341132 1.735807 -0.017365
v -0.353019 1.769894 0.058288
v -0.191337 1.539525 -0.238225
v -0.330931 1.644758 -0.105979
v -0.428369 1.713344 0.081272
v -0.240470 1.658568 -0.196968
v 0.366540 1.705547 -0.027210
v 0.240713 1.603603 -0.209257
v -0.346874 1.787375 0.112911
v -0.391029 1.755399 0.129587
v -0.408180 1.744225 0.134482
v -0.424485 1.733586 0.138582
v -0.424723 1.733938 0.138723
v -0.428726 1.715147 0.082658
v -0.426613 1.706093 0.063499
v -0.423890 1.697595 0.046428
v -0.420158 1.688258 0.028406
v -0.415007 1.678667 0.010961
v -0.407964 1.667954 -0.007998
v -0.396115 1.652175 -0.035568
v -0.382224 1.636104 -0.063396
v -0.370011 1.625286 -0.082287
v -0.355720 1.614253 -0.101736
v -0.341372 1.604431 -0.119343
v -0.325479 1.594666 -0.137094
v -0.309179 1.585619 -0.153716
v -0.291749 1.576831 -0.169976
v -0.273509 1.568477 -0.185521
v -0.254126 1.560430 -0.200473
v -0.234840 1.553251 -0.213909
v -0.214312 1.546503 -0.226719
v -0.193011 1.540400 -0.238466
v -0.170546 1.534871 -0.249368
v -0.147528 1.530168 -0.258605
v -0.124336 1.526301 -0.265480
v -0.099301 1.522813 -0.271414
v -0.075147 1.520136 -0.275833
v -0.050392 1.518181 -0.279076
v -0.025244 1.517038 -0.281121
v -0.000117 1.516782 -0.281873
v 0.024881 1.517415 -0.281440
v 0.050013 1.518916 -0.279822
v 0.074846 1.521185 -0.277089
v 0.099546 1.524170 -0.273167
v 0.123130 1.527635 -0.268132
v 0.147930 1.531857 -0.261205
v 0.170167 1.536754 -0.252591
v 0.192568 1.542621 -0.242197
v 0.214056 1.549079 -0.230671
v 0.234471 1.556038 -0.218244
v 0.254447 1.563666 -0.204638
v 0.273020 1.571535 -0.190524
v 0.291703 1.580264 -0.174789
v 0.308627 1.588980 -0.158996
v 0.324929 1.598228 -0.142248
v 0.340356 1.607920 -0.124695
v 0.354943 1.618129 -0.106358
v 0.368352 1.628657 -0.087589
v 0.380766 1.639891 -0.067777
v 0.389461 1.650390 -0.049604
v 0.397519 1.660987 -0.031245
v 0.405027 1.671824 -0.012424
v 0.411928 1.683045 0.007291
v 0.416770 1.692593 0.024391
v 0.420323 1.701800 0.042408
v 0.422679 1.708808 0.055509
v 0.425375 1.719767 0.078302
v 0.424321 1.729167 0.104133
v 0.421451 1.738993 0.134854
v 0.421586 1.738889 0.134751
v 0.398702 1.755258 0.128398
v 0.369047 1.777405 0.118686
v 0.345932 1.795251 0.110077
v 0.346042 1.795211 0.110254
v 0.350739 1.789169 0.085655
v 0.352342 1.781157 0.061337
v 0.351753 1.771891 0.037914
v 0.349303 1.761965 0.015205
v 0.345267 1.750921 -0.008662
v 0.340228 1.740476 -0.030809
v 0.334292 1.730309 -0.053087
v 0.326983 1.720648 -0.075475
v 0.319269 1.711507 -0.097379
v 0.309133 1.701852 -0.119084
v 0.296389 1.692621 -0.138612
v 0.281976 1.683400 -0.157990
v 0.256183 1.668909 -0.189195
v 0.235369 1.658531 -0.212014
v 0.217969 1.651231 -0.228607
v 0.199506 1.643940 -0.244386
v 0.179275 1.637231 -0.258728
v 0.158221 1.631415 -0.271195
v 0.135360 1.626598 -0.281101
v 0.111381 1.622224 -0.289527
v 0.087256 1.618077 -0.296735
v 0.062505 1.614208 -0.302562
v 0.037643 1.611505 -0.306346
v 0.012026 1.610338 -0.307800
v -0.013235 1.610079 -0.307337
v -0.038222 1.610976 -0.305262
v -0.063156 1.613496 -0.300586
v -0.087492 1.616998 -0.293927
v -0.111065 1.620918 -0.286022
v -0.135056 1.625181 -0.277110
v -0.157761 1.629922 -0.266621
v -0.178360 1.635159 -0.253716
v -0.197926 1.641227 -0.238284
v -0.216400 1.648113 -0.222095
v -0.238591 1.657647 -0.199993
v -0.280389 1.678652 -0.151405
v -0.294799 1.687613 -0.131589
v -0.306915 1.696554 -0.112015
v -0.316754 1.705519 -0.090305
v -0.324882 1.714482 -0.068691
v -0.332376 1.723766 -0.046862
v -0.339147 1.733489 -0.024677
v -0.344921 1.743360 -0.002844
v -0.349281 1.754098 0.020186
v -0.352497 1.764047 0.042554
v -0.353380 1.773009 0.065147
v -0.351701 1.781358 0.089394
v -0.346971 1.787391 0.113130
v -0.265810 1.670968 -0.169519
v 0.267436 1.675006 -0.176260
v -0.888946 0.441845 0.073370
v -0.834644 0.684983 0.084901
v -0.805978 0.683530 0.083062
v -0.806092 0.692447 0.125626
v -0.819792 0.721704 0.238742
v -0.836666 0.745057 0.303646
v -0.854328 0.762371 0.329947
v -0.910906 0.830482 0.409302
v -0.954547 0.899264 0.443807
v -0.996038 0.981383 0.449270
v -1.033517 1.088601 0.420669
v -1.064864 1.196907 0.364065
v -1.096032 1.277444 0.301810
v -1.106135 1.348408 0.199918
v -1.102761 1.377811 0.087985
v -1.102391 1.372768 0.002810
v -1.093021 1.344838 -0.086097
v -0.984202 1.031324 -0.274986
v -0.950206 0.948164 -0.275534
v -0.875586 0.806009 -0.210170
v -0.841990 0.760839 -0.122354
v -0.809736 0.698744 0.019293
v -0.805966 0.683518 0.082942
v -0.838857 0.678808 0.084603
v -0.871941 0.574404 0.081874
v -0.891029 0.435109 0.072731
v -0.941188 0.327961 -0.023076
v -0.998961 0.334014 -0.127800
v -1.044098 0.347575 -0.175548
v -1.117997 0.368519 -0.206737
v -1.383540 0.453287 -0.223501
v -1.423182 0.460952 -0.184001
v -1.411639 0.428805 0.028540
v -1.367870 0.385320 0.190119
v -1.280707 0.342962 0.282922
v -0.976567 0.281778 0.266141
v -1.017198 0.468071 -0.175760
v -1.249278 0.614483 -0.233460
v -1.428630 0.453848 -0.103217
v -1.159562 0.304901 0.325037
v -1.040721 0.474484 0.361495
v -0.981498 0.409041 0.325548
v -0.891428 0.423140 0.193693
v -0.837364 0.685622 0.127330
v -1.154086 1.284867 0.236616
v -0.915017 0.333389 0.062939
v -1.173187 1.252053 -0.056460
v -0.831970 0.718941 0.221782
v -1.204315 1.220020 0.035476
v -1.066826 0.510507 -0.201977
v -0.892181 0.500618 -0.029305
v -1.071302 0.287150 0.319800
v -1.235719 0.705198 0.323794
v -0.912473 0.333816 0.062880
v -0.995824 0.725860 0.415737
v -0.853481 0.674453 0.227786
v -0.879503 0.722868 0.329479
v -1.288152 0.426360 -0.227887
v -1.391111 0.572347 -0.178728
v -1.110885 0.974762 -0.218617
v -0.874013 0.650108 -0.030766
v -1.352374 0.533329 0.166980
v -1.326417 0.361910 0.248273
v -0.931436 0.294202 0.191130
v -0.921778 0.412582 0.274284
v -1.159133 1.213800 0.306147
v -0.927260 0.746846 0.423438
v -0.945139 0.444640 -0.092505
v -0.836909 0.709669 -0.021531
v -1.035275 1.187022 -0.234908
v -1.192217 1.210504 0.162581
v -1.180464 0.475642 0.342388
v -1.096524 1.006660 0.426317
v -1.219555 1.085626 0.298223
v -1.148739 1.086940 0.347186
v -0.870373 0.577270 0.081898
v -1.070622 1.276515 -0.187534
v -1.355856 0.569465 -0.217888
v -1.200539 1.173907 0.272319
v -1.005652 0.875992 0.459894
v -0.962185 0.805588 0.451130
v -0.888875 0.707920 -0.126215
v -1.226342 0.578384 0.329378
v -1.291334 0.526106 0.268472
v -1.061926 0.951321 0.447629
v -1.322646 0.812664 -0.173770
v -1.135905 0.638241 0.385350
v -0.983080 0.873717 -0.265334
v -1.270872 0.745310 -0.227842
v -1.074470 0.623882 0.395303
v -1.174897 0.935100 0.362845
v -0.957603 0.558927 -0.158405
v -1.353228 0.667450 0.009325
v -1.129882 0.627415 -0.209707
v -0.927347 0.686305 -0.201082
v -0.903744 0.762737 -0.190527
v -0.901605 0.590655 -0.130388
v -1.142966 0.806805 0.388008
v -1.213121 0.740976 0.355154
v -1.071007 0.813057 0.421187
v -0.972832 0.603375 0.375913
v -0.911736 0.561089 0.326873
v -0.904263 0.693118 0.387444
v -0.873481 0.620767 0.301975
v -0.956435 0.777908 -0.245593
v -0.926132 0.841663 -0.243033
v -1.056871 0.811796 -0.229561
v -1.162639 0.880095 -0.201505
v -1.025276 0.716987 -0.219962
v -1.142177 0.727964 -0.205373
v -0.986804 0.631512 -0.197990
v -1.284541 0.864963 -0.204709
v -1.340658 0.771753 -0.129936
v -1.330838 0.712389 -0.204251
v -1.229958 0.795236 -0.224753
v -1.234682 0.938995 0.321774
v -1.269291 0.798069 0.246440
v -1.290823 0.856235 0.175549
v -1.163461 1.111333 -0.200959
v -1.261040 1.019268 -0.157762
v -1.192554 1.121181 -0.187463
v -1.228600 0.954562 -0.210391
v -1.251143 1.096855 -0.022314
v -1.245641 1.019062 0.222818
v -1.305685 0.906753 0.089084
v -1.311400 0.878357 -0.044504
v -1.268732 1.056216 0.066061
v -1.319600 0.718576 0.179401
v -1.365669 0.545182 0.102380
v -1.259356 0.974352 -0.192093
v -0.885654 0.470245 0.076098
v -0.832800 0.683757 0.084927
v -0.805906 0.683986 0.082918
v -0.806018 0.693113 0.126166
v -0.821609 0.726178 0.251620
v -0.845577 0.754247 0.316949
v -0.887317 0.800957 0.384115
v -0.916266 0.839159 0.416269
v -0.954673 0.899091 0.443318
v -0.995979 0.981174 0.448792
v -1.033360 1.088470 0.420221
v -1.064545 1.196462 0.363822
v -1.095839 1.277192 0.301418
v -1.105847 1.348262 0.199327
v -1.102943 1.377789 0.089061
v -1.100520 1.370216 -0.007176
v -1.089307 1.334504 -0.103137
v -1.072358 1.282493 -0.179522
v -0.973814 1.001777 -0.279165
v -0.914747 0.879608 -0.253145
v -0.871871 0.800421 -0.200030
v -0.836392 0.752746 -0.104231
v -0.809516 0.697099 0.022733
v -0.805918 0.683998 0.083038
v -0.837043 0.678827 0.084279
v -0.870962 0.584313 0.082612
v -0.915043 0.333600 0.063583
v -0.941759 0.328070 -0.023234
v -0.991940 0.332453 -0.120767
v -1.051273 0.349641 -0.180395
v -1.282920 0.424783 -0.227204
v -1.391194 0.455213 -0.220994
v -1.418955 0.439929 -0.024168
v -1.372955 0.387837 0.184697
v -1.212432 0.319899 0.312073
v -1.063704 0.286038 0.318259
v -0.971098 0.282615 0.259135
v -1.017474 0.468120 -0.175348
v -1.137210 0.374964 -0.210939
v -1.392212 0.576190 -0.100041
v -1.217473 0.497673 0.326537
v -1.120810 0.296374 0.325971
v -0.891885 0.423309 0.193600
v -1.164941 1.258348 0.260010
v -1.151989 1.307082 0.021236
v -1.172692 1.252030 -0.056074
v -0.832185 0.719353 0.221532
v -0.892706 0.493357 -0.021687
v -1.429105 0.459169 -0.146605
v -1.304003 0.352153 0.266986
v -1.237704 0.695436 0.319690
v -0.912956 0.333900 0.062937
v -1.011752 0.729660 0.414875
v -1.136058 1.207847 -0.180959
v -1.392123 0.564115 -0.181037
v -0.931890 0.294370 0.191020
v -0.921628 0.404779 0.267543
v -1.323845 0.603962 0.210941
v -1.250548 0.614261 -0.232886
v -0.844377 0.715440 -0.040152
v -0.977892 0.380468 0.311407
v -1.348657 0.698663 -0.008663
v -1.033421 1.182882 -0.235861
v -0.958428 0.454569 -0.116739
v -1.354109 0.549019 0.153433
v -1.095317 1.011731 0.424719
v -1.148459 1.086787 0.346805
v -0.854403 0.643210 0.144184
v -1.355649 0.569369 -0.217448
v -1.205380 1.158479 0.274928
v -1.181112 1.180086 0.303667
v -0.910917 0.558038 0.323843
v -1.005644 0.876150 0.459395
v -0.962347 0.805770 0.450662
v -0.853652 0.676448 0.216098
v -0.888575 0.708441 -0.124683
v -1.285917 0.509599 0.275828
v -1.061747 0.951309 0.447163
v -1.177721 0.951065 0.356706
v -1.345621 0.749677 -0.138120
v -1.135808 0.638288 0.384864
v -0.983280 0.875145 -0.264917
v -1.270797 0.745244 -0.227357
v -0.878813 0.637254 -0.042722
v -1.076708 0.620927 0.393909
v -0.957914 0.559045 -0.158031
v -1.075368 0.502307 -0.203491
v -0.927632 0.686453 -0.200705
v -0.911566 0.772954 -0.207511
v -0.902011 0.590712 -0.130077
v -1.151287 0.822240 0.383565
v -1.199592 0.656999 0.358762
v -1.074498 0.813186 0.419435
v -0.997538 0.626190 0.389313
v -1.220771 0.788684 0.346254
v -0.957137 0.569206 0.358959
v -0.924505 0.740673 0.418464
v -0.874983 0.611106 0.298127
v -0.871759 0.714989 0.311679
v -0.893318 0.677095 0.363893
v -0.956540 0.777909 -0.245079
v -1.025585 0.705137 -0.216661
v -1.055545 0.794350 -0.227346
v -1.161494 0.856143 -0.201573
v -0.986541 0.633797 -0.198151
v -1.284291 0.864735 -0.204316
v -1.320170 0.820635 -0.172917
v -1.330442 0.712518 -0.203885
v -1.224206 0.766396 -0.224817
v -1.271739 0.820641 0.234074
v -1.235123 0.962223 0.316432
v -1.179445 1.119163 -0.194469
v -1.225079 1.088902 -0.165243
v -1.138121 0.971255 -0.207003
v -1.219236 0.991776 -0.205962
v -1.247312 1.018093 0.212249
v -1.263291 1.031898 0.145183
v -1.303418 0.920419 0.062307
v -1.287687 0.969344 -0.050833
v -1.240784 1.135018 0.013258
v -1.211233 1.201112 0.055803
v -1.134569 0.658660 -0.207793
v -1.319771 0.804332 0.122643
v -1.259060 0.974118 -0.191754
v -1.187537 1.216862 0.180166
v -1.277802 0.973464 -0.149686
v -0.892678 0.430806 0.072443
v -0.886498 0.466927 0.075212
v -0.876141 0.547036 0.080171
v -0.869216 0.588633 0.082241
v -0.861379 0.621606 0.083656
v -0.854029 0.644513 0.084424
v -0.845166 0.666858 0.084669
v -0.830817 0.685911 0.084687
v -0.805939 0.683769 0.083025
v -0.805945 0.683759 0.082990
v -0.805609 0.689282 0.109505
v -0.807959 0.697181 0.144351
v -0.813464 0.709744 0.189935
v -0.816756 0.715760 0.215951
v -0.820343 0.723895 0.242554
v -0.825931 0.730876 0.265805
v -0.832677 0.739913 0.288985
v -0.840918 0.750591 0.310604
v -0.852318 0.759896 0.328224
v -0.862208 0.771716 0.345772
v -0.876800 0.788487 0.366247
v -0.894274 0.809953 0.390734
v -0.904422 0.823557 0.403668
v -0.926436 0.854720 0.426449
v -0.938070 0.873088 0.434835
v -0.949505 0.891130 0.440691
v -0.960537 0.910426 0.445524
v -0.971067 0.929612 0.447713
v -0.981519 0.950037 0.448934
v -0.998335 0.988189 0.447616
v -1.007145 1.010436 0.443899
v -1.014636 1.030928 0.439324
v -1.021272 1.050549 0.433704
v -1.027589 1.070244 0.426779
v -1.033567 1.089418 0.419049
v -1.040218 1.112996 0.408276
v -1.059618 1.180132 0.372890
v -1.077621 1.229749 0.342565
v -1.085042 1.249121 0.328012
v -1.088996 1.259405 0.318709
v -1.094094 1.272864 0.304361
v -1.099749 1.299179 0.272787
v -1.102893 1.319356 0.245704
v -1.104292 1.331526 0.226737
v -1.104977 1.342392 0.207260
v -1.105665 1.351943 0.187020
v -1.105071 1.363254 0.154062
v -1.104322 1.372171 0.117743
v -1.101371 1.377399 0.075994
v -1.101372 1.377398 0.075994
v -1.101310 1.375366 0.041525
v -1.099598 1.369324 -0.001593
v -1.097711 1.362223 -0.031122
v -1.095838 1.355766 -0.051583
v -1.093513 1.348323 -0.070792
v -1.089669 1.336175 -0.097612
v -1.084542 1.320639 -0.125137
v -1.073700 1.286795 -0.172446
v -1.067180 1.270648 -0.186853
v -1.060341 1.253594 -0.199571
v -1.053234 1.235195 -0.211111
v -1.046069 1.216088 -0.220728
v -1.035498 1.187243 -0.232254
v -1.020220 1.143592 -0.246536
v -1.005675 1.098548 -0.258908
v -0.990765 1.052591 -0.269005
v -0.979692 1.021342 -0.273643
v -0.971109 0.998796 -0.275636
v -0.961829 0.976144 -0.276157
v -0.951725 0.952908 -0.275716
v -0.938227 0.924840 -0.268698
v -0.918139 0.887234 -0.255610
v -0.907302 0.865823 -0.246231
v -0.896283 0.845102 -0.234727
v -0.885355 0.824467 -0.222158
v -0.874899 0.806108 -0.206134
v -0.866295 0.792382 -0.184474
v -0.856806 0.781138 -0.161888
v -0.845891 0.766121 -0.130324
v -0.830411 0.741008 -0.077346
v -0.821949 0.724553 -0.039080
v -0.812941 0.706422 0.002330
v -0.809347 0.697140 0.029088
v -0.807491 0.689289 0.054578
v -0.805934 0.683759 0.082993
v -0.805950 0.683757 0.082991
v -0.830834 0.685880 0.084601
v -0.845181 0.666819 0.084583
v -0.854060 0.644454 0.084308
v -0.861347 0.621735 0.083555
v -0.869245 0.588454 0.082335
v -0.876087 0.547415 0.080332
v -0.886535 0.466671 0.075246
v -0.892704 0.430840 0.072063
v -0.892385 0.430769 0.072104
v -0.915079 0.333423 0.063057
v -0.914916 0.333415 0.063255
v -0.922064 0.331471 0.036345
v -0.929550 0.329970 0.012216
v -0.938182 0.328831 -0.012398
v -0.947960 0.328301 -0.036832
v -0.958702 0.328410 -0.060125
v -0.970858 0.329445 -0.083572
v -0.983442 0.331432 -0.105647
v -0.997935 0.334124 -0.127499
v -1.013507 0.338228 -0.147860
v -1.031929 0.343604 -0.164278
v -1.051794 0.350100 -0.179306
v -1.075051 0.356074 -0.190113
v -1.097835 0.362728 -0.198529
v -1.121705 0.370202 -0.205380
v -1.171671 0.386914 -0.214838
v -1.225641 0.405543 -0.221408
v -1.251937 0.414263 -0.224238
v -1.286130 0.425433 -0.226680
v -1.311749 0.433379 -0.227883
v -1.332328 0.439324 -0.227913
v -1.354973 0.445835 -0.226542
v -1.378544 0.451913 -0.223386
v -1.398781 0.456551 -0.212458
v -1.414415 0.459461 -0.195000
v -1.423984 0.460177 -0.173218
v -1.427651 0.458931 -0.149676
v -1.428487 0.456498 -0.126055
v -1.427619 0.453144 -0.100982
v -1.425893 0.449516 -0.077351
v -1.419232 0.440064 -0.025570
v -1.412038 0.429496 0.023826
v -1.403628 0.418085 0.073205
v -1.396250 0.409307 0.108257
v -1.389999 0.402906 0.132140
v -1.382964 0.396837 0.153043
v -1.373553 0.389713 0.175900
v -1.362760 0.382712 0.196128
v -1.350211 0.375217 0.216135
v -1.335938 0.367367 0.235485
v -1.319535 0.359344 0.252529
v -1.301327 0.351362 0.267896
v -1.282217 0.343738 0.281325
v -1.261310 0.336080 0.292623
v -1.238455 0.328391 0.302386
v -1.215915 0.321359 0.310034
v -1.192585 0.314503 0.316461
v -1.167964 0.307880 0.321295
v -1.143545 0.301942 0.324043
v -1.119855 0.296617 0.324538
v -1.094755 0.291610 0.322390
v -1.070555 0.287748 0.317176
v -1.046870 0.285026 0.309282
v -1.024582 0.283099 0.298187
v -1.003367 0.282251 0.284755
v -0.983046 0.282459 0.268837
v -0.965182 0.283726 0.251076
v -0.951451 0.286646 0.230655
v -0.939667 0.290856 0.208098
v -0.930947 0.296392 0.184793
v -0.924134 0.302803 0.160830
v -0.919160 0.309722 0.137096
v -0.915461 0.317403 0.112488
v -0.913151 0.325609 0.088333
v -0.914966 0.333418 0.063032
v -0.915006 0.333403 0.063058
v -0.895878 0.415344 0.070924
v -0.892701 0.430844 0.072059
v -1.150173 0.379529 -0.211120
v -1.078611 1.302966 -0.151481
v 0.897359 0.448520 0.071617
v 0.860621 0.651769 0.081583
v 0.811443 0.674334 0.079598
v 0.817482 0.693729 0.013890
v 0.848986 0.758416 -0.113644
v 0.889405 0.815504 -0.215882
v 0.964149 0.962745 -0.279391
v 1.033264 1.166894 -0.244412
v 1.074075 1.290206 -0.172938
v 1.098711 1.369815 -0.048411
v 1.103281 1.392412 0.067180
v 1.105848 1.380612 0.158643
v 1.078033 1.264016 0.353802
v 1.027109 1.109071 0.442679
v 0.993346 0.983341 0.497897
v 0.969067 0.930595 0.496853
v 0.935058 0.851773 0.439145
v 0.912491 0.812026 0.394251
v 0.849741 0.745691 0.307928
v 0.823193 0.714132 0.220487
v 0.810229 0.682210 0.125095
v 0.812069 0.674044 0.080197
v 0.861105 0.653458 0.081645
v 0.896077 0.468699 0.073167
v 0.924022 0.326950 0.061448
v 0.959394 0.283726 0.238187
v 1.083115 0.295786 0.322882
v 1.283116 0.359287 0.289329
v 1.354520 0.393251 0.222563
v 1.409163 0.428746 0.117598
v 1.458810 0.469057 -0.050960
v 1.376161 0.454342 -0.194691
v 1.129226 0.366350 -0.205976
v 1.025393 0.334804 -0.151379
v 0.964164 0.323794 -0.058574
v 0.924261 0.327041 0.061482
v 0.896275 0.423503 0.173761
v 1.016799 0.284720 0.292425
v 0.982304 0.473539 0.341382
v 1.153337 0.314313 0.328170
v 1.213069 0.459794 0.331413
v 1.358629 0.536138 0.179715
v 1.432655 0.578638 -0.131728
v 1.068007 0.457600 -0.202430
v 0.930399 0.431781 -0.047990
v 0.917963 0.574140 0.348108
v 1.195315 1.244159 0.099449
v 0.923155 0.310392 0.113164
v 0.850435 0.683076 0.163024
v 1.106039 1.346819 0.251490
v 0.858487 0.738795 0.298461
v 0.874033 0.697580 0.286790
v 1.147687 1.311457 -0.044238
v 0.848438 0.676408 0.038476
v 0.885888 0.646219 0.338303
v 1.467616 0.480132 -0.140346
v 1.177909 0.476481 -0.202034
v 1.051008 0.817939 -0.239252
v 0.912698 0.430989 0.250844
v 1.146044 1.246039 -0.144726
v 0.977815 0.867751 -0.262061
v 0.858739 0.716147 -0.061397
v 1.109915 1.288068 0.308381
v 1.091799 1.139920 -0.225866
v 1.403836 0.580574 -0.167620
v 0.994333 0.562530 -0.177450
v 0.937663 0.501857 -0.104732
v 0.884189 0.619306 -0.010889
v 0.968294 0.826951 0.479284
v 0.996983 0.880221 0.487066
v 1.239812 1.120963 -0.119563
v 0.896450 0.695838 -0.120664
v 1.411737 0.637546 -0.074546
v 1.109850 1.134269 0.398877
v 0.920041 0.717922 0.418261
v 1.126299 0.540920 -0.213676
v 0.923325 0.763186 -0.203127
v 1.253399 0.562792 0.312693
v 1.383935 0.723385 -0.135906
v 0.945495 0.452132 0.311576
v 0.956204 0.786614 0.463595
v 1.084870 0.925945 0.435648
v 1.334305 0.712713 -0.171205
v 1.115436 0.525847 0.369274
v 1.107940 1.017391 0.425985
v 1.023038 0.777476 0.431298
v 1.188657 1.085789 -0.166495
v 1.125802 1.005022 -0.234725
v 1.072170 0.943258 -0.248172
v 1.337120 0.662612 0.163766
v 1.216027 1.211867 0.010942
v 1.305334 0.982178 -0.111052
v 1.247362 1.132803 0.095757
v 1.314101 0.927212 -0.137205
v 1.209482 1.120582 0.224715
v 1.366261 0.801642 -0.123473
v 1.289268 0.953157 0.157931
v 1.241600 0.961480 0.258353
v 1.178132 0.981224 0.344125
v 1.291496 0.674378 0.262847
v 1.164994 0.859927 0.372771
v 1.164031 0.665626 0.372371
v 1.108288 0.691133 0.397578
v 0.867270 0.621024 0.254775
v 1.026351 0.609250 0.389867
v 0.965545 0.638918 0.392174
v 1.209664 0.855142 -0.180352
v 0.960036 0.764890 -0.237528
v 1.030065 0.652330 -0.216167
v 1.091594 0.659593 -0.232487
v 1.121722 0.764385 -0.240380
v 1.201202 0.688565 -0.192131
v 1.140542 0.858112 -0.235031
v 1.256572 0.770131 -0.175763
v 0.929784 0.683244 -0.196377
v 0.901959 0.541426 -0.080030
v 1.331409 0.861912 -0.002468
v 1.319897 0.862573 -0.150935
v 1.284415 1.023139 0.074162
v 0.899156 0.438011 0.070778
v 0.877780 0.593455 0.079893
v 0.850319 0.669281 0.081144
v 0.811504 0.672595 0.079535
v 0.816017 0.688055 0.024335
v 0.844068 0.749745 -0.107702
v 0.889217 0.814683 -0.213715
v 0.911189 0.859937 -0.237403
v 0.962980 0.960565 -0.278311
v 1.034097 1.169509 -0.243376
v 1.065890 1.265764 -0.190850
v 1.086035 1.326629 -0.128093
v 1.099762 1.378353 -0.017827
v 1.099974 1.389454 0.071518
v 1.105610 1.381817 0.151129
v 1.105988 1.353761 0.236044
v 1.077914 1.264078 0.353208
v 1.026782 1.107962 0.443192
v 0.988679 0.969622 0.501395
v 0.939940 0.865239 0.451114
v 0.914568 0.814414 0.397564
v 0.850028 0.746281 0.308376
v 0.822975 0.714485 0.219946
v 0.810078 0.682673 0.125062
v 0.811966 0.674580 0.080055
v 0.862932 0.652042 0.081687
v 0.895925 0.464574 0.072843
v 0.924495 0.327069 0.061518
v 0.946355 0.288654 0.206109
v 0.968445 0.283813 0.248674
v 1.137485 0.309513 0.329704
v 1.282853 0.359306 0.288908
v 1.358817 0.395433 0.217588
v 1.404142 0.425071 0.130149
v 1.448574 0.475614 -0.160738
v 1.138104 0.369630 -0.207698
v 1.025702 0.334888 -0.150996
v 0.964636 0.323908 -0.058459
v 0.925268 0.327291 0.061699
v 0.898360 0.418305 0.147059
v 1.022246 0.285303 0.296062
v 1.085340 0.429130 0.352635
v 1.191610 0.552471 0.349242
v 1.367934 0.530001 0.156716
v 1.437460 0.574256 -0.113174
v 1.419645 0.578927 -0.150344
v 1.366629 0.450744 -0.194737
v 1.186805 0.479913 -0.200888
v 1.084577 0.452973 -0.203730
v 0.930885 0.431773 -0.047809
v 0.918256 0.574319 0.347743
v 0.923628 0.310527 0.113156
v 0.850871 0.683320 0.162889
v 0.858755 0.739132 0.298165
v 0.874512 0.697692 0.286669
v 1.150277 1.262106 -0.124016
v 1.028279 0.606257 -0.206119
v 0.903246 0.518332 -0.061736
v 1.202250 1.060765 -0.161264
v 0.886346 0.646275 0.338116
v 1.468403 0.479520 -0.129916
v 1.458631 0.469117 -0.051976
v 1.065218 0.922184 -0.247639
v 0.909891 0.724196 -0.165093
v 0.907518 0.465735 0.262695
v 1.020089 0.467652 0.352999
v 0.850291 0.685569 0.016891
v 1.166577 1.297988 -0.004849
v 1.391913 0.577564 -0.171753
v 1.049390 0.481574 -0.195108
v 0.869345 0.745886 -0.121268
v 0.956654 0.509933 -0.129005
v 0.965037 0.923432 0.493759
v 0.998401 0.876953 0.483899
v 1.108217 1.205508 -0.192555
v 0.887340 0.638453 -0.044051
v 1.378234 0.716601 -0.039175
v 1.094045 1.149845 0.401038
v 0.920389 0.717947 0.417881
v 0.961825 0.802533 0.470454
v 1.123488 0.553150 -0.215165
v 1.105485 1.004277 0.428734
v 1.125934 1.016359 -0.233870
v 1.257648 0.536951 0.308914
v 1.402062 0.682767 -0.118330
v 0.945852 0.452192 0.311218
v 1.246806 1.060817 -0.137698
v 1.370391 0.783840 -0.125631
v 1.328719 0.719178 -0.171577
v 1.145448 0.498908 0.358938
v 1.217497 0.812977 -0.177939
v 1.295349 0.665275 0.254718
v 1.141513 0.841013 0.394655
v 1.336174 0.681456 0.155762
v 1.206985 1.230485 0.053096
v 1.234818 1.127093 -0.119970
v 1.066518 0.858955 0.434002
v 1.292527 0.840150 0.206234
v 1.241908 1.144619 0.099554
v 1.322387 0.902795 -0.011000
v 1.252164 1.031558 0.200092
v 1.290455 0.986739 0.113030
v 1.231218 0.948903 0.278108
v 1.175912 0.994987 0.343257
v 1.118951 1.116982 0.392913
v 1.167635 1.148241 0.284673
v 1.110135 1.288521 0.307159
v 0.871625 0.621600 0.276872
v 0.900656 0.427165 0.205527
v 1.011698 0.730596 0.419509
v 0.965547 0.639107 0.391711
v 1.124953 0.821021 -0.241620
v 1.251541 0.675643 0.308435
v 0.972451 0.830121 -0.256743
v 1.014707 0.726881 -0.226664
v 1.114174 0.677183 -0.235111
v 1.186521 0.656814 -0.197235
v 0.933357 0.695971 -0.203421
v 0.909473 0.586953 -0.125921
v 1.294842 1.010729 -0.106019
v 1.325605 0.923805 -0.095159
v 1.292446 0.929843 -0.150434
v 1.331009 0.873258 -0.140766
v 0.902551 0.424244 0.069608
v 0.895382 0.463947 0.072323
v 0.885956 0.539014 0.077005
v 0.878986 0.582560 0.079343
v 0.871231 0.615778 0.080689
v 0.864765 0.638688 0.081270
v 0.855732 0.661013 0.081298
v 0.836076 0.674523 0.080695
v 0.811577 0.672586 0.079286
v 0.811770 0.672540 0.079541
v 0.813718 0.678839 0.051948
v 0.815866 0.687245 0.024462
v 0.825192 0.708948 -0.024840
v 0.868538 0.786946 -0.173187
v 0.879363 0.801385 -0.197630
v 0.891033 0.815607 -0.216390
v 0.899206 0.836230 -0.229102
v 0.909560 0.856824 -0.239912
v 0.926127 0.888135 -0.254317
v 0.941768 0.918256 -0.265756
v 0.952574 0.940140 -0.272120
v 0.962241 0.961461 -0.274925
v 0.971293 0.984136 -0.275560
v 0.979824 1.006725 -0.274812
v 0.987899 1.028841 -0.272848
v 0.999592 1.062997 -0.267971
v 1.013361 1.105771 -0.259534
v 1.027032 1.148381 -0.248209
v 1.037268 1.178816 -0.237488
v 1.043770 1.198785 -0.229092
v 1.050175 1.218065 -0.219684
v 1.056364 1.236849 -0.209248
v 1.062196 1.254566 -0.197859
v 1.068185 1.272081 -0.184903
v 1.073430 1.288158 -0.171079
v 1.078411 1.303160 -0.155896
v 1.082483 1.315555 -0.141211
v 1.086012 1.326881 -0.125657
v 1.089206 1.337220 -0.109431
v 1.091951 1.346599 -0.092558
v 1.094393 1.355587 -0.074521
v 1.096185 1.363806 -0.055095
v 1.097783 1.370886 -0.035346
v 1.099046 1.376609 -0.014902
v 1.099943 1.381383 0.006236
v 1.100489 1.385015 0.027658
v 1.100615 1.387690 0.049135
v 1.100233 1.389517 0.071522
v 1.100137 1.389646 0.071519
v 1.102111 1.386505 0.106295
v 1.103547 1.378848 0.152462
v 1.103973 1.370614 0.183897
v 1.104022 1.363113 0.205507
v 1.103528 1.354673 0.226522
v 1.102318 1.345083 0.246740
v 1.100722 1.334391 0.266589
v 1.097307 1.322018 0.284656
v 1.093240 1.308324 0.302651
v 1.087197 1.291510 0.322554
v 1.082504 1.277130 0.337937
v 1.077150 1.260641 0.353279
v 1.071106 1.243106 0.367811
v 1.064721 1.225059 0.379781
v 1.054005 1.193437 0.398421
v 1.036553 1.139849 0.426545
v 1.022344 1.090965 0.451406
v 1.009181 1.041369 0.475530
v 1.003855 1.019911 0.485039
v 0.997527 0.997573 0.493003
v 0.989841 0.974952 0.498831
v 0.980094 0.952401 0.499897
v 0.969124 0.931396 0.494973
v 0.958521 0.910797 0.485642
v 0.949086 0.890013 0.471273
v 0.927808 0.838689 0.424816
v 0.918028 0.823140 0.408202
v 0.908427 0.807958 0.389961
v 0.895083 0.793262 0.374679
v 0.870869 0.767893 0.343293
v 0.857742 0.753864 0.322443
v 0.848378 0.742971 0.302042
v 0.840434 0.734187 0.279807
v 0.833081 0.725946 0.255129
v 0.826371 0.717167 0.231718
v 0.821163 0.706631 0.206021
v 0.816614 0.696435 0.174601
v 0.810214 0.677351 0.108217
v 0.811394 0.672486 0.079518
v 0.811574 0.672546 0.079606
v 0.836119 0.674472 0.080876
v 0.855740 0.660995 0.081322
v 0.864753 0.638744 0.081174
v 0.871329 0.615465 0.080483
v 0.878973 0.582646 0.079274
v 0.885967 0.538926 0.077005
v 0.895398 0.463849 0.072274
v 0.902560 0.424260 0.069447
v 0.902314 0.424200 0.069546
v 0.924282 0.327029 0.061479
v 0.924353 0.327089 0.061333
v 0.923047 0.318920 0.087040
v 0.924904 0.311285 0.112275
v 0.928534 0.304520 0.136812
v 0.933840 0.298157 0.162366
v 0.940329 0.292859 0.186172
v 0.949467 0.288588 0.210355
v 0.960781 0.285787 0.232434
v 0.975431 0.284421 0.254226
v 0.993109 0.283730 0.272032
v 1.013236 0.285167 0.287324
v 1.034572 0.287587 0.300995
v 1.056821 0.291376 0.311657
v 1.080393 0.296094 0.319139
v 1.104066 0.301293 0.324820
v 1.128505 0.307616 0.326966
v 1.153027 0.314716 0.326155
v 1.176461 0.321995 0.323306
v 1.199663 0.329547 0.318663
v 1.223088 0.337523 0.312277
v 1.245333 0.345275 0.304658
v 1.266691 0.353543 0.295098
v 1.286713 0.361644 0.283633
v 1.305833 0.369949 0.270119
v 1.323694 0.378163 0.254771
v 1.339911 0.386003 0.238358
v 1.354766 0.393629 0.220741
v 1.367825 0.401009 0.201719
v 1.379640 0.408213 0.181513
v 1.390096 0.415091 0.160706
v 1.399525 0.421878 0.138524
v 1.410755 0.430527 0.108576
v 1.431294 0.447617 0.043400
v 1.447335 0.460281 -0.010614
v 1.453343 0.465123 -0.033229
v 1.465187 0.474808 -0.088375
v 1.467564 0.477652 -0.111420
v 1.465465 0.479005 -0.135482
v 1.452854 0.476498 -0.155780
v 1.433415 0.471324 -0.168307
v 1.412512 0.465194 -0.178982
v 1.391482 0.458702 -0.187130
v 1.368103 0.451138 -0.193443
v 1.346427 0.443853 -0.196992
v 1.315450 0.433178 -0.200226
v 1.245372 0.408217 -0.204023
v 1.133808 0.368313 -0.202893
v 1.109661 0.360133 -0.200105
v 1.085418 0.352603 -0.191119
v 1.064172 0.345916 -0.180575
v 1.044321 0.340160 -0.166646
v 1.024422 0.334859 -0.150395
v 1.008551 0.331122 -0.130349
v 0.994008 0.328064 -0.108778
v 0.980835 0.325999 -0.085938
v 0.969018 0.324904 -0.062767
v 0.957790 0.324564 -0.038639
v 0.947626 0.324763 -0.013879
v 0.938704 0.325417 0.010215
v 0.930415 0.326080 0.036399
v 0.924301 0.327062 0.061556
v 0.924258 0.327011 0.061582
v 0.902321 0.424196 0.069573
v 0.811986 0.685431 0.137305
v 0.937544 0.858946 0.445295
v 0.837509 0.735627 -0.079239
v 0.842588 0.746789 -0.098733
v 1.460220 0.470529 -0.061621
v 1.181446 0.385017 -0.204966
v 0.848608 0.757426 -0.116927
v 1.099403 1.327008 0.280527
v 1.105341 1.367100 0.201081
v 1.101794 1.392574 0.070781
v 0.953336 1.517097 0.075575
v 0.547503 1.687165 0.124559
v 0.421224 1.739342 0.135450
v 0.407285 1.743213 0.186852
v 0.375081 1.737408 0.240977
v 0.326982 1.723962 0.286223
v 0.268121 1.711862 0.314865
v 0.201758 1.703061 0.328231
v -0.264801 1.710006 0.314049
v -0.322629 1.720420 0.288934
v -0.363036 1.729424 0.257163
v -0.400989 1.737880 0.208446
v -0.424777 1.734249 0.139348
v -0.529477 1.686890 0.134103
v -0.709248 1.614419 0.115454
v -0.864455 1.554599 0.096029
v -0.990484 1.487249 0.084876
v -1.106819 1.365534 0.156482
v -1.102882 1.326040 0.235094
v -1.080471 1.237749 0.337802
v -1.049160 1.143932 0.393628
v -0.991778 0.971796 0.449153
v -0.929535 0.859866 0.428294
v -0.881075 0.792904 0.373358
v -0.832117 0.741133 0.295065
v -0.812672 0.712759 0.203116
v -0.806685 0.682968 0.083032
v -0.791869 0.646386 0.075479
v -0.799543 0.460057 0.054044
v -0.813620 0.191697 0.038015
v -0.777325 -0.218534 0.008501
v -0.782488 -0.322936 -0.001560
v -0.847981 -1.378969 -0.091519
v -0.861856 -1.520090 -0.097411
v -0.752749 -1.541113 0.227286
v -0.667432 -1.546904 0.379225
v -0.608565 -1.548465 0.446015
v -0.548732 -1.549056 0.494526
v -0.464745 -1.549114 0.539983
v -0.256182 -1.547829 0.580826
v 0.117956 -1.547168 0.565132
v 0.341563 -1.550799 0.550389
v 0.452010 -1.553169 0.522363
v 0.581207 -1.555697 0.449805
v 0.699024 -1.556136 0.314472
v 0.826970 -1.542201 0.042793
v 0.869261 -1.532443 -0.091747
v 0.853468 -1.406739 -0.092617
v 0.837688 -1.185093 -0.076602
v 0.797035 -0.766604 -0.043486
v 0.781466 -0.295540 -0.010252
v 0.781553 -0.081686 0.002539
v 0.781048 0.011159 0.009676
v 0.785806 0.241006 0.026222
v 0.797118 0.628493 0.071014
v 0.815709 0.669900 0.079754
v 0.812223 0.686467 0.160996
v 0.824412 0.717567 0.221137
v 0.847012 0.755312 0.314146
v 0.873328 0.769344 0.346447
v 0.906521 0.804423 0.389385
v 0.940916 0.864590 0.449502
v 0.983044 0.957776 0.499744
v 1.018315 1.074653 0.461550
v 1.040540 1.152851 0.420305
v 1.077782 1.262552 0.353333
v -0.378562 -1.548709 0.566535
v 0.565414 -1.402526 0.463042
v 0.725212 -1.420845 0.247490
v 0.152831 1.633278 0.379110
v 0.851179 0.746407 0.341712
v 0.116661 1.697473 0.334975
v -0.807300 0.621544 0.207632
v 0.820954 0.636668 0.218322
v 0.369517 1.663729 0.343842
v -0.867784 0.699043 0.339647
v -1.105364 1.381375 0.074739
v -0.195436 1.701122 0.327452
v 0.254092 1.673660 0.347387
v -0.886094 0.889514 0.478214
v -0.854366 0.765383 0.369049
v -0.989503 1.094653 0.435140
v -0.039090 1.693576 0.335433
v -0.897635 0.879874 0.441236
v -0.933920 0.985626 0.458948
v 1.011992 1.464513 0.142863
v -0.918758 1.109363 0.467818
v 0.014676 1.584903 0.389454
v -0.834692 -1.260096 -0.020928
v 0.598680 -1.098477 0.440842
v 0.837015 -1.286481 -0.047414
v 0.866480 0.851545 0.486207
v 0.854626 0.995122 0.512783
v 0.916353 1.120323 0.510934
v 0.968175 1.313911 0.373358
v -0.493107 1.614240 0.367178
v -0.895422 1.002833 0.493891
v -0.743914 1.595646 0.163818
v 0.879828 0.887168 0.463513
v 0.933257 1.048986 0.510174
v 0.872433 0.732233 0.414003
v -0.811926 0.358667 0.088266
v -0.576222 1.630595 0.302885
v -0.186053 1.611461 0.394784
v 0.078683 1.392138 0.485448
v -0.834842 -1.097304 -0.067338
v 0.830870 -1.437811 0.000702
v 0.808522 -1.347904 0.056411
v 0.791851 0.449185 0.048070
v 0.889024 0.828689 0.413749
v 0.845285 1.569898 0.085911
v -0.889162 0.820248 0.486192
v -0.773436 -0.189284 0.105550
v 0.920963 0.916139 0.460230
v -0.823822 0.234486 0.115427
v -0.923220 1.509150 0.169343
v -0.936033 1.470594 0.223827
v -0.530938 1.686943 0.210556
v -0.958119 1.260708 0.386728
v -0.799444 -0.011005 0.073223
v 0.444901 -1.453873 0.533697
v 0.802441 -0.806888 0.058153
v 0.864750 0.777016 0.399443
v 0.832737 0.635285 0.331231
v 0.887835 1.540041 0.150231
v 0.557496 1.665208 0.253955
v -0.865971 0.932433 0.543623
v 0.875891 1.043668 0.507277
v 0.867347 0.777368 0.474453
v -0.917519 1.412848 0.307766
v -0.689364 -1.375535 0.365661
v 0.815248 -1.006930 0.032624
v -0.783939 0.820583 0.534096
v -0.879447 0.866345 0.520707
v -0.578297 -1.258213 0.496570
v 0.297373 -1.413640 0.569364
v 0.803514 -1.073206 0.122318
v -0.745799 1.567266 0.245283
v -0.742071 0.365207 0.352112
v -0.796268 0.359068 0.167035
v 0.698765 1.596179 0.258217
v 0.937255 1.484242 0.221033
v -1.095225 1.280452 0.291824
v 0.638398 -1.394326 0.388933
v 0.752934 0.259394 0.168048
v -0.806570 0.212283 0.265184
v 0.782009 -0.401103 0.048047
v -0.822233 0.223671 0.193311
v 0.758145 0.190799 0.089100
v 0.727956 -0.157850 0.278410
v 0.679863 -1.388295 0.331582
v 0.850625 0.824532 0.513828
v -0.809768 -0.813032 0.071078
v -0.796122 0.543207 0.198399
v 0.650860 -1.125010 0.391367
v 0.769927 -1.088282 0.217906
v 0.757110 -0.804381 0.289815
v 0.793031 -0.678967 0.165889
v 0.399333 1.534251 0.458228
v 0.562958 1.446622 0.481507
v 0.458727 1.580924 0.412833
v -0.836929 1.050151 0.549915
v -0.809942 1.129883 0.538724
v -0.882618 0.740677 0.436814
v -0.437219 1.565805 0.430427
v -0.784201 0.492629 0.292551
v 0.022214 1.454381 0.466063
v 0.167000 1.543151 0.439912
v 0.782548 0.392805 0.106211
v -0.813482 0.616131 0.320293
v -0.802714 -0.987300 0.135134
v -0.798809 -1.382072 0.104759
v -0.110396 -1.247437 0.596743
v -0.273150 -1.156902 0.600448
v -0.392503 -1.237876 0.580349
v -0.493216 -1.214693 0.549140
v -0.358733 -0.704859 0.616688
v -0.737705 -1.282498 0.281565
v -0.729324 -0.769687 0.365161
v 0.748161 -0.176800 0.158835
v 0.685590 0.020527 0.223542
v 0.773327 -0.602908 0.267864
v 0.736743 -0.689830 0.340165
v 0.696381 -0.682352 0.390611
v 0.770544 -0.459972 0.247509
v 0.740536 -0.416208 0.361151
v 0.857821 1.227350 0.498614
v 0.790840 1.439576 0.390368
v 0.860200 1.482599 0.297444
v -0.188141 -0.981095 0.609473
v 0.366047 -1.085447 0.565560
v 0.236929 -1.119228 0.576727
v -0.786085 0.005194 0.192133
v -0.743913 0.040758 0.402504
v -0.727774 -0.056681 0.462348
v 0.767383 1.090030 0.571634
v 0.842354 0.893219 0.538665
v -0.764519 -0.775837 0.283822
v 0.516313 1.616271 0.358505
v 0.641112 1.577623 0.338247
v 0.651494 1.491361 0.417110
v 0.804917 0.546442 0.280718
v 0.788782 0.614072 0.410232
v 0.723573 0.409197 0.381340
v 0.780159 0.494409 0.325140
v 0.676939 0.489405 0.465364
v 0.786233 0.683072 0.463944
v 0.671472 0.396260 0.451387
v 0.665832 0.572330 0.502426
v 0.618795 0.530399 0.532613
v 0.588065 0.762841 0.595552
v 0.484565 0.699534 0.635081
v 0.561571 0.651716 0.595280
v 0.782166 0.770035 0.511341
v 0.535047 0.593678 0.621738
v 0.601333 0.435935 0.579149
v -0.830484 0.673233 0.410401
v -0.787596 0.584795 0.391275
v -0.787348 0.673037 0.468391
v -0.740136 0.472057 0.388078
v -0.072962 1.460393 0.457177
v -0.733137 0.401532 0.369860
v -0.775761 0.289762 0.355700
v -0.694529 0.469229 0.468735
v 0.345996 1.439741 0.508391
v 0.197433 1.392630 0.499754
v -0.420904 -0.898387 0.595600
v -0.516489 -0.731063 0.575543
v -0.103929 -0.922196 0.602835
v -0.629468 -1.053960 0.469718
v -0.688207 -0.970878 0.406803
v 0.777123 1.364038 0.456705
v 0.638493 1.146885 0.577945
v 0.667977 1.245150 0.556587
v -0.808635 0.887325 0.538936
v -0.746009 1.069959 0.557206
v -0.647519 1.104881 0.574927
v -0.731463 0.928806 0.561010
v -0.669682 1.240178 0.543125
v -0.806529 1.368044 0.415727
v -0.762165 1.470377 0.362265
v -0.749237 -0.176106 0.326390
v -0.699986 -0.149677 0.501565
v -0.731867 0.174591 0.483496
v 0.752485 0.845187 0.543424
v 0.648165 0.208462 0.401887
v 0.720142 0.291522 0.345395
v 0.640099 0.317773 0.482093
v 0.705625 0.976882 0.571641
v 0.520811 0.702997 0.627977
v 0.388692 0.650735 0.604606
v -0.122956 1.389617 0.491825
v -0.079732 1.311886 0.504631
v -0.361443 1.389781 0.529084
v -0.336936 1.282871 0.559987
v -0.300297 1.492021 0.480920
v -0.572992 -0.966681 0.525703
v 0.534156 -1.092892 0.490302
v 0.718673 -0.218973 0.404232
v 0.776643 1.213246 0.525006
v -0.829746 0.769453 0.501129
v -0.622855 0.740566 0.599668
v 0.739128 0.271802 0.272147
v -0.623255 -0.172119 0.563902
v -0.737489 0.302708 0.491335
v -0.676998 0.177960 0.563477
v -0.710334 0.222689 0.536428
v -0.678301 0.392339 0.585842
v -0.625618 0.366988 0.607163
v -0.712236 0.406578 0.528932
v -0.618819 0.567053 0.631253
v 0.807723 0.987905 0.562683
v 0.825854 1.094718 0.530738
v 0.607112 0.310556 0.550238
v 0.573820 0.286892 0.578573
v 0.567037 0.423727 0.601692
v 0.621466 0.187447 0.538658
v 0.586943 0.143931 0.541008
v -0.626198 1.560980 0.360225
v -0.580022 1.449468 0.466607
v -0.662613 0.581910 0.532233
v -0.470711 1.174563 0.600216
v -0.460134 1.405627 0.517733
v -0.659243 1.326512 0.508691
v 0.450518 1.403795 0.521492
v 0.330309 1.230668 0.572711
v 0.445887 1.218552 0.586282
v 0.511875 1.058316 0.616531
v -0.641871 -0.472845 0.519924
v -0.698186 -0.452185 0.461933
v 0.702083 0.129655 0.216554
v -0.689409 0.622835 0.518050
v -0.633231 0.799504 0.595282
v -0.687210 -0.007041 0.535756
v -0.757380 -0.377203 0.322544
v -0.499634 0.132618 0.625592
v -0.456345 0.655963 0.643437
v -0.544720 0.773800 0.656189
v -0.615508 0.686706 0.616876
v -0.571854 0.882382 0.636144
v 0.526548 0.478850 0.611427
v 0.494761 0.206863 0.549258
v 0.453404 0.389169 0.573336
v -0.656381 0.526180 0.602335
v -0.591452 0.666557 0.645703
v 0.392301 1.080725 0.614485
v 0.228485 1.184591 0.559608
v 0.182935 0.930103 0.589986
v 0.428409 0.929944 0.635088
v -0.581692 -0.691602 0.542363
v 0.688340 -0.150196 0.450762
v 0.698673 -0.357624 0.425766
v 0.616290 -0.660318 0.453477
v 0.487313 -0.526522 0.529574
v 0.432798 -1.131698 0.545336
v -0.540874 1.007669 0.632543
v 0.648986 0.098898 0.502111
v 0.631613 0.216247 0.467053
v 0.678403 0.025053 0.441619
v 0.689626 0.048084 0.195862
v 0.658152 0.088334 0.337029
v 0.271115 -0.714312 0.591299
v -0.528854 -0.279952 0.601025
v -0.589101 0.057621 0.595422
v 0.258310 0.719233 0.608674
v 0.315224 0.827372 0.611926
v 0.130697 0.756670 0.598231
v 0.033453 0.925038 0.535222
v 0.389409 0.381797 0.579075
v -0.055612 0.996527 0.532357
v 0.095578 1.201563 0.514621
v 0.493455 0.846468 0.635357
v -0.248384 -0.428457 0.617203
v -0.038707 -0.551697 0.585827
v 0.172140 -0.869262 0.582500
v 0.653598 -0.177668 0.467370
v 0.483771 -1.023527 0.524480
v 0.426625 -0.812239 0.555523
v -0.366574 -0.041458 0.636288
v -0.426818 -0.291324 0.626496
v -0.730601 -0.366294 0.417202
v -0.456121 -0.550004 0.608122
v -0.535417 0.414294 0.628288
v -0.293041 0.669531 0.628354
v -0.373424 0.478420 0.641809
v -0.271471 0.404170 0.623392
v -0.018958 0.773830 0.537234
v -0.014026 1.034957 0.521222
v -0.141490 0.644773 0.571926
v -0.309173 1.107995 0.597085
v 0.701739 -0.080255 0.425909
v 0.631798 0.061317 0.514299
v 0.510095 -0.180281 0.514379
v 0.523363 -0.045619 0.514750
v 0.645658 -0.366544 0.457304
v 0.321449 -0.592864 0.591526
v 0.227727 -0.453805 0.603446
v -0.421598 1.043672 0.625405
v -0.273458 0.939960 0.610192
v -0.492430 0.928267 0.645905
v -0.140578 0.267960 0.579983
v -0.027368 0.592175 0.556104
v -0.076517 0.589615 0.558014
v 0.127972 0.568446 0.609680
v 0.306648 0.598073 0.602802
v 0.378655 0.213672 0.578820
v -0.063448 -0.165448 0.582231
v 0.028267 -0.358134 0.585163
v 0.179112 -0.041513 0.617779
v 0.389735 -0.316206 0.574281
v -0.324502 0.272518 0.635358
v -0.437121 0.160376 0.637013
v 0.328049 -0.190551 0.596326
v -0.044513 0.071713 0.579938
v -0.271594 -0.090483 0.621976
v -0.079629 0.323258 0.573406
v 0.005198 0.362023 0.584798
v -0.326182 -0.454982 0.625616
v -0.137798 -0.107257 0.588132
v -0.016261 0.175202 0.583962
v 0.186287 0.396945 0.622141
v 0.115492 0.216766 0.614534
v 0.275407 -0.241480 0.607451
v 0.248619 0.226603 0.619657
v 1.097734 1.321699 0.286845
v 1.104821 1.378603 0.165088
v 1.102722 1.392110 0.070777
v 0.951486 1.517794 0.075619
v 0.545055 1.687715 0.124836
v 0.422849 1.740070 0.135398
v 0.387591 1.740028 0.224786
v 0.348216 1.730090 0.268611
v 0.287415 1.714289 0.308428
v 0.201378 1.702901 0.328107
v -0.192399 1.701037 0.328069
v -0.284629 1.712914 0.308427
v -0.352751 1.727080 0.267370
v -0.395488 1.736322 0.216416
v -0.424437 1.734563 0.139270
v -0.550623 1.679258 0.132724
v -0.863623 1.554309 0.096105
v -0.990261 1.486797 0.084782
v -1.101594 1.379134 0.076330
v -1.074334 1.222237 0.346394
v -1.048988 1.143863 0.393164
v -0.991654 0.971574 0.448658
v -0.929530 0.859993 0.427780
v -0.880915 0.793309 0.373121
v -0.831188 0.740811 0.294484
v -0.812239 0.712899 0.203549
v -0.796727 0.686890 0.081536
v -0.790289 0.591652 0.067710
v -0.807264 0.388764 0.048964
v -0.813424 0.160971 0.035874
v -0.778882 -0.222388 0.008145
v -0.786001 -0.387401 -0.007101
v -0.829083 -1.014818 -0.060313
v -0.847732 -1.402050 -0.093867
v -0.851057 -1.433031 -0.093637
v -0.861774 -1.519856 -0.097618
v -0.782557 -1.536958 0.152332
v -0.711642 -1.544592 0.309892
v -0.648080 -1.547475 0.402711
v -0.457975 -1.549049 0.542366
v -0.352912 -1.548484 0.570670
v 0.175237 -1.547543 0.561896
v 0.404172 -1.552026 0.537567
v 0.550906 -1.555098 0.470230
v 0.699187 -1.556125 0.313331
v 0.824033 -1.542651 0.048351
v 0.868971 -1.532475 -0.091837
v 0.852753 -1.404477 -0.092641
v 0.801432 -0.840111 -0.049383
v 0.785169 0.238738 0.025860
v 0.796618 0.628434 0.071054
v 0.815227 0.670073 0.079757
v 0.811277 0.687188 0.162678
v 0.823898 0.717525 0.221082
v 0.846883 0.755517 0.314408
v 0.873051 0.769746 0.346307
v 0.905718 0.803863 0.388091
v 0.934257 0.850000 0.436232
v 0.960999 0.914833 0.488186
v 0.985502 0.962930 0.500561
v 1.018734 1.081168 0.455552
v 1.069686 1.239970 0.371229
v -0.598646 -1.548532 0.455486
v -0.574350 -1.412735 0.486416
v -0.511265 -1.340779 0.530945
v -0.420722 -1.362204 0.565294
v 0.290359 -1.437235 0.567550
v 0.605985 -1.556035 0.426125
v 0.626203 -1.367472 0.403230
v 0.718186 -1.394148 0.263123
v 0.810158 -1.455734 0.057602
v -1.094266 1.275918 0.297157
v 0.857153 0.699351 0.345811
v 0.850678 0.746486 0.341769
v -0.545597 1.664394 0.258445
v 0.102997 1.696960 0.335745
v -0.806824 0.621695 0.207678
v 0.353149 1.669826 0.339878
v -0.867229 0.699059 0.339630
v -1.053334 1.429282 0.078616
v 1.012280 1.460983 0.157533
v 0.249077 1.673059 0.347488
v -0.853834 0.765464 0.369088
v -0.987437 1.094644 0.435474
v -0.037638 1.693450 0.335201
v -0.897359 0.880055 0.440829
v -0.920151 0.980643 0.462738
v 0.534938 1.686811 0.208704
v -1.024010 1.364626 0.264166
v -1.105113 1.348247 0.196526
v 0.011577 1.568928 0.396866
v -0.761966 -1.376771 0.210757
v 0.640346 -1.111211 0.402222
v -0.412398 1.738922 0.183310
v 0.920769 1.118830 0.510426
v 0.804553 0.589785 0.167852
v 0.963378 1.309571 0.378156
v 0.839674 -1.217478 -0.079162
v -0.755348 1.588116 0.175261
v 0.881488 0.827929 0.418182
v 0.885359 0.923335 0.470994
v 0.879102 1.022111 0.498420
v -0.811429 0.358683 0.088261
v -0.419907 1.565603 0.431849
v -0.014768 1.385378 0.485732
v -0.235414 1.517086 0.458092
v -0.761465 -0.171947 0.194253
v 0.391851 -1.439399 0.550071
v 0.792112 -1.364302 0.097966
v 0.791907 0.470634 0.050512
v 0.919658 0.901808 0.453696
v -0.937377 1.493937 0.184981
v 0.844712 1.569607 0.085944
v 0.153003 1.631650 0.379368
v -0.885599 0.799882 0.463129
v -0.887231 0.900711 0.482147
v -0.897540 1.028364 0.489962
v 0.808400 -0.913240 0.039935
v 0.763973 0.003156 0.045581
v -0.885534 0.831078 0.501729
v -0.813553 -1.405136 0.052739
v -0.793165 -0.043314 0.104193
v -0.242602 -1.547650 0.579983
v 0.472324 -1.449988 0.519755
v 0.784496 -0.358661 -0.014105
v 0.815926 -1.133124 0.057971
v 0.761638 -0.131046 0.074225
v 0.780418 -0.100618 0.001040
v 0.742754 0.234810 0.195744
v 0.864628 0.778304 0.400445
v 0.870997 0.880943 0.478966
v 0.819886 0.608739 0.325011
v 0.956164 1.218769 0.433037
v -0.972658 1.251305 0.382951
v 0.199623 -1.338956 0.576693
v 0.867715 0.779710 0.474679
v -0.798146 0.347397 0.163408
v -0.823850 0.226914 0.121303
v -0.608106 1.614564 0.300510
v -0.808951 0.886994 0.538340
v -0.826920 0.769449 0.502272
v 0.778994 -0.421383 0.092159
v 0.871814 0.739439 0.425548
v -0.793589 0.517156 0.232132
v -0.755869 0.352507 0.307443
v 0.883125 1.535495 0.176530
v 0.912114 1.492506 0.234563
v -0.808351 -1.077750 0.108120
v 0.774301 -0.266095 0.054299
v -0.783237 0.275367 0.336234
v -0.775656 0.407271 0.253070
v -0.685547 -1.262675 0.380633
v -0.793972 -0.615096 0.112629
v 0.758859 0.193142 0.086637
v 0.675162 -1.369215 0.338465
v 0.783825 -1.050215 0.190362
v 0.850345 0.824656 0.513423
v 0.739370 -0.987877 0.292122
v 0.372831 1.545933 0.448824
v 0.489320 1.621478 0.362806
v -0.828722 1.216397 0.487821
v -0.898013 1.152811 0.468443
v -0.839106 1.056670 0.546750
v -0.882172 0.740886 0.436670
v -0.479951 1.632027 0.349476
v -0.585738 1.569144 0.372486
v -0.726548 0.393258 0.391651
v 0.116742 1.528022 0.439770
v 0.099261 1.152318 0.523318
v 0.777116 0.361097 0.116503
v -0.813021 0.616304 0.320212
v -0.354787 -1.104187 0.594229
v -0.282446 -1.018508 0.606655
v -0.134617 -1.262285 0.596299
v -0.243975 -0.825581 0.614471
v -0.578530 -1.064133 0.511807
v -0.626914 -1.173902 0.461199
v 0.069772 -1.067872 0.587118
v -0.734225 -1.068109 0.313282
v -0.689981 -0.938382 0.407090
v 0.739162 -0.195961 0.218938
v 0.718738 -0.115796 0.250050
v 0.785398 -0.593361 0.208459
v 0.761511 -0.665046 0.295679
v 0.721498 -0.688041 0.361072
v 0.763746 -0.433114 0.276037
v 0.656063 -0.759234 0.418197
v 0.740326 -0.415916 0.360512
v 0.878109 1.440950 0.330081
v 0.612218 1.362168 0.515803
v -0.869310 0.922358 0.539658
v 0.358074 -1.103909 0.565634
v -0.753563 -0.022216 0.312657
v -0.726445 -0.043064 0.466380
v -0.754756 0.107628 0.374794
v -0.817406 0.210143 0.221067
v -0.689211 -0.013061 0.532092
v 0.843153 1.101471 0.520663
v 0.831633 1.046966 0.532629
v 0.842047 0.893359 0.538259
v -0.813480 -0.937243 0.074579
v 0.565510 0.680666 0.594776
v 0.648030 1.563624 0.349457
v 0.593750 1.632531 0.290276
v 0.755954 1.414285 0.431951
v 0.560799 1.529065 0.422560
v 0.804371 0.545565 0.280151
v 0.743325 0.394478 0.344392
v 0.792820 0.614984 0.403249
v 0.638167 0.639358 0.540565
v 0.556767 0.465508 0.607090
v 0.722372 0.525068 0.437443
v 0.666891 0.428771 0.459536
v 0.792955 0.699071 0.468792
v 0.630227 0.530734 0.516693
v 0.636828 0.384257 0.511815
v 0.785085 0.768185 0.508739
v 0.538567 0.608267 0.619938
v 0.591964 0.462424 0.586351
v -0.830108 0.673505 0.410227
v -0.786257 0.570940 0.378439
v -0.786294 0.672197 0.467920
v -0.717179 0.504703 0.433850
v -0.074705 1.458898 0.457478
v -0.729941 0.429621 0.380309
v -0.666692 0.569076 0.523157
v 0.351241 1.443084 0.506347
v 0.170315 1.470707 0.470684
v -0.501833 -0.785267 0.577095
v -0.636288 -0.861838 0.482024
v -0.735938 -0.661008 0.367985
v -0.776655 -0.829349 0.241120
v 0.638295 1.157413 0.575589
v 0.699790 1.214818 0.559065
v -0.841765 0.991523 0.551932
v -0.722504 1.084439 0.559174
v -0.716991 1.198394 0.544488
v -0.622660 1.128781 0.579172
v -0.709144 0.929571 0.569974
v -0.782037 0.821956 0.534473
v -0.803518 1.491043 0.309856
v -0.813389 1.436654 0.360567
v 0.268227 -1.085560 0.575251
v -0.740730 -0.259151 0.395999
v -0.699573 -0.149365 0.501328
v -0.752401 -0.241452 0.322617
v 0.722224 0.291281 0.340595
v 0.575201 0.786108 0.602581
v 0.752446 0.844798 0.542841
v 0.724437 0.926575 0.562342
v 0.516987 0.668970 0.628627
v 0.510960 0.567660 0.623059
v 0.401707 0.620707 0.601964
v -0.724479 0.386450 0.490882
v -0.150602 1.331768 0.512923
v -0.355682 1.382177 0.531279
v -0.327999 1.118094 0.597840
v -0.334289 1.521594 0.464341
v 0.426093 1.550698 0.445156
v 0.143812 1.343596 0.498991
v -0.434032 -0.999684 0.584445
v 0.537355 -1.097624 0.487337
v 0.718240 -0.219140 0.403995
v 0.841577 1.244842 0.496332
v 0.781772 1.205965 0.525117
v 0.487124 1.351156 0.539215
v -0.621573 0.732991 0.600010
v -0.656088 0.735881 0.569751
v -0.620393 -0.172957 0.565029
v -0.670760 -0.360743 0.506285
v -0.557531 -0.303955 0.587137
v -0.637657 -0.522265 0.518121
v -0.739414 0.307460 0.488546
v -0.740597 0.182286 0.456784
v -0.710305 0.173193 0.529474
v -0.692652 0.349677 0.568591
v -0.671601 0.133743 0.562031
v -0.636876 0.602057 0.602122
v -0.600473 0.635883 0.641278
v -0.644551 0.439907 0.608226
v 0.804492 0.996064 0.563762
v 0.774563 1.068397 0.571169
v 0.602077 0.302316 0.558265
v 0.578167 0.304752 0.579341
v 0.641097 0.142237 0.504611
v 0.622651 0.167294 0.535097
v -0.532146 1.531729 0.427607
v 0.026588 1.141733 0.510094
v -0.395115 1.182852 0.594059
v -0.483441 1.172300 0.599213
v -0.461825 1.431700 0.504610
v -0.103861 1.248994 0.519292
v 0.395024 1.236169 0.579427
v 0.485181 1.155064 0.599786
v 0.484675 -1.097678 0.521481
v -0.698025 0.607398 0.503504
v -0.601260 0.883529 0.621637
v 0.700781 0.152070 0.239859
v -0.622595 0.179785 0.590432
v -0.536912 0.735946 0.654034
v 0.678080 1.026784 0.577646
v 0.350946 0.812688 0.616206
v 0.545958 0.338490 0.588086
v 0.503865 0.209998 0.550012
v 0.446373 0.401549 0.573767
v -0.659681 0.503758 0.600626
v -0.558207 0.784350 0.651496
v -0.780984 1.389691 0.415682
v -0.645908 1.310019 0.522267
v 0.259191 1.205262 0.563632
v 0.397113 1.087237 0.613247
v 0.193030 0.960010 0.588033
v 0.433662 0.918197 0.635406
v 0.477715 0.787002 0.640268
v 0.697036 -0.188644 0.438267
v 0.706228 -0.396910 0.412953
v 0.658318 -0.375452 0.451140
v 0.609901 -0.653031 0.457282
v 0.461374 -0.501662 0.542591
v 0.423686 -1.163894 0.547136
v -0.540605 0.987870 0.635445
v 0.657022 0.128851 0.326664
v 0.645523 0.225201 0.416978
v 0.625655 0.270177 0.492247
v 0.667623 0.061466 0.456848
v 0.701094 0.057825 0.170087
v 0.656067 0.094450 0.344733
v 0.687553 0.020859 0.212940
v -0.457194 -0.409059 0.615339
v -0.703392 -0.523720 0.443951
v -0.730730 -0.373189 0.415428
v -0.537297 0.115597 0.614794
v -0.530387 0.391798 0.628426
v 0.271119 0.832712 0.608010
v 0.107589 0.748645 0.590868
v 0.040577 0.947027 0.534311
v -0.038849 1.058950 0.522174
v -0.265937 0.964976 0.605558
v 0.516914 1.029510 0.617956
v 0.108419 -0.516980 0.588738
v 0.100462 -0.759039 0.582765
v 0.661436 -0.217417 0.458871
v 0.522501 -0.185449 0.508175
v 0.424520 -0.867746 0.555270
v -0.422342 -0.033562 0.634956
v -0.370089 -0.491543 0.624173
v -0.466292 0.621820 0.641777
v -0.261764 0.633896 0.617804
v -0.331739 0.576065 0.637592
v -0.308135 0.354842 0.633001
v -0.021571 0.771489 0.536185
v -0.125539 0.710930 0.564714
v -0.031683 0.958969 0.526120
v -0.556260 -0.806675 0.548308
v 0.698561 -0.061294 0.427556
v 0.645682 -0.050860 0.488745
v 0.492502 -0.025872 0.526363
v 0.255635 -0.548683 0.598451
v 0.310154 -0.727926 0.588401
v 0.352959 -0.538744 0.585027
v -0.044964 -0.229322 0.582598
v -0.487374 0.952371 0.644121
v -0.409290 0.848012 0.637378
v -0.148158 0.404548 0.577787
v -0.095272 0.479929 0.565838
v -0.027818 0.583730 0.556567
v -0.395341 0.261021 0.639845
v 0.134018 0.581197 0.610240
v 0.299248 0.653354 0.604503
v 0.035930 -0.197689 0.589320
v 0.652473 0.061049 0.498895
v 0.495354 0.088844 0.534955
v 0.368511 0.378470 0.584120
v 0.371214 -0.142784 0.579864
v -0.331403 0.068828 0.634506
v -0.196531 -0.002941 0.600306
v 0.174476 0.478228 0.618656
v 0.220046 -0.322397 0.608158
v 0.298586 -0.251686 0.603293
v -0.101260 -0.332346 0.586734
v -0.221294 -0.345474 0.610230
v 0.601019 0.121731 0.533513
v -0.236235 -0.662448 0.615611
v -0.327511 -0.256328 0.628902
v 0.114790 0.202011 0.613665
v -0.126961 0.142037 0.581254
v -0.019911 0.297367 0.581330
v -0.072530 0.204682 0.576542
v 0.256282 0.334726 0.615945
v 0.196307 0.283093 0.622235
v 0.302021 0.091440 0.605857
v 0.167745 -0.042202 0.615929
v 0.238057 0.024777 0.617530
v 1.093612 1.308533 0.302840
v 1.100697 1.334633 0.266153
v 1.102410 1.344976 0.246755
v 1.103459 1.354791 0.226474
v 1.103919 1.363205 0.205561
v 1.104010 1.370495 0.184095
v 1.103376 1.379050 0.152562
v 1.102044 1.386579 0.106465
v 1.100177 1.389582 0.071516
v 1.100165 1.389593 0.071518
v 1.072400 1.419674 0.071561
v 1.035321 1.455185 0.072530
v 1.009558 1.476655 0.073581
v 0.989820 1.491484 0.074365
v 0.959390 1.511348 0.075451
v 0.926703 1.529871 0.077540
v 0.897197 1.544709 0.079930
v 0.846449 1.567026 0.085544
v 0.750363 1.606254 0.098302
v 0.619253 1.657815 0.115332
v 0.555375 1.684324 0.122799
v 0.490693 1.708308 0.129866
v 0.421433 1.739298 0.135561
v 0.416820 1.741745 0.156200
v 0.410512 1.742798 0.176059
v 0.402365 1.742722 0.196166
v 0.392614 1.741329 0.215303
v 0.381095 1.739137 0.233190
v 0.367763 1.736122 0.249960
v 0.353132 1.732422 0.265043
v 0.337058 1.727972 0.278567
v 0.320011 1.723244 0.290455
v 0.301911 1.718682 0.300713
v 0.282400 1.714584 0.309361
v 0.253287 1.709561 0.318522
v 0.221306 1.705383 0.324927
v 0.221314 1.705356 0.324949
v 0.181912 1.701365 0.330370
v 0.132496 1.698335 0.333889
v 0.132496 1.698345 0.333883
v 0.100873 1.696806 0.335132
v 0.050676 1.694688 0.335340
v -0.000118 1.694142 0.335413
v -0.000125 1.693549 0.335549
v -0.104202 1.697508 0.335381
v -0.132714 1.698624 0.334181
v -0.132725 1.698494 0.334256
v -0.166800 1.700250 0.331796
v -0.221301 1.704982 0.324712
v -0.221285 1.704966 0.324581
v -0.254142 1.709092 0.317556
v -0.282702 1.713611 0.308347
v -0.301920 1.717116 0.300261
v -0.320291 1.720863 0.290393
v -0.338032 1.724712 0.279050
v -0.354063 1.728413 0.266113
v -0.369047 1.731368 0.251105
v -0.382428 1.734040 0.234857
v -0.394405 1.736189 0.217315
v -0.404833 1.737645 0.198557
v -0.412777 1.737795 0.179509
v -0.419582 1.736691 0.159075
v -0.424501 1.734808 0.139258
v -0.424531 1.734774 0.139081
v -0.446617 1.723531 0.138221
v -0.511430 1.694643 0.135473
v -0.693910 1.619964 0.117266
v -0.828478 1.567841 0.100249
v -0.884518 1.544859 0.094068
v -0.911121 1.532622 0.091580
v -0.932504 1.521603 0.089674
v -0.953544 1.509434 0.088061
v -0.974073 1.495900 0.086235
v -0.993446 1.481612 0.084377
v -1.012241 1.466191 0.082533
v -1.042420 1.439168 0.079658
v -1.066818 1.415546 0.077660
v -1.084202 1.397319 0.076737
v -1.101364 1.377398 0.075994
v -1.101348 1.377416 0.075997
v -1.103007 1.374772 0.099383
v -1.104437 1.371381 0.121507
v -1.104875 1.363295 0.154623
v -1.105452 1.352278 0.186658
v -1.104743 1.342562 0.207235
v -1.103974 1.331618 0.226924
v -1.102656 1.319326 0.245973
v -1.099609 1.299502 0.272538
v -1.095543 1.278264 0.297953
v -1.095718 1.278480 0.298177
v -1.076725 1.227995 0.342973
v -1.070231 1.210582 0.354291
v -1.066402 1.199290 0.361427
v -1.060286 1.181476 0.371608
v -1.054850 1.164245 0.381294
v -1.047086 1.137324 0.396002
v -1.035648 1.098602 0.414544
v -1.023916 1.061362 0.429058
v -0.999202 0.990714 0.447271
v -0.989875 0.970207 0.447908
v -0.980310 0.950461 0.447589
v -0.970196 0.930772 0.446147
v -0.954379 0.901864 0.441710
v -0.937687 0.873447 0.433714
v -0.926739 0.855509 0.426761
v -0.915303 0.839490 0.414824
v -0.902056 0.821666 0.399742
v -0.894218 0.811031 0.390056
v -0.883130 0.797225 0.375418
v -0.872515 0.784049 0.360382
v -0.862663 0.772086 0.345373
v -0.852757 0.760091 0.328764
v -0.852881 0.760362 0.328519
v -0.840330 0.750233 0.309218
v -0.832484 0.739833 0.288299
v -0.826153 0.730876 0.265883
v -0.819796 0.722649 0.239353
v -0.816582 0.714990 0.212051
v -0.805525 0.690242 0.115267
v -0.805930 0.683718 0.082998
v -0.805948 0.683760 0.082957
v -0.794500 0.662077 0.078282
v -0.791423 0.637817 0.074402
v -0.790499 0.613588 0.071089
v -0.791031 0.572621 0.066107
v -0.793357 0.540238 0.062536
v -0.811391 0.331790 0.045694
v -0.813310 0.282334 0.043268
v -0.812919 0.220158 0.039937
v -0.810993 0.171659 0.036638
v -0.804580 0.078294 0.030006
v -0.798728 0.009591 0.025060
v -0.783469 -0.137023 0.014810
v -0.778991 -0.203054 0.009522
v -0.778564 -0.237686 0.006550
v -0.778564 -0.237686 0.006550
v -0.778756 -0.262016 0.004514
v -0.779905 -0.293319 0.001550
v -0.828706 -1.009002 -0.059791
v -0.844457 -1.333045 -0.087959
v -0.848560 -1.397794 -0.092952
v -0.848174 -1.397809 -0.092463
v -0.858953 -1.520113 -0.098294
v -0.859047 -1.520097 -0.098463
v -0.842244 -1.524567 -0.028146
v -0.813833 -1.531232 0.063882
v -0.771147 -1.538368 0.179959
v -0.744295 -1.541549 0.242417
v -0.725684 -1.543284 0.281211
v -0.705392 -1.544735 0.317848
v -0.691287 -1.545658 0.341716
v -0.649006 -1.547353 0.400409
v -0.624386 -1.547986 0.428252
v -0.608328 -1.548298 0.444440
v -0.590790 -1.548555 0.460372
v -0.571965 -1.548759 0.475805
v -0.552483 -1.548903 0.490174
v -0.532633 -1.548977 0.502996
v -0.510254 -1.549021 0.516014
v -0.491782 -1.549020 0.525588
v -0.467874 -1.548986 0.536665
v -0.446021 -1.548939 0.545697
v -0.423884 -1.548844 0.553321
v -0.395999 -1.548715 0.561245
v -0.361779 -1.548524 0.568665
v -0.337166 -1.548453 0.572770
v -0.294577 -1.548069 0.577210
v -0.258317 -1.547850 0.578860
v -0.258316 -1.547856 0.578823
v -0.226805 -1.547666 0.579351
v -0.193991 -1.547446 0.578869
v -0.056492 -1.546770 0.571927
v 0.229214 -1.548411 0.560303
v 0.229217 -1.548684 0.560341
v 0.314595 -1.550179 0.552916
v 0.360715 -1.551120 0.546103
v 0.408856 -1.552179 0.534931
v 0.440283 -1.552826 0.524843
v 0.464368 -1.553357 0.515725
v 0.490569 -1.553878 0.503593
v 0.507146 -1.554281 0.495117
v 0.528179 -1.554621 0.482791
v 0.556049 -1.555177 0.464749
v 0.588324 -1.555744 0.440903
v 0.605857 -1.555990 0.425296
v 0.623573 -1.556197 0.408199
v 0.641273 -1.556415 0.389184
v 0.669951 -1.556519 0.353984
v 0.685462 -1.556031 0.331848
v 0.707171 -1.555316 0.297438
v 0.730792 -1.553269 0.252653
v 0.783948 -1.547882 0.138984
v 0.822373 -1.542422 0.052264
v 0.837194 -1.539749 0.014917
v 0.869350 -1.532496 -0.092332
v 0.853592 -1.410313 -0.092834
v 0.848426 -1.359215 -0.089612
v 0.836389 -1.175040 -0.075815
v 0.827562 -1.083523 -0.068681
v 0.815449 -0.977826 -0.060381
v 0.805849 -0.883032 -0.052870
v 0.797808 -0.778194 -0.044524
v 0.794040 -0.686937 -0.037725
v 0.789096 -0.457002 -0.021210
v 0.780752 -0.297905 -0.010448
v 0.780530 -0.249830 -0.007739
v 0.780362 -0.249847 -0.007403
v 0.782547 -0.149562 -0.001392
v 0.780774 -0.040139 0.005314
v 0.780179 0.031870 0.010790
v 0.781406 0.075770 0.014055
v 0.781687 0.126875 0.017338
v 0.785406 0.221743 0.024880
v 0.788081 0.300524 0.032012
v 0.791992 0.436980 0.046763
v 0.794074 0.582363 0.064515
v 0.797046 0.626508 0.070999
v 0.800480 0.650644 0.075015
v 0.811580 0.672485 0.079705
v 0.811656 0.672733 0.079511
v 0.809251 0.674820 0.103030
v 0.808640 0.677575 0.125066
v 0.810163 0.683291 0.149726
v 0.814440 0.694374 0.178447
v 0.822852 0.714565 0.215278
v 0.828680 0.725543 0.238963
v 0.833234 0.735526 0.263032
v 0.838201 0.743709 0.284645
v 0.845852 0.750231 0.304470
v 0.857129 0.753463 0.322227
v 0.857224 0.753669 0.322140
v 0.874113 0.771622 0.348296
v 0.893819 0.792363 0.373674
v 0.908265 0.808258 0.390159
v 0.916592 0.821632 0.406204
v 0.928173 0.840080 0.425929
v 0.938175 0.861158 0.447118
v 0.949816 0.891177 0.472295
v 0.958585 0.910100 0.485533
v 0.969113 0.930248 0.494769
v 0.980456 0.951770 0.499866
v 0.990075 0.974061 0.498851
v 0.997787 0.997095 0.492973
v 1.003971 1.019740 0.485009
v 1.010375 1.046763 0.473159
v 1.032488 1.127159 0.433082
v 1.053943 1.193200 0.398544
v 1.064576 1.224242 0.380237
v 1.071284 1.243087 0.367715
v 1.077335 1.260639 0.353172
v 1.082724 1.277108 0.337829
v 1.082966 1.277061 0.337872
v -1.011939 1.025582 0.439939
v 0.656278 -1.556665 0.371355
v -0.796479 -0.555443 -0.021455
v 0.793027 0.548986 0.060306
v -0.810885 0.704262 0.170368
v -0.803416 0.437296 0.052613
v 0.852747 -1.536270 -0.032032
v 0.852851 -1.410325 -0.091405
v 1.093048 1.308319 0.302540
v -1.084976 1.249065 0.328020
v -0.787654 -1.535900 0.136124
v 0.869205 -1.532425 -0.092603
v 0.421091 1.739051 0.135505
v -0.838673 -1.187920 -0.075203
v -0.673652 -1.546424 0.367701
v -1.049326 1.145698 0.391056
v 1.087742 1.331567 -0.120747
v 1.069737 1.277116 -0.181295
v 1.031399 1.164452 -0.243063
v 0.988275 1.029115 -0.274233
v 0.924043 0.886205 -0.256367
v 0.875464 0.797014 -0.190126
v 0.844400 0.750113 -0.104820
v 0.828985 0.715162 -0.040236
v 0.815304 0.684675 0.031027
v 0.811781 0.672406 0.079486
v 0.800154 0.640022 0.072699
v 0.785093 0.214723 0.024108
v 0.782201 -0.077967 0.002832
v 0.779806 -0.265301 -0.008338
v 0.791824 -0.578882 -0.029576
v 0.854289 -1.409172 -0.093367
v 0.859128 -1.443851 -0.098738
v 0.870299 -1.531237 -0.108433
v 0.841321 -1.508307 -0.322514
v 0.754674 -1.493541 -0.458816
v 0.225330 -1.448545 -0.791084
v 0.094644 -1.442151 -0.840240
v -0.005372 -1.441492 -0.845480
v -0.128848 -1.445196 -0.811381
v -0.597939 -1.475891 -0.563341
v -0.718367 -1.484854 -0.483217
v -0.855290 -1.507110 -0.227186
v -0.858286 -1.519614 -0.106744
v -0.848486 -1.393501 -0.093129
v -0.775747 -0.237737 0.007098
v -0.814383 0.222491 0.040112
v -0.805524 0.417522 0.050882
v -0.806146 0.683626 0.082954
v -0.808986 0.696962 0.027222
v -0.832063 0.745016 -0.085815
v -0.870692 0.800936 -0.197721
v -0.909158 0.873055 -0.248123
v -0.968999 0.996208 -0.276728
v -1.034901 1.187709 -0.233469
v -1.070500 1.278942 -0.180458
v -1.098338 1.363715 -0.031117
v -1.103113 1.379430 0.075055
v -0.965953 1.503065 0.086865
v -0.855490 1.558778 0.097005
v -0.583009 1.664847 0.129546
v -0.424741 1.735182 0.139315
v -0.428809 1.721352 0.102208
v -0.427921 1.702861 0.054843
v -0.405469 1.659632 -0.022914
v -0.351004 1.608603 -0.111984
v -0.293360 1.575871 -0.172801
v -0.226795 1.548526 -0.222604
v -0.124805 1.524913 -0.267667
v -0.009669 1.514250 -0.285323
v 0.100503 1.522789 -0.276254
v 0.196028 1.542772 -0.244101
v 0.276390 1.570321 -0.192441
v 0.349674 1.611833 -0.117280
v 0.401619 1.661512 -0.029482
v 0.422521 1.703202 0.046769
v 0.423653 1.741959 0.134638
v 0.910982 1.541664 0.077611
v 1.101743 1.392255 0.070748
v 1.098163 1.369900 -0.042366
v 0.090823 -1.261032 -0.820240
v -0.767864 -1.489525 -0.434215
v -0.820567 -1.496677 -0.347119
v 0.855471 -1.384828 -0.211261
v 0.834656 -1.359452 -0.306776
v 0.715450 -1.489276 -0.496149
v 1.022950 1.429941 -0.060024
v -0.795827 0.661659 0.077992
v -1.009961 1.468619 0.026874
v 0.705785 0.927234 -0.433561
v 0.820197 0.765956 -0.200969
v 0.917038 1.070210 -0.297817
v 0.460096 1.573666 -0.102433
v -1.084010 1.316449 -0.136999
v 0.852576 0.806279 -0.215144
v 1.006977 1.365745 -0.155861
v -0.580883 1.611708 -0.012161
v 0.884771 0.914105 -0.283091
v -0.621809 1.636942 0.063659
v 0.538811 1.689209 0.125416
v -0.783982 0.684757 -0.076474
v 0.800114 0.694619 -0.078488
v 0.853019 1.015083 -0.326541
v 0.835999 -1.061536 -0.226327
v 0.523082 -1.472036 -0.621196
v -0.582033 -1.332193 -0.567365
v 1.010212 1.474141 0.029943
v -0.853728 0.830945 -0.233385
v -0.821132 0.786313 -0.206426
v -0.750475 0.630991 -0.249269
v -0.851286 1.102568 -0.319585
v -0.341636 1.537495 -0.181702
v -0.478163 1.597339 -0.066380
v 0.789299 0.110154 -0.036220
v 0.911918 1.533788 0.021814
v 0.310033 1.520791 -0.214080
v 0.777264 -0.345647 -0.083535
v 0.816449 -0.986279 -0.061068
v 0.204732 1.475206 -0.276849
v -0.900934 1.539857 0.043463
v -0.868083 0.908239 -0.283965
v -0.791848 0.578319 0.066535
v -0.876936 1.534474 -0.010376
v 0.775389 -0.579733 -0.175915
v 0.773563 -0.194551 -0.063614
v -0.061692 1.451526 -0.303929
v -0.986066 1.454902 -0.057640
v -0.835635 0.878804 -0.304397
v -0.820237 -1.152479 -0.275106
v -0.830737 -1.059546 -0.159990
v 0.792764 0.460861 0.049304
v -0.763744 0.591886 -0.115963
v 0.670350 1.631572 0.059777
v 0.960417 1.278794 -0.232883
v 0.729212 1.572049 -0.029442
v 0.923770 1.497371 -0.056906
v -0.762529 -0.080687 -0.082235
v -0.736617 0.644769 -0.335735
v -0.802286 -0.804254 -0.247153
v 0.780190 0.154574 -0.117502
v -0.781584 0.432269 -0.131296
v -0.717694 0.689528 -0.406385
v 0.836002 -1.127107 -0.269131
v 0.771842 -0.623891 -0.267726
v -0.787319 -1.289403 -0.380512
v 0.785489 0.543580 -0.038990
v -0.784594 -0.786418 -0.309285
v -0.782946 0.241770 -0.115577
v 0.754206 0.564199 -0.221958
v 0.693928 -0.125621 -0.305737
v 0.730981 -0.119268 -0.192680
v 0.092219 1.459322 -0.298496
v 0.764244 0.320289 -0.193693
v 0.718918 0.071022 -0.239825
v 0.799531 -0.817517 -0.315435
v 0.843639 0.902005 -0.313380
v 0.830217 0.824119 -0.282595
v 0.716691 0.636111 -0.393188
v 0.770985 0.815544 -0.388564
v 0.490687 1.482630 -0.184470
v 0.291254 1.395904 -0.309438
v 0.494555 1.385767 -0.261693
v 0.481351 1.648888 -0.004429
v 0.717433 1.449872 -0.171756
v 0.617539 1.357830 -0.252917
v -0.523665 1.522451 -0.137688
v 0.794820 0.341483 -0.077245
v 0.777445 0.429340 -0.165251
v -0.864777 1.482879 -0.104471
v -0.788486 0.870096 -0.372245
v -0.783983 0.971373 -0.382088
v 0.808659 -0.980794 -0.331619
v -0.780975 -0.418007 -0.146647
v -0.760229 -0.904679 -0.372015
v -0.897471 1.325988 -0.228566
v -0.956274 1.397911 -0.153450
v -0.791750 -0.474165 -0.014453
v 0.905981 1.418755 -0.160041
v -0.762080 -0.186346 -0.077828
v -0.760732 -0.267040 -0.127239
v -0.683600 0.042526 -0.287752
v -0.755632 0.238013 -0.185066
v 0.761555 0.652119 -0.293131
v 0.727473 0.543773 -0.312979
v -0.742672 -0.765917 -0.384721
v -0.687730 -0.909316 -0.453973
v -0.587156 -1.072918 -0.556506
v 0.674446 0.028339 -0.323163
v 0.162711 1.319763 -0.366416
v 0.657643 1.023977 -0.424047
v 0.580014 0.885298 -0.497950
v 0.669193 0.758065 -0.473841
v 0.403698 1.264601 -0.356513
v -0.852432 1.420532 -0.172724
v -0.878551 1.011064 -0.309093
v -0.675222 -0.687831 -0.450474
v -0.730456 -0.454847 -0.378058
v 0.259686 -1.258203 -0.757823
v 0.451631 -1.087031 -0.644248
v 0.325374 -0.894358 -0.703831
v 0.651326 -1.265181 -0.522211
v 0.465452 -0.720933 -0.601897
v 0.795626 1.084869 -0.345086
v 0.820870 1.481797 -0.120700
v 0.719253 -0.348242 -0.399342
v 0.738766 -0.340722 -0.263825
v 0.798447 -1.313054 -0.377788
v -0.315279 -1.161529 -0.704900
v -0.197642 -0.940675 -0.751850
v -0.723640 0.523360 -0.303966
v -0.760220 -0.400600 -0.275801
v -0.680327 0.305318 -0.312083
v -0.760683 0.405371 -0.206295
v -0.472037 -0.636244 -0.609179
v 0.759471 -0.578682 -0.363997
v 0.777978 -0.770398 -0.364270
v 0.769523 -1.007379 -0.385110
v 0.426163 1.099194 -0.440500
v 0.678994 0.631587 -0.449220
v 0.568792 0.712870 -0.537913
v 0.575300 0.483515 -0.513767
v 0.703846 0.431493 -0.319961
v 0.862604 1.357102 -0.220131
v -0.699680 0.781809 -0.444048
v -0.632610 -0.418951 -0.479319
v -0.707010 -0.520214 -0.415520
v 0.692683 1.213541 -0.321341
v -0.655278 -0.141221 -0.455315
v 0.662399 -0.069005 -0.457544
v 0.666716 -0.141704 -0.474064
v 0.604450 0.061236 -0.530447
v 0.599788 0.191325 -0.504773
v 0.616940 0.346400 -0.421933
v 0.707157 0.270626 -0.280292
v 0.451163 0.113821 -0.576682
v 0.560848 0.239531 -0.555180
v 0.503201 0.310408 -0.584266
v 0.513966 0.418787 -0.578537
v 0.395103 0.257730 -0.594963
v 0.345869 0.109752 -0.614102
v -0.064417 1.181212 -0.430070
v 0.494536 0.523334 -0.587506
v 0.566722 0.371191 -0.527292
v 0.457663 0.714877 -0.578403
v 0.379602 0.597343 -0.604713
v 0.285653 0.475537 -0.617088
v 0.013037 0.231110 -0.655869
v 0.321048 0.686767 -0.599987
v 0.538266 1.097649 -0.422949
v -0.514823 1.424625 -0.225914
v -0.753214 1.102931 -0.356064
v -0.587191 0.904119 -0.487340
v -0.506513 0.648088 -0.567865
v -0.647337 0.579609 -0.458057
v -0.552383 0.766211 -0.534231
v -0.414502 0.852844 -0.546744
v -0.625001 0.673525 -0.499202
v -0.327155 0.710198 -0.596014
v -0.279149 0.784432 -0.579493
v -0.430180 0.644188 -0.593547
v -0.423905 -0.800020 -0.646313
v 0.184160 -1.160808 -0.781877
v 0.346695 -0.516447 -0.664096
v -0.058122 -1.201620 -0.812604
v -0.738645 -0.331951 -0.324820
v -0.664867 -0.025928 -0.338915
v -0.589425 0.150956 -0.500072
v -0.642532 -0.046057 -0.444581
v 0.668126 -0.285861 -0.479677
v 0.716603 -0.399733 -0.425460
v 0.584102 -0.370823 -0.508151
v 0.607953 -0.068783 -0.528928
v 0.478350 -0.090571 -0.558689
v 0.390380 0.828389 -0.557894
v 0.492728 0.947033 -0.498619
v 0.277804 0.973231 -0.512025
v 0.288741 0.794308 -0.575896
v -0.518703 0.390668 -0.560600
v -0.285873 0.500805 -0.621809
v -0.462641 0.445196 -0.591137
v -0.518992 0.230489 -0.564498
v -0.482316 -0.058087 -0.567908
v -0.346304 0.184340 -0.624908
v -0.200923 0.097359 -0.676928
v -0.232217 -0.133422 -0.692884
v -0.118068 -0.150863 -0.708860
v -0.341724 -0.567350 -0.678958
v 0.069415 -0.794646 -0.772627
v 0.153073 -0.836496 -0.762173
v -0.001037 -0.978599 -0.796577
v -0.229995 -0.495874 -0.718050
v -0.099224 -0.609269 -0.751615
v 0.701867 -0.933495 -0.440974
v 0.719466 -0.818808 -0.422771
v 0.660610 -0.575610 -0.463293
v 0.725090 -0.537337 -0.425177
v 0.533491 -0.514804 -0.536421
v -0.689598 -0.282815 -0.427152
v 0.481939 -0.345792 -0.559640
v -0.000537 0.870537 -0.546950
v -0.009215 0.682320 -0.595086
v 0.245967 0.087990 -0.654564
v 0.196188 0.336118 -0.642193
v 0.217302 0.648683 -0.607192
v -0.438259 1.323876 -0.314175
v -0.587128 0.505177 -0.490308
v -0.689026 0.413778 -0.327563
v -0.543156 0.474725 -0.532267
v -0.574749 0.369121 -0.471915
v -0.567159 0.183134 -0.529647
v -0.561836 -0.239351 -0.524976
v -0.590712 -0.001566 -0.521058
v -0.625485 -0.163672 -0.490792
v -0.284233 0.328423 -0.636552
v -0.178960 0.339375 -0.651075
v 0.055452 -0.144664 -0.705154
v -0.297058 -0.200915 -0.676137
v -0.532502 -0.396252 -0.546863
v -0.375065 -0.134909 -0.631449
v -0.030599 -0.519188 -0.746414
v -0.211325 1.373795 -0.333319
v -0.166087 0.618921 -0.610480
v -0.636405 1.260621 -0.307738
v -0.555546 1.001356 -0.463217
v -0.159079 1.346470 -0.353195
v -0.247686 0.978524 -0.510308
v -0.495506 1.057825 -0.452418
v -0.381496 0.339418 -0.606909
v 0.262486 -0.496905 -0.703464
v -0.244211 1.473274 -0.268352
v 0.155428 -0.513714 -0.734621
v 0.164368 -0.145630 -0.695618
v 0.322831 -0.141134 -0.641450
v 1.089039 1.335438 -0.115105
v 1.069530 1.276922 -0.180899
v 1.028621 1.155571 -0.246764
v 0.985012 1.022477 -0.272904
v 0.923789 0.886186 -0.255887
v 0.875269 0.797195 -0.189592
v 0.837628 0.739965 -0.084445
v 0.813875 0.686920 0.027349
v 0.807215 0.675362 0.080029
v 0.793165 0.583602 0.064694
v 0.791350 0.406763 0.043387
v 0.785358 0.212735 0.023848
v 0.780469 -0.022497 0.006842
v 0.787696 -0.380685 -0.015909
v 0.798431 -0.800759 -0.046245
v 0.853516 -1.410123 -0.093668
v 0.865367 -1.517500 -0.227645
v 0.821892 -1.504194 -0.361388
v 0.750956 -1.493179 -0.462208
v 0.661048 -1.484375 -0.535031
v 0.417367 -1.463294 -0.681797
v 0.184838 -1.446000 -0.810111
v -0.157131 -1.446801 -0.797203
v -0.244146 -1.451334 -0.751731
v -0.661326 -1.480614 -0.527048
v -0.768280 -1.489639 -0.432860
v -0.820263 -1.496863 -0.345405
v -0.859683 -1.519526 -0.106686
v -0.849557 -1.387124 -0.092387
v -0.785675 -0.392806 -0.007555
v -0.775381 -0.230270 0.007702
v -0.813480 0.230013 0.040691
v -0.804349 0.427111 0.051581
v -0.790179 0.583838 0.067424
v -0.801805 0.686321 0.082681
v -0.808647 0.697382 0.027002
v -0.830237 0.741926 -0.078449
v -0.908875 0.872946 -0.247571
v -0.968836 0.996265 -0.276262
v -1.074401 1.288867 -0.171847
v -1.102719 1.379751 0.075412
v -0.977195 1.495154 0.085772
v -0.840953 1.566205 0.098698
v -0.586658 1.662230 0.129310
v -0.424530 1.734750 0.139378
v -0.430169 1.718058 0.089832
v -0.420467 1.683744 0.020666
v -0.397155 1.650445 -0.039223
v -0.272743 1.565546 -0.190592
v -0.195615 1.539860 -0.239114
v -0.116967 1.522704 -0.265423
v -0.009687 1.514134 -0.284849
v 0.101401 1.522286 -0.273642
v 0.196018 1.542596 -0.243627
v 0.259058 1.563520 -0.204505
v 0.330226 1.597659 -0.138916
v 0.385918 1.643417 -0.061288
v 0.415742 1.685140 0.009496
v 0.421107 1.739022 0.135449
v 0.910851 1.541184 0.077629
v 1.101382 1.391925 0.070778
v 1.097826 1.369564 -0.042224
v 0.092638 -1.230155 -0.816075
v 0.066811 -1.441798 -0.842979
v -0.846219 -1.503638 -0.267330
v -0.857857 -1.511196 -0.185293
v 0.867714 -1.531579 -0.108543
v 0.855154 -1.382647 -0.208797
v 0.839838 -1.361526 -0.285783
v 0.801992 -1.325613 -0.373592
v 0.756491 0.637796 -0.290126
v 0.426833 1.724504 0.089362
v -0.527995 1.670817 0.070691
v 0.701902 0.938058 -0.433064
v 0.791147 0.660126 -0.052354
v 0.827117 0.810491 -0.273477
v 0.836994 0.782655 -0.187901
v 0.808572 0.720615 -0.112198
v 0.459709 1.566848 -0.109772
v -1.087558 1.329515 -0.111202
v 1.002449 1.338457 -0.180697
v -0.855825 0.780176 -0.160171
v 0.858610 0.833383 -0.238285
v -0.879696 0.818737 -0.211441
v -1.097361 1.358822 -0.048229
v -0.612319 1.608892 -0.003059
v 0.884917 0.910581 -0.280517
v -0.584923 -1.334686 -0.565329
v 0.526896 1.667804 0.052251
v -0.350841 1.607623 -0.109510
v -0.785672 0.686951 -0.067666
v 0.871652 1.041086 -0.317663
v 0.735649 -0.583099 -0.412887
v 1.009928 1.473747 0.030042
v 0.535117 1.691062 0.125822
v 0.685014 1.624908 0.056158
v -0.937933 1.517095 0.025498
v -0.849176 0.855159 -0.264325
v -0.821092 0.786337 -0.204120
v 0.921194 1.530132 0.030506
v -0.888126 1.098990 -0.303937
v -1.013798 1.464650 0.030876
v -0.480386 1.601429 -0.059716
v -1.031993 1.180309 -0.235144
v 0.266163 1.513666 -0.234308
v -0.519967 1.452060 -0.201722
v 0.984014 1.222421 -0.243708
v 0.841426 -1.137393 -0.176082
v 0.756555 -0.246125 -0.121815
v 0.789693 0.555036 0.018110
v 0.168966 1.462653 -0.289035
v -0.894453 0.988894 -0.299794
v -0.758161 0.668418 -0.283741
v 0.887899 1.325146 -0.232361
v -0.876994 1.536379 -0.001857
v -0.241672 1.503290 -0.246504
v 0.785908 0.050127 -0.056425
v 0.901414 1.509755 -0.048987
v -0.974183 1.456312 -0.066228
v -0.742695 0.579325 -0.243828
v -0.834299 0.876014 -0.303916
v 0.781033 -0.270184 -0.008767
v -0.775687 0.606253 -0.035466
v -0.816483 -0.864789 -0.159281
v -0.782651 -1.363415 -0.396464
v -0.797094 -0.013921 0.023430
v 0.778483 -0.602046 -0.152663
v 0.218680 -1.073305 -0.761821
v -0.012261 -1.441668 -0.843983
v 0.979947 1.459939 -0.065770
v -0.754064 0.726647 -0.365068
v 0.817911 -0.930216 -0.264470
v -0.022759 1.443713 -0.307607
v 0.759658 1.558551 -0.039119
v -0.784852 0.425934 -0.109886
v -0.811411 -0.911509 -0.236627
v -0.712880 0.545958 -0.330119
v -0.691037 0.601481 -0.405576
v 0.835507 -1.127150 -0.269074
v -0.052083 -1.121489 -0.806070
v -0.778105 -1.060201 -0.360622
v 0.509716 1.451321 -0.205623
v -0.764820 -0.134612 -0.058707
v -0.749553 0.525356 -0.212457
v 0.819974 -1.017307 -0.063500
v 0.774655 0.175517 -0.140539
v 0.771304 0.565888 -0.123671
v -0.778144 0.241840 -0.131256
v -0.767081 0.383961 -0.188430
v -0.707833 -1.376488 -0.481150
v 0.776571 0.425067 -0.170867
v 0.740332 -0.160163 -0.164396
v 0.801599 -0.833018 -0.313064
v 0.203671 1.366188 -0.337982
v 0.844886 0.890418 -0.302902
v 0.770268 0.814345 -0.388398
v 0.852871 0.965671 -0.323447
v 0.762561 0.897873 -0.402031
v 0.801806 1.073710 -0.344498
v 0.490745 1.639994 -0.011534
v 0.556949 1.363810 -0.259235
v 0.331138 1.416237 -0.286903
v -0.453783 1.238852 -0.358874
v -0.321214 1.421562 -0.283966
v 0.794065 0.333619 -0.078502
v -0.844321 0.995260 -0.328223
v -0.784238 0.848875 -0.370815
v -0.776167 -0.760734 -0.325920
v -0.932870 1.290696 -0.233980
v -0.955548 1.383606 -0.165624
v 0.306126 -1.268927 -0.733271
v -0.781753 -0.426760 -0.146522
v -0.764633 -0.437149 -0.269177
v 0.860368 1.442677 -0.153484
v 0.778013 -0.672925 -0.233427
v 0.748198 -0.378091 -0.238634
v -0.793333 1.054113 -0.359338
v -0.719286 0.788326 -0.428138
v -0.681880 -0.072979 -0.299344
v -0.746569 -0.234340 -0.157504
v -0.708471 -0.007466 -0.227903
v 0.741427 0.541673 -0.269651
v -0.805726 -1.018767 -0.291004
v -0.733866 -0.850364 -0.399440
v -0.713889 -1.053652 -0.443537
v 0.685594 0.031856 -0.296070
v 0.619172 1.004452 -0.444426
v 0.629755 0.719368 -0.500627
v 0.497788 1.093757 -0.433333
v -0.523607 1.526400 -0.133072
v -0.879289 1.335441 -0.227752
v -0.875538 1.468371 -0.120135
v -0.758466 0.946474 -0.399038
v -0.730223 -0.560785 -0.387523
v -0.679593 -0.566634 -0.442399
v -0.733304 -0.405124 -0.363921
v 0.405847 -1.022049 -0.667514
v 0.693848 -1.389422 -0.502694
v -0.324746 -1.100086 -0.698353
v -0.223809 -0.952357 -0.740968
v -0.543016 -0.978299 -0.581115
v -0.742232 -0.324211 -0.298821
v -0.731431 0.243931 -0.228648
v -0.629042 -1.094511 -0.524718
v 0.807504 -0.975967 -0.332713
v 0.781483 -0.783963 -0.357950
v 0.743034 -0.459696 -0.341494
v 0.754356 -0.581234 -0.382292
v 0.531017 -0.474148 -0.535316
v 0.764098 -0.880066 -0.383697
v 0.540922 0.693382 -0.553715
v 0.675778 0.640205 -0.455156
v 0.522711 0.807539 -0.536609
v 0.713514 0.622814 -0.390228
v -0.636890 1.367614 -0.244822
v -0.666580 -0.762896 -0.461228
v -0.543307 -0.439498 -0.540426
v 0.737002 1.147998 -0.339737
v -0.115304 -1.231030 -0.799364
v 0.000704 -1.002130 -0.798743
v -0.662291 -0.227626 -0.456769
v -0.591682 0.177864 -0.482502
v 0.690693 -0.182586 -0.415482
v 0.665629 -0.140866 -0.474682
v 0.628133 -0.144263 -0.513334
v 0.627150 0.005004 -0.512142
v 0.596986 0.129809 -0.528726
v 0.609785 0.153049 -0.490213
v 0.674547 -0.055517 -0.343375
v 0.617683 0.343971 -0.419388
v 0.620892 0.199574 -0.427020
v 0.746479 0.309006 -0.224879
v 0.559887 0.184034 -0.556795
v 0.558702 0.059306 -0.552290
v 0.534429 0.358116 -0.568024
v 0.400397 0.184276 -0.591946
v 0.413151 0.263575 -0.591739
v 0.239205 0.266915 -0.641511
v 0.313496 1.024796 -0.486866
v 0.098656 1.254990 -0.397647
v -0.118306 1.237759 -0.405257
v 0.245377 0.903793 -0.538702
v 0.556695 0.543290 -0.543445
v 0.401113 0.685784 -0.593837
v 0.467842 0.546736 -0.594673
v 0.502006 0.375671 -0.585854
v 0.562122 0.325591 -0.541014
v 0.574046 0.486391 -0.514445
v 0.291693 0.503645 -0.615124
v 0.126493 0.151032 -0.666189
v -0.003256 0.353264 -0.639706
v 0.364004 0.798877 -0.570754
v 0.254690 0.740330 -0.589476
v 0.714965 0.464564 -0.318012
v 0.653620 1.252636 -0.307408
v -0.660257 1.225723 -0.319601
v -0.589261 0.790521 -0.511946
v -0.604833 0.669609 -0.513061
v -0.643093 0.576053 -0.460557
v -0.564478 0.914055 -0.492250
v -0.725115 1.065835 -0.380736
v -0.490389 0.789899 -0.548739
v -0.395238 0.816983 -0.559739
v -0.493733 0.660718 -0.571648
v -0.401491 0.660124 -0.595863
v 0.705792 -0.902116 -0.433596
v -0.411620 -0.796364 -0.652187
v 0.460798 -0.729572 -0.605499
v 0.263589 -0.545001 -0.707000
v -0.662713 0.070705 -0.324765
v -0.569589 0.155415 -0.528475
v -0.640808 -0.043891 -0.446864
v 0.669849 -0.296455 -0.478031
v 0.710326 -0.350440 -0.428202
v 0.532537 -0.276782 -0.532332
v 0.459311 -0.028890 -0.566867
v 0.689974 -0.689127 -0.441828
v 0.443561 0.862327 -0.538274
v -0.498575 0.488864 -0.572640
v -0.180310 0.356221 -0.648671
v -0.365731 0.387682 -0.610833
v -0.460506 0.455866 -0.591507
v -0.535243 0.348154 -0.548083
v -0.393408 0.197693 -0.604692
v -0.518742 0.230668 -0.564075
v -0.502241 -0.072763 -0.558106
v -0.583482 -0.048298 -0.522044
v -0.227511 -0.140679 -0.693398
v -0.292746 0.051874 -0.657392
v -0.161053 -0.115312 -0.701778
v 0.778693 -1.101653 -0.384327
v -0.333234 -0.503723 -0.679211
v 0.119157 -0.829587 -0.768703
v -0.126915 -0.690401 -0.754243
v -0.234527 -0.592871 -0.720787
v 0.040819 -0.680777 -0.762395
v -0.102721 -0.524261 -0.743638
v 0.166148 -0.513141 -0.732520
v 0.357962 -0.462459 -0.652197
v 0.596280 -0.493089 -0.498114
v 0.696883 -0.427579 -0.451732
v 0.313372 0.065779 -0.630772
v 0.209323 0.599206 -0.613518
v -0.492898 1.355680 -0.279612
v -0.678793 0.396182 -0.335422
v -0.580104 0.370623 -0.459941
v -0.540052 0.515490 -0.538314
v -0.545180 0.463319 -0.526943
v -0.603974 0.002758 -0.506398
v -0.410797 -0.121389 -0.609351
v -0.626751 -0.312730 -0.484145
v -0.305456 -0.263640 -0.676610
v -0.408610 -0.440912 -0.634257
v -0.674744 -0.188708 -0.430921
v 0.309209 -0.212373 -0.653733
v 0.237483 -0.125174 -0.675828
v -0.224521 1.370996 -0.332390
v -0.291716 1.198742 -0.406879
v -0.019283 0.677374 -0.594256
v -0.550135 1.067517 -0.433074
v -0.429076 1.036229 -0.470552
v -0.280917 0.866259 -0.552509
v -0.252915 0.267404 -0.649676
v -0.257616 0.533694 -0.621598
v 0.007861 -0.241345 -0.717587
v 0.401925 -0.200890 -0.598792
v -0.011852 0.827358 -0.559230
v -0.278257 0.712812 -0.595932
v 0.016994 0.979499 -0.507543
v 0.168412 -0.232945 -0.703207
v 1.094307 1.355585 -0.074693
v 1.091881 1.346854 -0.092293
v 1.089277 1.337241 -0.109339
v 1.086192 1.326805 -0.125565
v 1.082504 1.315431 -0.141326
v 1.078423 1.303190 -0.155867
v 1.078331 1.303247 -0.155895
v 1.073184 1.287645 -0.170338
v 1.067697 1.271111 -0.183709
v 1.061663 1.253722 -0.196190
v 1.055635 1.235881 -0.207390
v 1.049099 1.216964 -0.217933
v 1.042805 1.198307 -0.227036
v 1.033067 1.168786 -0.239388
v 1.019551 1.127477 -0.252934
v 1.006383 1.084502 -0.263339
v 0.995502 1.050875 -0.269608
v 0.987858 1.028932 -0.272593
v 0.978953 1.007037 -0.273903
v 0.969924 0.985002 -0.273711
v 0.960369 0.963202 -0.271906
v 0.950253 0.941686 -0.268383
v 0.940022 0.920637 -0.263165
v 0.929404 0.899431 -0.256227
v 0.918951 0.878968 -0.247882
v 0.908621 0.858739 -0.237806
v 0.898474 0.839323 -0.225948
v 0.888523 0.821081 -0.211907
v 0.879241 0.804460 -0.195174
v 0.869901 0.789739 -0.175896
v 0.861673 0.776839 -0.154403
v 0.861950 0.776851 -0.154296
v 0.847030 0.754698 -0.112252
v 0.838160 0.736944 -0.081691
v 0.823275 0.703974 -0.013633
v 0.815822 0.686680 0.026564
v 0.813717 0.678743 0.052506
v 0.811586 0.672551 0.079528
v 0.811569 0.672513 0.079627
v 0.800497 0.650675 0.075138
v 0.797037 0.626289 0.071241
v 0.794080 0.582287 0.064555
v 0.791979 0.436492 0.046780
v 0.788683 0.319126 0.034258
v 0.786215 0.251594 0.027580
v 0.784316 0.188372 0.022065
v 0.781727 0.131578 0.017595
v 0.781165 0.075075 0.013942
v 0.780071 0.022531 0.010003
v 0.780777 -0.040836 0.005192
v 0.782552 -0.147735 -0.001413
v 0.780456 -0.249848 -0.007486
v 0.780308 -0.249844 -0.007533
v 0.780906 -0.299302 -0.010547
v 0.789097 -0.454904 -0.021137
v 0.793639 -0.671926 -0.036459
v 0.796559 -0.756322 -0.042862
v 0.811282 -0.940117 -0.057305
v 0.828090 -1.088069 -0.069052
v 0.834768 -1.155630 -0.074288
v 0.847265 -1.340801 -0.088428
v 0.851191 -1.387819 -0.091679
v 0.853612 -1.410301 -0.092976
v 0.853842 -1.410087 -0.093882
v 0.867786 -1.531587 -0.108372
v 0.867950 -1.531016 -0.112430
v 0.867965 -1.531018 -0.112427
v 0.868709 -1.526587 -0.147989
v 0.868227 -1.523147 -0.177092
v 0.865888 -1.519648 -0.206850
v 0.860558 -1.516345 -0.241044
v 0.852404 -1.512692 -0.277308
v 0.845487 -1.510330 -0.300505
v 0.838040 -1.508149 -0.321959
v 0.828700 -1.505806 -0.344855
v 0.818502 -1.503551 -0.366666
v 0.807521 -1.501351 -0.387323
v 0.794596 -1.499113 -0.408139
v 0.781020 -1.496976 -0.427665
v 0.766557 -1.494950 -0.445717
v 0.749875 -1.492859 -0.463958
v 0.732551 -1.490937 -0.480444
v 0.706316 -1.488322 -0.502446
v 0.667729 -1.484813 -0.530491
v 0.629239 -1.481458 -0.555692
v 0.595743 -1.478565 -0.576505
v 0.595842 -1.478558 -0.576662
v 0.456180 -1.466489 -0.659641
v 0.325272 -1.455868 -0.736291
v 0.278010 -1.452278 -0.762654
v 0.227744 -1.448776 -0.789250
v 0.186168 -1.446271 -0.808420
v 0.152414 -1.444582 -0.821391
v 0.129903 -1.443606 -0.828847
v 0.107124 -1.442795 -0.835037
v 0.083984 -1.442168 -0.839875
v 0.059393 -1.441728 -0.843323
v 0.035844 -1.441477 -0.845182
v 0.012077 -1.441568 -0.844420
v -0.012021 -1.441774 -0.842597
v -0.036165 -1.442243 -0.838548
v -0.058363 -1.442837 -0.833464
v -0.082017 -1.443605 -0.826682
v -0.115147 -1.444888 -0.815331
v -0.169405 -1.447546 -0.791920
v -0.224274 -1.450560 -0.763488
v -0.385153 -1.460980 -0.676260
v -0.575785 -1.474458 -0.575655
v -0.575615 -1.474461 -0.575345
v -0.619868 -1.477567 -0.550857
v -0.651540 -1.479757 -0.531886
v -0.680722 -1.481812 -0.512773
v -0.701185 -1.483307 -0.498112
v -0.719622 -1.484740 -0.483276
v -0.738241 -1.486350 -0.466292
v -0.754918 -1.487997 -0.448786
v -0.770696 -1.489781 -0.430173
v -0.785547 -1.491466 -0.409414
v -0.797668 -1.493062 -0.389931
v -0.810142 -1.494946 -0.367235
v -0.820171 -1.496784 -0.345559
v -0.829477 -1.498791 -0.322254
v -0.837091 -1.500760 -0.299452
v -0.844186 -1.502836 -0.275695
v -0.849760 -1.504912 -0.252102
v -0.853935 -1.506993 -0.228665
v -0.857161 -1.509275 -0.203775
v -0.859167 -1.511714 -0.179395
v -0.860180 -1.515645 -0.141514
v -0.859588 -1.519643 -0.106485
v -0.859658 -1.519607 -0.106640
v -0.848572 -1.397671 -0.093900
v -0.848659 -1.397775 -0.093085
v -0.844515 -1.332836 -0.087907
v -0.838819 -1.191121 -0.075521
v -0.831458 -1.054311 -0.063711
v -0.818736 -0.867349 -0.047734
v -0.796147 -0.550781 -0.021040
v -0.779133 -0.281481 0.002704
v -0.778573 -0.237695 0.006780
v -0.778564 -0.237676 0.006563
v -0.778985 -0.203258 0.009514
v -0.781862 -0.157120 0.013226
v -0.787552 -0.097297 0.017685
v -0.799295 0.015297 0.025549
v -0.806142 0.097291 0.031327
v -0.811960 0.193597 0.038178
v -0.813386 0.260399 0.042065
v -0.812233 0.314724 0.044798
v -0.803844 0.433781 0.052371
v -0.791709 0.558081 0.064599
v -0.791446 0.637983 0.074449
v -0.794509 0.662096 0.078355
v -0.805952 0.683731 0.083110
v -0.805871 0.683670 0.082970
v -0.807444 0.689167 0.055016
v -0.810547 0.701273 0.015826
v -0.817884 0.715944 -0.020050
v -0.822723 0.726866 -0.043883
v -0.834531 0.748314 -0.093338
v -0.856450 0.781096 -0.161491
v -0.856513 0.781093 -0.161466
v -0.865820 0.793457 -0.184175
v -0.875005 0.808640 -0.203792
v -0.885001 0.826580 -0.219871
v -0.895581 0.846646 -0.233434
v -0.906310 0.867303 -0.244561
v -0.917280 0.888601 -0.253934
v -0.928334 0.910163 -0.261477
v -0.939092 0.932229 -0.267293
v -0.949464 0.954290 -0.271082
v -0.959497 0.976729 -0.272908
v -0.968849 0.999265 -0.272954
v -0.977747 1.021679 -0.271403
v -0.991738 1.059068 -0.266257
v -1.005090 1.098954 -0.258071
v -1.034724 1.186602 -0.231474
v -1.045257 1.214930 -0.219387
v -1.052899 1.234445 -0.209421
v -1.059891 1.252726 -0.198459
v -1.066862 1.270019 -0.185925
v -1.073298 1.286171 -0.171835
v -1.078058 1.300205 -0.154952
v -1.078032 1.300216 -0.154959
v -1.083449 1.316364 -0.131371
v -1.089763 1.336224 -0.097199
v -1.093626 1.348136 -0.070955
v -1.093349 1.348363 -0.071013
v -1.095783 1.355889 -0.051424
v -1.097725 1.362202 -0.031188
v -1.099089 1.367374 -0.010378
v -1.100801 1.373100 0.022237
v -1.101439 1.376247 0.054058
v -1.101362 1.377407 0.075997
v -1.101364 1.377398 0.075994
v -1.084402 1.397103 0.076826
v -1.066739 1.415608 0.077841
v -1.042291 1.439274 0.079814
v -1.012060 1.466334 0.082655
v -0.993430 1.481639 0.084367
v -0.973724 1.496185 0.086062
v -0.953691 1.509402 0.087690
v -0.932943 1.521405 0.089523
v -0.900940 1.537601 0.092568
v -0.854153 1.557703 0.096974
v -0.682689 1.624468 0.118813
v -0.505497 1.697183 0.135543
v -0.446816 1.723446 0.138308
v -0.424543 1.734786 0.139275
v -0.424539 1.734788 0.139274
v -0.428273 1.730493 0.119682
v -0.430240 1.724473 0.100577
v -0.429279 1.710426 0.068800
v -0.424885 1.695579 0.039513
v -0.417244 1.678332 0.009693
v -0.417367 1.678274 0.009685
v -0.410367 1.667856 -0.008988
v -0.401777 1.656678 -0.028118
v -0.392940 1.646381 -0.045877
v -0.382885 1.635895 -0.063918
v -0.370734 1.624866 -0.083263
v -0.357284 1.613908 -0.102526
v -0.342814 1.603618 -0.120672
v -0.327499 1.594024 -0.138150
v -0.310751 1.584730 -0.155473
v -0.293579 1.576001 -0.171644
v -0.275640 1.567920 -0.187299
v -0.256268 1.559712 -0.202115
v -0.236398 1.552341 -0.215756
v -0.215554 1.545754 -0.228611
v -0.193673 1.539770 -0.239947
v -0.171364 1.534587 -0.250256
v -0.148189 1.530058 -0.259502
v -0.124462 1.525634 -0.266915
v -0.099996 1.522047 -0.273355
v -0.075660 1.519005 -0.278152
v -0.051078 1.516786 -0.281527
v -0.025392 1.515377 -0.283943
v -0.000194 1.514690 -0.284662
v -0.000180 1.514692 -0.284644
v 0.025163 1.515770 -0.283964
v 0.050460 1.517548 -0.282030
v 0.075347 1.520119 -0.279088
v 0.100044 1.523441 -0.275264
v 0.124575 1.527367 -0.269413
v 0.147930 1.531572 -0.262042
v 0.171256 1.536544 -0.253549
v 0.193657 1.542162 -0.243915
v 0.215340 1.548178 -0.232463
v 0.236343 1.555420 -0.219924
v 0.255972 1.562701 -0.206732
v 0.275323 1.570777 -0.192253
v 0.293537 1.579328 -0.176757
v 0.310553 1.588150 -0.160587
v 0.326597 1.597265 -0.143695
v 0.342090 1.607212 -0.125756
v 0.356461 1.617740 -0.107224
v 0.369165 1.628212 -0.088477
v 0.381270 1.639473 -0.068749
v 0.390958 1.649949 -0.050561
v 0.399573 1.660717 -0.032087
v 0.407114 1.671397 -0.013790
v 0.414002 1.682578 0.005774
v 0.414117 1.682544 0.005773
v 0.421410 1.699707 0.035482
v 0.426095 1.716361 0.067924
v 0.427184 1.729132 0.096326
v 0.424898 1.735169 0.115681
v 0.421062 1.739434 0.135459
v 0.421148 1.739230 0.135282
v 0.489568 1.708719 0.129982
v 0.556075 1.684055 0.122979
v 0.615502 1.659317 0.115746
v 0.744117 1.608706 0.099065
v 0.897944 1.544352 0.080114
v 0.926839 1.529798 0.077535
v 0.959359 1.511364 0.075438
v 0.990018 1.491365 0.074367
v 1.009430 1.476754 0.073693
v 1.035631 1.454906 0.072526
v 1.071973 1.420109 0.071488
v 1.100168 1.389608 0.071513
v 1.100257 1.389509 0.071523
v 1.100519 1.387811 0.049169
v 1.100294 1.385249 0.027717
v 1.099790 1.381600 0.006499
v 1.098945 1.376711 -0.014929
v 1.097799 1.370947 -0.035100
v 1.096276 1.363688 -0.055139
v 1.094395 1.355502 -0.074667
v -0.133609 -1.445811 -0.807811
v 0.802262 -0.844599 -0.049756
v 0.867897 -1.531561 -0.108622
v -1.020197 1.145428 -0.245465
v 0.847973 1.566284 0.085391
v 0.793044 0.549596 0.060437
v -0.790275 0.604546 0.069895
v -0.893070 0.423476 0.071528
v -0.893633 0.423336 0.064799
v -0.894654 0.421608 0.059628
v -0.895430 0.421694 0.051393
v -0.896268 0.421826 0.050669
v -0.897408 0.420211 0.045837
v -0.896817 0.420109 0.044965
v -0.898711 0.420474 0.036897
v -0.900359 0.418981 0.032017
v -0.899774 0.418852 0.031107
v -0.901659 0.419224 0.023040
v -0.903246 0.417704 0.017906
v -0.905259 0.418262 0.009462
v -0.907029 0.416723 0.004279
v -0.909026 0.417218 -0.003731
v -0.909911 0.417452 -0.004243
v -0.911505 0.416007 -0.009118
v -0.914004 0.416671 -0.017467
v -0.916362 0.415346 -0.022481
v -0.919880 0.416418 -0.030731
v -0.919010 0.416203 -0.030370
v -0.922281 0.415251 -0.035170
v -0.921905 0.415151 -0.036250
v -0.925459 0.416180 -0.043542
v -0.928382 0.415219 -0.047935
v -0.928068 0.415126 -0.049006
v -0.931289 0.416193 -0.055880
v -0.932196 0.416452 -0.056218
v -0.934531 0.415313 -0.060955
v -0.937862 0.416455 -0.068238
v -0.938869 0.416733 -0.068672
v -0.941304 0.415688 -0.073305
v -0.944762 0.417013 -0.080640
v -0.945775 0.417291 -0.080977
v -0.948607 0.416412 -0.085214
v -0.948388 0.416422 -0.086235
v -0.952462 0.417903 -0.093157
v -0.955509 0.417186 -0.097782
v -0.959909 0.419031 -0.105143
v -0.963221 0.418480 -0.109567
v -0.967649 0.420303 -0.116853
v -0.971128 0.419953 -0.121218
v -0.976007 0.422116 -0.128147
v -0.979622 0.421837 -0.132328
v -0.984071 0.423968 -0.138861
v -0.985071 0.424278 -0.139078
v -0.988432 0.423967 -0.143250
v -0.993888 0.426627 -0.149595
v -1.003754 0.429481 -0.159257
v -0.997837 0.426615 -0.153477
v -1.008056 0.429576 -0.162368
v -1.008108 0.429751 -0.163399
v -1.014241 0.432558 -0.168280
v -1.018774 0.432779 -0.171074
v -1.018879 0.432983 -0.172185
v -1.025359 0.436003 -0.176392
v -1.030303 0.436134 -0.179012
v -1.036812 0.439091 -0.183271
v -1.037720 0.439440 -0.182989
v -1.042547 0.439859 -0.186362
v -1.042238 0.439616 -0.185383
v -1.049555 0.442907 -0.189539
v -1.054701 0.443328 -0.191743
v -1.062139 0.446672 -0.195016
v -1.067380 0.447087 -0.196359
v -1.067833 0.447365 -0.197367
v -1.075365 0.450709 -0.199341
v -1.074554 0.450418 -0.199746
v -1.080235 0.451067 -0.201293
v -1.087891 0.454683 -0.203895
v -1.093174 0.455124 -0.204871
v -1.093598 0.455351 -0.205675
v -1.100347 0.458597 -0.207683
v -1.101247 0.458928 -0.207192
v -1.106147 0.459306 -0.208486
v -1.106680 0.459618 -0.209414
v -1.114046 0.463136 -0.210978
v -1.119287 0.463749 -0.212157
v -1.127114 0.467486 -0.213918
v -1.132361 0.468089 -0.214526
v -1.132828 0.468397 -0.215335
v -1.140535 0.472098 -0.216125
v -1.139721 0.471790 -0.216664
v -1.145627 0.472687 -0.217575
v -1.153420 0.476545 -0.218859
v -1.158733 0.477162 -0.219837
v -1.166529 0.481045 -0.221164
v -1.171931 0.481735 -0.221974
v -1.179161 0.485365 -0.223391
v -1.179982 0.485686 -0.222776
v -1.185125 0.486216 -0.224039
v -1.192334 0.489879 -0.225208
v -1.193183 0.490210 -0.224597
v -1.198179 0.490698 -0.225212
v -1.198751 0.490989 -0.226030
v -1.206409 0.494736 -0.226267
v -1.205698 0.494470 -0.226856
v -1.211550 0.495269 -0.227172
v -1.219403 0.499096 -0.228103
v -1.224805 0.499774 -0.228499
v -1.232719 0.503514 -0.229271
v -1.238085 0.504113 -0.229622
v -1.245378 0.507660 -0.230549
v -1.246206 0.507997 -0.229858
v -1.251406 0.508563 -0.230601
v -1.259344 0.512198 -0.230992
v -1.264597 0.512692 -0.230717
v -1.265165 0.512943 -0.231385
v -1.272639 0.516416 -0.231562
v -1.277971 0.516906 -0.231139
v -1.286084 0.520564 -0.231693
v -1.278558 0.517248 -0.231813
v -1.291375 0.520998 -0.231123
v -1.292078 0.521371 -0.231821
v -1.298993 0.524397 -0.231586
v -1.299690 0.524699 -0.230840
v -1.304763 0.525004 -0.230674
v -1.305360 0.525274 -0.231297
v -1.312402 0.528335 -0.230898
v -1.313095 0.528606 -0.230063
v -1.318154 0.528843 -0.229655
v -1.318895 0.529181 -0.230303
v -1.326236 0.532398 -0.228842
v -1.331718 0.532626 -0.227979
v -1.339026 0.535731 -0.226946
v -1.339685 0.535954 -0.226090
v -1.344727 0.536133 -0.225290
v -1.352780 0.539167 -0.223221
v -1.345490 0.536503 -0.225879
v -1.358024 0.539317 -0.221458
v -1.365276 0.542550 -0.219114
v -1.365540 0.542615 -0.217878
v -1.369867 0.542445 -0.215288
v -1.371093 0.542977 -0.215486
v -1.376352 0.544734 -0.209802
v -1.380213 0.544484 -0.206025
v -1.386026 0.546918 -0.199982
v -1.388842 0.545831 -0.195352
v -1.389404 0.546059 -0.195371
v -1.393535 0.547830 -0.188284
v -1.396089 0.546994 -0.183724
v -1.397480 0.547585 -0.183184
v -1.398989 0.548606 -0.175411
v -1.400502 0.547136 -0.170107
v -1.401557 0.547780 -0.161695
v -1.402492 0.546431 -0.156474
v -1.403360 0.546970 -0.148528
v -1.402632 0.546754 -0.147541
v -1.403325 0.545236 -0.142684
v -1.404081 0.545509 -0.141895
v -1.404008 0.545768 -0.133839
v -1.404494 0.544196 -0.128621
v -1.404202 0.544188 -0.120036
v -1.404314 0.542490 -0.114744
v -1.403810 0.542482 -0.106266
v -1.403756 0.540642 -0.100957
v -1.403013 0.540572 -0.092986
v -1.402293 0.540307 -0.092340
v -1.402251 0.538467 -0.087519
v -1.402805 0.538651 -0.086782
v -1.401643 0.538390 -0.078860
v -1.400923 0.536270 -0.073844
v -1.401485 0.536469 -0.072963
v -1.400003 0.536024 -0.065130
v -1.399751 0.534077 -0.059974
v -1.398456 0.533688 -0.051544
v -1.397639 0.531514 -0.046657
v -1.398156 0.531706 -0.045922
v -1.396984 0.531261 -0.038558
v -1.396139 0.531001 -0.037877
v -1.396231 0.529140 -0.032809
v -1.394744 0.528505 -0.024447
v -1.394423 0.526474 -0.019275
v -1.392831 0.525887 -0.010979
v -1.392419 0.523777 -0.005908
v -1.391408 0.523294 0.001924
v -1.390552 0.522996 0.002625
v -1.390203 0.520915 0.007352
v -1.390791 0.521084 0.008296
v -1.389161 0.520378 0.016007
v -1.388834 0.518297 0.021105
v -1.387794 0.517686 0.028971
v -1.386965 0.517418 0.029603
v -1.387107 0.515429 0.034668
v -1.386037 0.514822 0.042511
v -1.385265 0.514546 0.043092
v -1.385316 0.512475 0.048053
v -1.384077 0.511781 0.056444
v -1.383219 0.509462 0.061324
v -1.383795 0.509594 0.062254
v -1.382549 0.508894 0.069517
v -1.381809 0.508639 0.070050
v -1.381842 0.506593 0.075011
v -1.380477 0.505743 0.083412
v -1.379604 0.503420 0.088232
v -1.380174 0.503564 0.089173
v -1.378435 0.502628 0.096881
v -1.377535 0.500269 0.101657
v -1.378032 0.500373 0.102425
v -1.376701 0.499641 0.109686
v -1.375800 0.499337 0.110357
v -1.375691 0.497160 0.115376
v -1.374170 0.496343 0.123116
v -1.373345 0.496049 0.123690
v -1.372703 0.493768 0.128357
v -1.373240 0.493891 0.129383
v -1.371010 0.492802 0.136976
v -1.369993 0.490396 0.141834
v -1.368160 0.489512 0.149563
v -1.367212 0.489209 0.150112
v -1.366062 0.486799 0.154606
v -1.366486 0.486881 0.155642
v -1.364079 0.485842 0.162558
v -1.363212 0.485573 0.162976
v -1.362195 0.483147 0.167747
v -1.359226 0.481951 0.175723
v -1.357418 0.479381 0.180419
v -1.354465 0.478169 0.187703
v -1.353452 0.477901 0.188108
v -1.352060 0.475418 0.192756
v -1.348575 0.474130 0.200450
v -1.346320 0.471317 0.204994
v -1.342699 0.470064 0.211899
v -1.341730 0.469815 0.212197
v -1.339780 0.467264 0.216627
v -1.335693 0.465893 0.223309
v -1.334622 0.465612 0.223543
v -1.332478 0.462974 0.227809
v -1.328129 0.461535 0.234318
v -1.327029 0.461268 0.234527
v -1.324593 0.458648 0.238700
v -1.319928 0.457159 0.245026
v -1.318846 0.456885 0.245100
v -1.316227 0.454145 0.249105
v -1.310709 0.452566 0.255416
v -1.307510 0.449668 0.259310
v -1.301459 0.448017 0.265136
v -1.297993 0.445204 0.268581
v -1.291756 0.443550 0.274268
v -1.288024 0.440800 0.277547
v -1.281504 0.438997 0.282909
v -1.277446 0.436275 0.285415
v -1.277337 0.436170 0.286333
v -1.271510 0.434770 0.290837
v -1.270382 0.434576 0.290712
v -1.266729 0.431761 0.293807
v -1.260377 0.430251 0.298456
v -1.259319 0.430112 0.298277
v -1.248334 0.425713 0.305707
v -1.255558 0.427447 0.301264
v -1.243833 0.423099 0.307512
v -1.243540 0.422935 0.308528
v -1.236997 0.421613 0.312036
v -1.236034 0.421482 0.311747
v -1.231955 0.418800 0.314188
v -1.225081 0.417415 0.318037
v -1.224024 0.417263 0.317736
v -1.219664 0.414500 0.319944
v -1.211395 0.413111 0.322838
v -1.212376 0.413252 0.323245
v -1.207021 0.410539 0.324359
v -1.206649 0.410445 0.325251
v -1.198979 0.409036 0.327789
v -1.194140 0.406484 0.329175
v -1.186692 0.405238 0.332148
v -1.185703 0.405157 0.331676
v -1.181126 0.402617 0.332756
v -1.180683 0.402407 0.333619
v -1.173517 0.401358 0.335714
v -1.172537 0.401295 0.335247
v -1.167770 0.398732 0.336774
v -1.159510 0.397645 0.338652
v -1.154362 0.395032 0.339571
v -1.145644 0.393998 0.340695
v -1.146459 0.394034 0.341237
v -1.140709 0.391568 0.341791
v -1.132780 0.390540 0.343043
v -1.131931 0.390544 0.342401
v -1.127138 0.388288 0.342477
v -1.126530 0.388109 0.343196
v -1.119105 0.387320 0.343959
v -1.118179 0.387332 0.343300
v -1.113318 0.385111 0.343338
v -1.112723 0.384885 0.343970
v -1.104658 0.384137 0.344216
v -1.099346 0.381931 0.343951
v -1.090713 0.381149 0.344162
v -1.085389 0.378951 0.343563
v -1.077419 0.378362 0.343335
v -1.076585 0.378441 0.342512
v -1.071491 0.376243 0.342216
v -1.062797 0.375845 0.341317
v -1.057877 0.373993 0.339417
v -1.057054 0.373841 0.339958
v -1.049071 0.373603 0.338165
v -1.043898 0.371853 0.336621
v -1.035384 0.371666 0.334697
v -1.030666 0.370115 0.332031
v -1.029643 0.369950 0.332459
v -1.022014 0.370129 0.329650
v -1.016981 0.368497 0.327483
v -1.009428 0.368697 0.324687
v -1.008916 0.368946 0.323715
v -1.004104 0.367309 0.321546
v -0.996089 0.367948 0.318103
v -0.991401 0.366601 0.315099
v -0.983919 0.367365 0.310683
v -0.979495 0.366244 0.307290
v -0.972222 0.367171 0.303273
v -0.972098 0.367354 0.302226
v -0.967832 0.366163 0.298848
v -0.961014 0.367328 0.293417
v -0.957567 0.366544 0.289178
v -0.956516 0.366467 0.289211
v -0.950586 0.367763 0.283676
v -0.947155 0.366985 0.279267
v -0.946161 0.366922 0.279155
v -0.940874 0.368537 0.273089
v -0.938026 0.368120 0.268313
v -0.936910 0.368095 0.268198
v -0.932341 0.370120 0.261535
v -0.929963 0.369867 0.256487
v -0.928832 0.369830 0.256208
v -0.924661 0.372134 0.249479
v -0.922076 0.372036 0.244393
v -0.917975 0.374397 0.236929
v -0.916025 0.374584 0.231537
v -0.912593 0.377308 0.224006
v -0.910807 0.377427 0.218568
v -0.907614 0.380288 0.211358
v -0.908019 0.380646 0.210604
v -0.906645 0.380792 0.205475
v -0.905594 0.380914 0.204883
v -0.903494 0.383951 0.197574
v -0.902866 0.384408 0.192140
v -0.902035 0.384493 0.191621
v -0.900012 0.387386 0.184862
v -0.900529 0.387877 0.183978
v -0.899747 0.388257 0.178742
v -0.897288 0.391371 0.171305
v -0.898904 0.388427 0.178178
v -0.897868 0.391824 0.170517
v -0.896820 0.392212 0.165114
v -0.895105 0.395522 0.157810
v -0.895660 0.395944 0.157047
v -0.895201 0.396470 0.151782
v -0.894368 0.396641 0.151126
v -0.893522 0.399878 0.144141
v -0.894086 0.400290 0.143510
v -0.893523 0.400843 0.138032
v -0.892549 0.404239 0.130715
v -0.893238 0.404727 0.129932
v -0.892794 0.405269 0.124484
v -0.891980 0.408640 0.117180
v -0.892724 0.409128 0.116357
v -0.892451 0.409715 0.110915
v -0.892146 0.413371 0.103015
v -0.892349 0.414161 0.097380
v -0.892253 0.417860 0.089431
v -0.892599 0.418708 0.083644
v -0.892741 0.424380 0.071347
v -0.896035 0.408665 0.070227
v -0.896649 0.408126 0.067551
v -0.897489 0.406407 0.062425
v -0.898510 0.406616 0.054181
v -0.899278 0.406725 0.053549
v -0.900434 0.405126 0.048741
v -0.899829 0.404992 0.047860
v -0.901571 0.405284 0.039690
v -0.903423 0.403855 0.034774
v -0.902862 0.403731 0.033908
v -0.904879 0.404169 0.025833
v -0.906531 0.402738 0.020699
v -0.908718 0.403153 0.012108
v -0.911034 0.401919 0.007355
v -0.910566 0.401818 0.006396
v -0.913592 0.402556 -0.001456
v -0.912773 0.402371 -0.000992
v -0.915028 0.401001 -0.006508
v -0.917490 0.401769 -0.014399
v -0.918398 0.401948 -0.014906
v -0.920490 0.400655 -0.019520
v -0.920071 0.400570 -0.020491
v -0.923128 0.401344 -0.028169
v -0.925658 0.400172 -0.033045
v -0.928968 0.401220 -0.041100
v -0.931619 0.400176 -0.045962
v -0.935126 0.401272 -0.053924
v -0.938181 0.400341 -0.058389
v -0.937867 0.400268 -0.059237
v -0.941186 0.401417 -0.066146
v -0.942216 0.401691 -0.066545
v -0.944539 0.400646 -0.071478
v -0.949046 0.402180 -0.079076
v -0.948131 0.401935 -0.078781
v -0.951587 0.401303 -0.083694
v -0.955149 0.402779 -0.090936
v -0.956192 0.403049 -0.091305
v -0.958684 0.402211 -0.095953
v -0.962433 0.403793 -0.103142
v -0.963551 0.404095 -0.103471
v -0.966246 0.403367 -0.108105
v -0.970292 0.405154 -0.115031
v -0.971254 0.405396 -0.115285
v -0.979086 0.407007 -0.126851
v -0.974103 0.404793 -0.120569
v -0.974198 0.404742 -0.119524
v -0.982520 0.406674 -0.131119
v -0.987592 0.408993 -0.137955
v -0.991276 0.408892 -0.142204
v -0.996897 0.411516 -0.148459
v -1.000986 0.411470 -0.151913
v -1.006716 0.414202 -0.158501
v -1.000967 0.411668 -0.153031
v -1.011190 0.414406 -0.161459
v -1.017401 0.417439 -0.167274
v -1.011265 0.414545 -0.162393
v -1.021748 0.417593 -0.170584
v -1.028416 0.420708 -0.175711
v -1.033395 0.420980 -0.178276
v -1.039790 0.423941 -0.182551
v -1.040797 0.424299 -0.182328
v -1.045541 0.424627 -0.185857
v -1.045240 0.424463 -0.184903
v -1.052612 0.427761 -0.189061
v -1.057702 0.428079 -0.191237
v -1.065032 0.431364 -0.194776
v -1.070796 0.431981 -0.197203
v -1.070327 0.431714 -0.196251
v -1.078044 0.435364 -0.199439
v -1.083177 0.435795 -0.201154
v -1.090039 0.439056 -0.203914
v -1.091141 0.439453 -0.203481
v -1.096078 0.439824 -0.204842
v -1.096480 0.440071 -0.205648
v -1.103827 0.443527 -0.207599
v -1.109069 0.443987 -0.208532
v -1.109634 0.444329 -0.209489
v -1.116991 0.447769 -0.211031
v -1.122211 0.448309 -0.211691
v -1.122752 0.448635 -0.212550
v -1.130151 0.452207 -0.213843
v -1.135412 0.452805 -0.214947
v -1.142683 0.456428 -0.216690
v -1.143557 0.456755 -0.216092
v -1.148635 0.457327 -0.217511
v -1.156495 0.461214 -0.218845
v -1.161808 0.461858 -0.219798
v -1.169669 0.465697 -0.221003
v -1.174931 0.466319 -0.221276
v -1.182835 0.470221 -0.223001
v -1.175394 0.466611 -0.222013
v -1.188282 0.470958 -0.223637
v -1.196189 0.474796 -0.224611
v -1.201572 0.475513 -0.225306
v -1.209398 0.479335 -0.226160
v -1.214837 0.480028 -0.226712
v -1.222713 0.483779 -0.227521
v -1.228053 0.484431 -0.227995
v -1.235486 0.488026 -0.228974
v -1.236182 0.488342 -0.228327
v -1.241231 0.488777 -0.228669
v -1.241880 0.489118 -0.229445
v -1.249281 0.492577 -0.229796
v -1.254549 0.493157 -0.229691
v -1.255139 0.493460 -0.230399
v -1.262653 0.496878 -0.230561
v -1.267913 0.497364 -0.230309
v -1.268651 0.497729 -0.231070
v -1.275958 0.501149 -0.231141
v -1.281463 0.501682 -0.231291
v -1.288810 0.505048 -0.231717
v -1.289575 0.505368 -0.231003
v -1.294704 0.505730 -0.231034
v -1.295352 0.506070 -0.231709
v -1.302824 0.509313 -0.231318
v -1.308139 0.509713 -0.230693
v -1.316323 0.513245 -0.230617
v -1.308899 0.510091 -0.231427
v -1.321604 0.513600 -0.229749
v -1.322391 0.513976 -0.230467
v -1.329866 0.517098 -0.229086
v -1.335306 0.517397 -0.228375
v -1.343175 0.520734 -0.226960
v -1.348353 0.520918 -0.225782
v -1.349181 0.521319 -0.226381
v -1.355899 0.524095 -0.224340
v -1.356520 0.524240 -0.223296
v -1.361476 0.524295 -0.221925
v -1.362277 0.524725 -0.222361
v -1.369346 0.527441 -0.219654
v -1.374737 0.527593 -0.217055
v -1.380371 0.529872 -0.211810
v -1.380459 0.529861 -0.210745
v -1.384437 0.529500 -0.207482
v -1.385471 0.529929 -0.207537
v -1.390802 0.531931 -0.201768
v -1.393890 0.531453 -0.196940
v -1.397768 0.532970 -0.189716
v -1.400802 0.532282 -0.185136
v -1.403661 0.533657 -0.177038
v -1.404765 0.532195 -0.171707
v -1.405931 0.532937 -0.163810
v -1.405365 0.532742 -0.162943
v -1.406499 0.531427 -0.158121
v -1.407230 0.531715 -0.157508
v -1.407714 0.532104 -0.149977
v -1.407042 0.531867 -0.149129
v -1.408209 0.530546 -0.144110
v -1.408558 0.530850 -0.135577
v -1.409151 0.529366 -0.130210
v -1.408692 0.529308 -0.121656
v -1.408454 0.527475 -0.116651
v -1.409074 0.527691 -0.115910
v -1.408323 0.527665 -0.107917
v -1.408336 0.525776 -0.102623
v -1.407297 0.525626 -0.094158
v -1.407305 0.523778 -0.088901
v -1.406133 0.523473 -0.080427
v -1.405526 0.521431 -0.075534
v -1.406052 0.521642 -0.074734
v -1.404740 0.521196 -0.066891
v -1.404363 0.519266 -0.061710
v -1.403127 0.518862 -0.053296
v -1.402622 0.516796 -0.048153
v -1.401304 0.516339 -0.039763
v -1.400820 0.514275 -0.034620
v -1.399739 0.513871 -0.026742
v -1.398900 0.513547 -0.026098
v -1.398910 0.511628 -0.021127
v -1.397557 0.511088 -0.012758
v -1.397041 0.508995 -0.007577
v -1.395932 0.508415 0.000201
v -1.395088 0.508155 0.000864
v -1.394758 0.506062 0.005592
v -1.395314 0.506230 0.006461
v -1.393642 0.505544 0.014207
v -1.393328 0.503351 0.019345
v -1.391841 0.502719 0.027687
v -1.391443 0.500514 0.032767
v -1.390444 0.499967 0.040621
v -1.389615 0.499641 0.041278
v -1.389714 0.497638 0.046298
v -1.388337 0.496828 0.054649
v -1.387895 0.494655 0.059712
v -1.386840 0.494021 0.067552
v -1.386010 0.493710 0.068207
v -1.386048 0.491665 0.073186
v -1.384664 0.490825 0.081547
v -1.384125 0.488603 0.086680
v -1.382566 0.487678 0.094930
v -1.381914 0.485394 0.100034
v -1.380362 0.484508 0.108376
v -1.379207 0.482069 0.113147
v -1.379664 0.482186 0.113937
v -1.377714 0.481202 0.121720
v -1.377021 0.478866 0.126788
v -1.374351 0.477680 0.135055
v -1.375144 0.477951 0.134651
v -1.373412 0.475328 0.139622
v -1.373859 0.475426 0.140609
v -1.371315 0.474279 0.148056
v -1.369928 0.471806 0.152666
v -1.370366 0.471898 0.153516
v -1.367455 0.470647 0.160979
v -1.365855 0.468102 0.165781
v -1.362898 0.466896 0.173676
v -1.361272 0.464299 0.178516
v -1.357668 0.463014 0.186130
v -1.355479 0.460334 0.190403
v -1.355781 0.460369 0.191257
v -1.352694 0.459216 0.198005
v -1.351717 0.458932 0.198377
v -1.349931 0.456336 0.202989
v -1.345967 0.455029 0.209834
v -1.345045 0.454750 0.210058
v -1.342924 0.452143 0.214088
v -1.343126 0.452158 0.215261
v -1.338621 0.450641 0.221677
v -1.335862 0.447883 0.225732
v -1.330973 0.446308 0.232614
v -1.327964 0.443531 0.236288
v -1.328104 0.443516 0.237219
v -1.323506 0.442080 0.243009
v -1.322348 0.441800 0.243144
v -1.319482 0.439090 0.246668
v -1.319515 0.439035 0.247756
v -1.314112 0.437433 0.253422
v -1.310957 0.434612 0.257205
v -1.304814 0.432951 0.263075
v -1.301040 0.430118 0.265990
v -1.300990 0.430062 0.267036
v -1.294981 0.428432 0.272147
v -1.291161 0.425597 0.275345
v -1.284547 0.423919 0.280550
v -1.280502 0.421154 0.283086
v -1.280393 0.421061 0.284103
v -1.273815 0.419458 0.288722
v -1.269642 0.416716 0.290970
v -1.269460 0.416576 0.291971
v -1.262713 0.415093 0.296167
v -1.258598 0.412262 0.298966
v -1.250807 0.410641 0.303002
v -1.251853 0.410837 0.303271
v -1.246792 0.407938 0.305734
v -1.239224 0.406394 0.309559
v -1.234813 0.403668 0.311377
v -1.234444 0.403496 0.312350
v -1.227566 0.402226 0.315332
v -1.226623 0.402125 0.314952
v -1.222378 0.399461 0.317064
v -1.215192 0.398099 0.320551
v -1.214164 0.397976 0.320170
v -1.209757 0.395380 0.321762
v -1.209276 0.395236 0.322698
v -1.201628 0.393962 0.325031
v -1.196813 0.391404 0.326537
v -1.188636 0.389919 0.329393
v -1.183657 0.387431 0.330485
v -1.175403 0.386190 0.332795
v -1.170428 0.383613 0.333932
v -1.161663 0.382447 0.335483
v -1.162558 0.382514 0.336037
v -1.156971 0.380048 0.336152
v -1.156329 0.379888 0.337037
v -1.148371 0.378867 0.338215
v -1.143445 0.376475 0.338504
v -1.142811 0.376309 0.339372
v -1.135207 0.375467 0.340207
v -1.134359 0.375456 0.339535
v -1.120788 0.372220 0.340928
v -1.129401 0.373055 0.340176
v -1.115471 0.369830 0.341031
v -1.107410 0.369124 0.341404
v -1.106644 0.369119 0.340737
v -1.101818 0.366924 0.340513
v -1.101114 0.366779 0.341222
v -1.093094 0.366013 0.341248
v -1.087666 0.363909 0.340488
v -1.079065 0.363321 0.339882
v -1.074046 0.361306 0.338618
v -1.073098 0.361134 0.339354
v -1.065673 0.360705 0.338452
v -1.064937 0.360756 0.337648
v -1.060184 0.358940 0.336151
v -1.059322 0.358774 0.336702
v -1.051906 0.358624 0.335155
v -1.051267 0.358719 0.334324
v -1.046157 0.356767 0.333363
v -1.037688 0.356752 0.330947
v -1.033013 0.355204 0.328405
v -1.032008 0.355060 0.328840
v -1.024410 0.355209 0.326071
v -1.019704 0.353630 0.323489
v -1.018700 0.353493 0.323848
v -1.011736 0.353921 0.320629
v -1.011365 0.354139 0.319713
v -1.006582 0.352547 0.317449
v -0.998649 0.353103 0.313863
v -0.993913 0.351775 0.310650
v -0.986591 0.352829 0.305708
v -0.986870 0.352606 0.306648
v -0.982504 0.351661 0.302577
v -0.981464 0.351518 0.302785
v -0.974965 0.352264 0.298766
v -0.974746 0.352582 0.297674
v -0.970502 0.351437 0.294288
v -0.963906 0.352818 0.288392
v -0.963998 0.352524 0.289293
v -0.960282 0.351882 0.284588
v -0.959373 0.351795 0.284667
v -0.953182 0.352978 0.279172
v -0.949689 0.352466 0.274560
v -0.943864 0.354101 0.268268
v -0.940507 0.353536 0.263605
v -0.935404 0.355435 0.257287
v -0.935569 0.355832 0.256273
v -0.932377 0.355265 0.251715
v -0.927690 0.357598 0.244319
v -0.927493 0.357292 0.245293
v -0.925519 0.357384 0.239460
v -0.924446 0.357391 0.239111
v -0.921177 0.360053 0.231924
v -0.919693 0.360161 0.226564
v -0.918711 0.360215 0.226133
v -0.915844 0.362973 0.218897
v -0.914565 0.363196 0.213548
v -0.913647 0.363261 0.213134
v -0.911045 0.366145 0.205789
v -0.910125 0.366514 0.200326
v -0.909033 0.366643 0.199655
v -0.907005 0.369658 0.192378
v -0.906366 0.370108 0.186927
v -0.903633 0.373397 0.178949
v -0.905484 0.370194 0.186422
v -0.903186 0.373907 0.173481
v -0.902219 0.374069 0.172793
v -0.900789 0.377332 0.165450
v -0.899912 0.377896 0.159794
v -0.898568 0.381493 0.151877
v -0.898593 0.382156 0.146403
v -0.897720 0.382322 0.145746
v -0.896928 0.385832 0.138269
v -0.896696 0.386503 0.132563
v -0.896373 0.390426 0.124492
v -0.895728 0.389998 0.125217
v -0.896414 0.391009 0.119154
v -0.895510 0.394674 0.111022
v -0.895688 0.391206 0.118529
v -0.896163 0.395451 0.105550
v -0.895380 0.395655 0.104764
v -0.895470 0.399163 0.097414
v -0.895743 0.399900 0.091743
v -0.895351 0.403362 0.084366
v -0.896078 0.403822 0.083692
v -0.896417 0.404467 0.078367
v -0.895769 0.404721 0.077384
v -0.895712 0.408748 0.070088
v -0.896326 0.409066 0.070210
v -0.896314 0.409066 0.070210
v -0.896314 0.409066 0.070210
v -0.896314 0.409066 0.070210
v -0.896314 0.409066 0.070210
v -0.896314 0.409066 0.070210
v -0.896314 0.409066 0.070210
v -0.896194 0.409030 0.070198
v -0.896098 0.409018 0.070186
v -0.896050 0.409006 0.070186
v -0.896074 0.409006 0.070186
v -0.896146 0.409018 0.070198
v -0.896314 0.409066 0.070210
v -0.896314 0.409066 0.070210
v -0.896218 0.409042 0.070198
v -0.895243 0.423871 0.071749
v -0.896350 0.423865 0.065098
v -0.896889 0.422036 0.060055
v -0.897689 0.422229 0.059350
v -0.898435 0.422340 0.051125
v -0.899658 0.420751 0.046018
v -0.901400 0.421117 0.037465
v -0.902191 0.419412 0.032352
v -0.902989 0.419613 0.031710
v -0.904244 0.419903 0.023714
v -0.905966 0.418423 0.018609
v -0.907998 0.418973 0.010627
v -0.907535 0.418788 0.009799
v -0.909580 0.417519 0.005065
v -0.912051 0.418166 -0.002694
v -0.911623 0.417970 -0.003674
v -0.913590 0.416634 -0.008262
v -0.914493 0.416921 -0.008808
v -0.916556 0.417438 -0.016690
v -0.918820 0.416243 -0.021471
v -0.921880 0.417067 -0.029557
v -0.924437 0.415906 -0.034398
v -0.927766 0.417040 -0.042368
v -0.930022 0.415793 -0.047147
v -0.930816 0.416091 -0.047458
v -0.934104 0.417055 -0.054956
v -0.936838 0.416077 -0.059651
v -0.940683 0.417397 -0.066684
v -0.940433 0.417278 -0.067803
v -0.943671 0.416468 -0.072065
v -0.947571 0.417866 -0.079133
v -0.947337 0.417762 -0.080050
v -0.950165 0.416935 -0.084255
v -0.951089 0.417299 -0.084543
v -0.954788 0.418663 -0.091725
v -0.957847 0.417929 -0.096261
v -0.961896 0.419617 -0.104033
v -0.962031 0.419688 -0.103100
v -0.965439 0.419203 -0.108043
v -0.969938 0.421001 -0.115287
v -0.973344 0.420478 -0.119538
v -0.978147 0.422771 -0.126428
v -0.981267 0.422306 -0.130739
v -0.986680 0.424742 -0.137469
v -0.982220 0.422653 -0.130863
v -0.990447 0.424584 -0.141368
v -0.995876 0.427198 -0.147717
v -1.000349 0.427370 -0.151708
v -1.005632 0.429964 -0.157152
v -0.999367 0.426985 -0.151659
v -1.009719 0.430007 -0.160722
v -1.015859 0.433116 -0.166152
v -1.020240 0.433276 -0.169321
v -1.026825 0.436283 -0.174151
v -1.031212 0.436509 -0.176912
v -1.032125 0.436940 -0.176670
v -1.038569 0.439798 -0.180787
v -1.043499 0.439969 -0.183412
v -1.050719 0.443309 -0.187019
v -1.055738 0.443581 -0.189170
v -1.063165 0.446894 -0.192292
v -1.068408 0.447291 -0.194182
v -1.075494 0.450694 -0.196757
v -1.075903 0.450856 -0.197556
v -1.081029 0.451323 -0.198676
v -1.088710 0.454810 -0.201139
v -1.093895 0.455357 -0.202672
v -1.101149 0.458833 -0.204493
v -1.101704 0.459065 -0.205384
v -1.106625 0.459435 -0.206632
v -1.107386 0.459781 -0.206172
v -1.114592 0.463214 -0.208309
v -1.119618 0.463726 -0.209808
v -1.120498 0.464120 -0.209248
v -1.127694 0.467642 -0.211269
v -1.132978 0.468264 -0.212232
v -1.140764 0.472044 -0.213795
v -1.146088 0.472725 -0.214680
v -1.153840 0.476637 -0.216207
v -1.159143 0.477297 -0.217079
v -1.167004 0.481118 -0.218375
v -1.172063 0.481708 -0.219599
v -1.172702 0.482038 -0.219034
v -1.180130 0.485656 -0.220453
v -1.185402 0.486407 -0.221205
v -1.193225 0.490194 -0.222252
v -1.198402 0.490786 -0.223268
v -1.198965 0.491068 -0.222745
v -1.206385 0.494748 -0.223875
v -1.211771 0.495395 -0.224432
v -1.219132 0.499034 -0.224974
v -1.219810 0.499309 -0.225774
v -1.225023 0.499855 -0.225760
v -1.232338 0.503419 -0.226161
v -1.233060 0.503719 -0.226962
v -1.238070 0.504167 -0.227306
v -1.238752 0.504505 -0.226666
v -1.245575 0.507808 -0.227213
v -1.246316 0.508096 -0.227990
v -1.251346 0.508485 -0.228235
v -1.252040 0.508847 -0.227549
v -1.259440 0.512304 -0.228229
v -1.264805 0.512814 -0.228402
v -1.272221 0.516288 -0.228416
v -1.272932 0.516573 -0.229163
v -1.278130 0.517042 -0.228794
v -1.286090 0.520600 -0.228839
v -1.291337 0.521006 -0.229212
v -1.291997 0.521345 -0.228478
v -1.298962 0.524418 -0.228331
v -1.299614 0.524673 -0.228960
v -1.304881 0.525060 -0.228245
v -1.312930 0.528582 -0.228199
v -1.312267 0.528362 -0.227606
v -1.317991 0.528840 -0.227742
v -1.318456 0.529061 -0.227066
v -1.325914 0.532110 -0.226046
v -1.331174 0.532428 -0.225702
v -1.331763 0.532703 -0.224841
v -1.339158 0.535770 -0.223851
v -1.344484 0.535990 -0.223034
v -1.351944 0.539221 -0.220564
v -1.357058 0.539332 -0.218761
v -1.364413 0.541964 -0.216143
v -1.368909 0.541807 -0.213542
v -1.373863 0.544118 -0.207937
v -1.374877 0.544414 -0.207933
v -1.378415 0.543900 -0.203898
v -1.384192 0.546033 -0.198251
v -1.386858 0.545478 -0.193872
v -1.391168 0.547332 -0.186786
v -1.394387 0.546650 -0.182521
v -1.396545 0.547521 -0.174704
v -1.397824 0.546444 -0.169747
v -1.398726 0.547053 -0.161322
v -1.400403 0.546160 -0.147609
v -1.399917 0.545655 -0.156098
v -1.401489 0.544708 -0.142592
v -1.400787 0.544577 -0.141721
v -1.401188 0.544865 -0.134259
v -1.401822 0.545036 -0.133691
v -1.401857 0.543263 -0.128676
v -1.401227 0.543427 -0.120754
v -1.401880 0.543543 -0.119954
v -1.401529 0.541666 -0.114919
v -1.401110 0.541729 -0.106437
v -1.400995 0.539892 -0.101261
v -1.400067 0.539643 -0.092792
v -1.400438 0.537937 -0.087738
v -1.399669 0.537739 -0.087134
v -1.398941 0.537537 -0.079132
v -1.398632 0.535579 -0.074009
v -1.397394 0.535322 -0.065542
v -1.397047 0.533312 -0.060394
v -1.396155 0.533003 -0.051755
v -1.395625 0.532904 -0.052503
v -1.395348 0.530898 -0.046898
v -1.393917 0.530363 -0.038543
v -1.393582 0.528361 -0.033371
v -1.392049 0.527770 -0.025008
v -1.392141 0.525819 -0.019973
v -1.391314 0.525581 -0.019339
v -1.390193 0.525158 -0.011535
v -1.389780 0.523096 -0.006365
v -1.388329 0.522367 0.001945
v -1.388420 0.520407 0.006996
v -1.387634 0.520239 0.007571
v -1.386507 0.519605 0.015411
v -1.386211 0.517545 0.020615
v -1.384603 0.516861 0.028365
v -1.385194 0.516936 0.029263
v -1.384853 0.514796 0.033995
v -1.384039 0.514575 0.034557
v -1.383091 0.513983 0.042499
v -1.383137 0.511912 0.047499
v -1.382308 0.511679 0.048144
v -1.381354 0.511068 0.056002
v -1.381411 0.508968 0.060981
v -1.380667 0.508794 0.061505
v -1.379385 0.508101 0.068776
v -1.379984 0.508184 0.069714
v -1.379186 0.505898 0.074566
v -1.377617 0.505102 0.082337
v -1.378186 0.505156 0.083153
v -1.377800 0.502963 0.087876
v -1.377059 0.502775 0.088354
v -1.375654 0.502039 0.095663
v -1.376212 0.502085 0.096565
v -1.375180 0.499679 0.101407
v -1.373473 0.498872 0.109127
v -1.374009 0.498891 0.109944
v -1.372926 0.496501 0.114715
v -1.371023 0.495648 0.122381
v -1.371550 0.495667 0.123253
v -1.368351 0.492333 0.135457
v -1.370456 0.493271 0.127989
v -1.368788 0.492370 0.136442
v -1.367850 0.489997 0.141024
v -1.366972 0.489823 0.141552
v -1.365105 0.488766 0.149118
v -1.364309 0.486442 0.153969
v -1.363423 0.486242 0.154438
v -1.361107 0.485113 0.161953
v -1.360167 0.482791 0.166737
v -1.359170 0.482577 0.167182
v -1.356964 0.481448 0.174920
v -1.356619 0.481488 0.174072
v -1.355430 0.478969 0.179275
v -1.354460 0.478756 0.179676
v -1.351488 0.477571 0.186992
v -1.349478 0.474974 0.191562
v -1.346075 0.473605 0.199183
v -1.343845 0.471044 0.203531
v -1.339844 0.469779 0.210206
v -1.340100 0.469644 0.211247
v -1.337499 0.466893 0.215071
v -1.332812 0.465419 0.222081
v -1.330229 0.462676 0.226169
v -1.325273 0.461166 0.232946
v -1.322953 0.458412 0.237067
v -1.321927 0.458207 0.237187
v -1.317260 0.456739 0.243456
v -1.314095 0.454014 0.247217
v -1.308633 0.452291 0.253549
v -1.306072 0.449607 0.257441
v -1.304975 0.449513 0.257437
v -1.299546 0.447891 0.263062
v -1.296514 0.445169 0.266731
v -1.295470 0.445024 0.266737
v -1.290032 0.443400 0.272561
v -1.290073 0.443536 0.271674
v -1.286199 0.440617 0.275353
v -1.279892 0.439004 0.281141
v -1.279988 0.439187 0.280222
v -1.275793 0.436244 0.283641
v -1.269155 0.434607 0.288752
v -1.265113 0.431898 0.291484
v -1.258153 0.430269 0.296251
v -1.254015 0.427508 0.298915
v -1.246905 0.425916 0.303231
v -1.242909 0.423209 0.305863
v -1.241962 0.423136 0.305598
v -1.235518 0.421788 0.309081
v -1.235171 0.421582 0.310065
v -1.231043 0.418940 0.312052
v -1.230182 0.418886 0.311746
v -1.223580 0.417588 0.314993
v -1.223156 0.417353 0.316048
v -1.218549 0.414836 0.317358
v -1.211146 0.413505 0.320155
v -1.210694 0.413270 0.321091
v -1.206310 0.410707 0.322612
v -1.205373 0.410696 0.322227
v -1.197978 0.409399 0.325189
v -1.193493 0.406763 0.326962
v -1.192519 0.406736 0.326539
v -1.185121 0.405450 0.329454
v -1.180265 0.402954 0.330596
v -1.172480 0.401808 0.332564
v -1.171986 0.401558 0.333472
v -1.167436 0.399087 0.334373
v -1.166499 0.399102 0.333847
v -1.158814 0.397955 0.335931
v -1.154105 0.395467 0.337190
v -1.153122 0.395472 0.336621
v -1.145260 0.394312 0.338865
v -1.145786 0.394568 0.338114
v -1.140284 0.391985 0.338942
v -1.131862 0.391013 0.340116
v -1.126930 0.388663 0.340631
v -1.126171 0.388742 0.340033
v -1.118674 0.387964 0.340653
v -1.117962 0.387703 0.341458
v -1.112412 0.385564 0.340799
v -1.105010 0.384911 0.341066
v -1.113242 0.385427 0.341471
v -1.104233 0.384632 0.341827
v -1.099229 0.382514 0.341250
v -1.091178 0.381805 0.341121
v -1.090494 0.381598 0.341789
v -1.085498 0.379636 0.340799
v -1.076909 0.379038 0.340304
v -1.071680 0.376965 0.339456
v -1.063198 0.376400 0.338633
v -1.058223 0.374472 0.337602
v -1.057632 0.374695 0.336833
v -1.049588 0.374338 0.335466
v -1.044585 0.372352 0.334469
v -1.044044 0.372486 0.333597
v -1.036087 0.372444 0.332034
v -1.031205 0.370822 0.329899
v -1.023581 0.371051 0.327135
v -1.022541 0.370795 0.327547
v -1.018026 0.369143 0.325564
v -1.017589 0.369513 0.324572
v -1.009964 0.369779 0.321795
v -1.005181 0.368165 0.319578
v -1.004757 0.368485 0.318657
v -0.996950 0.368578 0.315944
v -0.997717 0.368733 0.315708
v -0.992626 0.367237 0.313248
v -0.992339 0.367613 0.312326
v -0.985359 0.368368 0.308366
v -0.980898 0.367247 0.305064
v -0.974244 0.368082 0.300808
v -0.973235 0.368003 0.300843
v -0.969590 0.367123 0.296798
v -0.962844 0.368246 0.291510
v -0.958950 0.367320 0.287496
v -0.953030 0.368659 0.281967
v -0.951951 0.368511 0.281983
v -0.948764 0.367877 0.277719
v -0.942932 0.369618 0.271446
v -0.939595 0.368896 0.266998
v -0.934716 0.371074 0.260136
v -0.931495 0.370530 0.255553
v -0.931630 0.370943 0.254698
v -0.927521 0.372801 0.248580
v -0.926574 0.372801 0.248284
v -0.924541 0.372703 0.243153
v -0.920474 0.375373 0.236013
v -0.918230 0.375179 0.230994
v -0.918618 0.375663 0.230118
v -0.914670 0.378107 0.223101
v -0.915506 0.378115 0.223492
v -0.913367 0.378357 0.217809
v -0.910666 0.381222 0.210658
v -0.909764 0.381230 0.210162
v -0.908415 0.381387 0.205040
v -0.908796 0.381883 0.204276
v -0.906035 0.384712 0.197127
v -0.905095 0.385211 0.191532
v -0.902327 0.388408 0.183707
v -0.903138 0.388368 0.184278
v -0.901578 0.388721 0.178520
v -0.902122 0.389202 0.177745
v -0.900106 0.392392 0.170510
v -0.899588 0.392972 0.164876
v -0.898271 0.396382 0.157520
v -0.897477 0.396455 0.156893
v -0.897437 0.397022 0.151477
v -0.896745 0.400588 0.144191
v -0.895937 0.400720 0.143465
v -0.896172 0.401426 0.138052
v -0.895864 0.404954 0.130679
v -0.895101 0.405109 0.129965
v -0.895079 0.405654 0.124691
v -0.895736 0.406147 0.124043
v -0.894966 0.409528 0.116657
v -0.895251 0.410244 0.111010
v -0.895160 0.413825 0.103703
v -0.894491 0.413950 0.102975
v -0.895090 0.414724 0.097537
v -0.895298 0.418259 0.090231
v -0.894577 0.418456 0.089448
v -0.895376 0.419234 0.083928
v -0.895117 0.424868 0.071703
v -0.898066 0.409354 0.070426
v -0.898511 0.409545 0.070479
v -0.898054 0.409438 0.070438
v -0.898054 0.409438 0.070438
v -0.899164 0.408668 0.068731
v -0.898258 0.409486 0.070462
v -0.898198 0.409474 0.070462
v -0.898054 0.409438 0.070438
v -0.898054 0.409438 0.070438
v -0.898138 0.409462 0.070450
v -0.899789 0.406939 0.062967
v -0.900485 0.407102 0.062425
v -0.901670 0.407320 0.054714
v -0.901109 0.407134 0.053846
v -0.902711 0.405669 0.048899
v -0.904183 0.405966 0.040271
v -0.905667 0.404442 0.035079
v -0.907601 0.404911 0.027106
v -0.907114 0.404736 0.026180
v -0.908716 0.403277 0.021463
v -0.909575 0.403506 0.020869
v -0.911272 0.403900 0.012836
v -0.913308 0.402528 0.007846
v -0.915746 0.403205 0.000007
v -0.915332 0.403029 -0.000915
v -0.917599 0.401770 -0.005663
v -0.920491 0.402555 -0.013232
v -0.920117 0.402415 -0.014252
v -0.922235 0.401144 -0.018873
v -0.923131 0.401404 -0.019356
v -0.925521 0.402053 -0.027164
v -0.928086 0.401050 -0.031929
v -0.931464 0.401991 -0.039957
v -0.933573 0.400739 -0.044810
v -0.937643 0.401992 -0.052730
v -0.934412 0.401039 -0.045123
v -0.939838 0.400844 -0.057563
v -0.940653 0.401111 -0.057835
v -0.944082 0.402236 -0.065340
v -0.946955 0.401309 -0.069998
v -0.950900 0.402719 -0.077713
v -0.953849 0.401956 -0.082342
v -0.957956 0.403548 -0.089294
v -0.957746 0.403483 -0.090366
v -0.961078 0.402760 -0.094624
v -0.965299 0.404554 -0.102020
v -0.968623 0.403942 -0.106525
v -0.973005 0.405865 -0.113824
v -0.976271 0.405314 -0.118365
v -0.981158 0.407507 -0.125084
v -0.984215 0.407049 -0.129498
v -0.985309 0.407481 -0.129730
v -0.989711 0.409451 -0.136260
v -0.993250 0.409189 -0.140289
v -0.998917 0.411912 -0.146414
v -1.002345 0.411721 -0.150578
v -1.003272 0.412020 -0.150587
v -1.008413 0.414678 -0.156544
v -1.013272 0.415020 -0.159870
v -1.019053 0.417893 -0.165023
v -1.012327 0.414641 -0.159949
v -1.023388 0.418033 -0.168460
v -1.029877 0.421166 -0.173258
v -1.034708 0.421416 -0.175878
v -1.041755 0.424539 -0.180180
v -1.046552 0.424745 -0.182942
v -1.053459 0.427902 -0.186128
v -1.053762 0.428038 -0.186986
v -1.058845 0.428294 -0.188676
v -1.065815 0.431486 -0.191755
v -1.066205 0.431654 -0.192693
v -1.071189 0.432075 -0.194091
v -1.078851 0.435481 -0.196871
v -1.084022 0.435999 -0.198525
v -1.091674 0.439473 -0.201189
v -1.096807 0.439996 -0.202660
v -1.104067 0.443428 -0.204431
v -1.104643 0.443723 -0.205359
v -1.109564 0.444081 -0.206678
v -1.110403 0.444442 -0.206198
v -1.117510 0.447870 -0.208339
v -1.122878 0.448498 -0.209405
v -1.130619 0.452349 -0.211192
v -1.135987 0.452937 -0.212214
v -1.143741 0.456793 -0.213826
v -1.149035 0.457404 -0.214724
v -1.156377 0.461042 -0.215779
v -1.157011 0.461349 -0.216629
v -1.162296 0.462003 -0.216949
v -1.170089 0.465869 -0.218326
v -1.175175 0.466412 -0.219387
v -1.175863 0.466775 -0.218803
v -1.183229 0.470385 -0.220195
v -1.188610 0.471122 -0.220794
v -1.196443 0.474908 -0.221840
v -1.201765 0.475576 -0.222490
v -1.209043 0.479236 -0.223084
v -1.209805 0.479539 -0.223875
v -1.215097 0.480127 -0.223839
v -1.222872 0.483972 -0.224762
v -1.228361 0.484628 -0.225162
v -1.235710 0.488194 -0.225755
v -1.236295 0.488436 -0.226455
v -1.241353 0.488872 -0.226757
v -1.242048 0.489250 -0.226122
v -1.249458 0.492754 -0.227046
v -1.254824 0.493347 -0.227350
v -1.262700 0.497014 -0.227718
v -1.267968 0.497464 -0.228391
v -1.268603 0.497814 -0.227752
v -1.276070 0.501197 -0.228355
v -1.281305 0.501662 -0.228931
v -1.282038 0.502031 -0.228217
v -1.289440 0.505370 -0.228709
v -1.294816 0.505878 -0.228658
v -1.302799 0.509329 -0.228470
v -1.308254 0.509827 -0.228290
v -1.316160 0.513234 -0.227843
v -1.321599 0.513594 -0.227383
v -1.329408 0.516977 -0.226403
v -1.334749 0.517210 -0.226052
v -1.335353 0.517504 -0.225188
v -1.342780 0.520562 -0.224277
v -1.348166 0.520832 -0.223469
v -1.355737 0.523803 -0.221163
v -1.360974 0.523952 -0.220110
v -1.361453 0.524132 -0.219191
v -1.367987 0.526723 -0.216899
v -1.368892 0.527092 -0.217348
v -1.372964 0.526839 -0.214926
v -1.378317 0.529025 -0.209351
v -1.379293 0.529367 -0.209363
v -1.383102 0.528981 -0.205735
v -1.388835 0.531319 -0.199833
v -1.391991 0.530539 -0.196111
v -1.391586 0.530470 -0.195017
v -1.395471 0.532197 -0.188292
v -1.398362 0.531458 -0.183782
v -1.401073 0.532765 -0.176444
v -1.402031 0.531369 -0.171271
v -1.403587 0.532191 -0.162678
v -1.402870 0.531992 -0.163261
v -1.404288 0.530720 -0.157590
v -1.405261 0.531305 -0.149032
v -1.404549 0.531083 -0.149721
v -1.405508 0.529627 -0.143938
v -1.405879 0.530062 -0.135423
v -1.406934 0.528639 -0.130514
v -1.406202 0.528461 -0.129874
v -1.406028 0.528536 -0.121791
v -1.406208 0.526816 -0.116604
v -1.405405 0.526739 -0.108728
v -1.406097 0.526918 -0.107841
v -1.405543 0.525004 -0.102891
v -1.404656 0.524767 -0.094490
v -1.405028 0.523067 -0.089423
v -1.404292 0.522876 -0.088812
v -1.403350 0.522691 -0.081400
v -1.403930 0.522828 -0.080612
v -1.403220 0.520811 -0.075676
v -1.401993 0.520395 -0.067267
v -1.401730 0.518496 -0.062105
v -1.400231 0.518006 -0.054338
v -1.400793 0.518151 -0.053465
v -1.400463 0.516150 -0.048726
v -1.399621 0.515923 -0.048096
v -1.398982 0.515637 -0.039949
v -1.398459 0.515543 -0.040719
v -1.398209 0.513478 -0.035124
v -1.396584 0.512949 -0.027288
v -1.397111 0.513038 -0.026466
v -1.396320 0.510877 -0.021598
v -1.394778 0.510268 -0.013261
v -1.394289 0.508185 -0.008077
v -1.392947 0.507562 0.000255
v -1.392517 0.505451 0.005325
v -1.390950 0.504778 0.013625
v -1.390642 0.502634 0.018787
v -1.389025 0.501946 0.026561
v -1.389608 0.502037 0.027452
v -1.388795 0.499817 0.032289
v -1.387398 0.499030 0.040608
v -1.386995 0.496845 0.045783
v -1.385616 0.496166 0.054099
v -1.385729 0.494072 0.059127
v -1.384939 0.493884 0.059683
v -1.383753 0.493148 0.067510
v -1.383327 0.490879 0.072715
v -1.381957 0.490182 0.081029
v -1.381525 0.487901 0.086029
v -1.379760 0.487018 0.094308
v -1.379306 0.484749 0.099448
v -1.377587 0.483863 0.107661
v -1.376964 0.481544 0.112734
v -1.374882 0.480589 0.120422
v -1.375417 0.480623 0.121310
v -1.374273 0.478201 0.126057
v -1.372214 0.477257 0.134157
v -1.371143 0.474765 0.139085
v -1.368753 0.473715 0.147186
v -1.367653 0.471295 0.152133
v -1.365136 0.470135 0.160306
v -1.364761 0.470180 0.159281
v -1.363793 0.467705 0.164718
v -1.362934 0.467500 0.165088
v -1.360243 0.466375 0.172526
v -1.358630 0.463830 0.177301
v -1.355197 0.462519 0.184954
v -1.353313 0.459873 0.189490
v -1.349723 0.458615 0.197209
v -1.348023 0.456031 0.201522
v -1.347122 0.455847 0.201727
v -1.343269 0.454529 0.207957
v -1.343469 0.454464 0.209054
v -1.341341 0.451869 0.213084
v -1.340439 0.451681 0.213275
v -1.336389 0.450292 0.219993
v -1.334140 0.447637 0.224226
v -1.333199 0.447462 0.224351
v -1.328825 0.446074 0.230236
v -1.328971 0.445970 0.231344
v -1.325977 0.443235 0.235002
v -1.320934 0.441615 0.241873
v -1.320874 0.441712 0.240960
v -1.317610 0.438828 0.245221
v -1.312073 0.437209 0.251539
v -1.308933 0.434399 0.255279
v -1.303024 0.432727 0.261421
v -1.303076 0.432878 0.260455
v -1.299302 0.429943 0.264383
v -1.293322 0.428367 0.269538
v -1.293309 0.428235 0.270534
v -1.289901 0.425549 0.273376
v -1.288795 0.425420 0.273260
v -1.282767 0.423886 0.278374
v -1.278880 0.421056 0.281310
v -1.272286 0.419512 0.286464
v -1.268206 0.416755 0.289141
v -1.261141 0.415065 0.293782
v -1.257043 0.412272 0.296534
v -1.249908 0.410680 0.301335
v -1.250192 0.410874 0.300418
v -1.245844 0.408035 0.303439
v -1.244787 0.407939 0.303151
v -1.237979 0.406459 0.307210
v -1.233982 0.403803 0.309686
v -1.233094 0.403761 0.309340
v -1.226207 0.402463 0.312325
v -1.225852 0.402271 0.313236
v -1.221564 0.399664 0.314914
v -1.220704 0.399643 0.314577
v -1.213439 0.398260 0.317840
v -1.209098 0.395580 0.319975
v -1.208240 0.395571 0.319565
v -1.200679 0.394239 0.322364
v -1.195792 0.391591 0.323875
v -1.187823 0.390321 0.326705
v -1.182912 0.387717 0.327793
v -1.175108 0.386677 0.329683
v -1.174551 0.386415 0.330556
v -1.169585 0.383974 0.331151
v -1.161345 0.382812 0.333237
v -1.156570 0.380313 0.334295
v -1.155769 0.380394 0.333787
v -1.147861 0.379228 0.335495
v -1.142743 0.376779 0.336264
v -1.134273 0.375837 0.337265
v -1.129157 0.373542 0.337418
v -1.120976 0.372745 0.337872
v -1.120344 0.372506 0.338625
v -1.115599 0.370265 0.338683
v -1.114752 0.370349 0.337954
v -1.106729 0.369578 0.338465
v -1.101737 0.367276 0.338657
v -1.100987 0.367401 0.338010
v -1.092890 0.366545 0.338411
v -1.087782 0.364440 0.337677
v -1.079198 0.363922 0.337112
v -1.073968 0.361799 0.336275
v -1.065536 0.361377 0.335428
v -1.060539 0.359404 0.334343
v -1.059952 0.359566 0.333510
v -1.052509 0.359415 0.332008
v -1.051616 0.359172 0.332536
v -1.046774 0.357423 0.330710
v -1.038556 0.357478 0.328286
v -1.033496 0.355804 0.326101
v -1.025262 0.355983 0.323515
v -1.020367 0.354423 0.321289
v -1.012432 0.354854 0.317829
v -1.007748 0.353460 0.314977
v -0.999754 0.353989 0.311480
v -0.995408 0.352714 0.308359
v -0.987981 0.353606 0.303971
v -0.983559 0.352414 0.300509
v -0.976266 0.353362 0.296151
v -0.972163 0.352218 0.292668
v -0.972014 0.352582 0.291744
v -0.965524 0.353597 0.286865
v -0.961645 0.352702 0.282884
v -0.955138 0.354030 0.277319
v -0.951755 0.353344 0.272839
v -0.946464 0.355070 0.266823
v -0.945470 0.354937 0.266667
v -0.942368 0.354260 0.262398
v -0.942446 0.354706 0.261542
v -0.938120 0.356495 0.255612
v -0.937096 0.356436 0.255339
v -0.934473 0.356007 0.250713
v -0.934586 0.356480 0.249736
v -0.929774 0.358324 0.243536
v -0.927358 0.358223 0.238469
v -0.924159 0.360784 0.231438
v -0.923141 0.360766 0.230994
v -0.921772 0.360927 0.225728
v -0.918388 0.363827 0.218146
v -0.916299 0.363750 0.213006
v -0.916661 0.364239 0.212143
v -0.913621 0.366998 0.205064
v -0.911880 0.367057 0.199878
v -0.912281 0.367512 0.199180
v -0.909616 0.370418 0.191949
v -0.908176 0.370662 0.186617
v -0.908609 0.371099 0.185970
v -0.906344 0.374179 0.178628
v -0.904982 0.374478 0.173235
v -0.905448 0.374924 0.172585
v -0.903492 0.378065 0.165231
v -0.902348 0.378417 0.159811
v -0.902830 0.378856 0.159196
v -0.901565 0.381996 0.152303
v -0.900780 0.382120 0.151632
v -0.900824 0.382873 0.146127
v -0.899600 0.386435 0.138252
v -0.899438 0.387161 0.132657
v -0.898979 0.390742 0.125278
v -0.898225 0.390867 0.124548
v -0.898274 0.391411 0.119238
v -0.898889 0.391878 0.118662
v -0.898300 0.395303 0.111177
v -0.898021 0.395841 0.105666
v -0.898661 0.396338 0.105062
v -0.898172 0.399709 0.097583
v -0.898042 0.400283 0.092109
v -0.898761 0.400829 0.091398
v -0.898310 0.404221 0.084015
v -0.899066 0.405219 0.077801
v -0.898502 0.409556 0.070449
v -0.898042 0.409450 0.070402
v -0.898066 0.409450 0.070402
v -0.898066 0.409450 0.070402
v -0.898066 0.409450 0.070402
v -0.898066 0.409450 0.070402
v -0.898066 0.409450 0.070402
v -0.898066 0.409450 0.070402
v -0.898186 0.409486 0.070414
v -0.898270 0.409498 0.070426
v -0.898318 0.409510 0.070426
v -0.898306 0.409510 0.070426
v -0.898234 0.409486 0.070426
v -0.898066 0.409450 0.070402
v -0.898066 0.409450 0.070402
v -0.898162 0.409474 0.070414
v 0.903019 0.417096 0.068921
v 0.902298 0.415261 0.075501
v 0.902821 0.412644 0.080190
v 0.902043 0.412368 0.080931
v 0.901897 0.410780 0.089028
v 0.901854 0.407962 0.093925
v 0.901647 0.406455 0.102706
v 0.902278 0.403812 0.107437
v 0.901537 0.403556 0.108128
v 0.901424 0.402147 0.115779
v 0.902122 0.402136 0.116572
v 0.902090 0.399481 0.121336
v 0.902240 0.397937 0.130024
v 0.903148 0.395459 0.134795
v 0.902451 0.395191 0.135561
v 0.903124 0.393912 0.143792
v 0.904276 0.391496 0.148516
v 0.903600 0.391236 0.149313
v 0.904993 0.390089 0.157630
v 0.904311 0.390083 0.157055
v 0.905426 0.387496 0.162476
v 0.906559 0.386370 0.171214
v 0.908266 0.384159 0.175908
v 0.907646 0.383888 0.176814
v 0.909462 0.382962 0.184844
v 0.910890 0.380659 0.189749
v 0.912364 0.379864 0.197982
v 0.913226 0.379927 0.198531
v 0.914893 0.377745 0.203025
v 0.916912 0.376881 0.211795
v 0.914427 0.377519 0.203894
v 0.919209 0.374978 0.216345
v 0.918769 0.374740 0.217104
v 0.921076 0.374369 0.224587
v 0.922099 0.374507 0.225165
v 0.924436 0.372621 0.229521
v 0.924135 0.372345 0.230534
v 0.927616 0.372428 0.238041
v 0.930483 0.370863 0.242307
v 0.930214 0.370567 0.243592
v 0.934248 0.370863 0.250702
v 0.937604 0.369461 0.254722
v 0.941818 0.369734 0.262810
v 0.937359 0.369273 0.255673
v 0.945185 0.368355 0.267030
v 0.949543 0.368661 0.274206
v 0.950578 0.368883 0.274405
v 0.954189 0.367687 0.277946
v 0.954187 0.367471 0.279044
v 0.960082 0.368653 0.285104
v 0.958991 0.368407 0.285015
v 0.963749 0.367435 0.288990
v 0.970199 0.368666 0.294991
v 0.981284 0.369327 0.303967
v 0.974496 0.367787 0.298408
v 0.985990 0.368718 0.306565
v 0.986188 0.368683 0.307617
v 0.993034 0.370344 0.312104
v 0.997901 0.369811 0.314759
v 1.005141 0.371996 0.319409
v 1.010204 0.371582 0.321734
v 1.017696 0.373830 0.325936
v 1.022965 0.373730 0.327883
v 1.030642 0.376124 0.331474
v 1.035894 0.376047 0.332761
v 1.036365 0.376068 0.333686
v 1.044131 0.378855 0.335962
v 1.043177 0.378499 0.336367
v 1.049181 0.378729 0.337791
v 1.057280 0.381418 0.340132
v 1.062713 0.381567 0.341080
v 1.070768 0.384558 0.343427
v 1.076455 0.384733 0.343904
v 1.084100 0.387726 0.345279
v 1.084754 0.388051 0.344735
v 1.090057 0.388121 0.345576
v 1.097631 0.391271 0.346630
v 1.098426 0.391656 0.345963
v 1.103816 0.391825 0.346332
v 1.111873 0.395281 0.346657
v 1.117392 0.395652 0.346489
v 1.125002 0.398892 0.346634
v 1.125719 0.399352 0.345828
v 1.130835 0.399678 0.345273
v 1.131627 0.399886 0.345975
v 1.138647 0.403096 0.345392
v 1.139249 0.403464 0.344626
v 1.144282 0.403856 0.343805
v 1.145115 0.404084 0.344477
v 1.152510 0.407520 0.343264
v 1.157610 0.408043 0.341812
v 1.158452 0.408288 0.342428
v 1.165762 0.411824 0.340923
v 1.171117 0.412346 0.339725
v 1.178477 0.415832 0.338451
v 1.178978 0.416222 0.337625
v 1.184203 0.416678 0.336709
v 1.191533 0.420293 0.335370
v 1.192049 0.420625 0.334418
v 1.196900 0.421111 0.332752
v 1.197686 0.421351 0.333198
v 1.204336 0.424699 0.331280
v 1.204818 0.425076 0.330365
v 1.209601 0.425621 0.328557
v 1.210308 0.425876 0.328989
v 1.217363 0.429469 0.326336
v 1.222418 0.430216 0.324151
v 1.229665 0.434043 0.321150
v 1.234560 0.434861 0.318711
v 1.241600 0.438727 0.315298
v 1.246003 0.439429 0.312238
v 1.246892 0.439702 0.312538
v 1.252934 0.443194 0.309406
v 1.253237 0.443523 0.308447
v 1.258097 0.444216 0.306112
v 1.264656 0.448127 0.301947
v 1.268871 0.448789 0.298784
v 1.269700 0.449069 0.299022
v 1.275369 0.452553 0.295330
v 1.275614 0.452948 0.294172
v 1.280121 0.453559 0.291352
v 1.286016 0.457254 0.287060
v 1.286116 0.457557 0.286065
v 1.290096 0.458123 0.282889
v 1.291234 0.458556 0.283006
v 1.296309 0.462200 0.277523
v 1.296237 0.461937 0.278464
v 1.300508 0.462807 0.274292
v 1.305929 0.466512 0.269459
v 1.305967 0.466767 0.268472
v 1.309668 0.467353 0.264909
v 1.310627 0.467777 0.264955
v 1.315351 0.471257 0.259196
v 1.319049 0.471953 0.255217
v 1.324118 0.475645 0.249287
v 1.327590 0.476316 0.245050
v 1.332265 0.480040 0.238764
v 1.335582 0.480672 0.234327
v 1.339741 0.484190 0.228244
v 1.339542 0.484395 0.227223
v 1.342892 0.484930 0.223151
v 1.346873 0.488304 0.217021
v 1.346643 0.488553 0.215911
v 1.349800 0.489050 0.211706
v 1.353458 0.492689 0.204716
v 1.355640 0.492973 0.199767
v 1.356523 0.493421 0.199481
v 1.359514 0.496656 0.192630
v 1.361845 0.497081 0.187728
v 1.364955 0.500496 0.180474
v 1.367186 0.500860 0.175390
v 1.370088 0.504256 0.168006
v 1.371809 0.504488 0.162879
v 1.372658 0.504937 0.162481
v 1.374663 0.507882 0.155223
v 1.376173 0.508054 0.150143
v 1.377075 0.508523 0.149746
v 1.378914 0.511494 0.142448
v 1.380848 0.511797 0.137335
v 1.382997 0.514910 0.129566
v 1.385186 0.515471 0.124059
v 1.386979 0.518288 0.117295
v 1.384376 0.515054 0.124460
v 1.386505 0.518333 0.116322
v 1.388684 0.518601 0.111478
v 1.390655 0.521601 0.104258
v 1.390194 0.521663 0.103339
v 1.392275 0.521950 0.098487
v 1.394288 0.524870 0.091279
v 1.393777 0.524935 0.090300
v 1.395837 0.525180 0.085437
v 1.397755 0.528205 0.077705
v 1.399382 0.528398 0.072413
v 1.401293 0.531411 0.064589
v 1.402964 0.531560 0.059345
v 1.404952 0.534438 0.052102
v 1.404465 0.534469 0.051169
v 1.406525 0.534665 0.046301
v 1.408515 0.537516 0.039054
v 1.408025 0.537543 0.038100
v 1.410151 0.537779 0.033263
v 1.412128 0.540533 0.025984
v 1.411657 0.540566 0.025055
v 1.413771 0.540758 0.020208
v 1.415798 0.543469 0.013036
v 1.415309 0.543529 0.012006
v 1.417858 0.543973 0.006666
v 1.417005 0.543478 0.007167
v 1.419282 0.546488 -0.000786
v 1.421151 0.546533 -0.005963
v 1.422930 0.549341 -0.013801
v 1.424239 0.549148 -0.019018
v 1.425097 0.549657 -0.019540
v 1.426415 0.552060 -0.026985
v 1.428211 0.552052 -0.032242
v 1.429813 0.554599 -0.039696
v 1.429330 0.554561 -0.040582
v 1.430842 0.554366 -0.045494
v 1.431640 0.554856 -0.046033
v 1.432783 0.557081 -0.053612
v 1.434260 0.556913 -0.058955
v 1.435428 0.559375 -0.067028
v 1.436728 0.559083 -0.072445
v 1.437833 0.561272 -0.080013
v 1.437243 0.561230 -0.080884
v 1.438871 0.561120 -0.086091
v 1.439405 0.563190 -0.094366
v 1.440172 0.562733 -0.099840
v 1.440671 0.564650 -0.107530
v 1.439997 0.564566 -0.108326
v 1.440996 0.564344 -0.113726
v 1.439981 0.565401 -0.122140
v 1.437882 0.563979 -0.126767
v 1.438325 0.564175 -0.127718
v 1.435301 0.564894 -0.134628
v 1.433013 0.563728 -0.139663
v 1.427738 0.563394 -0.146179
v 1.424604 0.561581 -0.150351
v 1.419290 0.561558 -0.156361
v 1.418321 0.561325 -0.156398
v 1.415274 0.559312 -0.160428
v 1.408944 0.558787 -0.165940
v 1.399243 0.556479 -0.174552
v 1.405207 0.556674 -0.169304
v 1.397708 0.555871 -0.174007
v 1.393425 0.553314 -0.175702
v 1.392938 0.553328 -0.176672
v 1.385992 0.552232 -0.179098
v 1.385160 0.552024 -0.178692
v 1.380811 0.549572 -0.180397
v 1.380293 0.549593 -0.181235
v 1.373211 0.548379 -0.183304
v 1.372333 0.548080 -0.182750
v 1.367866 0.545491 -0.184417
v 1.359747 0.544041 -0.186433
v 1.354864 0.541356 -0.187757
v 1.346346 0.539702 -0.188546
v 1.347116 0.539948 -0.189130
v 1.341748 0.537008 -0.189950
v 1.334056 0.535669 -0.191256
v 1.333245 0.535362 -0.190645
v 1.328639 0.532721 -0.191878
v 1.320341 0.530941 -0.192664
v 1.315492 0.528160 -0.193168
v 1.307728 0.526647 -0.194232
v 1.306899 0.526365 -0.193490
v 1.302271 0.523587 -0.194374
v 1.293960 0.521882 -0.194818
v 1.289286 0.518993 -0.194742
v 1.280832 0.517239 -0.195656
v 1.288687 0.518983 -0.195456
v 1.275945 0.514377 -0.195925
v 1.267647 0.512596 -0.196356
v 1.262800 0.509701 -0.196585
v 1.254499 0.507926 -0.197096
v 1.249612 0.505008 -0.197365
v 1.241907 0.503366 -0.198044
v 1.241127 0.503101 -0.197382
v 1.236463 0.500328 -0.198289
v 1.228184 0.498454 -0.198868
v 1.223527 0.495597 -0.198871
v 1.222840 0.495524 -0.199643
v 1.215127 0.493741 -0.199986
v 1.210286 0.490841 -0.200345
v 1.202589 0.489167 -0.201346
v 1.201732 0.488940 -0.200646
v 1.197094 0.486067 -0.201575
v 1.188909 0.484299 -0.202399
v 1.183958 0.481301 -0.202963
v 1.175725 0.479468 -0.203621
v 1.170888 0.476532 -0.204069
v 1.162694 0.474670 -0.204961
v 1.157895 0.471749 -0.204825
v 1.157143 0.471584 -0.205682
v 1.149896 0.469975 -0.206196
v 1.149245 0.469816 -0.205600
v 1.144594 0.466964 -0.206475
v 1.136741 0.465171 -0.207236
v 1.136047 0.465035 -0.206559
v 1.131465 0.462221 -0.206563
v 1.130709 0.462039 -0.207349
v 1.122734 0.460332 -0.206760
v 1.123400 0.460450 -0.207418
v 1.118143 0.457470 -0.206704
v 1.117304 0.457247 -0.207430
v 1.109635 0.455620 -0.206913
v 1.104595 0.452836 -0.206589
v 1.096322 0.451027 -0.206028
v 1.091192 0.448045 -0.205354
v 1.083531 0.446588 -0.203789
v 1.082954 0.446553 -0.202908
v 1.078242 0.443808 -0.201805
v 1.070163 0.442558 -0.199217
v 1.065494 0.439873 -0.197136
v 1.057631 0.438638 -0.193579
v 1.053319 0.436188 -0.190678
v 1.046328 0.435107 -0.187075
v 1.046017 0.435057 -0.186020
v 1.041641 0.432569 -0.183338
v 1.034989 0.431770 -0.178966
v 1.034801 0.431742 -0.177896
v 1.030680 0.429391 -0.175061
v 1.024258 0.428606 -0.170261
v 1.024093 0.428663 -0.169189
v 1.020073 0.426405 -0.166074
v 1.013640 0.425871 -0.161102
v 1.013596 0.425822 -0.160043
v 1.009828 0.423711 -0.156547
v 1.003735 0.423347 -0.150510
v 1.000582 0.421410 -0.146394
v 0.999647 0.421394 -0.146349
v 0.994424 0.421034 -0.140144
v 0.991293 0.419139 -0.135714
v 0.985930 0.418903 -0.129719
v 0.986009 0.419000 -0.128677
v 0.983114 0.417183 -0.124584
v 0.982056 0.417020 -0.124461
v 0.977484 0.417200 -0.117674
v 0.975033 0.415631 -0.113024
v 0.973964 0.415521 -0.112818
v 0.969462 0.415750 -0.106140
v 0.967091 0.414265 -0.101436
v 0.966006 0.414166 -0.101196
v 0.961831 0.414494 -0.094308
v 0.959061 0.413079 -0.089437
v 0.954745 0.413678 -0.081821
v 0.954565 0.413499 -0.082793
v 0.952076 0.412209 -0.077225
v 0.947540 0.412904 -0.069884
v 0.945645 0.411757 -0.064788
v 0.944595 0.411648 -0.064476
v 0.940916 0.412540 -0.057334
v 0.939173 0.411448 -0.052153
v 0.938262 0.411354 -0.051869
v 0.934695 0.412173 -0.045174
v 0.934997 0.412438 -0.044129
v 0.932602 0.411152 -0.039295
v 0.928761 0.412103 -0.032304
v 0.929036 0.412325 -0.031306
v 0.926745 0.411128 -0.026314
v 0.923736 0.412459 -0.018063
v 0.923375 0.412224 -0.018903
v 0.921717 0.411388 -0.012995
v 0.919014 0.412740 -0.004700
v 0.918637 0.412468 -0.005553
v 0.917675 0.411774 0.000409
v 0.916759 0.411735 0.000896
v 0.914517 0.413113 0.008583
v 0.913365 0.412289 0.014201
v 0.910952 0.413807 0.022493
v 0.910077 0.413110 0.028110
v 0.908154 0.414676 0.036370
v 0.907705 0.414044 0.041865
v 0.906798 0.414048 0.042437
v 0.905422 0.415719 0.050373
v 0.904634 0.415115 0.056203
v 0.902646 0.417796 0.069089
v 0.906161 0.402466 0.067822
v 0.905631 0.402471 0.067782
v 0.906125 0.402549 0.067822
v 0.906125 0.402549 0.067822
v 0.905921 0.402502 0.067798
v 0.905981 0.402514 0.067810
v 0.906125 0.402549 0.067822
v 0.906125 0.402549 0.067822
v 0.906041 0.402525 0.067810
v 0.906101 0.402537 0.067822
v 0.905511 0.401133 0.069179
v 0.905726 0.398268 0.074900
v 0.904909 0.396606 0.082962
v 0.905605 0.396548 0.083867
v 0.905192 0.393706 0.088555
v 0.904547 0.392139 0.096801
v 0.905215 0.392069 0.097560
v 0.905073 0.389371 0.102261
v 0.904636 0.387856 0.110421
v 0.905379 0.387833 0.111279
v 0.905375 0.385147 0.116009
v 0.905356 0.383617 0.124748
v 0.906454 0.381136 0.129620
v 0.906300 0.379467 0.138592
v 0.905806 0.380914 0.130289
v 0.907181 0.376998 0.143580
v 0.907746 0.375623 0.152366
v 0.908816 0.373117 0.157437
v 0.909971 0.372014 0.166123
v 0.911613 0.369724 0.170914
v 0.911031 0.369469 0.171728
v 0.912554 0.368633 0.179397
v 0.913416 0.368713 0.180037
v 0.914818 0.366482 0.184589
v 0.914297 0.366269 0.185440
v 0.916194 0.365366 0.193484
v 0.918004 0.363200 0.198417
v 0.919939 0.362536 0.206484
v 0.920847 0.362637 0.207078
v 0.922235 0.360412 0.211901
v 0.925006 0.359844 0.220485
v 0.927515 0.358131 0.225176
v 0.930873 0.357950 0.233354
v 0.933317 0.356212 0.238177
v 0.937375 0.356432 0.246186
v 0.940760 0.354965 0.250250
v 0.940519 0.354835 0.251199
v 0.944826 0.355094 0.258387
v 0.948118 0.353488 0.262910
v 0.952873 0.354178 0.269692
v 0.953883 0.354452 0.269861
v 0.957201 0.353107 0.273958
v 0.962551 0.353786 0.280889
v 0.966848 0.352789 0.284698
v 0.972592 0.353858 0.290494
v 0.973626 0.354209 0.290531
v 0.977702 0.353250 0.293645
v 0.977735 0.353180 0.294565
v 0.983953 0.354366 0.300196
v 0.988945 0.353953 0.302592
v 0.989127 0.353955 0.303515
v 0.995851 0.355627 0.308160
v 1.000763 0.355143 0.310482
v 1.001080 0.355112 0.311692
v 1.008367 0.357196 0.315467
v 1.007562 0.356916 0.315705
v 1.013046 0.356671 0.318075
v 1.019907 0.358678 0.322344
v 1.020927 0.359069 0.322101
v 1.025747 0.358748 0.323973
v 1.026185 0.358786 0.324999
v 1.033460 0.361123 0.328120
v 1.038849 0.361012 0.329822
v 1.046631 0.363714 0.332871
v 1.052168 0.363722 0.334334
v 1.060227 0.366524 0.336618
v 1.066082 0.366743 0.338074
v 1.073671 0.369539 0.340036
v 1.065545 0.366689 0.337236
v 1.079388 0.369813 0.340600
v 1.087522 0.372979 0.341760
v 1.092860 0.373224 0.341783
v 1.093539 0.373350 0.342661
v 1.101297 0.376469 0.343223
v 1.106779 0.376871 0.343069
v 1.114406 0.379978 0.343751
v 1.115107 0.380392 0.343060
v 1.120248 0.380661 0.342969
v 1.120957 0.380820 0.343691
v 1.127972 0.383902 0.343602
v 1.128767 0.384357 0.342774
v 1.133881 0.384690 0.342226
v 1.134562 0.384893 0.342854
v 1.142110 0.388259 0.342278
v 1.147710 0.388761 0.341518
v 1.155567 0.392499 0.340426
v 1.160736 0.393011 0.338963
v 1.161574 0.393241 0.339569
v 1.168898 0.396694 0.338288
v 1.174285 0.397336 0.336916
v 1.181580 0.400804 0.335654
v 1.182113 0.401193 0.334802
v 1.187075 0.401659 0.333504
v 1.188018 0.401946 0.334088
v 1.195175 0.405583 0.331595
v 1.194739 0.405224 0.332430
v 1.200040 0.406081 0.329930
v 1.200963 0.406369 0.330422
v 1.207887 0.409954 0.327953
v 1.212771 0.410538 0.325866
v 1.213638 0.410819 0.326328
v 1.220144 0.414153 0.323978
v 1.220552 0.414576 0.323003
v 1.225628 0.415155 0.321308
v 1.232820 0.419173 0.317787
v 1.232420 0.418856 0.318679
v 1.237523 0.419743 0.315756
v 1.238530 0.420086 0.316033
v 1.244901 0.423699 0.312524
v 1.249346 0.424396 0.309646
v 1.250254 0.424707 0.309990
v 1.256640 0.428378 0.306416
v 1.261502 0.429174 0.303658
v 1.267941 0.433194 0.298965
v 1.267738 0.432922 0.299893
v 1.272251 0.433781 0.296220
v 1.273228 0.434158 0.296455
v 1.279295 0.437793 0.292238
v 1.283503 0.438532 0.288797
v 1.289393 0.442238 0.284556
v 1.289512 0.442535 0.283528
v 1.293542 0.443111 0.280404
v 1.294631 0.443524 0.280550
v 1.299877 0.447139 0.275382
v 1.303506 0.447712 0.271595
v 1.304473 0.448118 0.271665
v 1.309618 0.451646 0.266476
v 1.313189 0.452282 0.262539
v 1.314140 0.452683 0.262619
v 1.318933 0.456197 0.256913
v 1.322570 0.456913 0.252818
v 1.327706 0.460654 0.246918
v 1.330903 0.461234 0.242567
v 1.331852 0.461654 0.242478
v 1.335798 0.465085 0.236255
v 1.339110 0.465690 0.231949
v 1.343526 0.469183 0.226117
v 1.343351 0.469401 0.225025
v 1.346168 0.469799 0.220754
v 1.347107 0.470262 0.220546
v 1.350594 0.473527 0.214073
v 1.357337 0.477680 0.202410
v 1.353650 0.474143 0.209466
v 1.360041 0.478151 0.197643
v 1.363330 0.481530 0.190993
v 1.363040 0.481636 0.190112
v 1.366134 0.482206 0.185722
v 1.368979 0.485568 0.178253
v 1.370870 0.485828 0.173302
v 1.371791 0.486294 0.172934
v 1.374107 0.489343 0.165831
v 1.375996 0.489557 0.160868
v 1.376811 0.490023 0.160502
v 1.378805 0.493025 0.153161
v 1.380892 0.493312 0.148161
v 1.383247 0.496622 0.140557
v 1.385150 0.496872 0.135370
v 1.387397 0.500069 0.127701
v 1.389318 0.500397 0.122500
v 1.390979 0.503465 0.114424
v 1.391415 0.503459 0.115363
v 1.393219 0.503764 0.109601
v 1.395115 0.506908 0.101807
v 1.396514 0.506944 0.096678
v 1.397211 0.507339 0.096367
v 1.398993 0.510091 0.089463
v 1.398490 0.510117 0.088490
v 1.400604 0.510429 0.083633
v 1.402511 0.513377 0.075875
v 1.403758 0.513441 0.070654
v 1.404496 0.513854 0.070288
v 1.406120 0.516640 0.062846
v 1.407829 0.516832 0.057612
v 1.409743 0.519758 0.049759
v 1.411554 0.519949 0.044567
v 1.413337 0.522914 0.036773
v 1.414689 0.522830 0.031573
v 1.415521 0.523328 0.031097
v 1.416953 0.525930 0.023642
v 1.418354 0.525837 0.018545
v 1.419168 0.526303 0.018101
v 1.420743 0.528899 0.010741
v 1.422556 0.528971 0.005449
v 1.423995 0.531709 -0.002750
v 1.424436 0.531723 -0.001820
v 1.426091 0.531832 -0.007609
v 1.428031 0.534604 -0.015462
v 1.429810 0.534650 -0.020728
v 1.431503 0.537393 -0.028635
v 1.433222 0.537410 -0.033910
v 1.434916 0.539970 -0.041848
v 1.436494 0.539896 -0.047174
v 1.438027 0.542399 -0.054679
v 1.437534 0.542331 -0.055565
v 1.438910 0.542080 -0.060536
v 1.439675 0.542533 -0.061027
v 1.440807 0.544646 -0.068132
v 1.440299 0.544616 -0.069027
v 1.441842 0.544447 -0.074139
v 1.443051 0.546659 -0.081719
v 1.442452 0.546621 -0.082660
v 1.444154 0.546539 -0.087821
v 1.444641 0.548574 -0.096228
v 1.445301 0.548111 -0.101680
v 1.445478 0.549953 -0.109911
v 1.445627 0.549299 -0.115278
v 1.446397 0.549799 -0.116146
v 1.443910 0.550665 -0.123843
v 1.442224 0.549327 -0.128705
v 1.442606 0.549665 -0.129523
v 1.439668 0.550349 -0.136796
v 1.437594 0.548897 -0.141799
v 1.437552 0.549143 -0.142747
v 1.432038 0.548824 -0.148336
v 1.428634 0.546787 -0.151998
v 1.428595 0.547023 -0.153067
v 1.422994 0.546677 -0.158445
v 1.419262 0.544597 -0.162226
v 1.412513 0.543889 -0.167039
v 1.408841 0.541769 -0.170560
v 1.401724 0.540826 -0.175007
v 1.396955 0.538229 -0.176857
v 1.389135 0.536919 -0.179733
v 1.384601 0.534390 -0.181151
v 1.384205 0.534426 -0.181987
v 1.377122 0.533219 -0.184185
v 1.376137 0.532942 -0.183628
v 1.371718 0.530360 -0.185451
v 1.363599 0.528994 -0.187466
v 1.358926 0.526288 -0.188395
v 1.358242 0.526254 -0.189288
v 1.350457 0.524704 -0.190092
v 1.345644 0.521920 -0.191085
v 1.337389 0.520395 -0.192214
v 1.332652 0.517530 -0.192499
v 1.332014 0.517536 -0.193250
v 1.324190 0.515830 -0.193766
v 1.319505 0.513037 -0.193886
v 1.318747 0.512994 -0.194711
v 1.310984 0.511371 -0.195088
v 1.306171 0.508526 -0.195448
v 1.297897 0.506790 -0.196070
v 1.292974 0.503908 -0.196347
v 1.284705 0.502158 -0.196866
v 1.279951 0.499245 -0.196658
v 1.279324 0.499227 -0.197360
v 1.271448 0.497433 -0.197489
v 1.266593 0.494597 -0.197765
v 1.258288 0.492783 -0.198191
v 1.253407 0.489876 -0.198426
v 1.245671 0.488236 -0.199098
v 1.244856 0.487961 -0.198375
v 1.240210 0.485180 -0.199160
v 1.231925 0.483354 -0.199724
v 1.227055 0.480457 -0.200013
v 1.219299 0.478764 -0.200781
v 1.218490 0.478502 -0.200067
v 1.213858 0.475620 -0.200957
v 1.206099 0.473960 -0.201751
v 1.205356 0.473728 -0.201096
v 1.200881 0.470901 -0.201516
v 1.200133 0.470821 -0.202303
v 1.192898 0.469151 -0.202818
v 1.192197 0.468967 -0.202165
v 1.179799 0.464409 -0.203915
v 1.187543 0.466125 -0.203012
v 1.178995 0.464187 -0.203240
v 1.174291 0.461315 -0.204209
v 1.166022 0.459438 -0.204636
v 1.161137 0.456504 -0.205022
v 1.153434 0.454833 -0.205825
v 1.152588 0.454597 -0.205126
v 1.148015 0.451746 -0.205343
v 1.147291 0.451634 -0.206036
v 1.140046 0.449918 -0.206183
v 1.139275 0.449796 -0.205483
v 1.134531 0.446957 -0.205972
v 1.126218 0.445076 -0.206221
v 1.121357 0.442272 -0.205459
v 1.120576 0.442099 -0.206144
v 1.112786 0.440436 -0.205581
v 1.107783 0.437626 -0.205311
v 1.099118 0.435895 -0.204082
v 1.099693 0.436027 -0.204965
v 1.094302 0.433219 -0.203465
v 1.086202 0.431465 -0.201559
v 1.081558 0.428893 -0.200103
v 1.080641 0.428773 -0.200687
v 1.073117 0.427218 -0.197909
v 1.068255 0.424598 -0.195940
v 1.060580 0.423356 -0.192321
v 1.056073 0.420860 -0.189913
v 1.048609 0.419686 -0.185770
v 1.044345 0.417309 -0.182411
v 1.037691 0.416402 -0.178044
v 1.037492 0.416358 -0.177072
v 1.033252 0.414054 -0.174080
v 1.026837 0.413417 -0.168088
v 1.026937 0.413394 -0.169023
v 1.023260 0.411267 -0.164732
v 1.022165 0.411119 -0.164819
v 1.016199 0.410536 -0.159272
v 1.006728 0.408126 -0.149780
v 1.012606 0.408484 -0.155277
v 1.006736 0.408155 -0.148825
v 1.003444 0.406164 -0.145112
v 1.002567 0.406056 -0.145127
v 0.997329 0.405759 -0.139616
v 0.997371 0.405842 -0.138354
v 0.993910 0.403859 -0.134406
v 0.988727 0.403747 -0.127294
v 0.988614 0.403705 -0.128243
v 0.985749 0.401859 -0.123207
v 0.984756 0.401776 -0.123030
v 0.980323 0.401895 -0.116874
v 0.980454 0.402018 -0.115804
v 0.977366 0.400331 -0.111555
v 0.972371 0.400447 -0.105164
v 0.972513 0.400593 -0.104140
v 0.969488 0.398964 -0.099708
v 0.964824 0.399432 -0.092390
v 0.962190 0.397969 -0.087449
v 0.957654 0.398486 -0.080163
v 0.955203 0.397185 -0.075032
v 0.950858 0.397831 -0.067594
v 0.949013 0.396726 -0.062432
v 0.947949 0.396632 -0.062101
v 0.944438 0.397436 -0.055257
v 0.944726 0.397672 -0.054377
v 0.942293 0.396400 -0.049542
v 0.938314 0.397221 -0.042538
v 0.938607 0.397491 -0.041495
v 0.936292 0.396288 -0.036606
v 0.932414 0.397145 -0.029494
v 0.932679 0.397437 -0.028471
v 0.931033 0.396402 -0.023492
v 0.930063 0.396320 -0.023073
v 0.927133 0.397481 -0.015528
v 0.925310 0.396490 -0.010180
v 0.922251 0.397739 -0.002011
v 0.920802 0.396848 0.003447
v 0.917735 0.397973 0.010895
v 0.918175 0.398230 0.011878
v 0.917005 0.397364 0.017094
v 0.916053 0.397365 0.017703
v 0.914029 0.398601 0.024888
v 0.914505 0.398872 0.025728
v 0.913615 0.398061 0.030962
v 0.912791 0.398046 0.031493
v 0.910906 0.399538 0.039370
v 0.910581 0.398941 0.044943
v 0.909720 0.398974 0.045533
v 0.908157 0.400520 0.053404
v 0.907939 0.400021 0.059005
v 0.907092 0.400077 0.059983
v 0.905986 0.400643 0.067143
v 0.905684 0.402450 0.067734
v 0.906137 0.402549 0.067798
v 0.906125 0.402537 0.067786
v 0.906125 0.402537 0.067786
v 0.906125 0.402537 0.067786
v 0.906125 0.402537 0.067786
v 0.906125 0.402537 0.067786
v 0.906125 0.402537 0.067786
v 0.906005 0.402514 0.067774
v 0.905909 0.402502 0.067762
v 0.905861 0.402489 0.067750
v 0.905885 0.402489 0.067750
v 0.905957 0.402514 0.067762
v 0.906125 0.402537 0.067786
v 0.906125 0.402537 0.067786
v 0.906029 0.402525 0.067774
v 0.905064 0.417336 0.069185
v 0.905008 0.415876 0.075762
v 0.905117 0.413107 0.080657
v 0.904599 0.411263 0.089275
v 0.904593 0.408585 0.094171
v 0.904422 0.406908 0.102843
v 0.904146 0.404168 0.107561
v 0.904765 0.404200 0.108226
v 0.904437 0.402670 0.116407
v 0.904835 0.400067 0.121346
v 0.905241 0.398711 0.129486
v 0.904534 0.398407 0.130262
v 0.905011 0.395888 0.134796
v 0.905675 0.395934 0.135459
v 0.905825 0.394535 0.143676
v 0.906652 0.392004 0.148639
v 0.907195 0.390698 0.157356
v 0.907637 0.388128 0.162076
v 0.908381 0.388223 0.162700
v 0.909465 0.387265 0.170287
v 0.908909 0.386940 0.171141
v 0.910544 0.384745 0.175819
v 0.912154 0.383967 0.183811
v 0.911649 0.383630 0.184673
v 0.913575 0.381573 0.189327
v 0.915351 0.380546 0.197852
v 0.917080 0.378464 0.202648
v 0.919563 0.377936 0.210478
v 0.919137 0.377623 0.211444
v 0.921461 0.375711 0.215995
v 0.924181 0.375249 0.223750
v 0.923817 0.374995 0.224580
v 0.926524 0.373496 0.228850
v 0.929980 0.373368 0.236935
v 0.932647 0.371641 0.241628
v 0.936472 0.371770 0.249402
v 0.939588 0.370232 0.253784
v 0.944038 0.370551 0.261347
v 0.946949 0.368995 0.265626
v 0.947809 0.369270 0.265793
v 0.952116 0.369639 0.272863
v 0.955548 0.368379 0.276797
v 0.956501 0.368728 0.276930
v 0.961486 0.369274 0.283472
v 0.971859 0.369617 0.293046
v 0.965665 0.368263 0.286938
v 0.975830 0.368499 0.296561
v 0.976866 0.368865 0.296502
v 0.982773 0.370088 0.302279
v 0.982536 0.370197 0.301292
v 0.987458 0.369433 0.304864
v 0.994346 0.371365 0.309844
v 0.998848 0.370631 0.312678
v 0.999649 0.371007 0.312509
v 1.006370 0.372741 0.317014
v 1.011399 0.372366 0.319328
v 1.018444 0.374605 0.323004
v 1.018808 0.374552 0.323894
v 1.023962 0.374450 0.325321
v 1.031554 0.376825 0.328909
v 1.036668 0.376695 0.330682
v 1.044496 0.379330 0.333634
v 1.049825 0.379281 0.335123
v 1.057155 0.382115 0.337040
v 1.057855 0.382159 0.337965
v 1.062939 0.382131 0.338840
v 1.063786 0.382632 0.338363
v 1.071225 0.385080 0.340754
v 1.076577 0.385419 0.341132
v 1.084669 0.388561 0.342405
v 1.090232 0.388801 0.342863
v 1.098270 0.392009 0.343665
v 1.103708 0.392384 0.343525
v 1.111169 0.395656 0.343656
v 1.112001 0.395768 0.344365
v 1.117289 0.396172 0.343758
v 1.125258 0.399685 0.343617
v 1.130592 0.400032 0.343393
v 1.131092 0.400404 0.342748
v 1.138658 0.403720 0.342354
v 1.144073 0.404268 0.341515
v 1.151373 0.407735 0.340447
v 1.152213 0.407908 0.341001
v 1.157209 0.408335 0.339960
v 1.157610 0.408695 0.339283
v 1.164533 0.411938 0.338124
v 1.165415 0.412134 0.338688
v 1.170347 0.412597 0.337535
v 1.170810 0.413053 0.336717
v 1.178177 0.416453 0.335433
v 1.183445 0.417097 0.334039
v 1.191113 0.420777 0.332297
v 1.196265 0.421456 0.330546
v 1.203807 0.425272 0.328206
v 1.208891 0.425922 0.326242
v 1.216669 0.429773 0.324070
v 1.215866 0.429593 0.323687
v 1.221255 0.430454 0.321633
v 1.227835 0.434128 0.318585
v 1.228838 0.434372 0.318935
v 1.233366 0.434875 0.316694
v 1.233650 0.435247 0.315777
v 1.239726 0.438774 0.312809
v 1.240642 0.439002 0.313082
v 1.251919 0.443642 0.306526
v 1.244998 0.439663 0.310095
v 1.256468 0.444343 0.303725
v 1.263106 0.448213 0.299630
v 1.267717 0.449031 0.296643
v 1.273640 0.452621 0.292465
v 1.274522 0.452918 0.292636
v 1.278556 0.453504 0.289626
v 1.278608 0.453860 0.288686
v 1.284514 0.457513 0.284368
v 1.288897 0.458144 0.281386
v 1.288931 0.458455 0.280515
v 1.294020 0.461814 0.276124
v 1.295031 0.462164 0.276143
v 1.298552 0.462727 0.272244
v 1.304687 0.466735 0.267085
v 1.303718 0.466453 0.267058
v 1.308133 0.467243 0.263178
v 1.312797 0.470832 0.257589
v 1.313754 0.471182 0.257545
v 1.316941 0.471738 0.253322
v 1.321471 0.475279 0.247635
v 1.322490 0.475603 0.247571
v 1.325475 0.476113 0.243367
v 1.329946 0.479795 0.236960
v 1.333359 0.480453 0.232652
v 1.337555 0.484006 0.226010
v 1.340923 0.484576 0.221957
v 1.340655 0.484784 0.221101
v 1.344647 0.488257 0.214831
v 1.347479 0.488726 0.210185
v 1.350594 0.491986 0.203600
v 1.351539 0.492353 0.203283
v 1.353992 0.492687 0.198831
v 1.353638 0.492909 0.197840
v 1.357110 0.496161 0.191343
v 1.359457 0.496573 0.186488
v 1.362021 0.499725 0.179490
v 1.362948 0.500126 0.179142
v 1.365091 0.500391 0.174567
v 1.364697 0.500589 0.173701
v 1.367484 0.503700 0.166795
v 1.369715 0.504151 0.161867
v 1.372076 0.507304 0.154228
v 1.374136 0.507670 0.149180
v 1.375985 0.510615 0.141912
v 1.376860 0.511014 0.141451
v 1.378304 0.511164 0.136388
v 1.380360 0.514326 0.128617
v 1.382266 0.514604 0.123481
v 1.384289 0.517697 0.115752
v 1.386050 0.517918 0.110537
v 1.387987 0.521057 0.102797
v 1.390140 0.521278 0.097908
v 1.389645 0.521393 0.097084
v 1.391535 0.524216 0.089788
v 1.393680 0.524508 0.084867
v 1.393165 0.524610 0.083978
v 1.395187 0.527518 0.076709
v 1.397233 0.527736 0.071827
v 1.396713 0.527829 0.070859
v 1.398798 0.530690 0.063633
v 1.400812 0.530874 0.058783
v 1.400288 0.530945 0.057918
v 1.401973 0.533568 0.050993
v 1.402727 0.533960 0.050571
v 1.404014 0.533953 0.045420
v 1.405439 0.536598 0.038043
v 1.406306 0.537045 0.037518
v 1.407540 0.536981 0.032299
v 1.409501 0.539899 0.024518
v 1.411229 0.540023 0.019296
v 1.413116 0.542799 0.011450
v 1.414950 0.542910 0.006286
v 1.416380 0.545462 -0.001149
v 1.417252 0.545892 -0.001660
v 1.418531 0.545732 -0.006831
v 1.420360 0.548565 -0.014681
v 1.422124 0.548604 -0.019884
v 1.423844 0.551214 -0.027818
v 1.425520 0.551272 -0.033117
v 1.427182 0.553849 -0.041036
v 1.428620 0.553740 -0.046417
v 1.429944 0.556095 -0.053887
v 1.430649 0.556452 -0.054343
v 1.431580 0.556159 -0.059639
v 1.432845 0.558430 -0.067693
v 1.434082 0.558269 -0.072985
v 1.434687 0.560343 -0.080663
v 1.435461 0.560676 -0.081235
v 1.436500 0.560262 -0.086287
v 1.435946 0.560235 -0.086905
v 1.436806 0.562300 -0.094645
v 1.437942 0.561972 -0.099865
v 1.437307 0.561941 -0.100557
v 1.437466 0.563655 -0.107832
v 1.438220 0.564014 -0.108512
v 1.438307 0.563178 -0.113739
v 1.437343 0.565064 -0.121262
v 1.432662 0.564524 -0.133023
v 1.435591 0.563764 -0.126145
v 1.433109 0.564661 -0.133988
v 1.425592 0.563056 -0.144355
v 1.430993 0.562961 -0.137869
v 1.422449 0.561174 -0.148466
v 1.416880 0.560847 -0.154537
v 1.413907 0.559041 -0.158579
v 1.413032 0.558948 -0.158461
v 1.407404 0.558464 -0.163137
v 1.407270 0.558478 -0.164248
v 1.403420 0.556375 -0.167233
v 1.397072 0.555590 -0.171979
v 1.392429 0.553118 -0.173538
v 1.384566 0.551805 -0.176378
v 1.380347 0.549298 -0.178577
v 1.379421 0.549106 -0.178061
v 1.372003 0.547876 -0.180506
v 1.367282 0.545242 -0.181742
v 1.359598 0.543869 -0.183245
v 1.359026 0.543766 -0.184151
v 1.354487 0.541057 -0.184924
v 1.346203 0.539558 -0.186226
v 1.341395 0.536781 -0.187126
v 1.333686 0.535256 -0.187977
v 1.333064 0.535150 -0.188765
v 1.328616 0.532442 -0.189505
v 1.327743 0.532302 -0.188870
v 1.320095 0.530703 -0.189816
v 1.315244 0.527876 -0.190399
v 1.307552 0.526360 -0.190870
v 1.306834 0.526197 -0.191617
v 1.302368 0.523433 -0.191997
v 1.301553 0.523258 -0.191288
v 1.293866 0.521621 -0.192013
v 1.289034 0.518773 -0.192470
v 1.281249 0.517101 -0.192494
v 1.280531 0.516974 -0.193281
v 1.275890 0.514151 -0.193194
v 1.267548 0.512347 -0.193437
v 1.262649 0.509449 -0.193792
v 1.254353 0.507663 -0.194268
v 1.249713 0.504854 -0.195042
v 1.248885 0.504663 -0.194335
v 1.241197 0.502960 -0.194981
v 1.236314 0.500123 -0.195419
v 1.228042 0.498313 -0.196092
v 1.223420 0.495461 -0.196993
v 1.222729 0.495312 -0.196368
v 1.215442 0.493746 -0.196794
v 1.214744 0.493575 -0.197607
v 1.210011 0.490692 -0.197548
v 1.201753 0.488894 -0.198297
v 1.196839 0.485969 -0.198704
v 1.189083 0.484302 -0.199270
v 1.188467 0.484125 -0.200049
v 1.183790 0.481228 -0.200073
v 1.175489 0.479445 -0.200825
v 1.170586 0.476489 -0.201332
v 1.162334 0.474686 -0.202034
v 1.157457 0.471742 -0.202478
v 1.149681 0.470090 -0.202957
v 1.149078 0.469863 -0.203722
v 1.144365 0.467017 -0.203639
v 1.136526 0.465336 -0.203991
v 1.135964 0.465151 -0.204670
v 1.131397 0.462328 -0.204680
v 1.130712 0.462284 -0.204042
v 1.122914 0.460524 -0.204310
v 1.118158 0.457678 -0.204816
v 1.117454 0.457629 -0.204114
v 1.109662 0.455928 -0.204093
v 1.104760 0.453015 -0.203751
v 1.096909 0.451492 -0.203004
v 1.096238 0.451220 -0.203644
v 1.091288 0.448667 -0.202389
v 1.084239 0.447347 -0.200569
v 1.091809 0.448610 -0.203191
v 1.083325 0.446999 -0.201091
v 1.078861 0.444430 -0.199213
v 1.071060 0.442893 -0.196471
v 1.066365 0.440273 -0.194618
v 1.059558 0.439141 -0.191020
v 1.058601 0.438897 -0.191306
v 1.054574 0.436458 -0.188760
v 1.054253 0.436515 -0.187773
v 1.047335 0.435340 -0.184057
v 1.043221 0.433029 -0.181056
v 1.036843 0.432171 -0.176220
v 1.035893 0.431984 -0.176390
v 1.032146 0.429705 -0.173292
v 1.031966 0.429837 -0.172250
v 1.025621 0.429128 -0.167511
v 1.021656 0.426890 -0.164370
v 1.021440 0.426986 -0.163202
v 1.015211 0.426257 -0.158557
v 1.011794 0.424342 -0.154470
v 1.006124 0.424089 -0.148761
v 1.005171 0.423849 -0.148763
v 1.001891 0.421816 -0.145157
v 1.001912 0.421950 -0.144077
v 0.996589 0.421518 -0.138278
v 0.993139 0.419627 -0.134409
v 0.993187 0.419794 -0.133351
v 0.987883 0.419518 -0.127370
v 0.984715 0.417601 -0.123075
v 0.980280 0.417875 -0.116473
v 0.979195 0.417697 -0.116230
v 0.976741 0.416138 -0.111582
v 0.972236 0.416387 -0.104913
v 0.971244 0.416207 -0.104690
v 0.968837 0.414778 -0.100012
v 0.964150 0.415189 -0.092805
v 0.961463 0.413770 -0.088063
v 0.957304 0.414277 -0.081122
v 0.956324 0.414124 -0.080858
v 0.954332 0.413057 -0.075883
v 0.949945 0.413703 -0.068494
v 0.947229 0.412293 -0.063889
v 0.947409 0.412594 -0.062983
v 0.943315 0.413230 -0.056045
v 0.940777 0.411976 -0.051353
v 0.941042 0.412298 -0.050343
v 0.937078 0.413062 -0.043348
v 0.935116 0.412008 -0.038090
v 0.931579 0.413037 -0.030897
v 0.930690 0.412875 -0.030541
v 0.928991 0.411839 -0.025651
v 0.929297 0.412133 -0.024855
v 0.925982 0.413111 -0.017497
v 0.924322 0.412165 -0.012122
v 0.921654 0.413413 -0.004615
v 0.920751 0.413289 -0.004141
v 0.919761 0.412460 0.001279
v 0.917211 0.413849 0.009329
v 0.915656 0.412847 0.014568
v 0.916096 0.413201 0.015430
v 0.913706 0.414382 0.022992
v 0.912840 0.413744 0.028668
v 0.910846 0.415369 0.036858
v 0.909515 0.414449 0.042222
v 0.909995 0.414761 0.043017
v 0.908467 0.416256 0.050260
v 0.907645 0.416220 0.050883
v 0.907438 0.415667 0.056559
v 0.905009 0.418279 0.069241
v 0.907877 0.402826 0.068014
v 0.908364 0.402574 0.068015
v 0.907877 0.402909 0.068026
v 0.907877 0.402909 0.068026
v 0.908081 0.402957 0.068050
v 0.908021 0.402946 0.068038
v 0.907877 0.402909 0.068026
v 0.907877 0.402909 0.068026
v 0.907949 0.402934 0.068038
v 0.908150 0.401504 0.070453
v 0.908237 0.397269 0.083221
v 0.908370 0.398801 0.075188
v 0.907442 0.396917 0.084050
v 0.907912 0.394296 0.088780
v 0.907786 0.392799 0.096904
v 0.907057 0.392465 0.097667
v 0.907742 0.389946 0.102409
v 0.907684 0.388391 0.111118
v 0.908098 0.385772 0.116135
v 0.908434 0.384385 0.124257
v 0.907753 0.384084 0.125069
v 0.908698 0.381614 0.129781
v 0.909254 0.380388 0.137888
v 0.908624 0.380050 0.138749
v 0.909894 0.377642 0.143510
v 0.910491 0.376353 0.152267
v 0.911576 0.373882 0.157184
v 0.912639 0.372690 0.165965
v 0.913439 0.370237 0.170718
v 0.914216 0.370351 0.171352
v 0.915540 0.369359 0.179491
v 0.918854 0.366250 0.193008
v 0.917118 0.367093 0.184361
v 0.920104 0.363919 0.197721
v 0.920839 0.364075 0.198156
v 0.923024 0.363395 0.206234
v 0.924956 0.361249 0.211233
v 0.927365 0.360730 0.219579
v 0.929974 0.359024 0.224174
v 0.933355 0.358984 0.231734
v 0.933036 0.358730 0.232725
v 0.935807 0.357027 0.237056
v 0.939726 0.357202 0.244827
v 0.942812 0.355698 0.249320
v 0.947140 0.355928 0.257043
v 0.950146 0.354554 0.261286
v 0.955261 0.355283 0.267708
v 0.955271 0.355061 0.268724
v 0.964601 0.354711 0.279274
v 0.959355 0.354016 0.272236
v 0.968172 0.353511 0.282863
v 0.969113 0.353852 0.282857
v 0.974632 0.354996 0.288141
v 0.974784 0.354831 0.289185
v 0.979345 0.354045 0.292060
v 0.985542 0.355349 0.298108
v 0.989929 0.354495 0.301054
v 0.990916 0.354896 0.300901
v 0.997325 0.356463 0.305920
v 1.002133 0.355840 0.308679
v 1.009201 0.357849 0.313443
v 1.014311 0.357510 0.315668
v 1.021622 0.359565 0.320401
v 1.021329 0.359661 0.319584
v 1.026670 0.359405 0.321973
v 1.033908 0.361819 0.325169
v 1.034370 0.361817 0.326104
v 1.039611 0.361833 0.327193
v 1.046950 0.364316 0.329806
v 1.047503 0.364359 0.330795
v 1.052636 0.364436 0.331676
v 1.060689 0.367257 0.333920
v 1.066166 0.367356 0.335034
v 1.074161 0.370234 0.337329
v 1.079335 0.370250 0.338203
v 1.079999 0.370662 0.337649
v 1.087100 0.373439 0.338706
v 1.087836 0.373532 0.339553
v 1.092997 0.373668 0.339934
v 1.093633 0.374035 0.339388
v 1.101227 0.377058 0.340572
v 1.106715 0.377446 0.340319
v 1.114301 0.380690 0.340535
v 1.115029 0.380795 0.341223
v 1.120204 0.381015 0.341090
v 1.120794 0.381419 0.340482
v 1.128348 0.384647 0.340551
v 1.133765 0.385132 0.339930
v 1.141734 0.388673 0.339432
v 1.147136 0.389232 0.338802
v 1.154452 0.392667 0.337530
v 1.155317 0.392849 0.338120
v 1.160367 0.393272 0.337115
v 1.160896 0.393716 0.336323
v 1.168408 0.397089 0.335607
v 1.173589 0.397642 0.334216
v 1.181295 0.401430 0.332613
v 1.186573 0.401882 0.331685
v 1.187005 0.402259 0.330899
v 1.194253 0.405748 0.329456
v 1.199415 0.406415 0.327590
v 1.207011 0.410208 0.325425
v 1.212160 0.410863 0.323567
v 1.218885 0.414487 0.320938
v 1.219766 0.414723 0.321281
v 1.224454 0.415435 0.318612
v 1.231200 0.419105 0.315730
v 1.232048 0.419313 0.316069
v 1.236657 0.420029 0.313465
v 1.243547 0.423849 0.310040
v 1.248370 0.424617 0.307524
v 1.254724 0.428297 0.303977
v 1.255718 0.428581 0.304310
v 1.260038 0.429117 0.301735
v 1.260218 0.429509 0.300742
v 1.266588 0.433169 0.297132
v 1.271104 0.433887 0.294078
v 1.277633 0.437868 0.290021
v 1.281839 0.438537 0.286645
v 1.287850 0.442414 0.281775
v 1.292225 0.443143 0.278484
v 1.298054 0.447021 0.273400
v 1.302050 0.447692 0.269803
v 1.307661 0.451566 0.264374
v 1.311710 0.452267 0.260716
v 1.316928 0.456073 0.254963
v 1.320485 0.456703 0.250840
v 1.326098 0.460594 0.245195
v 1.325201 0.460269 0.245209
v 1.329417 0.461036 0.241382
v 1.329256 0.461277 0.240451
v 1.333587 0.464720 0.234556
v 1.336929 0.465330 0.230181
v 1.341366 0.469069 0.223870
v 1.348273 0.473206 0.212522
v 1.344305 0.469534 0.219261
v 1.351534 0.473690 0.208315
v 1.351293 0.473917 0.207427
v 1.354911 0.477246 0.201105
v 1.357522 0.477703 0.196250
v 1.360907 0.481239 0.189203
v 1.366533 0.485001 0.177107
v 1.363587 0.481719 0.184361
v 1.368872 0.485416 0.172192
v 1.371255 0.488555 0.165063
v 1.372152 0.488959 0.164735
v 1.373897 0.489161 0.159703
v 1.376318 0.492469 0.152185
v 1.378366 0.492741 0.147119
v 1.380322 0.495753 0.139878
v 1.381212 0.496159 0.139467
v 1.383003 0.496306 0.134716
v 1.384482 0.499241 0.127038
v 1.382504 0.496456 0.133735
v 1.385261 0.499603 0.126654
v 1.387027 0.499750 0.121870
v 1.386582 0.499855 0.121061
v 1.388399 0.502593 0.114313
v 1.389258 0.503021 0.113811
v 1.390965 0.503123 0.109001
v 1.390494 0.503210 0.108135
v 1.392171 0.505931 0.101398
v 1.393059 0.506371 0.100865
v 1.394392 0.506398 0.095724
v 1.396772 0.509666 0.087902
v 1.395950 0.509293 0.088412
v 1.398060 0.509688 0.082768
v 1.399494 0.512453 0.075417
v 1.400361 0.512887 0.074883
v 1.401631 0.512872 0.069678
v 1.403995 0.516067 0.061869
v 1.403178 0.515673 0.062350
v 1.405273 0.516030 0.056697
v 1.406773 0.518809 0.049377
v 1.407630 0.519232 0.048845
v 1.409305 0.519246 0.044005
v 1.408812 0.519331 0.043224
v 1.410782 0.522077 0.035848
v 1.412567 0.522296 0.030660
v 1.414437 0.525135 0.022799
v 1.416207 0.525285 0.017560
v 1.418227 0.528143 0.009749
v 1.420308 0.528256 0.004887
v 1.419815 0.528334 0.003973
v 1.421864 0.531030 -0.003299
v 1.423557 0.531021 -0.008541
v 1.425436 0.533861 -0.016368
v 1.427574 0.533940 -0.021271
v 1.427068 0.533991 -0.022201
v 1.428990 0.536591 -0.029500
v 1.431026 0.536636 -0.034414
v 1.430557 0.536655 -0.035174
v 1.432245 0.539151 -0.042652
v 1.433886 0.539132 -0.047910
v 1.435000 0.541361 -0.055500
v 1.435786 0.541770 -0.056016
v 1.436756 0.541464 -0.061256
v 1.437796 0.543637 -0.069059
v 1.438497 0.544003 -0.069388
v 1.439681 0.543677 -0.074436
v 1.439133 0.543658 -0.075176
v 1.439882 0.545619 -0.082385
v 1.440693 0.546039 -0.083025
v 1.441449 0.545566 -0.088341
v 1.442019 0.547736 -0.096448
v 1.442656 0.547234 -0.101899
v 1.442698 0.549102 -0.110148
v 1.443558 0.548661 -0.115545
v 1.441658 0.549869 -0.123353
v 1.441258 0.549610 -0.122512
v 1.440513 0.548684 -0.128149
v 1.439603 0.548518 -0.128623
v 1.437160 0.549433 -0.135972
v 1.436326 0.548289 -0.140552
v 1.435327 0.548083 -0.140609
v 1.430024 0.547898 -0.146376
v 1.426889 0.546082 -0.150563
v 1.421145 0.545770 -0.156534
v 1.417717 0.543770 -0.159944
v 1.411320 0.543062 -0.164313
v 1.411146 0.543181 -0.165312
v 1.407385 0.540902 -0.168209
v 1.400622 0.540341 -0.172382
v 1.396047 0.537771 -0.174182
v 1.388214 0.536615 -0.177102
v 1.383704 0.534088 -0.179017
v 1.375805 0.532709 -0.181271
v 1.371356 0.530150 -0.183104
v 1.370418 0.529970 -0.182549
v 1.362969 0.528647 -0.184767
v 1.358588 0.526065 -0.186545
v 1.357787 0.525935 -0.186001
v 1.350132 0.524366 -0.187323
v 1.345319 0.521658 -0.188259
v 1.337525 0.520148 -0.189096
v 1.336918 0.520053 -0.189932
v 1.332288 0.517252 -0.190151
v 1.323941 0.515633 -0.190956
v 1.319362 0.512863 -0.191997
v 1.318717 0.512717 -0.191411
v 1.311384 0.511217 -0.192018
v 1.310705 0.511099 -0.192776
v 1.306005 0.508291 -0.192702
v 1.297732 0.506490 -0.193149
v 1.292860 0.503633 -0.193555
v 1.284380 0.501872 -0.194440
v 1.285056 0.502027 -0.193721
v 1.279698 0.499035 -0.194282
v 1.271343 0.497226 -0.194700
v 1.266532 0.494318 -0.194976
v 1.257993 0.492540 -0.195798
v 1.258734 0.492712 -0.195033
v 1.253277 0.489702 -0.195658
v 1.245010 0.487837 -0.195994
v 1.240045 0.484958 -0.196323
v 1.231764 0.483113 -0.196884
v 1.226899 0.480176 -0.197228
v 1.218575 0.478445 -0.197750
v 1.213924 0.475576 -0.198576
v 1.213197 0.475439 -0.197908
v 1.205919 0.473776 -0.198422
v 1.205242 0.473656 -0.199215
v 1.200535 0.470752 -0.199146
v 1.192223 0.468978 -0.199803
v 1.187368 0.465974 -0.200220
v 1.179006 0.464175 -0.200886
v 1.174381 0.461267 -0.201741
v 1.173755 0.461158 -0.201166
v 1.166434 0.459562 -0.201500
v 1.165676 0.459361 -0.202332
v 1.152636 0.454677 -0.202756
v 1.160961 0.456470 -0.202184
v 1.147716 0.451769 -0.202905
v 1.139368 0.449974 -0.203127
v 1.134651 0.447084 -0.203614
v 1.133902 0.447036 -0.202932
v 1.126134 0.445259 -0.203329
v 1.121418 0.442409 -0.203573
v 1.120699 0.442333 -0.202819
v 1.112876 0.440704 -0.202730
v 1.107921 0.437733 -0.202412
v 1.099725 0.436048 -0.201896
v 1.094947 0.433296 -0.200722
v 1.086706 0.431700 -0.198848
v 1.081914 0.428942 -0.197884
v 1.074618 0.427802 -0.195159
v 1.073700 0.427546 -0.195582
v 1.069371 0.424982 -0.193723
v 1.068938 0.424990 -0.192847
v 1.061781 0.423702 -0.189845
v 1.057328 0.421110 -0.187437
v 1.050106 0.420092 -0.183277
v 1.045888 0.417655 -0.180544
v 1.045751 0.417706 -0.179709
v 1.038996 0.416758 -0.175205
v 1.035039 0.414490 -0.171903
v 1.029007 0.413902 -0.166531
v 1.028028 0.413705 -0.166623
v 1.024556 0.411636 -0.162775
v 1.018111 0.410944 -0.157348
v 1.014422 0.408906 -0.153773
v 1.014442 0.409022 -0.152810
v 1.009121 0.408667 -0.147521
v 1.008039 0.408485 -0.147476
v 1.004764 0.406497 -0.143774
v 1.004723 0.406610 -0.142785
v 0.998802 0.406186 -0.137176
v 0.999812 0.406376 -0.137328
v 0.996077 0.404414 -0.132677
v 0.991193 0.404288 -0.126243
v 0.990152 0.404104 -0.126111
v 0.987483 0.402302 -0.121660
v 0.982423 0.402552 -0.114645
v 0.979596 0.400909 -0.109907
v 0.974453 0.401092 -0.102964
v 0.971793 0.399552 -0.098304
v 0.967739 0.400097 -0.091283
v 0.966705 0.399942 -0.090988
v 0.964578 0.398621 -0.086048
v 0.960003 0.399070 -0.078628
v 0.957293 0.397715 -0.074114
v 0.957534 0.398007 -0.073231
v 0.953292 0.398598 -0.066207
v 0.950864 0.397358 -0.061213
v 0.947381 0.398336 -0.053977
v 0.946361 0.398181 -0.053578
v 0.944385 0.397023 -0.048738
v 0.944646 0.397346 -0.047730
v 0.940263 0.398036 -0.040731
v 0.941141 0.398167 -0.041083
v 0.938400 0.396915 -0.035842
v 0.938676 0.397268 -0.034898
v 0.934877 0.398028 -0.027745
v 0.933061 0.397039 -0.022481
v 0.929726 0.398204 -0.014602
v 0.927867 0.397195 -0.009226
v 0.924841 0.398507 -0.001189
v 0.923023 0.397406 0.003956
v 0.923398 0.397767 0.004859
v 0.920431 0.398798 0.012331
v 0.918795 0.397817 0.017537
v 0.919269 0.398145 0.018434
v 0.916770 0.399411 0.025996
v 0.915870 0.398720 0.031720
v 0.913185 0.400109 0.040008
v 0.913974 0.400180 0.039488
v 0.912762 0.399497 0.045528
v 0.911276 0.401135 0.053378
v 0.910426 0.401071 0.053947
v 0.910407 0.400616 0.060223
v 0.907853 0.402898 0.068062
v 0.907877 0.402909 0.068062
v 0.907877 0.402909 0.068062
v 0.907877 0.402909 0.068062
v 0.907877 0.402909 0.068062
v 0.908325 0.402984 0.068111
v 0.907877 0.402909 0.068062
v 0.907877 0.402909 0.068062
v 0.907997 0.402934 0.068074
v 0.908081 0.402946 0.068098
v 0.908129 0.402957 0.068098
v 0.908117 0.402957 0.068098
v 0.908045 0.402934 0.068086
v 0.907877 0.402909 0.068062
v 0.907877 0.402909 0.068062
v 0.907961 0.402921 0.068074
v -0.224750 1.700227 0.329714
v -0.232826 1.700181 0.329037
v -0.245336 1.701463 0.325991
v -0.244690 1.701935 0.326667
v -0.237078 1.701538 0.327346
v -0.257525 1.703495 0.323601
v -0.249966 1.703467 0.324686
v -0.249187 1.702965 0.324276
v -0.269633 1.705364 0.320134
v -0.261799 1.704943 0.321703
v -0.273651 1.706968 0.317983
v -0.281606 1.707259 0.316253
v -0.293329 1.709092 0.311586
v -0.292837 1.709564 0.312274
v -0.286066 1.709095 0.314127
v -0.285240 1.708448 0.313817
v -0.304852 1.711471 0.307070
v -0.297537 1.711306 0.309425
v -0.296753 1.710694 0.309142
v -0.316058 1.713287 0.301413
v -0.315583 1.713832 0.302230
v -0.308527 1.712988 0.304482
v -0.326789 1.715907 0.295895
v -0.319323 1.715347 0.298809
v -0.337441 1.718196 0.289385
v -0.330148 1.717597 0.292906
v -0.347510 1.720564 0.282243
v -0.340632 1.719926 0.286068
v -0.357304 1.722372 0.274327
v -0.357033 1.722928 0.274983
v -0.350542 1.722345 0.278835
v -0.366296 1.724795 0.266009
v -0.365975 1.725450 0.266862
v -0.359868 1.724420 0.270897
v -0.375126 1.726864 0.257594
v -0.368910 1.726571 0.262362
v -0.383123 1.729092 0.248227
v -0.377274 1.728359 0.253370
v -0.390883 1.730597 0.238886
v -0.385301 1.730255 0.243843
v -0.391090 1.729969 0.238237
v -0.398032 1.732250 0.228105
v -0.392871 1.731863 0.234052
v -0.404889 1.733562 0.217578
v -0.399745 1.733404 0.223493
v -0.410766 1.734139 0.206009
v -0.410699 1.734825 0.206658
v -0.406393 1.734768 0.212682
v -0.416240 1.735166 0.194957
v -0.411946 1.735320 0.201398
v -0.420953 1.735267 0.183046
v -0.417598 1.736015 0.189412
v -0.416953 1.735290 0.189997
v -0.425122 1.734403 0.171013
v -0.425098 1.735217 0.171677
v -0.421578 1.735788 0.177967
v -0.428682 1.733990 0.158949
v -0.425822 1.735150 0.166252
v -0.432654 1.732345 0.141189
v -0.428816 1.734109 0.153731
v -0.239120 1.687899 0.338099
v -0.230985 1.687972 0.338652
v -0.251838 1.689393 0.335316
v -0.251243 1.689827 0.335912
v -0.243623 1.689466 0.336666
v -0.264384 1.691088 0.332491
v -0.263777 1.691543 0.333108
v -0.256130 1.691247 0.333924
v -0.276468 1.693210 0.329553
v -0.269117 1.693052 0.331103
v -0.268310 1.692477 0.330701
v -0.288411 1.695324 0.326030
v -0.281119 1.695173 0.327598
v -0.280231 1.694555 0.327210
v -0.300185 1.697269 0.321962
v -0.292435 1.696918 0.323924
v -0.311658 1.699506 0.317326
v -0.304002 1.699002 0.319529
v -0.322979 1.701559 0.312577
v -0.315427 1.701039 0.314871
v -0.333734 1.704049 0.306856
v -0.326893 1.703705 0.309659
v -0.326085 1.703054 0.309564
v -0.344525 1.705883 0.300546
v -0.344024 1.706455 0.301319
v -0.337084 1.705605 0.303786
v -0.354513 1.708833 0.294049
v -0.348180 1.708405 0.297571
v -0.347321 1.707647 0.297506
v -0.357511 1.710619 0.290733
v -0.364414 1.711326 0.287015
v -0.373744 1.713317 0.278722
v -0.373430 1.713858 0.279417
v -0.367400 1.712876 0.283359
v -0.382771 1.715764 0.270602
v -0.382474 1.716375 0.271321
v -0.376330 1.715447 0.275371
v -0.391225 1.718206 0.262167
v -0.385771 1.717871 0.266830
v -0.384997 1.717058 0.266946
v -0.399136 1.720036 0.252591
v -0.398848 1.720743 0.253395
v -0.393264 1.719779 0.258101
v -0.406814 1.721954 0.243048
v -0.406567 1.722600 0.243863
v -0.401633 1.721992 0.248468
v -0.400989 1.721279 0.248631
v -0.413583 1.724603 0.233072
v -0.408433 1.723850 0.238955
v -0.420288 1.726206 0.222501
v -0.415186 1.725610 0.228372
v -0.425885 1.726894 0.210800
v -0.425750 1.727628 0.211509
v -0.421639 1.727385 0.217525
v -0.431373 1.728209 0.199680
v -0.427425 1.728516 0.205824
v -0.426768 1.727737 0.206266
v -0.435840 1.728423 0.187610
v -0.432242 1.728830 0.194539
v -0.440153 1.728139 0.175288
v -0.436923 1.729081 0.182050
v -0.436262 1.728359 0.182692
v -0.443220 1.727123 0.162483
v -0.440399 1.728130 0.170047
v -0.446481 1.724922 0.143743
v -0.446530 1.725877 0.145008
v -0.443305 1.727184 0.157161
v -0.232648 1.698416 0.326869
v -0.225121 1.698380 0.327151
v -0.224359 1.698805 0.327839
v -0.245157 1.700269 0.324496
v -0.244529 1.699865 0.324043
v -0.236957 1.699808 0.325154
v -0.257238 1.701632 0.321330
v -0.249165 1.701506 0.322463
v -0.269281 1.703473 0.317948
v -0.261425 1.703127 0.319523
v -0.281435 1.705629 0.314477
v -0.280632 1.705090 0.314043
v -0.273219 1.705163 0.315981
v -0.292743 1.707438 0.309912
v -0.285079 1.706892 0.312053
v -0.304276 1.709439 0.305075
v -0.296421 1.709409 0.307816
v -0.297020 1.709010 0.307017
v -0.315657 1.711901 0.300138
v -0.314951 1.711384 0.299856
v -0.308448 1.710881 0.302084
v -0.307894 1.711320 0.302966
v -0.326178 1.713835 0.293909
v -0.318793 1.713264 0.296848
v -0.336771 1.715943 0.287583
v -0.329433 1.715545 0.291004
v -0.346709 1.718400 0.280436
v -0.339808 1.717748 0.284278
v -0.356695 1.720887 0.273235
v -0.355816 1.720256 0.273133
v -0.349696 1.720077 0.277225
v -0.365669 1.723232 0.265080
v -0.364861 1.722601 0.265023
v -0.359009 1.722269 0.269304
v -0.374165 1.724433 0.256190
v -0.367911 1.724131 0.260880
v -0.382003 1.726474 0.246947
v -0.376356 1.726397 0.252400
v -0.376594 1.725888 0.251488
v -0.390105 1.727819 0.237331
v -0.384259 1.727704 0.242625
v -0.397042 1.729607 0.227131
v -0.392029 1.729159 0.232315
v -0.391900 1.729726 0.233226
v -0.403845 1.731045 0.216568
v -0.398707 1.730778 0.222542
v -0.410015 1.732446 0.205580
v -0.409327 1.731779 0.205908
v -0.405384 1.732473 0.212283
v -0.405456 1.731854 0.211527
v -0.415073 1.732370 0.194279
v -0.410822 1.732804 0.200732
v -0.419784 1.732656 0.182621
v -0.416114 1.733047 0.189433
v -0.424065 1.732225 0.170961
v -0.420532 1.733130 0.177780
v -0.427454 1.731426 0.158860
v -0.424651 1.732392 0.166045
v -0.431349 1.729824 0.141164
v -0.427782 1.731118 0.152997
v -0.427749 1.731945 0.153988
v -0.239161 1.686454 0.336271
v -0.238551 1.686043 0.335781
v -0.231461 1.686040 0.336134
v -0.230645 1.686486 0.336822
v -0.243333 1.687706 0.334497
v -0.251400 1.687794 0.333432
v -0.263973 1.689561 0.330639
v -0.255845 1.689369 0.331742
v -0.276153 1.691352 0.327433
v -0.268280 1.690915 0.328897
v -0.288083 1.693406 0.323959
v -0.280237 1.692993 0.325351
v -0.299778 1.695322 0.319990
v -0.292008 1.694890 0.321797
v -0.311455 1.697789 0.315633
v -0.310740 1.697219 0.315260
v -0.303430 1.697343 0.317883
v -0.304004 1.696935 0.317115
v -0.322778 1.699813 0.310878
v -0.314939 1.699068 0.312910
v -0.322041 1.699276 0.310514
v -0.333435 1.702236 0.305183
v -0.332645 1.701609 0.304879
v -0.325815 1.701403 0.307903
v -0.344126 1.704469 0.299310
v -0.343369 1.703815 0.299057
v -0.336526 1.703578 0.301968
v -0.353844 1.706655 0.292280
v -0.347392 1.705763 0.295401
v -0.346872 1.706238 0.296349
v -0.363996 1.709482 0.285505
v -0.363257 1.708881 0.285310
v -0.356832 1.708330 0.288957
v -0.372996 1.711299 0.277496
v -0.366905 1.710397 0.281245
v -0.366527 1.710891 0.282213
v -0.381864 1.713730 0.269489
v -0.375547 1.713434 0.274171
v -0.375817 1.712963 0.273408
v -0.390365 1.715850 0.260752
v -0.384723 1.714933 0.265085
v -0.384423 1.715523 0.266046
v -0.398566 1.718388 0.251802
v -0.397863 1.717722 0.251865
v -0.392729 1.717272 0.256161
v -0.392464 1.717834 0.257064
v -0.405970 1.719872 0.242151
v -0.400353 1.719187 0.247423
v -0.412597 1.721898 0.232016
v -0.407548 1.721409 0.237741
v -0.419412 1.723533 0.221450
v -0.414305 1.723012 0.227346
v -0.424906 1.724674 0.210371
v -0.420528 1.724728 0.216761
v -0.430400 1.725651 0.198992
v -0.426216 1.725297 0.204857
v -0.426097 1.726052 0.205816
v -0.434776 1.725683 0.187205
v -0.431175 1.726152 0.194174
v -0.439039 1.725533 0.175199
v -0.435459 1.726200 0.182209
v -0.442026 1.724589 0.162326
v -0.439227 1.725490 0.169955
v -0.445681 1.723185 0.143834
v -0.445202 1.722718 0.144700
v -0.442156 1.724669 0.157093
v -0.142636 1.692780 0.339471
v -0.134597 1.693618 0.339106
v -0.155265 1.693249 0.338601
v -0.147184 1.694268 0.338327
v -0.167858 1.693944 0.337588
v -0.159740 1.694880 0.337262
v -0.180623 1.694738 0.336480
v -0.172334 1.695765 0.336117
v -0.193334 1.695928 0.334583
v -0.192666 1.696393 0.335177
v -0.185116 1.696394 0.335259
v -0.205907 1.696952 0.332994
v -0.205266 1.697424 0.333601
v -0.197674 1.697486 0.333644
v -0.224866 1.698997 0.330028
v -0.223732 1.699390 0.330772
v -0.210359 1.698573 0.332087
v -0.146077 1.679925 0.348109
v -0.137991 1.680774 0.347536
v -0.158875 1.680537 0.347438
v -0.150818 1.681509 0.346973
v -0.171569 1.681309 0.346490
v -0.163406 1.682143 0.346034
v -0.184515 1.682131 0.345403
v -0.176186 1.683120 0.344991
v -0.197299 1.683636 0.343975
v -0.189185 1.683830 0.344127
v -0.210167 1.684724 0.342363
v -0.202617 1.685103 0.342830
v -0.201782 1.684666 0.342281
v -0.231057 1.686719 0.339031
v -0.229732 1.687104 0.339819
v -0.214627 1.685754 0.340775
v -0.215751 1.686233 0.341192
v -0.142577 1.691224 0.337310
v -0.134546 1.692186 0.336841
v -0.155167 1.691766 0.336495
v -0.147125 1.692764 0.336079
v -0.167767 1.692557 0.335499
v -0.159660 1.693415 0.335225
v -0.180498 1.693327 0.334383
v -0.172235 1.694295 0.334106
v -0.193046 1.694517 0.332639
v -0.184965 1.694857 0.333024
v -0.205562 1.695581 0.331052
v -0.197559 1.695832 0.331432
v -0.224475 1.697571 0.328208
v -0.210885 1.696782 0.329505
v -0.209933 1.697180 0.330205
v -0.146028 1.678393 0.345887
v -0.138003 1.679332 0.345351
v -0.158780 1.678993 0.345235
v -0.150789 1.680015 0.344803
v -0.171568 1.679900 0.344463
v -0.163398 1.680701 0.343969
v -0.176117 1.681608 0.342954
v -0.184462 1.680654 0.343373
v -0.197188 1.681874 0.341637
v -0.189614 1.682021 0.341657
v -0.188891 1.682386 0.342293
v -0.210072 1.683044 0.340154
v -0.201909 1.683233 0.340374
v -0.230698 1.685247 0.337240
v -0.215828 1.684244 0.338511
v -0.214550 1.684623 0.339260
v -0.008491 1.686819 0.339925
v -0.000518 1.688046 0.339705
v -0.007887 1.687245 0.340465
v -0.020832 1.687337 0.340388
v -0.013170 1.688378 0.339755
v -0.033305 1.687747 0.340516
v -0.025662 1.688645 0.339813
v -0.045918 1.688239 0.340778
v -0.038167 1.689077 0.339939
v -0.050658 1.689591 0.340186
v -0.058495 1.688665 0.340882
v -0.071033 1.689254 0.341116
v -0.063224 1.690135 0.340412
v -0.083718 1.689871 0.341166
v -0.076227 1.690806 0.340679
v -0.075633 1.690538 0.340053
v -0.096242 1.690500 0.341071
v -0.088376 1.691324 0.340470
v -0.101518 1.692061 0.340625
v -0.108892 1.691039 0.340897
v -0.100783 1.691790 0.339997
v -0.121595 1.691679 0.340477
v -0.113962 1.692664 0.340208
v -0.113336 1.692432 0.339625
v -0.134484 1.692312 0.339882
v -0.126067 1.693211 0.339502
v -0.008919 1.672837 0.346953
v -0.001033 1.673828 0.346390
v -0.013905 1.674260 0.346434
v -0.021767 1.673313 0.347205
v -0.026678 1.674649 0.346721
v -0.034509 1.673791 0.347425
v -0.047421 1.674103 0.347514
v -0.046783 1.674508 0.347981
v -0.039339 1.675132 0.346986
v -0.060047 1.675078 0.348312
v -0.052177 1.675805 0.347496
v -0.072825 1.675663 0.348691
v -0.065388 1.676548 0.348133
v -0.064704 1.676278 0.347450
v -0.085681 1.676488 0.349012
v -0.077680 1.677158 0.348198
v -0.090510 1.678022 0.348400
v -0.098560 1.677330 0.349315
v -0.111391 1.677936 0.349190
v -0.103284 1.678834 0.348561
v -0.124138 1.678710 0.348969
v -0.116073 1.679550 0.348306
v -0.128966 1.680312 0.348040
v -0.137871 1.679481 0.348400
v -0.008292 1.685879 0.337721
v -0.000542 1.686928 0.337305
v -0.020890 1.686131 0.337843
v -0.013169 1.687215 0.337231
v -0.033611 1.686617 0.338430
v -0.025760 1.687496 0.337353
v -0.032981 1.686411 0.337757
v -0.046062 1.686966 0.338335
v -0.038342 1.687827 0.337470
v -0.058554 1.687391 0.338502
v -0.050789 1.688341 0.337703
v -0.071293 1.688032 0.339130
v -0.063332 1.688858 0.338117
v -0.070656 1.687838 0.338463
v -0.075938 1.689348 0.338046
v -0.083785 1.688522 0.338922
v -0.096340 1.689100 0.338867
v -0.088422 1.689925 0.338054
v -0.108901 1.689641 0.338683
v -0.100963 1.690605 0.338123
v -0.121479 1.690261 0.338329
v -0.113508 1.691196 0.337770
v -0.134451 1.690914 0.337752
v -0.126006 1.691731 0.337256
v -0.008900 1.671624 0.344395
v -0.001551 1.672506 0.343725
v -0.000908 1.672842 0.344311
v -0.021820 1.672099 0.344634
v -0.013909 1.673075 0.343992
v -0.026757 1.673465 0.344189
v -0.034606 1.672506 0.344975
v -0.047412 1.673106 0.345462
v -0.040017 1.673784 0.344361
v -0.039285 1.674154 0.344929
v -0.060343 1.673879 0.346321
v -0.052272 1.674551 0.345000
v -0.059795 1.673722 0.345687
v -0.065005 1.675117 0.345442
v -0.072962 1.674415 0.346334
v -0.085801 1.675090 0.346647
v -0.077609 1.676130 0.346124
v -0.078259 1.675758 0.345671
v -0.098640 1.675845 0.346955
v -0.090637 1.676690 0.346166
v -0.111355 1.676542 0.347031
v -0.103368 1.677427 0.346244
v -0.124189 1.677233 0.346747
v -0.116097 1.678151 0.346052
v -0.137810 1.677976 0.346285
v -0.128923 1.678909 0.345741
v 0.126335 1.692048 0.339788
v 0.133942 1.692893 0.339069
v 0.113695 1.691305 0.340167
v 0.121363 1.692225 0.339672
v 0.100988 1.690343 0.340184
v 0.101693 1.690861 0.340746
v 0.108739 1.691509 0.339980
v 0.088320 1.689632 0.340195
v 0.089002 1.690137 0.340776
v 0.096147 1.690906 0.340192
v 0.075678 1.688967 0.340105
v 0.076427 1.689478 0.340745
v 0.083093 1.690361 0.340450
v 0.083767 1.690063 0.339833
v 0.063389 1.688640 0.340520
v 0.070462 1.689690 0.340276
v 0.071083 1.689391 0.339660
v 0.050795 1.688138 0.340333
v 0.058560 1.688950 0.339620
v 0.057949 1.689206 0.340199
v 0.038301 1.687736 0.340218
v 0.045325 1.688810 0.340207
v 0.046099 1.688520 0.339494
v 0.025813 1.687428 0.340173
v 0.033340 1.688397 0.339863
v 0.013276 1.687289 0.340246
v 0.021092 1.687966 0.339371
v 0.020483 1.688223 0.339960
v 0.000230 1.687069 0.340246
v 0.008295 1.688001 0.339851
v 0.129312 1.679012 0.348149
v 0.136541 1.680126 0.347814
v 0.137291 1.679754 0.347133
v 0.116553 1.678289 0.348519
v 0.124157 1.679184 0.348033
v 0.103579 1.677341 0.348686
v 0.111396 1.678432 0.348237
v 0.090607 1.676281 0.348133
v 0.091261 1.676801 0.348755
v 0.098033 1.677742 0.348487
v 0.098742 1.677442 0.347853
v 0.078039 1.675755 0.348252
v 0.085724 1.676884 0.348023
v 0.065206 1.674952 0.347792
v 0.072964 1.676065 0.347707
v 0.060193 1.675427 0.347292
v 0.052480 1.674337 0.347524
v 0.039674 1.673726 0.347195
v 0.047634 1.674618 0.346488
v 0.046920 1.674877 0.347117
v 0.026948 1.673368 0.347005
v 0.034686 1.674381 0.346622
v 0.014177 1.673108 0.346869
v 0.021924 1.674077 0.346473
v 0.000489 1.672857 0.346897
v 0.009127 1.673762 0.346411
v 0.126278 1.690487 0.337325
v 0.133897 1.691321 0.336696
v 0.113539 1.690010 0.338207
v 0.114199 1.689763 0.337555
v 0.121262 1.690653 0.337163
v 0.100985 1.689342 0.338575
v 0.101682 1.689087 0.337873
v 0.108751 1.690010 0.337598
v 0.088353 1.688686 0.338570
v 0.089041 1.688450 0.337894
v 0.095669 1.689255 0.337579
v 0.096371 1.689742 0.338199
v 0.075923 1.687860 0.338097
v 0.083122 1.688726 0.337595
v 0.083801 1.689115 0.338223
v 0.063203 1.687476 0.338397
v 0.063943 1.687236 0.337678
v 0.071114 1.688491 0.338008
v 0.070504 1.688131 0.337435
v 0.050601 1.687008 0.338180
v 0.051238 1.686799 0.337518
v 0.057951 1.687652 0.337283
v 0.058652 1.688069 0.337967
v 0.038417 1.686475 0.337719
v 0.046121 1.687676 0.337811
v 0.045491 1.687344 0.337201
v 0.025679 1.686405 0.338087
v 0.026325 1.686195 0.337376
v 0.033467 1.687147 0.337306
v 0.013015 1.686217 0.338044
v 0.013621 1.686042 0.337358
v 0.020374 1.686782 0.337026
v 0.021121 1.687183 0.337687
v 0.008301 1.686776 0.337196
v 0.000211 1.685898 0.337728
v 0.129369 1.677453 0.345699
v 0.137147 1.678499 0.345222
v 0.116596 1.676661 0.346099
v 0.124203 1.677688 0.345576
v 0.103438 1.676090 0.346632
v 0.104178 1.675836 0.345928
v 0.111495 1.676955 0.345877
v 0.090705 1.675339 0.346490
v 0.091348 1.675118 0.345901
v 0.098594 1.676187 0.345807
v 0.077934 1.674523 0.346165
v 0.078758 1.674279 0.345472
v 0.085919 1.675470 0.345646
v 0.065156 1.673771 0.345782
v 0.065863 1.673542 0.345093
v 0.073147 1.674694 0.345261
v 0.052554 1.673008 0.345032
v 0.060334 1.674081 0.344765
v 0.039550 1.672683 0.345025
v 0.040175 1.672527 0.344374
v 0.047574 1.673471 0.344410
v 0.026769 1.672297 0.344825
v 0.027371 1.672104 0.344187
v 0.034177 1.672945 0.343882
v 0.034934 1.673336 0.344564
v 0.014003 1.672049 0.344703
v 0.014754 1.671858 0.343990
v 0.022011 1.672857 0.344019
v 0.000281 1.671773 0.344782
v 0.000960 1.671574 0.344122
v 0.008628 1.672418 0.343614
v 0.009361 1.672777 0.344279
v 0.216853 1.698770 0.332097
v 0.224057 1.700439 0.330233
v 0.204024 1.696996 0.333432
v 0.204747 1.697680 0.333886
v 0.211552 1.698971 0.332164
v 0.191477 1.695881 0.334877
v 0.192037 1.696434 0.335275
v 0.198411 1.697861 0.334083
v 0.199103 1.697520 0.333326
v 0.178966 1.694812 0.336111
v 0.179509 1.695384 0.336524
v 0.186437 1.696614 0.335170
v 0.166316 1.694530 0.337272
v 0.174051 1.695432 0.336571
v 0.153550 1.693322 0.337930
v 0.154246 1.693858 0.338434
v 0.161335 1.694517 0.337565
v 0.134573 1.692591 0.339245
v 0.147667 1.693678 0.338760
v 0.148870 1.693357 0.338006
v 0.222631 1.685961 0.340627
v 0.223259 1.686600 0.341004
v 0.230280 1.688064 0.339207
v 0.210041 1.684854 0.342667
v 0.217492 1.686601 0.341068
v 0.197061 1.683366 0.343651
v 0.197790 1.684020 0.344133
v 0.204816 1.685031 0.342174
v 0.204184 1.685349 0.342834
v 0.184425 1.682223 0.344857
v 0.185021 1.682780 0.345265
v 0.191981 1.684143 0.343957
v 0.171415 1.681589 0.345605
v 0.172083 1.682077 0.346067
v 0.179415 1.682790 0.345197
v 0.158680 1.680611 0.346544
v 0.159326 1.681146 0.347021
v 0.166556 1.681833 0.346220
v 0.137464 1.679448 0.347346
v 0.153757 1.680776 0.347009
v 0.138727 1.679964 0.347908
v 0.216667 1.696950 0.329697
v 0.223411 1.698485 0.327849
v 0.224121 1.699042 0.328303
v 0.203955 1.695886 0.331926
v 0.204530 1.695654 0.331184
v 0.210910 1.697008 0.329773
v 0.211619 1.697579 0.330270
v 0.191598 1.694517 0.332839
v 0.198354 1.695884 0.331305
v 0.199025 1.696395 0.331779
v 0.179093 1.693447 0.334057
v 0.186557 1.695266 0.333164
v 0.185964 1.694794 0.332667
v 0.166276 1.692913 0.334938
v 0.174004 1.693772 0.334187
v 0.153703 1.692062 0.335956
v 0.160804 1.692698 0.334989
v 0.161503 1.693174 0.335548
v 0.134289 1.691300 0.337333
v 0.135260 1.690973 0.336692
v 0.148583 1.692025 0.336099
v 0.222656 1.684644 0.338671
v 0.230135 1.686270 0.336830
v 0.209764 1.683433 0.340763
v 0.210415 1.683168 0.339961
v 0.217466 1.684908 0.338784
v 0.197206 1.682001 0.341618
v 0.204045 1.683377 0.340146
v 0.204736 1.683926 0.340629
v 0.184522 1.680906 0.342919
v 0.191509 1.682177 0.341389
v 0.192182 1.682716 0.341920
v 0.171555 1.680212 0.343643
v 0.179598 1.681376 0.343214
v 0.178907 1.680951 0.342659
v 0.158661 1.679536 0.344984
v 0.159449 1.679237 0.344253
v 0.166564 1.680256 0.343896
v 0.137784 1.678150 0.345336
v 0.153732 1.679217 0.344739
v 0.428072 1.738438 0.144452
v 0.428398 1.737741 0.136783
v 0.427772 1.737750 0.145235
v 0.425044 1.738925 0.157697
v 0.425399 1.739676 0.156995
v 0.425861 1.739153 0.149536
v 0.421791 1.740234 0.169754
v 0.422914 1.739722 0.161967
v 0.423020 1.740381 0.162601
v 0.417594 1.740314 0.181866
v 0.419148 1.741170 0.174658
v 0.419022 1.740393 0.173889
v 0.412932 1.740148 0.193774
v 0.414836 1.741069 0.186700
v 0.414783 1.740311 0.185867
v 0.407437 1.739092 0.205548
v 0.407853 1.739890 0.205116
v 0.409933 1.740516 0.197969
v 0.401801 1.738451 0.216977
v 0.404351 1.739983 0.210174
v 0.404376 1.739277 0.209256
v 0.395244 1.737072 0.227764
v 0.398189 1.738079 0.220403
v 0.398123 1.738666 0.221237
v 0.388075 1.734930 0.238247
v 0.388564 1.735738 0.238026
v 0.391648 1.737137 0.231519
v 0.380538 1.733792 0.248180
v 0.384265 1.735469 0.241547
v 0.372228 1.730784 0.257643
v 0.372751 1.731610 0.257516
v 0.376465 1.733566 0.251529
v 0.363539 1.728979 0.266679
v 0.367875 1.731325 0.261223
v 0.368079 1.730794 0.260262
v 0.354584 1.726218 0.275193
v 0.358919 1.728859 0.270128
v 0.359167 1.728357 0.269026
v 0.344567 1.723226 0.282756
v 0.345174 1.724062 0.282792
v 0.349591 1.726198 0.278302
v 0.349972 1.725696 0.277238
v 0.335095 1.720675 0.290302
v 0.340099 1.723324 0.285238
v 0.324230 1.717446 0.296662
v 0.324880 1.718301 0.296749
v 0.330269 1.720405 0.292402
v 0.313582 1.714554 0.302888
v 0.314266 1.715416 0.302982
v 0.319208 1.717669 0.299314
v 0.319611 1.717285 0.298300
v 0.302556 1.712418 0.308550
v 0.308889 1.714659 0.304779
v 0.291223 1.709982 0.313670
v 0.297050 1.712473 0.310421
v 0.297499 1.712070 0.309588
v 0.279348 1.707802 0.318022
v 0.285640 1.709845 0.315281
v 0.286196 1.709441 0.314426
v 0.267174 1.705187 0.321329
v 0.267885 1.706011 0.321658
v 0.274100 1.707800 0.318780
v 0.255262 1.703700 0.324835
v 0.262153 1.705579 0.322328
v 0.242964 1.701939 0.327436
v 0.249460 1.703947 0.325637
v 0.250066 1.703603 0.324819
v 0.236800 1.702107 0.328344
v 0.225071 1.699569 0.330745
v 0.237815 1.701826 0.327444
v 0.442256 1.731498 0.147822
v 0.442505 1.732116 0.147171
v 0.442689 1.731764 0.139679
v 0.442440 1.730980 0.138935
v 0.440511 1.733026 0.153303
v 0.439909 1.732845 0.160894
v 0.440323 1.732314 0.152525
v 0.436612 1.733417 0.173949
v 0.437734 1.733811 0.166425
v 0.437562 1.733022 0.165543
v 0.432413 1.733247 0.185950
v 0.433945 1.733731 0.178353
v 0.427576 1.732424 0.197954
v 0.427967 1.733195 0.197469
v 0.429660 1.733901 0.190932
v 0.429582 1.733156 0.189970
v 0.422577 1.732080 0.209633
v 0.424779 1.733155 0.202108
v 0.416815 1.730242 0.221178
v 0.417277 1.731133 0.220754
v 0.419467 1.732452 0.214413
v 0.419463 1.731820 0.213488
v 0.410616 1.728948 0.232074
v 0.413404 1.730799 0.225619
v 0.413461 1.730230 0.224648
v 0.403909 1.726276 0.242614
v 0.404436 1.727253 0.242320
v 0.407037 1.728460 0.235409
v 0.406960 1.729024 0.236265
v 0.396187 1.724596 0.252387
v 0.396821 1.725499 0.252083
v 0.400210 1.726632 0.245938
v 0.388629 1.722646 0.261996
v 0.392342 1.724877 0.255731
v 0.379872 1.720121 0.270857
v 0.384480 1.722274 0.265089
v 0.370771 1.716913 0.279150
v 0.371309 1.717757 0.279090
v 0.375525 1.719866 0.273663
v 0.361346 1.714134 0.287055
v 0.361880 1.714958 0.287127
v 0.366301 1.717132 0.282619
v 0.366663 1.716626 0.281539
v 0.351638 1.711138 0.294335
v 0.352222 1.711944 0.294382
v 0.356626 1.714228 0.290089
v 0.357015 1.713792 0.289056
v 0.341597 1.708162 0.301308
v 0.342275 1.709099 0.301369
v 0.346980 1.711283 0.297234
v 0.347298 1.710864 0.296351
v 0.331206 1.705908 0.307795
v 0.336541 1.708398 0.303936
v 0.336985 1.707992 0.302917
v 0.320581 1.702858 0.313814
v 0.326247 1.705600 0.309671
v 0.309150 1.700404 0.318988
v 0.315415 1.702655 0.315135
v 0.297684 1.697759 0.323757
v 0.303976 1.700211 0.320258
v 0.285525 1.695855 0.327861
v 0.292022 1.697802 0.325173
v 0.292551 1.697428 0.324344
v 0.273416 1.693171 0.330649
v 0.274013 1.693878 0.330962
v 0.280344 1.695751 0.328484
v 0.261221 1.691713 0.333842
v 0.268476 1.693516 0.331740
v 0.248855 1.689455 0.336159
v 0.249523 1.690128 0.336536
v 0.255941 1.691799 0.334225
v 0.230999 1.686919 0.339354
v 0.232130 1.687634 0.339703
v 0.243795 1.689804 0.336874
v 0.426783 1.735550 0.145056
v 0.427221 1.735139 0.136872
v 0.424261 1.737198 0.157641
v 0.423979 1.736583 0.157018
v 0.424529 1.736365 0.150149
v 0.424947 1.737014 0.149416
v 0.420797 1.737921 0.169839
v 0.420570 1.737191 0.169047
v 0.421943 1.737587 0.161967
v 0.416422 1.737704 0.181404
v 0.418083 1.738235 0.173883
v 0.411773 1.737562 0.193168
v 0.413760 1.738204 0.185656
v 0.406590 1.737025 0.204845
v 0.408388 1.737567 0.197768
v 0.408998 1.738370 0.197197
v 0.400691 1.735873 0.215940
v 0.403462 1.737191 0.208786
v 0.394125 1.734455 0.226685
v 0.397178 1.735994 0.219714
v 0.387399 1.733294 0.237462
v 0.387363 1.732798 0.236462
v 0.390856 1.734986 0.230357
v 0.390255 1.734278 0.230617
v 0.382934 1.732602 0.240644
v 0.379482 1.731250 0.246938
v 0.383615 1.733451 0.240423
v 0.371497 1.728833 0.256262
v 0.375131 1.730819 0.250297
v 0.375800 1.731621 0.250170
v 0.362704 1.727071 0.265468
v 0.362821 1.726675 0.264460
v 0.367177 1.728802 0.259183
v 0.353848 1.724317 0.273925
v 0.354007 1.723947 0.272903
v 0.358314 1.726482 0.267819
v 0.344093 1.721818 0.281553
v 0.344291 1.721463 0.280591
v 0.349458 1.724234 0.276143
v 0.348813 1.723491 0.276110
v 0.334305 1.718482 0.288396
v 0.339499 1.721070 0.283370
v 0.323849 1.715760 0.294832
v 0.329826 1.718646 0.290731
v 0.329072 1.717919 0.290580
v 0.313258 1.712917 0.301036
v 0.319189 1.715939 0.297026
v 0.318554 1.715258 0.296848
v 0.302047 1.710383 0.306440
v 0.308570 1.713014 0.302989
v 0.307877 1.712276 0.302702
v 0.290703 1.708013 0.311506
v 0.296419 1.710032 0.307971
v 0.297195 1.710745 0.308246
v 0.278940 1.705844 0.315789
v 0.285701 1.707870 0.312735
v 0.266973 1.704001 0.319879
v 0.267408 1.703745 0.319054
v 0.273698 1.705840 0.316636
v 0.254888 1.701922 0.322580
v 0.261854 1.703651 0.320129
v 0.242630 1.700416 0.325661
v 0.243122 1.700191 0.324871
v 0.249632 1.702043 0.322913
v 0.236754 1.700017 0.325564
v 0.224934 1.697927 0.328568
v 0.237667 1.700654 0.325925
v 0.441475 1.729745 0.147842
v 0.441209 1.729053 0.147097
v 0.441553 1.728872 0.139208
v 0.438774 1.730113 0.160825
v 0.439578 1.730602 0.152501
v 0.439215 1.729985 0.153218
v 0.435685 1.731246 0.173808
v 0.435466 1.730615 0.172943
v 0.436679 1.730898 0.165589
v 0.432790 1.731184 0.177936
v 0.431273 1.730485 0.185520
v 0.426737 1.730246 0.197199
v 0.428830 1.731443 0.189674
v 0.428334 1.730785 0.190143
v 0.421658 1.729860 0.209237
v 0.421497 1.729249 0.208369
v 0.423710 1.730581 0.201393
v 0.416043 1.728177 0.220304
v 0.418241 1.729413 0.213408
v 0.418733 1.730136 0.213040
v 0.409660 1.726385 0.231006
v 0.412250 1.727797 0.224309
v 0.412813 1.728551 0.223991
v 0.403273 1.724674 0.241803
v 0.403231 1.724236 0.240915
v 0.406057 1.726284 0.234756
v 0.395504 1.722985 0.251600
v 0.395485 1.722496 0.250668
v 0.399208 1.724098 0.244731
v 0.387625 1.720093 0.260455
v 0.391506 1.722465 0.254299
v 0.379096 1.718189 0.269733
v 0.379221 1.717761 0.268754
v 0.383107 1.719471 0.263751
v 0.383871 1.720317 0.263654
v 0.370228 1.715006 0.277497
v 0.374752 1.717520 0.271994
v 0.360965 1.712339 0.285356
v 0.365916 1.714726 0.280299
v 0.351177 1.709728 0.293157
v 0.351398 1.709413 0.292169
v 0.356292 1.711896 0.287651
v 0.341201 1.706482 0.299660
v 0.346516 1.708986 0.294926
v 0.330607 1.703799 0.305845
v 0.336331 1.706133 0.301434
v 0.320088 1.700716 0.311758
v 0.325788 1.703531 0.307589
v 0.308600 1.698660 0.317385
v 0.309008 1.698364 0.316435
v 0.314982 1.700576 0.313119
v 0.297277 1.695738 0.321645
v 0.303096 1.697870 0.318144
v 0.303826 1.698578 0.318437
v 0.285335 1.693861 0.325645
v 0.292051 1.695805 0.322684
v 0.273277 1.691941 0.329261
v 0.273718 1.691711 0.328403
v 0.280123 1.693778 0.326259
v 0.261034 1.689932 0.331679
v 0.267736 1.691410 0.329419
v 0.268400 1.691992 0.329812
v 0.248840 1.688056 0.334299
v 0.255695 1.689978 0.331983
v 0.231214 1.685519 0.337401
v 0.243595 1.688135 0.334681
v -0.852169 -1.430443 -0.093163
v -0.850794 -1.429796 -0.085372
v -0.849896 -1.429848 -0.084726
v -0.849026 -1.431269 -0.079868
v -0.849608 -1.431152 -0.078953
v -0.847708 -1.430610 -0.071275
v -0.846681 -1.432083 -0.066010
v -0.844825 -1.431460 -0.057738
v -0.843701 -1.432981 -0.052442
v -0.841722 -1.432375 -0.044203
v -0.840190 -1.433909 -0.039267
v -0.840703 -1.433782 -0.038499
v -0.838648 -1.433351 -0.030681
v -0.837382 -1.434806 -0.025397
v -0.835670 -1.434250 -0.017717
v -0.834787 -1.434280 -0.017135
v -0.834042 -1.435684 -0.012029
v -0.831926 -1.435231 -0.003780
v -0.830163 -1.436705 0.001117
v -0.830691 -1.436605 0.002053
v -0.828309 -1.436127 0.009648
v -0.827056 -1.437589 0.014960
v -0.824641 -1.437089 0.023091
v -0.822887 -1.438583 0.027914
v -0.823396 -1.438476 0.028878
v -0.820888 -1.438011 0.036448
v -0.819117 -1.439518 0.041283
v -0.819601 -1.439440 0.042227
v -0.817049 -1.438902 0.049760
v -0.813451 -1.439817 0.062631
v -0.815556 -1.440411 0.054931
v -0.812539 -1.439853 0.063141
v -0.811506 -1.441303 0.068219
v -0.808422 -1.440716 0.076383
v -0.809250 -1.440688 0.075963
v -0.806941 -1.442168 0.081118
v -0.807408 -1.442078 0.082058
v -0.804709 -1.441562 0.089564
v -0.803124 -1.442975 0.094694
v -0.800457 -1.442445 0.102797
v -0.798793 -1.443816 0.107891
v -0.796102 -1.443304 0.115997
v -0.794030 -1.444710 0.120721
v -0.794466 -1.444602 0.121620
v -0.791681 -1.444092 0.129129
v -0.789537 -1.445509 0.133853
v -0.789995 -1.445435 0.134879
v -0.786612 -1.444878 0.142318
v -0.787451 -1.444871 0.141906
v -0.784971 -1.446294 0.146978
v -0.785409 -1.446220 0.147991
v -0.782487 -1.445632 0.155356
v -0.780650 -1.447053 0.160408
v -0.778130 -1.446423 0.168075
v -0.777238 -1.446398 0.168455
v -0.775859 -1.447798 0.173388
v -0.772974 -1.447146 0.181468
v -0.771092 -1.448520 0.186499
v -0.767941 -1.447840 0.194489
v -0.766176 -1.449217 0.199477
v -0.762544 -1.448540 0.207446
v -0.763406 -1.448549 0.207071
v -0.760719 -1.449929 0.212052
v -0.761129 -1.449848 0.212948
v -0.758015 -1.449245 0.220334
v -0.755602 -1.450590 0.224972
v -0.755952 -1.450547 0.225816
v -0.753227 -1.449901 0.232772
v -0.752236 -1.449860 0.233245
v -0.750633 -1.451223 0.238094
v -0.747517 -1.450483 0.246029
v -0.744946 -1.451851 0.250635
v -0.745290 -1.451778 0.251566
v -0.741932 -1.451139 0.258850
v -0.739800 -1.452486 0.263819
v -0.736274 -1.451676 0.271539
v -0.733635 -1.453045 0.276010
v -0.733991 -1.452995 0.277005
v -0.730322 -1.452260 0.284157
v -0.727710 -1.453579 0.288576
v -0.728041 -1.453507 0.289665
v -0.724251 -1.452814 0.296662
v -0.721480 -1.454120 0.301016
v -0.721798 -1.454091 0.301977
v -0.717434 -1.453282 0.308967
v -0.718381 -1.453365 0.308627
v -0.715276 -1.454621 0.313649
v -0.711768 -1.453860 0.320786
v -0.710726 -1.453772 0.321159
v -0.708228 -1.455074 0.325440
v -0.708515 -1.455035 0.326465
v -0.704327 -1.454220 0.333292
v -0.701601 -1.455488 0.337910
v -0.697315 -1.454719 0.345250
v -0.694491 -1.455889 0.349781
v -0.690062 -1.455161 0.357147
v -0.686731 -1.456349 0.361143
v -0.686933 -1.456337 0.362072
v -0.682484 -1.455503 0.368708
v -0.679322 -1.456743 0.373162
v -0.675060 -1.455879 0.379885
v -0.674058 -1.455802 0.380113
v -0.671101 -1.457069 0.384103
v -0.671277 -1.457060 0.385212
v -0.666298 -1.456146 0.391495
v -0.662794 -1.457393 0.395267
v -0.662926 -1.457323 0.396343
v -0.657364 -1.456425 0.402358
v -0.658319 -1.456516 0.402223
v -0.654151 -1.457678 0.406135
v -0.654255 -1.457630 0.407230
v -0.648583 -1.456679 0.413103
v -0.649548 -1.456768 0.412997
v -0.645256 -1.457956 0.416831
v -0.645300 -1.457904 0.417921
v -0.639855 -1.457000 0.423712
v -0.636266 -1.458208 0.427729
v -0.630463 -1.457167 0.433936
v -0.626700 -1.458426 0.437772
v -0.621335 -1.457503 0.443661
v -0.620274 -1.457384 0.443690
v -0.616675 -1.458602 0.447115
v -0.610670 -1.457609 0.453490
v -0.616640 -1.458509 0.448262
v -0.606667 -1.458759 0.456995
v -0.601081 -1.457816 0.462615
v -0.600007 -1.457710 0.462644
v -0.596365 -1.458910 0.466491
v -0.589933 -1.457846 0.471869
v -0.585652 -1.458995 0.475222
v -0.579019 -1.458019 0.480545
v -0.574587 -1.459102 0.483288
v -0.574460 -1.459061 0.484339
v -0.568005 -1.458061 0.488976
v -0.563595 -1.459233 0.492214
v -0.557287 -1.458136 0.497078
v -0.556303 -1.458099 0.496880
v -0.552075 -1.459262 0.499525
v -0.551831 -1.459205 0.500614
v -0.544639 -1.458120 0.504402
v -0.545632 -1.458252 0.504610
v -0.540420 -1.459291 0.507414
v -0.533328 -1.458199 0.511979
v -0.528532 -1.459329 0.514217
v -0.521280 -1.458278 0.518983
v -0.528266 -1.459253 0.515183
v -0.516470 -1.459310 0.521024
v -0.516160 -1.459224 0.522001
v -0.509087 -1.458257 0.525525
v -0.504189 -1.459349 0.527908
v -0.497306 -1.458265 0.531758
v -0.496314 -1.458171 0.531493
v -0.491810 -1.459352 0.534143
v -0.484818 -1.458260 0.537811
v -0.483817 -1.458155 0.537515
v -0.479276 -1.459290 0.539572
v -0.478907 -1.459209 0.540560
v -0.471429 -1.458120 0.543406
v -0.466497 -1.459213 0.545477
v -0.458654 -1.458109 0.548749
v -0.453554 -1.459202 0.550571
v -0.445645 -1.458009 0.553527
v -0.440415 -1.459186 0.555277
v -0.432428 -1.457986 0.557808
v -0.427211 -1.459043 0.559342
v -0.419125 -1.458005 0.561786
v -0.413927 -1.459021 0.563096
v -0.406499 -1.457948 0.565669
v -0.405513 -1.457838 0.565212
v -0.400534 -1.458931 0.566896
v -0.392337 -1.457744 0.568870
v -0.387124 -1.458854 0.569956
v -0.379495 -1.457766 0.572039
v -0.378511 -1.457629 0.571471
v -0.373543 -1.458726 0.572899
v -0.365228 -1.457644 0.574533
v -0.359939 -1.458690 0.575343
v -0.352137 -1.457585 0.577058
v -0.351252 -1.457487 0.576440
v -0.346205 -1.458605 0.577497
v -0.338505 -1.457523 0.579037
v -0.337586 -1.457392 0.578421
v -0.332494 -1.458515 0.579602
v -0.324044 -1.457330 0.580558
v -0.318740 -1.458444 0.581223
v -0.310348 -1.457182 0.582146
v -0.305102 -1.458316 0.582125
v -0.304334 -1.458213 0.582967
v -0.296287 -1.457118 0.582940
v -0.296988 -1.457191 0.583537
v -0.291300 -1.458236 0.583246
v -0.290557 -1.458152 0.584068
v -0.282677 -1.457043 0.584328
v -0.277336 -1.458188 0.584627
v -0.269346 -1.457027 0.585299
v -0.268677 -1.456960 0.584671
v -0.263527 -1.458025 0.585330
v -0.255065 -1.456954 0.585758
v -0.249861 -1.458010 0.585367
v -0.249197 -1.457916 0.586095
v -0.241263 -1.456883 0.586192
v -0.236024 -1.457929 0.585742
v -0.235377 -1.457805 0.586439
v -0.227446 -1.456800 0.586436
v -0.221998 -1.457837 0.586442
v -0.213550 -1.456671 0.586421
v -0.208372 -1.457765 0.585939
v -0.207667 -1.457672 0.586673
v -0.199714 -1.456618 0.586386
v -0.194296 -1.457723 0.586309
v -0.185903 -1.456501 0.586188
v -0.180446 -1.457630 0.586098
v -0.172049 -1.456469 0.585851
v -0.166641 -1.457550 0.585765
v -0.158691 -1.456465 0.585745
v -0.158058 -1.456375 0.585048
v -0.152809 -1.457536 0.585358
v -0.144929 -1.456398 0.585299
v -0.144241 -1.456326 0.584609
v -0.138996 -1.457476 0.584859
v -0.131109 -1.456375 0.584810
v -0.130415 -1.456284 0.584086
v -0.125211 -1.457380 0.584261
v -0.116814 -1.456317 0.584038
v -0.111617 -1.457368 0.583234
v -0.110830 -1.457308 0.583957
v -0.102957 -1.456238 0.583373
v -0.097586 -1.457307 0.583108
v -0.089174 -1.456252 0.582857
v -0.083988 -1.457307 0.582082
v -0.083323 -1.457235 0.582734
v -0.075332 -1.456233 0.582233
v -0.070187 -1.457284 0.581452
v -0.069556 -1.457211 0.582106
v -0.061558 -1.456230 0.581682
v -0.056132 -1.457310 0.581383
v -0.047712 -1.456122 0.581041
v -0.042370 -1.457280 0.580705
v -0.034490 -1.456250 0.580776
v -0.033718 -1.456147 0.580011
v -0.028553 -1.457251 0.580134
v -0.020110 -1.456245 0.579930
v -0.014663 -1.457293 0.579643
v -0.006269 -1.456211 0.579280
v -0.000868 -1.457292 0.579041
v 0.006988 -1.456341 0.579020
v 0.007724 -1.456176 0.578302
v 0.012898 -1.457364 0.578379
v 0.020782 -1.456353 0.578472
v 0.021551 -1.456234 0.577711
v 0.026536 -1.457402 0.577428
v 0.027370 -1.457317 0.578141
v 0.035235 -1.456323 0.577544
v 0.040360 -1.457444 0.576866
v 0.041146 -1.457383 0.577575
v 0.048497 -1.456454 0.577297
v 0.049191 -1.456355 0.576596
v 0.054411 -1.457531 0.576799
v 0.062305 -1.456507 0.576779
v 0.063017 -1.456402 0.576046
v 0.068003 -1.457590 0.575763
v 0.068813 -1.457531 0.576493
v 0.076660 -1.456512 0.575947
v 0.082088 -1.457654 0.575766
v 0.090532 -1.456609 0.575389
v 0.095917 -1.457751 0.575233
v 0.103797 -1.456786 0.575159
v 0.104501 -1.456673 0.574454
v 0.109491 -1.457844 0.574184
v 0.110333 -1.457776 0.574913
v 0.118329 -1.456774 0.573934
v 0.117810 -1.456847 0.574570
v 0.123319 -1.457972 0.573656
v 0.123985 -1.457890 0.574334
v 0.131331 -1.457040 0.574174
v 0.132168 -1.456891 0.573409
v 0.137147 -1.458089 0.573142
v 0.137843 -1.458005 0.573815
v 0.145799 -1.457084 0.573388
v 0.151225 -1.458251 0.573126
v 0.159662 -1.457189 0.572847
v 0.165046 -1.458387 0.572592
v 0.172975 -1.457385 0.572590
v 0.173668 -1.457301 0.571891
v 0.178863 -1.458470 0.572093
v 0.187310 -1.457569 0.571879
v 0.192736 -1.458721 0.571584
v 0.201147 -1.457648 0.571290
v 0.206325 -1.458866 0.570529
v 0.207106 -1.458837 0.571232
v 0.215007 -1.457860 0.570701
v 0.220175 -1.459061 0.569936
v 0.220965 -1.458975 0.570630
v 0.228862 -1.458123 0.570069
v 0.234251 -1.459309 0.569756
v 0.242717 -1.458247 0.569365
v 0.248051 -1.459487 0.568961
v 0.255918 -1.458596 0.568925
v 0.256719 -1.458487 0.568124
v 0.261893 -1.459728 0.568137
v 0.269772 -1.458851 0.567983
v 0.270552 -1.458720 0.567191
v 0.275534 -1.459968 0.566726
v 0.276296 -1.459882 0.567402
v 0.284230 -1.459078 0.566575
v 0.289634 -1.460231 0.566064
v 0.298040 -1.459269 0.565219
v 0.303167 -1.460464 0.564152
v 0.304015 -1.460411 0.564818
v 0.311857 -1.459538 0.563711
v 0.317236 -1.460748 0.563046
v 0.325683 -1.459783 0.561909
v 0.330953 -1.460970 0.561116
v 0.339318 -1.460117 0.560053
v 0.344452 -1.461280 0.558643
v 0.345180 -1.461231 0.559223
v 0.353087 -1.460330 0.557843
v 0.358159 -1.461551 0.556306
v 0.359100 -1.461508 0.556900
v 0.366810 -1.460604 0.555164
v 0.372054 -1.461800 0.553946
v 0.379822 -1.460942 0.552600
v 0.380466 -1.460820 0.551687
v 0.385655 -1.462088 0.550806
v 0.393379 -1.461233 0.549230
v 0.393966 -1.461113 0.548326
v 0.399048 -1.462347 0.547342
v 0.407294 -1.461424 0.545183
v 0.412179 -1.462629 0.543126
v 0.413024 -1.462564 0.543600
v 0.420595 -1.461642 0.541068
v 0.425779 -1.462806 0.539202
v 0.433808 -1.461947 0.536414
v 0.438503 -1.463104 0.534067
v 0.446781 -1.462129 0.531448
v 0.439427 -1.463043 0.534495
v 0.451800 -1.463315 0.529263
v 0.459268 -1.462485 0.526474
v 0.459654 -1.462368 0.525562
v 0.464644 -1.463521 0.523869
v 0.472365 -1.462669 0.520511
v 0.476905 -1.463813 0.517616
v 0.477945 -1.463739 0.517950
v 0.484966 -1.462803 0.514191
v 0.489347 -1.464009 0.511358
v 0.490424 -1.463924 0.511659
v 0.496885 -1.463092 0.508167
v 0.497209 -1.463027 0.507184
v 0.501955 -1.464209 0.504921
v 0.509347 -1.463324 0.500800
v 0.514019 -1.464410 0.497932
v 0.521261 -1.463526 0.493553
v 0.525942 -1.464692 0.490651
v 0.532723 -1.463689 0.486548
v 0.532975 -1.463644 0.485535
v 0.537547 -1.464878 0.482911
v 0.544536 -1.463919 0.478169
v 0.548565 -1.465084 0.474685
v 0.549674 -1.465018 0.474843
v 0.555796 -1.464080 0.469497
v 0.555640 -1.464145 0.470448
v 0.559811 -1.465302 0.466436
v 0.560735 -1.465237 0.466585
v 0.566714 -1.464350 0.462174
v 0.566910 -1.464285 0.461112
v 0.571231 -1.465441 0.458143
v 0.577659 -1.464508 0.453379
v 0.577751 -1.464463 0.452284
v 0.581965 -1.465647 0.449163
v 0.588171 -1.464706 0.444249
v 0.588279 -1.464636 0.443174
v 0.592526 -1.465750 0.439986
v 0.598705 -1.464816 0.434181
v 0.602719 -1.465946 0.430425
v 0.608772 -1.464886 0.424448
v 0.612573 -1.466063 0.420553
v 0.618475 -1.465066 0.414524
v 0.621736 -1.466219 0.410290
v 0.622821 -1.466095 0.410250
v 0.628000 -1.465155 0.404187
v 0.631151 -1.466339 0.399970
v 0.632211 -1.466195 0.399895
v 0.637194 -1.465265 0.393728
v 0.640284 -1.466401 0.389408
v 0.641342 -1.466255 0.389304
v 0.646040 -1.465371 0.383376
v 0.645878 -1.465343 0.382491
v 0.649440 -1.466455 0.378619
v 0.654514 -1.465440 0.372510
v 0.654384 -1.465377 0.371459
v 0.657497 -1.466503 0.367435
v 0.658494 -1.466374 0.367263
v 0.662833 -1.465368 0.361221
v 0.662667 -1.465329 0.360241
v 0.666072 -1.466394 0.356248
v 0.671104 -1.465196 0.349373
v 0.673643 -1.466286 0.344688
v 0.674650 -1.466116 0.344452
v 0.678757 -1.465029 0.337676
v 0.681764 -1.466039 0.333102
v 0.686162 -1.464774 0.326627
v 0.686003 -1.464771 0.325479
v 0.693428 -1.464469 0.313932
v 0.689199 -1.465713 0.321182
v 0.696348 -1.465438 0.309289
v 0.700367 -1.464099 0.301768
v 0.703063 -1.465093 0.297068
v 0.707092 -1.463677 0.289593
v 0.709750 -1.464603 0.284834
v 0.713599 -1.463272 0.277250
v 0.716101 -1.464145 0.272419
v 0.719986 -1.462790 0.264884
v 0.721923 -1.463745 0.259912
v 0.722915 -1.463566 0.259553
v 0.726051 -1.462250 0.252233
v 0.727977 -1.463207 0.247347
v 0.728994 -1.463015 0.246952
v 0.732068 -1.461715 0.239652
v 0.734365 -1.462646 0.234786
v 0.737966 -1.461251 0.227729
v 0.737647 -1.461189 0.226668
v 0.740339 -1.462088 0.222093
v 0.743774 -1.460657 0.214923
v 0.743453 -1.460637 0.213997
v 0.745586 -1.461586 0.209393
v 0.746581 -1.461385 0.209005
v 0.749469 -1.460038 0.201592
v 0.751752 -1.460928 0.196645
v 0.755166 -1.459454 0.188949
v 0.757452 -1.460330 0.183894
v 0.760742 -1.458819 0.176120
v 0.762961 -1.459707 0.171144
v 0.766382 -1.458275 0.163952
v 0.766005 -1.458221 0.162981
v 0.768099 -1.459157 0.158355
v 0.771879 -1.457564 0.150539
v 0.769040 -1.458961 0.157994
v 0.774111 -1.458381 0.145543
v 0.777465 -1.456928 0.137798
v 0.779202 -1.457792 0.132785
v 0.780054 -1.457622 0.132458
v 0.783014 -1.456281 0.125730
v 0.782645 -1.456185 0.124616
v 0.785240 -1.456962 0.119971
v 0.788516 -1.455495 0.112186
v 0.790731 -1.456234 0.107191
v 0.794007 -1.454769 0.099976
v 0.793640 -1.454711 0.098992
v 0.795720 -1.455582 0.094378
v 0.796732 -1.455346 0.093914
v 0.799100 -1.453930 0.086165
v 0.799467 -1.453959 0.086998
v 0.801620 -1.454677 0.081533
v 0.804812 -1.453150 0.073676
v 0.806884 -1.453894 0.068655
v 0.810148 -1.452298 0.060859
v 0.812237 -1.453066 0.055739
v 0.815265 -1.451387 0.047843
v 0.816898 -1.452267 0.042815
v 0.817741 -1.452036 0.042486
v 0.820395 -1.450556 0.034876
v 0.822418 -1.451316 0.029781
v 0.825295 -1.449572 0.021837
v 0.827287 -1.450328 0.016697
v 0.829924 -1.448639 0.008619
v 0.831323 -1.449491 0.003555
v 0.832285 -1.449233 0.003015
v 0.834002 -1.447719 -0.004885
v 0.834398 -1.447744 -0.004090
v 0.836133 -1.448371 -0.009696
v 0.838575 -1.446748 -0.017816
v 0.839790 -1.447531 -0.022944
v 0.840617 -1.447306 -0.023371
v 0.842647 -1.445727 -0.031117
v 0.843795 -1.446571 -0.036286
v 0.844707 -1.446342 -0.036839
v 0.846397 -1.444811 -0.044571
v 0.847978 -1.445561 -0.049713
v 0.850106 -1.443940 -0.057349
v 0.849605 -1.443895 -0.058323
v 0.851470 -1.444632 -0.063243
v 0.853572 -1.443015 -0.071394
v 0.854914 -1.443838 -0.076758
v 0.858307 -1.441991 -0.089694
v 0.857866 -1.441933 -0.091068
v -0.853482 -1.445995 -0.093533
v -0.852058 -1.445373 -0.085751
v -0.851182 -1.445393 -0.085140
v -0.850646 -1.446759 -0.079990
v -0.848778 -1.446225 -0.071724
v -0.847262 -1.447695 -0.066767
v -0.847815 -1.447596 -0.065868
v -0.845718 -1.447032 -0.058168
v -0.844597 -1.448493 -0.052951
v -0.842594 -1.448024 -0.044680
v -0.841492 -1.449430 -0.039425
v -0.839361 -1.448890 -0.031187
v -0.838202 -1.450404 -0.025995
v -0.836055 -1.449797 -0.017737
v -0.834455 -1.451343 -0.012872
v -0.834946 -1.451243 -0.012050
v -0.832681 -1.450771 -0.004356
v -0.831250 -1.452255 0.000809
v -0.829487 -1.451725 0.008530
v -0.828554 -1.451744 0.009130
v -0.827301 -1.453231 0.013929
v -0.827794 -1.453125 0.014860
v -0.825264 -1.452663 0.022450
v -0.823940 -1.454100 0.027572
v -0.821602 -1.453631 0.035789
v -0.819727 -1.455082 0.040606
v -0.820165 -1.454999 0.041421
v -0.817688 -1.454511 0.049070
v -0.816124 -1.455934 0.054205
v -0.814013 -1.455462 0.061916
v -0.813078 -1.455434 0.062434
v -0.811609 -1.456891 0.067151
v -0.812052 -1.456758 0.068016
v -0.809371 -1.456317 0.075607
v -0.807835 -1.457724 0.080748
v -0.805096 -1.457148 0.088814
v -0.803467 -1.458600 0.093865
v -0.801230 -1.458019 0.101578
v -0.800319 -1.458013 0.102051
v -0.798777 -1.459483 0.106772
v -0.799220 -1.459369 0.107640
v -0.796832 -1.458863 0.114760
v -0.795895 -1.458838 0.115221
v -0.794682 -1.460230 0.120230
v -0.791859 -1.459690 0.128347
v -0.787377 -1.460456 0.141428
v -0.790140 -1.461043 0.133367
v -0.785557 -1.461890 0.146482
v -0.783100 -1.461238 0.154094
v -0.782170 -1.461228 0.154578
v -0.780462 -1.462651 0.159218
v -0.777947 -1.461997 0.167539
v -0.780877 -1.462536 0.160154
v -0.775999 -1.463373 0.172581
v -0.773539 -1.462747 0.180084
v -0.772538 -1.462708 0.180623
v -0.770759 -1.464120 0.185252
v -0.771170 -1.464035 0.186197
v -0.768064 -1.463436 0.193581
v -0.766214 -1.464842 0.198595
v -0.763501 -1.464117 0.206089
v -0.762540 -1.464118 0.206553
v -0.761135 -1.465482 0.211549
v -0.757866 -1.464796 0.219465
v -0.755556 -1.466177 0.224045
v -0.755937 -1.466091 0.224898
v -0.752682 -1.465491 0.232298
v -0.750223 -1.466822 0.236867
v -0.750614 -1.466738 0.237836
v -0.747757 -1.466124 0.244698
v -0.746791 -1.466077 0.245157
v -0.744776 -1.467441 0.249676
v -0.745149 -1.467355 0.250522
v -0.741763 -1.466701 0.257832
v -0.739511 -1.468034 0.262692
v -0.736522 -1.467329 0.270088
v -0.735490 -1.467269 0.270524
v -0.733623 -1.468610 0.275334
v -0.730505 -1.467887 0.282670
v -0.729520 -1.467817 0.283058
v -0.727337 -1.469166 0.287504
v -0.727660 -1.469109 0.288456
v -0.724367 -1.468424 0.295133
v -0.723338 -1.468349 0.295523
v -0.721351 -1.469628 0.300270
v -0.717512 -1.468917 0.307904
v -0.714921 -1.470205 0.312631
v -0.710756 -1.469299 0.320089
v -0.704436 -1.469844 0.331784
v -0.708065 -1.470639 0.324716
v -0.703394 -1.469774 0.332117
v -0.700816 -1.471070 0.336355
v -0.701070 -1.471004 0.337319
v -0.696851 -1.470267 0.344146
v -0.693790 -1.471506 0.348315
v -0.689568 -1.470667 0.356036
v -0.694055 -1.471445 0.349319
v -0.686510 -1.471885 0.360414
v -0.682362 -1.471075 0.367212
v -0.681324 -1.470984 0.367462
v -0.678492 -1.472278 0.371536
v -0.678712 -1.472216 0.372428
v -0.673964 -1.471373 0.378971
v -0.670709 -1.472575 0.383279
v -0.665907 -1.471749 0.390249
v -0.662492 -1.472966 0.394538
v -0.657262 -1.472022 0.401257
v -0.653580 -1.473232 0.404937
v -0.653694 -1.473201 0.405856
v -0.649215 -1.472371 0.411692
v -0.648051 -1.472263 0.411909
v -0.644887 -1.473482 0.416080
v -0.639277 -1.472579 0.422483
v -0.635415 -1.473752 0.425954
v -0.635432 -1.473682 0.427121
v -0.629409 -1.472741 0.432566
v -0.630317 -1.472825 0.432586
v -0.626061 -1.473916 0.436559
v -0.620162 -1.472994 0.442621
v -0.616323 -1.474154 0.446280
v -0.610812 -1.473221 0.452137
v -0.609728 -1.473105 0.452126
v -0.606199 -1.474281 0.455930
v -0.600083 -1.473338 0.461760
v -0.596005 -1.474527 0.465354
v -0.589368 -1.473391 0.470726
v -0.585012 -1.474583 0.473566
v -0.584917 -1.474531 0.474503
v -0.579210 -1.473576 0.479197
v -0.578070 -1.473485 0.479113
v -0.574096 -1.474653 0.482124
v -0.573969 -1.474632 0.483074
v -0.568097 -1.473677 0.487618
v -0.567051 -1.473594 0.487496
v -0.563191 -1.474772 0.491009
v -0.556965 -1.473783 0.495957
v -0.555876 -1.473657 0.495776
v -0.551732 -1.474816 0.498798
v -0.544725 -1.473751 0.503530
v -0.539927 -1.474858 0.505823
v -0.539688 -1.474739 0.506790
v -0.532839 -1.473808 0.510833
v -0.528121 -1.474885 0.513586
v -0.520468 -1.473747 0.517523
v -0.521300 -1.473816 0.517759
v -0.516133 -1.474902 0.519964
v -0.515741 -1.474818 0.521021
v -0.508637 -1.473833 0.524443
v -0.503808 -1.474907 0.526343
v -0.503535 -1.474835 0.527245
v -0.497061 -1.473853 0.530745
v -0.495978 -1.473740 0.530464
v -0.491435 -1.474876 0.533055
v -0.483834 -1.473801 0.536722
v -0.478875 -1.474880 0.538405
v -0.478487 -1.474771 0.539386
v -0.471215 -1.473825 0.542479
v -0.466148 -1.474830 0.544388
v -0.458370 -1.473707 0.547674
v -0.453280 -1.474813 0.549714
v -0.444964 -1.473583 0.552141
v -0.445846 -1.473661 0.552555
v -0.440150 -1.474703 0.554095
v -0.432156 -1.473567 0.556766
v -0.427028 -1.474668 0.557822
v -0.426514 -1.474579 0.558786
v -0.418817 -1.473508 0.560719
v -0.413754 -1.474602 0.561733
v -0.413322 -1.474507 0.562578
v -0.405633 -1.473472 0.564700
v -0.400405 -1.474545 0.565491
v -0.399849 -1.474438 0.566360
v -0.391801 -1.473330 0.567482
v -0.392625 -1.473431 0.567987
v -0.386833 -1.474478 0.569054
v -0.379148 -1.473327 0.571047
v -0.378301 -1.473252 0.570504
v -0.373298 -1.474317 0.571820
v -0.365031 -1.473253 0.573501
v -0.359798 -1.474283 0.573902
v -0.359221 -1.474236 0.574715
v -0.352078 -1.473220 0.576039
v -0.351069 -1.473084 0.575402
v -0.345968 -1.474144 0.576617
v -0.337703 -1.473057 0.577900
v -0.332369 -1.474102 0.578572
v -0.324550 -1.473013 0.579905
v -0.323684 -1.472911 0.579250
v -0.318577 -1.474052 0.580290
v -0.310202 -1.472818 0.581287
v -0.304950 -1.473923 0.581330
v -0.304232 -1.473838 0.582152
v -0.296351 -1.472763 0.582467
v -0.291055 -1.473791 0.582856
v -0.282614 -1.472703 0.583581
v -0.277374 -1.473758 0.583328
v -0.276680 -1.473676 0.584115
v -0.269309 -1.472638 0.584467
v -0.268568 -1.472549 0.583837
v -0.263576 -1.473674 0.584017
v -0.262794 -1.473593 0.584830
v -0.254741 -1.472476 0.584444
v -0.255340 -1.472572 0.585058
v -0.249739 -1.473596 0.584490
v -0.249128 -1.473531 0.585171
v -0.241704 -1.472502 0.585468
v -0.240917 -1.472409 0.584726
v -0.235724 -1.473514 0.585205
v -0.227913 -1.472444 0.585649
v -0.227091 -1.472325 0.584904
v -0.222108 -1.473449 0.584899
v -0.221501 -1.473356 0.585580
v -0.214067 -1.472394 0.585758
v -0.213285 -1.472237 0.585032
v -0.208057 -1.473395 0.585472
v -0.199634 -1.472172 0.585354
v -0.194466 -1.473302 0.584723
v -0.193777 -1.473227 0.585436
v -0.185807 -1.472132 0.585075
v -0.180641 -1.473223 0.584471
v -0.179935 -1.473141 0.585179
v -0.171972 -1.472081 0.584725
v -0.166632 -1.473158 0.584576
v -0.158751 -1.472088 0.584711
v -0.157991 -1.471980 0.583954
v -0.152775 -1.473145 0.584165
v -0.144369 -1.471932 0.583901
v -0.139020 -1.473082 0.583642
v -0.131127 -1.471955 0.583641
v -0.130377 -1.471860 0.582894
v -0.125168 -1.472960 0.583076
v -0.117249 -1.471941 0.583030
v -0.116584 -1.471812 0.582302
v -0.111591 -1.472949 0.582001
v -0.110819 -1.472847 0.582675
v -0.102947 -1.471859 0.582163
v -0.097550 -1.472942 0.581852
v -0.089707 -1.471836 0.581819
v -0.088973 -1.471731 0.581067
v -0.083988 -1.472883 0.580764
v -0.083282 -1.472826 0.581464
v -0.075170 -1.471716 0.580456
v -0.075768 -1.471816 0.581142
v -0.070183 -1.472865 0.580155
v -0.069385 -1.472760 0.580837
v -0.061552 -1.471799 0.580344
v -0.056178 -1.472848 0.579946
v -0.047747 -1.471749 0.579753
v -0.042370 -1.472897 0.579382
v -0.033904 -1.471700 0.579075
v -0.028760 -1.472849 0.578336
v -0.028003 -1.472798 0.579042
v -0.020131 -1.471750 0.578493
v -0.014747 -1.472853 0.578184
v -0.006909 -1.471856 0.578227
v -0.006131 -1.471744 0.577466
v -0.001148 -1.472895 0.577154
v -0.000382 -1.472848 0.577886
v 0.007521 -1.471802 0.577297
v 0.012866 -1.472931 0.577014
v 0.020804 -1.471919 0.577060
v 0.021488 -1.471796 0.576323
v 0.026471 -1.472971 0.576017
v 0.027242 -1.472876 0.576708
v 0.035133 -1.471919 0.576233
v 0.040441 -1.473041 0.575854
v 0.048433 -1.472016 0.575956
v 0.049129 -1.471919 0.575222
v 0.054107 -1.473076 0.574924
v 0.054824 -1.473003 0.575604
v 0.062780 -1.472044 0.575149
v 0.068115 -1.473154 0.574807
v 0.075952 -1.472173 0.574920
v 0.076768 -1.472053 0.574143
v 0.081973 -1.473191 0.574329
v 0.090418 -1.472220 0.574073
v 0.095778 -1.473346 0.573823
v 0.103659 -1.472322 0.573828
v 0.104394 -1.472224 0.573094
v 0.109534 -1.473446 0.573204
v 0.117976 -1.472387 0.573113
v 0.123421 -1.473578 0.572772
v 0.131837 -1.472457 0.572525
v 0.137274 -1.473677 0.572276
v 0.145185 -1.472677 0.572259
v 0.145873 -1.472592 0.571531
v 0.151068 -1.473753 0.571762
v 0.159484 -1.472826 0.571558
v 0.164857 -1.473906 0.571218
v 0.173300 -1.472980 0.571059
v 0.178510 -1.474088 0.570270
v 0.179204 -1.474040 0.570933
v 0.186594 -1.473143 0.570776
v 0.187354 -1.473029 0.570029
v 0.192328 -1.474257 0.569725
v 0.193160 -1.474192 0.570456
v 0.201023 -1.473303 0.569936
v 0.206393 -1.474483 0.569668
v 0.214838 -1.473430 0.569360
v 0.220247 -1.474666 0.569091
v 0.228115 -1.473682 0.569043
v 0.228853 -1.473593 0.568295
v 0.234049 -1.474883 0.568413
v 0.242503 -1.473845 0.568048
v 0.247664 -1.475057 0.567199
v 0.248509 -1.475001 0.567927
v 0.256532 -1.474043 0.566771
v 0.255886 -1.474133 0.567470
v 0.261507 -1.475287 0.566346
v 0.262268 -1.475250 0.567039
v 0.270185 -1.474333 0.566249
v 0.275314 -1.475523 0.565381
v 0.276038 -1.475479 0.566020
v 0.283452 -1.474655 0.565530
v 0.284175 -1.474535 0.564705
v 0.289335 -1.475782 0.564531
v 0.297368 -1.474907 0.564175
v 0.297977 -1.474809 0.563409
v 0.302944 -1.476051 0.562814
v 0.303751 -1.476032 0.563466
v 0.311204 -1.475121 0.562623
v 0.311769 -1.475057 0.561887
v 0.316988 -1.476335 0.561682
v 0.325417 -1.475332 0.560673
v 0.330774 -1.476592 0.559865
v 0.339151 -1.475649 0.558653
v 0.344208 -1.476856 0.557401
v 0.345105 -1.476803 0.558054
v 0.352941 -1.475903 0.556504
v 0.358175 -1.477108 0.555416
v 0.365967 -1.476282 0.554344
v 0.366651 -1.476154 0.553443
v 0.371537 -1.477407 0.552394
v 0.372362 -1.477359 0.552944
v 0.380131 -1.476474 0.551123
v 0.385091 -1.477664 0.549220
v 0.386005 -1.477588 0.549748
v 0.393625 -1.476766 0.547692
v 0.398836 -1.477929 0.546238
v 0.407050 -1.476997 0.544009
v 0.412279 -1.478239 0.542359
v 0.420400 -1.477222 0.539971
v 0.425540 -1.478445 0.538172
v 0.433113 -1.477536 0.535843
v 0.433606 -1.477452 0.534877
v 0.438671 -1.478722 0.533505
v 0.446605 -1.477708 0.530641
v 0.451642 -1.478901 0.528397
v 0.459488 -1.478015 0.525191
v 0.464090 -1.479181 0.522651
v 0.465188 -1.479117 0.523060
v 0.472281 -1.478229 0.519502
v 0.477046 -1.479406 0.517086
v 0.484751 -1.478441 0.513476
v 0.489205 -1.479646 0.510644
v 0.490263 -1.479560 0.510959
v 0.497150 -1.478678 0.506875
v 0.501833 -1.479811 0.504211
v 0.508901 -1.478960 0.500648
v 0.509221 -1.478854 0.499624
v 0.513597 -1.480073 0.497055
v 0.514573 -1.479991 0.497277
v 0.521253 -1.479085 0.493001
v 0.525829 -1.480278 0.490037
v 0.532823 -1.479358 0.486104
v 0.533047 -1.479285 0.485053
v 0.537546 -1.480475 0.482410
v 0.544214 -1.479577 0.478240
v 0.544501 -1.479497 0.477130
v 0.548622 -1.480721 0.474229
v 0.549728 -1.480613 0.474421
v 0.555879 -1.479699 0.469054
v 0.555783 -1.479741 0.469946
v 0.560352 -1.480923 0.466243
v 0.566819 -1.479946 0.461619
v 0.566964 -1.479895 0.460620
v 0.570977 -1.481108 0.457553
v 0.572119 -1.481018 0.457648
v 0.578019 -1.480075 0.452384
v 0.581746 -1.481283 0.448637
v 0.588681 -1.480291 0.443487
v 0.582743 -1.481157 0.448711
v 0.592926 -1.481445 0.439838
v 0.599046 -1.480337 0.433993
v 0.603090 -1.481521 0.430264
v 0.609007 -1.480511 0.423915
v 0.608960 -1.480549 0.424899
v 0.612937 -1.481667 0.420439
v 0.618714 -1.480685 0.414962
v 0.618736 -1.480626 0.413853
v 0.622288 -1.481825 0.410237
v 0.623363 -1.481697 0.410200
v 0.628369 -1.480738 0.403685
v 0.628389 -1.480781 0.404724
v 0.632109 -1.481897 0.400025
v 0.637525 -1.480888 0.394197
v 0.637472 -1.480842 0.393144
v 0.640787 -1.482033 0.389313
v 0.641837 -1.481889 0.389204
v 0.646457 -1.480978 0.383475
v 0.646381 -1.480932 0.382359
v 0.650034 -1.482080 0.378531
v 0.655227 -1.480963 0.371874
v 0.658565 -1.482125 0.367517
v 0.663460 -1.480943 0.361276
v 0.663330 -1.480941 0.360162
v 0.666878 -1.482005 0.356208
v 0.671757 -1.480772 0.349272
v 0.674410 -1.481908 0.344654
v 0.675414 -1.481722 0.344420
v 0.679514 -1.480610 0.337708
v 0.682051 -1.481660 0.332988
v 0.683080 -1.481483 0.332756
v 0.687070 -1.480335 0.325854
v 0.689905 -1.481317 0.321188
v 0.694166 -1.480091 0.314622
v 0.693945 -1.480047 0.313454
v 0.697074 -1.481027 0.309207
v 0.701213 -1.479746 0.302443
v 0.700940 -1.479699 0.301371
v 0.703435 -1.480693 0.296956
v 0.704475 -1.480523 0.296623
v 0.707944 -1.479290 0.289492
v 0.710599 -1.480258 0.284748
v 0.714432 -1.478880 0.277808
v 0.714135 -1.478848 0.276766
v 0.716992 -1.479799 0.272333
v 0.720729 -1.478369 0.265314
v 0.720455 -1.478357 0.264332
v 0.722770 -1.479319 0.259787
v 0.723656 -1.479156 0.259473
v 0.726880 -1.477900 0.252834
v 0.726571 -1.477836 0.251762
v 0.728830 -1.478783 0.247212
v 0.729863 -1.478595 0.246820
v 0.732908 -1.477290 0.239469
v 0.735312 -1.478181 0.234566
v 0.738763 -1.476839 0.227538
v 0.738428 -1.476765 0.226476
v 0.741236 -1.477624 0.221880
v 0.744223 -1.476207 0.213774
v 0.744544 -1.476255 0.214675
v 0.750354 -1.475673 0.201470
v 0.746875 -1.477036 0.209178
v 0.752136 -1.476565 0.196466
v 0.753002 -1.476404 0.196154
v 0.756015 -1.475100 0.189381
v 0.755677 -1.475031 0.188329
v 0.761659 -1.474426 0.175960
v 0.758222 -1.475914 0.183724
v 0.763963 -1.475290 0.170950
v 0.767241 -1.473786 0.163757
v 0.766908 -1.473779 0.162782
v 0.769539 -1.474657 0.158174
v 0.772837 -1.473154 0.150929
v 0.772497 -1.473133 0.150012
v 0.774629 -1.474033 0.145402
v 0.775550 -1.473809 0.145030
v 0.778513 -1.472474 0.137637
v 0.780750 -1.473244 0.132667
v 0.784175 -1.471769 0.124894
v 0.786416 -1.472509 0.119895
v 0.789679 -1.471033 0.112096
v 0.791398 -1.471895 0.107081
v 0.792291 -1.471660 0.106720
v 0.795209 -1.470278 0.099303
v 0.797426 -1.471042 0.094305
v 0.800788 -1.469524 0.087138
v 0.800428 -1.469492 0.086138
v 0.802967 -1.470278 0.081520
v 0.806188 -1.468652 0.073688
v 0.807836 -1.469519 0.068629
v 0.808676 -1.469308 0.068310
v 0.811521 -1.467921 0.061498
v 0.811146 -1.467851 0.060414
v 0.813151 -1.468670 0.055757
v 0.814135 -1.468440 0.055304
v 0.816360 -1.466979 0.047499
v 0.816706 -1.466987 0.048357
v 0.818365 -1.467797 0.042846
v 0.819336 -1.467552 0.042401
v 0.821802 -1.466058 0.034831
v 0.823846 -1.466766 0.029826
v 0.826733 -1.465161 0.021881
v 0.828249 -1.465964 0.016824
v 0.829069 -1.465748 0.016470
v 0.831488 -1.464171 0.008805
v 0.833324 -1.464939 0.003629
v 0.835518 -1.463246 -0.004744
v 0.835919 -1.463240 -0.003819
v 0.837272 -1.464034 -0.009514
v 0.838096 -1.463810 -0.009946
v 0.840137 -1.462243 -0.017617
v 0.841913 -1.462949 -0.022809
v 0.844159 -1.461250 -0.031007
v 0.845791 -1.461988 -0.036131
v 0.848091 -1.460345 -0.043674
v 0.847600 -1.460344 -0.044622
v 0.849117 -1.461143 -0.049424
v 0.849923 -1.460914 -0.049878
v 0.851716 -1.459406 -0.057608
v 0.852718 -1.460264 -0.062831
v 0.853468 -1.460067 -0.063230
v 0.855272 -1.458574 -0.071057
v 0.856713 -1.459399 -0.076451
v 0.860193 -1.457551 -0.089486
v 0.859762 -1.457504 -0.090647
v -0.849947 -1.430633 -0.093791
v -0.849091 -1.430626 -0.093213
v -0.847515 -1.430013 -0.086026
v -0.848054 -1.429964 -0.085102
v -0.846655 -1.431376 -0.080128
v -0.844976 -1.430808 -0.071824
v -0.844392 -1.432215 -0.066708
v -0.843481 -1.432173 -0.066081
v -0.842125 -1.431638 -0.058244
v -0.841434 -1.433106 -0.053197
v -0.840510 -1.433043 -0.052626
v -0.839002 -1.432511 -0.044812
v -0.837781 -1.433971 -0.039593
v -0.835921 -1.433417 -0.031308
v -0.835119 -1.434896 -0.026231
v -0.834207 -1.434852 -0.025675
v -0.832569 -1.434358 -0.017893
v -0.831775 -1.435835 -0.012782
v -0.830877 -1.435772 -0.012185
v -0.829190 -1.435282 -0.004422
v -0.828326 -1.436757 0.000638
v -0.827479 -1.436743 0.001126
v -0.825615 -1.436204 0.008898
v -0.824756 -1.437703 0.014041
v -0.823915 -1.437623 0.014527
v -0.821985 -1.437193 0.022306
v -0.820565 -1.438585 0.027461
v -0.818220 -1.438114 0.035639
v -0.817291 -1.439535 0.040749
v -0.816365 -1.439463 0.041280
v -0.814326 -1.439003 0.048911
v -0.813329 -1.440440 0.054042
v -0.812540 -1.440395 0.054437
v -0.810324 -1.439878 0.062187
v -0.808837 -1.441320 0.067328
v -0.806153 -1.440744 0.074866
v -0.806621 -1.440739 0.075826
v -0.804688 -1.442175 0.080585
v -0.801960 -1.441625 0.088076
v -0.802441 -1.441594 0.089041
v -0.800909 -1.443053 0.093759
v -0.800008 -1.442968 0.094204
v -0.797822 -1.442439 0.101990
v -0.796038 -1.443842 0.107000
v -0.793449 -1.443235 0.115094
v -0.791683 -1.444648 0.120164
v -0.788965 -1.444079 0.128173
v -0.787747 -1.445500 0.133238
v -0.786913 -1.445432 0.133636
v -0.784396 -1.444854 0.140748
v -0.784842 -1.444843 0.141682
v -0.782662 -1.446217 0.146398
v -0.779838 -1.445668 0.154437
v -0.778501 -1.447038 0.159413
v -0.777548 -1.446945 0.159870
v -0.775147 -1.446355 0.167555
v -0.773749 -1.447791 0.172445
v -0.772796 -1.447678 0.172885
v -0.770355 -1.447078 0.180545
v -0.768418 -1.448447 0.185477
v -0.765363 -1.447823 0.192787
v -0.765778 -1.447810 0.193821
v -0.763481 -1.449145 0.198448
v -0.760430 -1.448515 0.206445
v -0.758959 -1.449873 0.211363
v -0.758114 -1.449806 0.211717
v -0.755318 -1.449131 0.219240
v -0.753828 -1.450533 0.224240
v -0.752970 -1.450444 0.224592
v -0.750097 -1.449777 0.232148
v -0.748036 -1.451112 0.237072
v -0.744872 -1.450403 0.245024
v -0.743200 -1.451791 0.249875
v -0.742200 -1.451661 0.250289
v -0.739387 -1.451001 0.257802
v -0.737244 -1.452317 0.262573
v -0.733706 -1.451565 0.270387
v -0.731493 -1.452891 0.275182
v -0.727859 -1.452111 0.282274
v -0.728207 -1.452144 0.283337
v -0.726007 -1.453499 0.287748
v -0.725039 -1.453371 0.288119
v -0.721792 -1.452627 0.295362
v -0.719299 -1.453923 0.300106
v -0.715409 -1.453108 0.307644
v -0.712869 -1.454417 0.312350
v -0.708806 -1.453592 0.319160
v -0.709095 -1.453612 0.320248
v -0.706127 -1.454880 0.324436
v -0.701936 -1.454048 0.331883
v -0.699167 -1.455345 0.336436
v -0.694905 -1.454416 0.343813
v -0.692155 -1.455753 0.348349
v -0.687682 -1.454843 0.355537
v -0.684668 -1.456075 0.359999
v -0.680040 -1.455272 0.367179
v -0.676990 -1.456504 0.371543
v -0.672363 -1.455623 0.377971
v -0.672494 -1.455635 0.379035
v -0.669545 -1.456896 0.383022
v -0.668605 -1.456738 0.383196
v -0.664293 -1.455983 0.389188
v -0.664386 -1.455992 0.390234
v -0.660867 -1.457191 0.393995
v -0.655785 -1.456259 0.400204
v -0.655900 -1.456276 0.401163
v -0.652246 -1.457442 0.404831
v -0.647087 -1.456536 0.410848
v -0.647138 -1.456564 0.411897
v -0.643818 -1.457776 0.415572
v -0.642776 -1.457590 0.415676
v -0.637846 -1.456748 0.421963
v -0.634201 -1.457935 0.425773
v -0.628437 -1.457001 0.431977
v -0.624769 -1.458139 0.435841
v -0.619011 -1.457185 0.441237
v -0.618957 -1.457208 0.442372
v -0.614955 -1.458369 0.445603
v -0.609092 -1.457345 0.450834
v -0.608974 -1.457371 0.451932
v -0.604780 -1.458512 0.454986
v -0.598785 -1.457504 0.460194
v -0.598759 -1.457516 0.461267
v -0.594575 -1.458640 0.464254
v -0.588090 -1.457653 0.469714
v -0.583868 -1.458788 0.473024
v -0.577305 -1.457696 0.478322
v -0.573421 -1.458941 0.481792
v -0.572510 -1.458796 0.481671
v -0.566684 -1.457822 0.486153
v -0.566463 -1.457842 0.487262
v -0.562384 -1.459016 0.490086
v -0.561454 -1.458857 0.489942
v -0.555187 -1.457920 0.494813
v -0.550735 -1.459025 0.497690
v -0.543605 -1.457922 0.502258
v -0.538957 -1.459006 0.505039
v -0.531797 -1.458002 0.509499
v -0.527193 -1.459027 0.512265
v -0.519909 -1.458005 0.516489
v -0.515175 -1.459115 0.519011
v -0.507732 -1.457988 0.523067
v -0.503284 -1.459163 0.525683
v -0.495413 -1.458015 0.529281
v -0.502412 -1.458964 0.525381
v -0.490594 -1.459030 0.531590
v -0.482996 -1.457988 0.535273
v -0.478462 -1.459153 0.537847
v -0.470369 -1.457970 0.540945
v -0.477450 -1.458956 0.537519
v -0.465418 -1.459024 0.542910
v -0.457609 -1.457942 0.546079
v -0.452922 -1.459075 0.548283
v -0.452103 -1.458888 0.547877
v -0.444639 -1.457914 0.550869
v -0.439944 -1.458997 0.552910
v -0.438967 -1.458803 0.552448
v -0.432035 -1.457800 0.554737
v -0.431523 -1.457797 0.555627
v -0.426315 -1.458873 0.556574
v -0.418365 -1.457653 0.559106
v -0.413108 -1.458795 0.560403
v -0.405553 -1.457630 0.562461
v -0.405005 -1.457643 0.563406
v -0.399960 -1.458756 0.564163
v -0.392167 -1.457598 0.565771
v -0.391604 -1.457599 0.566648
v -0.386736 -1.458715 0.567708
v -0.385866 -1.458551 0.567166
v -0.378133 -1.457524 0.569619
v -0.378613 -1.457545 0.568860
v -0.372963 -1.458545 0.570170
v -0.364730 -1.457425 0.571705
v -0.359356 -1.458459 0.572582
v -0.351097 -1.457330 0.574166
v -0.346040 -1.458454 0.575196
v -0.337461 -1.457257 0.576002
v -0.345323 -1.458262 0.574636
v -0.332058 -1.458285 0.576699
v -0.323734 -1.457164 0.577900
v -0.318448 -1.458203 0.578415
v -0.310081 -1.457128 0.579306
v -0.304925 -1.458229 0.580220
v -0.304255 -1.458099 0.579639
v -0.296890 -1.457035 0.580261
v -0.296151 -1.457005 0.581051
v -0.290945 -1.458070 0.580935
v -0.283089 -1.456941 0.581272
v -0.282374 -1.456938 0.582064
v -0.277401 -1.458035 0.582257
v -0.276560 -1.457849 0.581563
v -0.268756 -1.456839 0.582292
v -0.263379 -1.457894 0.582525
v -0.255025 -1.456738 0.582878
v -0.241208 -1.456686 0.583295
v -0.249626 -1.457776 0.583051
v -0.235741 -1.457756 0.583322
v -0.227893 -1.456603 0.583348
v -0.227167 -1.456598 0.584067
v -0.222189 -1.457725 0.584017
v -0.221522 -1.457561 0.583363
v -0.213650 -1.456507 0.583595
v -0.208375 -1.457651 0.584047
v -0.207656 -1.457464 0.583358
v -0.199779 -1.456441 0.583595
v -0.194563 -1.457581 0.583907
v -0.193862 -1.457425 0.583195
v -0.186477 -1.456389 0.583134
v -0.185742 -1.456374 0.583850
v -0.180582 -1.457442 0.583241
v -0.172730 -1.456311 0.582832
v -0.171936 -1.456307 0.583563
v -0.166797 -1.457324 0.582914
v -0.158323 -1.456278 0.582703
v -0.153004 -1.457275 0.582539
v -0.144539 -1.456214 0.582234
v -0.139114 -1.457220 0.581936
v -0.130683 -1.456115 0.581811
v -0.125343 -1.457224 0.581423
v -0.116859 -1.456027 0.581224
v -0.111549 -1.457108 0.580903
v -0.103096 -1.456059 0.580595
v -0.097714 -1.457077 0.580285
v -0.089260 -1.456012 0.580030
v -0.084076 -1.457154 0.580173
v -0.075512 -1.455991 0.579401
v -0.083367 -1.456935 0.579455
v -0.070262 -1.457138 0.579558
v -0.061592 -1.455957 0.578913
v -0.069514 -1.456931 0.578800
v -0.056269 -1.457052 0.578483
v -0.047875 -1.455907 0.578273
v -0.042431 -1.457002 0.577907
v -0.034009 -1.455978 0.577679
v -0.028821 -1.457132 0.577804
v -0.028089 -1.456938 0.577028
v -0.019988 -1.455983 0.577542
v -0.020649 -1.455952 0.576926
v -0.014882 -1.457060 0.576825
v -0.007023 -1.456003 0.576237
v -0.006159 -1.455999 0.576975
v -0.001010 -1.457100 0.576168
v 0.007397 -1.455963 0.575954
v 0.012793 -1.457088 0.575635
v 0.020668 -1.456082 0.575117
v 0.021470 -1.456062 0.575844
v 0.026581 -1.457181 0.575119
v 0.034520 -1.456105 0.574561
v 0.035284 -1.456108 0.575286
v 0.040418 -1.457172 0.574518
v 0.048923 -1.456180 0.574254
v 0.054262 -1.457302 0.573939
v 0.062162 -1.456202 0.573496
v 0.062953 -1.456246 0.574175
v 0.067931 -1.457415 0.573871
v 0.076481 -1.456305 0.573121
v 0.068573 -1.457206 0.573187
v 0.081914 -1.457441 0.572870
v 0.090333 -1.456344 0.572629
v 0.095585 -1.457579 0.572810
v 0.096277 -1.457404 0.572072
v 0.104215 -1.456483 0.572145
v 0.109406 -1.457695 0.572282
v 0.110098 -1.457514 0.571570
v 0.117972 -1.456577 0.571522
v 0.123458 -1.457733 0.571244
v 0.131824 -1.456663 0.571076
v 0.137277 -1.457837 0.570776
v 0.145109 -1.456850 0.570315
v 0.145919 -1.456854 0.571018
v 0.151067 -1.457996 0.570308
v 0.159033 -1.456978 0.569816
v 0.159767 -1.457006 0.570516
v 0.164994 -1.458145 0.569698
v 0.172804 -1.457122 0.569318
v 0.173603 -1.457142 0.570015
v 0.178796 -1.458301 0.569213
v 0.186681 -1.457270 0.568835
v 0.187432 -1.457306 0.569475
v 0.192418 -1.458514 0.569187
v 0.193169 -1.458350 0.568429
v 0.201058 -1.457454 0.568518
v 0.206252 -1.458700 0.568633
v 0.206997 -1.458520 0.567873
v 0.214929 -1.457644 0.567979
v 0.220264 -1.458789 0.567572
v 0.228677 -1.457880 0.567230
v 0.233919 -1.459112 0.567376
v 0.234660 -1.458915 0.566612
v 0.242571 -1.458052 0.566639
v 0.247908 -1.459206 0.566203
v 0.256348 -1.458319 0.565768
v 0.261569 -1.459548 0.565840
v 0.262194 -1.459389 0.565129
v 0.269641 -1.458531 0.564635
v 0.270418 -1.458546 0.565313
v 0.275557 -1.459743 0.564355
v 0.283432 -1.458748 0.563575
v 0.284229 -1.458802 0.564211
v 0.289183 -1.460033 0.563639
v 0.289788 -1.459892 0.562937
v 0.297138 -1.459039 0.562261
v 0.297998 -1.459065 0.562899
v 0.303092 -1.460210 0.561801
v 0.311497 -1.459316 0.560929
v 0.316729 -1.460563 0.560642
v 0.317308 -1.460415 0.559930
v 0.325231 -1.459557 0.559164
v 0.330551 -1.460771 0.558401
v 0.338901 -1.459828 0.557138
v 0.344330 -1.461033 0.556239
v 0.352674 -1.460126 0.555058
v 0.357922 -1.461281 0.553968
v 0.366246 -1.460410 0.552455
v 0.371382 -1.461675 0.551721
v 0.371800 -1.461552 0.550978
v 0.379697 -1.460681 0.549379
v 0.384930 -1.461841 0.548126
v 0.393168 -1.460955 0.546065
v 0.398342 -1.462150 0.544730
v 0.405823 -1.461226 0.542313
v 0.406868 -1.461216 0.542817
v 0.411726 -1.462394 0.540783
v 0.419789 -1.461472 0.538356
v 0.424851 -1.462712 0.536474
v 0.432801 -1.461674 0.533777
v 0.437830 -1.462956 0.532279
v 0.438276 -1.462769 0.531387
v 0.445752 -1.462025 0.528828
v 0.450714 -1.463213 0.527183
v 0.451112 -1.463078 0.526198
v 0.458556 -1.462158 0.523482
v 0.463534 -1.463418 0.521242
v 0.471563 -1.462471 0.518181
v 0.470699 -1.462462 0.517876
v 0.476036 -1.463643 0.515452
v 0.483562 -1.462731 0.511727
v 0.488466 -1.463958 0.509675
v 0.488706 -1.463837 0.508814
v 0.495302 -1.462962 0.505255
v 0.496266 -1.462926 0.505532
v 0.500618 -1.464138 0.502969
v 0.500848 -1.464015 0.502072
v 0.507357 -1.463163 0.498350
v 0.508360 -1.463151 0.498637
v 0.512559 -1.464389 0.495480
v 0.519793 -1.463324 0.491106
v 0.524385 -1.464507 0.488206
v 0.531506 -1.463669 0.483688
v 0.535953 -1.464756 0.480612
v 0.542891 -1.463847 0.475786
v 0.547475 -1.465071 0.473127
v 0.547636 -1.464939 0.472192
v 0.553566 -1.464066 0.467872
v 0.554652 -1.464038 0.467981
v 0.558550 -1.465219 0.464488
v 0.565215 -1.464223 0.459332
v 0.569522 -1.465463 0.455995
v 0.575467 -1.464491 0.450802
v 0.576532 -1.464423 0.450861
v 0.580154 -1.465592 0.447011
v 0.585993 -1.464608 0.441719
v 0.587041 -1.464589 0.441740
v 0.590775 -1.465829 0.438418
v 0.590803 -1.465711 0.437424
v 0.596006 -1.464799 0.432366
v 0.597231 -1.464739 0.432320
v 0.600877 -1.465942 0.428812
v 0.600905 -1.465807 0.427870
v 0.606762 -1.464928 0.422485
v 0.610764 -1.466098 0.419094
v 0.610743 -1.466003 0.418070
v 0.616436 -1.465000 0.412491
v 0.620171 -1.466202 0.408647
v 0.625291 -1.465229 0.402631
v 0.626380 -1.465153 0.402517
v 0.629710 -1.466342 0.398708
v 0.629642 -1.466197 0.397749
v 0.635053 -1.465290 0.391890
v 0.638607 -1.466443 0.387768
v 0.643826 -1.465373 0.381232
v 0.647239 -1.466444 0.376873
v 0.652387 -1.465438 0.370175
v 0.655724 -1.466549 0.365941
v 0.660005 -1.465435 0.359393
v 0.661145 -1.465349 0.359114
v 0.664106 -1.466464 0.355033
v 0.663962 -1.466345 0.354121
v 0.668707 -1.465316 0.347714
v 0.672060 -1.466324 0.343653
v 0.671842 -1.466222 0.342771
v 0.676296 -1.465069 0.336124
v 0.679361 -1.466029 0.331564
v 0.683830 -1.464843 0.324452
v 0.686689 -1.465794 0.319799
v 0.690999 -1.464513 0.312494
v 0.694147 -1.465525 0.308225
v 0.693931 -1.465379 0.307277
v 0.697462 -1.464274 0.300813
v 0.698456 -1.464151 0.300530
v 0.700897 -1.465160 0.296099
v 0.700621 -1.465020 0.295069
v 0.704139 -1.463830 0.288665
v 0.705129 -1.463753 0.288304
v 0.707264 -1.464715 0.283535
v 0.711074 -1.463378 0.275959
v 0.713948 -1.464277 0.271494
v 0.713652 -1.464168 0.270596
v 0.716930 -1.462955 0.263994
v 0.717947 -1.462839 0.263595
v 0.720227 -1.463791 0.259096
v 0.719915 -1.463669 0.258164
v 0.723038 -1.462426 0.251482
v 0.724039 -1.462306 0.251085
v 0.725910 -1.463282 0.246118
v 0.729565 -1.461800 0.238513
v 0.731920 -1.462723 0.233591
v 0.735377 -1.461299 0.225861
v 0.737753 -1.462179 0.220911
v 0.740696 -1.460844 0.213683
v 0.741728 -1.460698 0.213211
v 0.743507 -1.461568 0.208265
v 0.746901 -1.460186 0.200508
v 0.749169 -1.461062 0.195501
v 0.752571 -1.459536 0.187757
v 0.754830 -1.460437 0.182758
v 0.757692 -1.459051 0.175417
v 0.758687 -1.458937 0.174991
v 0.760759 -1.459859 0.170365
v 0.760410 -1.459710 0.169435
v 0.763706 -1.458366 0.162240
v 0.765999 -1.459182 0.157253
v 0.769320 -1.457730 0.149433
v 0.771509 -1.458522 0.144443
v 0.774862 -1.457064 0.136641
v 0.777113 -1.457892 0.131685
v 0.780435 -1.456315 0.123864
v 0.782973 -1.457172 0.119218
v 0.782595 -1.457106 0.118271
v 0.785461 -1.455676 0.111519
v 0.786425 -1.455574 0.111058
v 0.788088 -1.456444 0.106021
v 0.791024 -1.454965 0.098639
v 0.791911 -1.454835 0.098253
v 0.793956 -1.455710 0.093604
v 0.793603 -1.455617 0.092807
v 0.796395 -1.454234 0.085877
v 0.797378 -1.454075 0.085435
v 0.799385 -1.454941 0.080787
v 0.798993 -1.454826 0.079823
v 0.801844 -1.453404 0.072944
v 0.802721 -1.453260 0.072580
v 0.804311 -1.454096 0.067472
v 0.807561 -1.452498 0.059716
v 0.809596 -1.453242 0.054693
v 0.812650 -1.451665 0.046793
v 0.815129 -1.452410 0.042095
v 0.814722 -1.452309 0.041138
v 0.817857 -1.450760 0.033799
v 0.819763 -1.451472 0.028774
v 0.822692 -1.449894 0.020818
v 0.824618 -1.450597 0.015763
v 0.826853 -1.449060 0.008224
v 0.827849 -1.448848 0.007685
v 0.829191 -1.449635 0.002687
v 0.831208 -1.448061 -0.004838
v 0.832208 -1.447880 -0.005484
v 0.833852 -1.448693 -0.010239
v 0.833354 -1.448584 -0.011215
v 0.836391 -1.446908 -0.018728
v 0.835608 -1.447030 -0.018317
v 0.837973 -1.447703 -0.023510
v 0.837524 -1.447620 -0.024327
v 0.839553 -1.446131 -0.031435
v 0.840478 -1.445940 -0.032007
v 0.841621 -1.446738 -0.037046
v 0.843673 -1.445061 -0.045260
v 0.845265 -1.445796 -0.050501
v 0.847332 -1.444150 -0.058709
v 0.848751 -1.444915 -0.064024
v 0.850821 -1.443372 -0.072205
v 0.852297 -1.444122 -0.077470
v 0.855515 -1.442301 -0.091370
v -0.850767 -1.446177 -0.094142
v -0.848924 -1.445628 -0.085812
v -0.847826 -1.446980 -0.080592
v -0.846404 -1.446362 -0.072024
v -0.845915 -1.446394 -0.072728
v -0.844966 -1.447821 -0.067111
v -0.842894 -1.447283 -0.059450
v -0.843422 -1.447207 -0.058508
v -0.841847 -1.448656 -0.053596
v -0.839821 -1.448162 -0.045390
v -0.839191 -1.449567 -0.040209
v -0.838374 -1.449536 -0.039713
v -0.836559 -1.449048 -0.032528
v -0.837076 -1.449009 -0.031589
v -0.835427 -1.450512 -0.026697
v -0.833359 -1.449914 -0.018442
v -0.832631 -1.451420 -0.013329
v -0.831699 -1.451372 -0.012751
v -0.829947 -1.450863 -0.005040
v -0.828457 -1.452342 0.000154
v -0.826379 -1.451806 0.008387
v -0.824961 -1.453251 0.013458
v -0.822543 -1.452793 0.021038
v -0.823031 -1.452733 0.021981
v -0.821196 -1.454252 0.026817
v -0.818893 -1.453646 0.034979
v -0.817423 -1.455139 0.040115
v -0.814879 -1.454605 0.048196
v -0.813466 -1.456037 0.053397
v -0.810820 -1.455500 0.060881
v -0.811284 -1.455461 0.061858
v -0.809215 -1.456939 0.066657
v -0.807054 -1.456325 0.075070
v -0.806633 -1.456332 0.074124
v -0.805135 -1.457764 0.079815
v -0.802378 -1.457206 0.087314
v -0.802823 -1.457182 0.088275
v -0.800767 -1.458663 0.093041
v -0.798089 -1.458027 0.100572
v -0.798510 -1.458028 0.101470
v -0.796392 -1.459437 0.106232
v -0.793764 -1.458849 0.114273
v -0.792504 -1.460296 0.119293
v -0.791528 -1.460211 0.119787
v -0.789184 -1.459641 0.126960
v -0.789573 -1.459639 0.127735
v -0.787978 -1.461094 0.132423
v -0.787166 -1.461026 0.132801
v -0.784611 -1.460452 0.140446
v -0.782871 -1.461896 0.145520
v -0.780009 -1.461217 0.152931
v -0.780413 -1.461221 0.153932
v -0.778238 -1.462560 0.158559
v -0.775202 -1.461996 0.166567
v -0.773872 -1.463376 0.171598
v -0.772953 -1.463326 0.172041
v -0.770415 -1.462650 0.179622
v -0.768971 -1.464097 0.184573
v -0.768008 -1.463989 0.185021
v -0.765527 -1.463387 0.192656
v -0.763496 -1.464746 0.197594
v -0.760474 -1.464060 0.205509
v -0.758963 -1.465482 0.210452
v -0.758043 -1.465376 0.210856
v -0.755380 -1.464742 0.218466
v -0.753301 -1.466043 0.223332
v -0.750025 -1.465392 0.231159
v -0.748036 -1.466729 0.236118
v -0.744720 -1.465994 0.243344
v -0.745061 -1.466037 0.244385
v -0.742497 -1.467323 0.248876
v -0.739128 -1.466613 0.256203
v -0.739487 -1.466598 0.257094
v -0.736987 -1.467920 0.261582
v -0.733449 -1.467168 0.268725
v -0.733787 -1.467167 0.269709
v -0.731145 -1.468462 0.274122
v -0.727501 -1.467708 0.281139
v -0.727828 -1.467720 0.282260
v -0.725617 -1.469061 0.286691
v -0.724613 -1.468931 0.287091
v -0.721377 -1.468211 0.294321
v -0.719338 -1.469579 0.299028
v -0.718340 -1.469442 0.299383
v -0.715058 -1.468719 0.306669
v -0.712425 -1.470039 0.311235
v -0.708339 -1.469161 0.318700
v -0.705541 -1.470446 0.323365
v -0.701502 -1.469627 0.330801
v -0.699182 -1.470955 0.335403
v -0.698184 -1.470815 0.335659
v -0.694449 -1.470061 0.342774
v -0.691643 -1.471374 0.347267
v -0.687382 -1.470459 0.353888
v -0.687530 -1.470494 0.354906
v -0.684674 -1.471773 0.358969
v -0.683659 -1.471610 0.359217
v -0.679608 -1.470850 0.365305
v -0.679759 -1.470887 0.366420
v -0.676918 -1.472143 0.370485
v -0.675908 -1.472004 0.370695
v -0.671853 -1.471214 0.377775
v -0.671713 -1.471205 0.376860
v -0.668311 -1.472412 0.381657
v -0.663583 -1.471517 0.388735
v -0.660373 -1.472755 0.392828
v -0.655212 -1.471854 0.398822
v -0.655273 -1.471847 0.399930
v -0.652093 -1.473106 0.403744
v -0.651166 -1.472962 0.403856
v -0.646528 -1.472131 0.409617
v -0.646588 -1.472132 0.410739
v -0.637198 -1.472303 0.420607
v -0.642748 -1.473321 0.414190
v -0.634004 -1.473596 0.424698
v -0.633086 -1.473457 0.424736
v -0.628106 -1.472580 0.430213
v -0.628076 -1.472591 0.431256
v -0.624101 -1.473750 0.434554
v -0.618416 -1.472781 0.439961
v -0.618340 -1.472792 0.441121
v -0.614264 -1.473924 0.444386
v -0.608286 -1.472945 0.450372
v -0.604734 -1.474176 0.454054
v -0.603775 -1.473976 0.454031
v -0.598127 -1.473122 0.459662
v -0.594584 -1.474318 0.463444
v -0.593691 -1.474157 0.463322
v -0.587888 -1.473248 0.468003
v -0.587764 -1.473258 0.469047
v -0.583345 -1.474383 0.471823
v -0.576926 -1.473377 0.477638
v -0.577074 -1.473336 0.476656
v -0.572592 -1.474480 0.480385
v -0.566116 -1.473443 0.484935
v -0.565916 -1.473434 0.486003
v -0.561919 -1.474615 0.488952
v -0.560941 -1.474466 0.488829
v -0.554774 -1.473484 0.493741
v -0.550177 -1.474582 0.496525
v -0.543113 -1.473564 0.501076
v -0.538574 -1.474639 0.503928
v -0.531360 -1.473617 0.508434
v -0.527099 -1.474749 0.511330
v -0.526079 -1.474564 0.511101
v -0.519447 -1.473606 0.515458
v -0.514207 -1.474565 0.518050
v -0.507400 -1.473640 0.521867
v -0.515189 -1.474792 0.518335
v -0.502482 -1.474717 0.524323
v -0.495104 -1.473562 0.528246
v -0.490260 -1.474648 0.530516
v -0.482654 -1.473595 0.534089
v -0.478081 -1.474741 0.536683
v -0.477178 -1.474558 0.536328
v -0.470064 -1.473530 0.539962
v -0.465118 -1.474672 0.541807
v -0.457674 -1.473508 0.544626
v -0.457270 -1.473541 0.545527
v -0.452575 -1.474678 0.547250
v -0.451899 -1.474556 0.546888
v -0.444439 -1.473492 0.549818
v -0.439637 -1.474640 0.551810
v -0.438709 -1.474447 0.551351
v -0.431297 -1.473435 0.553987
v -0.426451 -1.474540 0.556004
v -0.425589 -1.474390 0.555542
v -0.418079 -1.473335 0.558130
v -0.413235 -1.474486 0.559920
v -0.412264 -1.474328 0.559423
v -0.404877 -1.473220 0.561952
v -0.399689 -1.474301 0.563224
v -0.391476 -1.473217 0.565141
v -0.386264 -1.474271 0.566292
v -0.378635 -1.473134 0.567744
v -0.377941 -1.473122 0.568653
v -0.372781 -1.474139 0.569080
v -0.364465 -1.473054 0.570684
v -0.359454 -1.474163 0.572024
v -0.358636 -1.473994 0.571451
v -0.350797 -1.472959 0.573544
v -0.351383 -1.472940 0.572798
v -0.345539 -1.473986 0.573704
v -0.337224 -1.472859 0.575179
v -0.332188 -1.473983 0.576247
v -0.331327 -1.473820 0.575630
v -0.323591 -1.472768 0.576960
v -0.318261 -1.473868 0.577444
v -0.310383 -1.472701 0.578233
v -0.309743 -1.472691 0.578995
v -0.304568 -1.473770 0.578976
v -0.296172 -1.472564 0.579741
v -0.282400 -1.472525 0.580818
v -0.290750 -1.473659 0.580010
v -0.277019 -1.473601 0.580938
v -0.268654 -1.472404 0.581496
v -0.263276 -1.473508 0.581708
v -0.254899 -1.472350 0.582068
v -0.249705 -1.473480 0.582582
v -0.248947 -1.473327 0.581861
v -0.241040 -1.472271 0.582450
v -0.235709 -1.473314 0.582410
v -0.227800 -1.472233 0.582304
v -0.227078 -1.472204 0.583033
v -0.221902 -1.473236 0.582530
v -0.213509 -1.472132 0.582649
v -0.208085 -1.473175 0.582544
v -0.200148 -1.472016 0.582366
v -0.199484 -1.472055 0.583020
v -0.194272 -1.473080 0.582308
v -0.185668 -1.471979 0.582783
v -0.186366 -1.471966 0.582105
v -0.180476 -1.473063 0.582050
v -0.171877 -1.471908 0.582433
v -0.172540 -1.471871 0.581797
v -0.166722 -1.472966 0.581820
v -0.158887 -1.471832 0.581368
v -0.158074 -1.471828 0.582075
v -0.152873 -1.472925 0.581284
v -0.145041 -1.471744 0.580904
v -0.144255 -1.471775 0.581553
v -0.139133 -1.472843 0.580862
v -0.130750 -1.471693 0.580504
v -0.125303 -1.472800 0.580231
v -0.116841 -1.471606 0.580004
v -0.111680 -1.472788 0.580111
v -0.111012 -1.472636 0.579404
v -0.103717 -1.471617 0.579111
v -0.102860 -1.471627 0.579823
v -0.097657 -1.472679 0.578963
v -0.089300 -1.471557 0.578747
v -0.083866 -1.472621 0.578335
v -0.075481 -1.471536 0.578144
v -0.070265 -1.472701 0.578251
v -0.069557 -1.472524 0.577494
v -0.061619 -1.471517 0.577574
v -0.056334 -1.472613 0.577220
v -0.048514 -1.471520 0.576653
v -0.047636 -1.471530 0.577374
v -0.042440 -1.472570 0.576535
v -0.034085 -1.471530 0.576277
v -0.028852 -1.472680 0.576428
v -0.028111 -1.472497 0.575669
v -0.020199 -1.471501 0.575782
v -0.014874 -1.472574 0.575383
v -0.006396 -1.471569 0.575147
v -0.001232 -1.472719 0.575281
v -0.000459 -1.472539 0.574508
v 0.006853 -1.471554 0.574364
v 0.007602 -1.471589 0.575011
v 0.012724 -1.472694 0.574274
v 0.021121 -1.471599 0.573913
v 0.026389 -1.472805 0.574132
v 0.027057 -1.472622 0.573421
v 0.034348 -1.471673 0.573172
v 0.035222 -1.471673 0.573886
v 0.040453 -1.472743 0.573019
v 0.048338 -1.471739 0.572685
v 0.049044 -1.471736 0.573332
v 0.054032 -1.472904 0.573036
v 0.054688 -1.472745 0.572310
v 0.062619 -1.471741 0.572327
v 0.067857 -1.472970 0.572498
v 0.076413 -1.471886 0.571747
v 0.068419 -1.472784 0.571832
v 0.081845 -1.472959 0.571505
v 0.090242 -1.471974 0.571233
v 0.095491 -1.473145 0.571436
v 0.096095 -1.472987 0.570768
v 0.104069 -1.472016 0.570714
v 0.109534 -1.473129 0.570436
v 0.117922 -1.472166 0.570214
v 0.123333 -1.473301 0.569946
v 0.131129 -1.472284 0.569481
v 0.131983 -1.472286 0.570177
v 0.137099 -1.473422 0.569473
v 0.144971 -1.472399 0.568959
v 0.145804 -1.472422 0.569679
v 0.150907 -1.473552 0.568967
v 0.158864 -1.472534 0.568462
v 0.159632 -1.472569 0.569170
v 0.164776 -1.473682 0.568456
v 0.172653 -1.472687 0.567954
v 0.173467 -1.472707 0.568670
v 0.178450 -1.473903 0.568363
v 0.179066 -1.473718 0.567677
v 0.187028 -1.472871 0.567641
v 0.192520 -1.474005 0.567283
v 0.200902 -1.473018 0.567190
v 0.206241 -1.474161 0.566840
v 0.214724 -1.473235 0.566553
v 0.219918 -1.474456 0.566698
v 0.220612 -1.474267 0.565948
v 0.228611 -1.473416 0.566041
v 0.233922 -1.474623 0.565560
v 0.241918 -1.473613 0.565060
v 0.242602 -1.473662 0.565692
v 0.247564 -1.474884 0.565328
v 0.248162 -1.474726 0.564623
v 0.255573 -1.473852 0.564218
v 0.256406 -1.473883 0.564919
v 0.261373 -1.475115 0.564448
v 0.262018 -1.474939 0.563696
v 0.269470 -1.474111 0.563316
v 0.270224 -1.474132 0.563944
v 0.275193 -1.475352 0.563501
v 0.275866 -1.475189 0.562733
v 0.283292 -1.474366 0.562234
v 0.284008 -1.474373 0.562844
v 0.288959 -1.475610 0.562258
v 0.289600 -1.475410 0.561516
v 0.297533 -1.474611 0.561066
v 0.302890 -1.475813 0.560428
v 0.311280 -1.474838 0.559573
v 0.316612 -1.476089 0.558888
v 0.324408 -1.475139 0.557719
v 0.325286 -1.475164 0.558335
v 0.330358 -1.476366 0.556984
v 0.338217 -1.475387 0.555766
v 0.339012 -1.475446 0.556345
v 0.344057 -1.476624 0.555103
v 0.351780 -1.475709 0.553656
v 0.352665 -1.475731 0.554216
v 0.357567 -1.476961 0.553161
v 0.358183 -1.476801 0.552303
v 0.366008 -1.475953 0.551206
v 0.371290 -1.477181 0.550054
v 0.379525 -1.476207 0.548317
v 0.384690 -1.477470 0.546932
v 0.392920 -1.476522 0.544903
v 0.398200 -1.477736 0.543462
v 0.406203 -1.476753 0.541239
v 0.411440 -1.477982 0.539583
v 0.419916 -1.477059 0.537704
v 0.419032 -1.477059 0.537243
v 0.424631 -1.478275 0.535506
v 0.432001 -1.477296 0.532721
v 0.432962 -1.477342 0.533098
v 0.437685 -1.478550 0.530788
v 0.444968 -1.477556 0.527968
v 0.445950 -1.477595 0.528316
v 0.450552 -1.478812 0.526290
v 0.450972 -1.478675 0.525317
v 0.457847 -1.477825 0.522586
v 0.458758 -1.477838 0.522936
v 0.463354 -1.479069 0.520910
v 0.463680 -1.478918 0.520065
v 0.470495 -1.478077 0.517035
v 0.471406 -1.478087 0.517345
v 0.475905 -1.479319 0.515079
v 0.476251 -1.479198 0.514108
v 0.483508 -1.478255 0.510905
v 0.488381 -1.479508 0.508409
v 0.495781 -1.478494 0.504460
v 0.500523 -1.479758 0.502251
v 0.500802 -1.479586 0.501299
v 0.507857 -1.478776 0.497666
v 0.512603 -1.480004 0.495435
v 0.512814 -1.479884 0.494530
v 0.519699 -1.478997 0.490511
v 0.524463 -1.480243 0.488127
v 0.524739 -1.480082 0.487108
v 0.531623 -1.479244 0.483276
v 0.536093 -1.480463 0.480590
v 0.536268 -1.480327 0.479679
v 0.542939 -1.479438 0.475276
v 0.547546 -1.480665 0.472663
v 0.547690 -1.480549 0.471786
v 0.553681 -1.479697 0.467423
v 0.554742 -1.479652 0.467546
v 0.558606 -1.480832 0.463892
v 0.565448 -1.479839 0.458897
v 0.569713 -1.481055 0.455539
v 0.576210 -1.480004 0.450231
v 0.580524 -1.481249 0.447175
v 0.580595 -1.481123 0.446156
v 0.586339 -1.480246 0.441428
v 0.587332 -1.480207 0.441489
v 0.590969 -1.481408 0.437712
v 0.596503 -1.480424 0.432152
v 0.597595 -1.480398 0.432119
v 0.601083 -1.481589 0.428141
v 0.607231 -1.480511 0.422344
v 0.611202 -1.481728 0.418936
v 0.611189 -1.481638 0.417984
v 0.616241 -1.480729 0.412632
v 0.617377 -1.480654 0.412544
v 0.620909 -1.481839 0.408909
v 0.620888 -1.481752 0.407981
v 0.625902 -1.480853 0.402561
v 0.626936 -1.480787 0.402453
v 0.630032 -1.481944 0.398256
v 0.635021 -1.480955 0.391971
v 0.636039 -1.480887 0.391897
v 0.639359 -1.482078 0.388084
v 0.639298 -1.481973 0.387046
v 0.644880 -1.480986 0.381186
v 0.643991 -1.481030 0.381286
v 0.647763 -1.482136 0.376730
v 0.652980 -1.481025 0.370109
v 0.656389 -1.482141 0.365845
v 0.661312 -1.481066 0.358921
v 0.664575 -1.482095 0.354618
v 0.668943 -1.480991 0.347972
v 0.669998 -1.480898 0.347778
v 0.672522 -1.481988 0.343168
v 0.677646 -1.480677 0.336165
v 0.676673 -1.480736 0.336399
v 0.680454 -1.481748 0.331947
v 0.680234 -1.481639 0.331041
v 0.684677 -1.480493 0.324408
v 0.691441 -1.480219 0.312728
v 0.687479 -1.481464 0.319675
v 0.692328 -1.480136 0.312510
v 0.694971 -1.481176 0.308176
v 0.694705 -1.481097 0.307224
v 0.699283 -1.479792 0.300461
v 0.698394 -1.479898 0.300721
v 0.701453 -1.480833 0.295651
v 0.705537 -1.479401 0.288198
v 0.708109 -1.480358 0.283364
v 0.712016 -1.478961 0.275879
v 0.714506 -1.479898 0.271077
v 0.718221 -1.478484 0.263459
v 0.720748 -1.479405 0.258638
v 0.723841 -1.478056 0.251383
v 0.724874 -1.477925 0.250940
v 0.726803 -1.478865 0.246038
v 0.729898 -1.477546 0.238817
v 0.730897 -1.477408 0.238366
v 0.732735 -1.478310 0.233419
v 0.736194 -1.476944 0.225674
v 0.738887 -1.477814 0.221099
v 0.738545 -1.477700 0.220183
v 0.741992 -1.476378 0.212986
v 0.744641 -1.477244 0.208388
v 0.744278 -1.477135 0.207484
v 0.747746 -1.475785 0.200268
v 0.750042 -1.476673 0.195277
v 0.753455 -1.475136 0.187553
v 0.756031 -1.476048 0.182928
v 0.755665 -1.475973 0.181987
v 0.759103 -1.474522 0.174765
v 0.761361 -1.475420 0.169834
v 0.764671 -1.473986 0.162005
v 0.766972 -1.474822 0.157093
v 0.770197 -1.473330 0.149250
v 0.772901 -1.474175 0.144627
v 0.772513 -1.474058 0.143673
v 0.775976 -1.472618 0.136478
v 0.778247 -1.473460 0.131555
v 0.781483 -1.471923 0.123755
v 0.783841 -1.472728 0.118768
v 0.787065 -1.471250 0.110940
v 0.789353 -1.472062 0.106014
v 0.792556 -1.470495 0.098167
v 0.794879 -1.471240 0.093167
v 0.798175 -1.469733 0.085372
v 0.800421 -1.470456 0.080403
v 0.803548 -1.468939 0.072561
v 0.806088 -1.469699 0.067898
v 0.805689 -1.469584 0.066882
v 0.809408 -1.468033 0.059696
v 0.808611 -1.468161 0.059995
v 0.811023 -1.468878 0.054670
v 0.814093 -1.467177 0.046820
v 0.816608 -1.467974 0.042117
v 0.816224 -1.467906 0.041349
v 0.819203 -1.466317 0.033890
v 0.821598 -1.467066 0.029162
v 0.821157 -1.466952 0.028132
v 0.824152 -1.465392 0.020873
v 0.826096 -1.466155 0.015779
v 0.829291 -1.464386 0.007794
v 0.828473 -1.464533 0.008181
v 0.833158 -1.463505 -0.005284
v 0.830673 -1.465184 0.002735
v 0.835461 -1.464246 -0.010085
v 0.837415 -1.462564 -0.018493
v 0.834983 -1.464140 -0.010875
v 0.839153 -1.463219 -0.023638
v 0.841529 -1.461588 -0.031733
v 0.843508 -1.462303 -0.036605
v 0.843028 -1.462209 -0.037439
v 0.845272 -1.460667 -0.045063
v 0.846894 -1.461414 -0.050260
v 0.849479 -1.459635 -0.058496
v 0.848612 -1.459809 -0.057928
v 0.850525 -1.460481 -0.063611
v 0.852130 -1.458984 -0.071375
v 0.853013 -1.458818 -0.071937
v 0.853980 -1.459711 -0.077213
v 0.857936 -1.457744 -0.091148
v 0.856998 -1.457935 -0.090242
v -0.422854 1.671040 0.000046
v -0.424752 1.675121 0.006989
v -0.418483 1.664523 -0.011160
v -0.420143 1.669108 -0.004105
v -0.413702 1.658209 -0.022209
v -0.415544 1.662677 -0.015170
v -0.408358 1.651824 -0.033020
v -0.410713 1.656269 -0.026184
v -0.403010 1.645495 -0.043945
v -0.405335 1.649966 -0.036981
v -0.397129 1.639089 -0.054448
v -0.399645 1.643503 -0.048458
v -0.399683 1.643355 -0.047357
v -0.390693 1.632369 -0.064915
v -0.391190 1.633283 -0.064792
v -0.393853 1.637311 -0.058291
v -0.384020 1.626164 -0.075680
v -0.384545 1.627013 -0.075566
v -0.387472 1.631064 -0.068866
v -0.377211 1.620404 -0.086561
v -0.380634 1.624576 -0.079388
v -0.380573 1.624731 -0.080293
v -0.369471 1.613602 -0.096886
v -0.369985 1.614382 -0.096804
v -0.373259 1.618436 -0.091021
v -0.373351 1.618356 -0.089897
v -0.361886 1.608005 -0.107552
v -0.365833 1.612348 -0.100886
v -0.353695 1.602125 -0.117904
v -0.357774 1.606235 -0.111942
v -0.357894 1.606146 -0.110929
v -0.345085 1.596266 -0.127986
v -0.349594 1.600554 -0.121685
v -0.336275 1.590695 -0.137936
v -0.340971 1.594899 -0.131732
v -0.327122 1.585386 -0.147667
v -0.332037 1.589357 -0.141501
v -0.317720 1.580216 -0.157297
v -0.322578 1.583952 -0.151799
v -0.322799 1.583864 -0.150736
v -0.307967 1.575077 -0.166594
v -0.313296 1.578989 -0.160735
v -0.297993 1.570078 -0.175764
v -0.303140 1.573876 -0.170574
v -0.303424 1.573800 -0.169428
v -0.287706 1.565358 -0.184665
v -0.293436 1.569071 -0.178984
v -0.276912 1.560455 -0.193181
v -0.277718 1.561193 -0.193236
v -0.283078 1.564330 -0.187755
v -0.266410 1.556163 -0.201773
v -0.272440 1.559806 -0.196359
v -0.255254 1.551674 -0.209645
v -0.261128 1.555167 -0.205120
v -0.261510 1.555097 -0.204030
v -0.243857 1.547513 -0.217318
v -0.249972 1.550866 -0.212881
v -0.250359 1.550761 -0.211886
v -0.232171 1.543563 -0.224632
v -0.238830 1.546818 -0.219882
v -0.220173 1.539605 -0.231561
v -0.227037 1.542944 -0.227025
v -0.207824 1.536127 -0.238212
v -0.214965 1.539222 -0.233819
v -0.195420 1.532833 -0.244491
v -0.202261 1.535668 -0.240815
v -0.202696 1.535569 -0.239902
v -0.182432 1.529511 -0.250121
v -0.183301 1.530097 -0.250369
v -0.190132 1.532419 -0.245972
v -0.189738 1.532512 -0.246818
v -0.169521 1.526597 -0.255573
v -0.170302 1.527132 -0.255916
v -0.177376 1.529671 -0.252401
v -0.156657 1.524122 -0.260847
v -0.164002 1.526588 -0.257858
v -0.164493 1.526510 -0.256917
v -0.143382 1.521547 -0.265496
v -0.151216 1.524183 -0.262510
v -0.137333 1.521531 -0.267279
v -0.129816 1.518952 -0.269577
v -0.137944 1.521492 -0.266292
v -0.116266 1.516814 -0.273223
v -0.124417 1.519007 -0.270206
v -0.123949 1.519087 -0.270972
v -0.102466 1.514704 -0.276611
v -0.110147 1.516945 -0.274668
v -0.110770 1.516858 -0.273806
v -0.088586 1.512845 -0.279549
v -0.096370 1.515060 -0.277828
v -0.096999 1.514995 -0.277033
v -0.074563 1.511267 -0.281961
v -0.083096 1.513201 -0.279767
v -0.082414 1.513308 -0.280585
v -0.060367 1.509927 -0.283892
v -0.068852 1.511753 -0.282415
v -0.046000 1.508633 -0.285196
v -0.046848 1.509014 -0.285801
v -0.054781 1.510570 -0.284306
v -0.031874 1.508380 -0.286647
v -0.040644 1.509143 -0.285998
v -0.017627 1.507588 -0.287377
v -0.026368 1.508458 -0.286856
v -0.000958 1.507148 -0.288036
v -0.011261 1.508031 -0.287823
v -0.012231 1.507877 -0.287054
v -0.439198 1.666758 0.003100
v -0.437397 1.662711 -0.003111
v -0.439180 1.666503 0.004133
v -0.432771 1.656431 -0.014066
v -0.434545 1.660953 -0.007209
v -0.427935 1.650232 -0.024878
v -0.429794 1.654639 -0.018009
v -0.422704 1.644016 -0.035577
v -0.424875 1.648326 -0.028757
v -0.416980 1.637497 -0.046047
v -0.419419 1.641957 -0.040162
v -0.419490 1.641802 -0.039031
v -0.411042 1.631114 -0.056430
v -0.413768 1.635650 -0.049829
v -0.404470 1.624323 -0.066703
v -0.405003 1.625288 -0.066542
v -0.407643 1.629028 -0.059709
v -0.407529 1.629196 -0.060693
v -0.397728 1.618046 -0.077126
v -0.398187 1.618930 -0.077055
v -0.401215 1.622869 -0.070550
v -0.390791 1.612143 -0.087574
v -0.394370 1.616645 -0.080989
v -0.383131 1.605553 -0.097696
v -0.383678 1.606491 -0.097549
v -0.387070 1.610377 -0.091326
v -0.375542 1.599898 -0.108077
v -0.379534 1.604189 -0.101433
v -0.367389 1.593877 -0.118243
v -0.371402 1.598118 -0.112303
v -0.371552 1.597962 -0.111303
v -0.358755 1.587545 -0.128051
v -0.359354 1.588422 -0.127943
v -0.363370 1.592285 -0.121875
v -0.350097 1.582249 -0.137905
v -0.354782 1.586447 -0.131704
v -0.341124 1.576763 -0.147639
v -0.345704 1.580720 -0.142084
v -0.345932 1.580608 -0.140990
v -0.331820 1.571428 -0.157254
v -0.336801 1.575483 -0.151183
v -0.322216 1.566209 -0.166522
v -0.327368 1.570244 -0.160626
v -0.312041 1.560879 -0.175509
v -0.312694 1.561601 -0.175520
v -0.317436 1.564968 -0.170444
v -0.317721 1.564835 -0.169367
v -0.302078 1.556247 -0.184500
v -0.307400 1.559956 -0.179415
v -0.307709 1.559861 -0.178345
v -0.291710 1.551474 -0.193185
v -0.297444 1.555202 -0.187585
v -0.281054 1.546935 -0.201692
v -0.286603 1.550476 -0.196712
v -0.286962 1.550329 -0.195689
v -0.269911 1.542307 -0.209588
v -0.276119 1.545890 -0.204497
v -0.258808 1.537977 -0.217477
v -0.265019 1.541502 -0.212282
v -0.247177 1.533810 -0.224818
v -0.253378 1.537142 -0.220455
v -0.253738 1.537039 -0.219523
v -0.235303 1.529854 -0.231963
v -0.241719 1.533005 -0.227836
v -0.242157 1.532927 -0.226803
v -0.223277 1.525987 -0.238541
v -0.230159 1.529149 -0.234124
v -0.210901 1.522367 -0.244849
v -0.218022 1.525417 -0.240626
v -0.198023 1.518669 -0.250478
v -0.198799 1.519292 -0.250737
v -0.205587 1.521879 -0.246864
v -0.185604 1.515670 -0.256343
v -0.192597 1.518527 -0.252938
v -0.193048 1.518396 -0.252069
v -0.172490 1.512492 -0.261418
v -0.180281 1.515501 -0.258159
v -0.173275 1.513045 -0.261696
v -0.159234 1.509664 -0.265970
v -0.160054 1.510220 -0.266357
v -0.167285 1.512617 -0.263133
v -0.145931 1.507030 -0.270251
v -0.146793 1.507558 -0.270653
v -0.154064 1.509787 -0.267568
v -0.132456 1.504378 -0.273993
v -0.133304 1.504858 -0.274427
v -0.140600 1.507302 -0.271767
v -0.119100 1.502397 -0.277895
v -0.127207 1.504741 -0.275370
v -0.105343 1.500290 -0.280926
v -0.113543 1.502498 -0.278705
v -0.091289 1.498117 -0.283284
v -0.091945 1.498489 -0.283761
v -0.099742 1.500558 -0.281724
v -0.077597 1.496780 -0.285966
v -0.085944 1.498702 -0.284159
v -0.063995 1.495537 -0.288022
v -0.071956 1.497185 -0.286506
v -0.063332 1.495156 -0.287524
v -0.049579 1.494142 -0.289708
v -0.057955 1.495900 -0.288307
v -0.035292 1.493668 -0.290947
v -0.043421 1.494552 -0.290435
v -0.044182 1.494342 -0.289635
v -0.021131 1.492799 -0.291607
v -0.029188 1.493728 -0.291299
v -0.029974 1.493537 -0.290600
v -0.001865 1.492050 -0.292275
v -0.014533 1.493018 -0.292005
v -0.015750 1.492844 -0.291243
v -0.421917 1.668667 0.001712
v -0.423723 1.672920 0.008602
v -0.417447 1.662387 -0.009526
v -0.419290 1.666924 -0.002520
v -0.412741 1.656061 -0.020598
v -0.414598 1.660465 -0.013562
v -0.407516 1.649664 -0.031304
v -0.409691 1.654182 -0.024525
v -0.402033 1.643454 -0.042248
v -0.404403 1.647729 -0.035334
v -0.396203 1.636991 -0.052675
v -0.399061 1.641992 -0.046187
v -0.398523 1.641166 -0.046336
v -0.389901 1.630856 -0.063306
v -0.392840 1.635303 -0.056582
v -0.383319 1.624830 -0.074491
v -0.383340 1.624744 -0.073362
v -0.386525 1.629128 -0.067164
v -0.376146 1.618420 -0.084701
v -0.379673 1.622831 -0.078072
v -0.368740 1.612355 -0.095621
v -0.368779 1.612293 -0.094559
v -0.372650 1.617103 -0.088678
v -0.372121 1.616372 -0.088731
v -0.360761 1.606138 -0.105638
v -0.365040 1.610928 -0.099205
v -0.364366 1.610156 -0.099320
v -0.352563 1.600306 -0.115924
v -0.356487 1.604179 -0.109770
v -0.357166 1.604942 -0.109696
v -0.343971 1.594601 -0.126121
v -0.348521 1.598781 -0.119669
v -0.335147 1.589053 -0.135937
v -0.339876 1.593161 -0.129754
v -0.326028 1.583651 -0.145646
v -0.330483 1.587390 -0.139756
v -0.331212 1.588071 -0.139719
v -0.316692 1.578729 -0.155793
v -0.316846 1.578667 -0.154726
v -0.321757 1.582452 -0.149218
v -0.306987 1.573613 -0.165050
v -0.307156 1.573555 -0.164056
v -0.312233 1.577368 -0.158648
v -0.297027 1.568704 -0.174200
v -0.297240 1.568658 -0.173108
v -0.302705 1.572708 -0.168062
v -0.302002 1.572048 -0.168055
v -0.286606 1.563820 -0.182630
v -0.292374 1.567485 -0.176910
v -0.276134 1.559248 -0.191301
v -0.281968 1.562879 -0.185717
v -0.265430 1.554675 -0.199521
v -0.270969 1.557968 -0.194365
v -0.271719 1.558632 -0.194425
v -0.254265 1.550276 -0.207489
v -0.260548 1.553776 -0.202343
v -0.242876 1.546116 -0.215090
v -0.248869 1.549152 -0.210312
v -0.249711 1.549786 -0.210423
v -0.231240 1.542168 -0.222337
v -0.238213 1.545707 -0.217857
v -0.237430 1.545164 -0.217703
v -0.219248 1.538364 -0.229264
v -0.226092 1.541631 -0.224730
v -0.206984 1.535053 -0.236362
v -0.207363 1.534950 -0.235339
v -0.214061 1.537950 -0.231521
v -0.194482 1.531652 -0.242159
v -0.201204 1.534215 -0.238059
v -0.202118 1.534758 -0.238295
v -0.181858 1.528684 -0.248500
v -0.182163 1.528618 -0.247693
v -0.188572 1.531031 -0.244134
v -0.189571 1.531618 -0.244363
v -0.169140 1.525678 -0.253464
v -0.176594 1.528502 -0.249910
v -0.155888 1.523215 -0.258866
v -0.156377 1.523195 -0.257905
v -0.163727 1.525602 -0.254948
v -0.142711 1.520592 -0.262966
v -0.149944 1.522900 -0.259925
v -0.150901 1.523398 -0.260330
v -0.129338 1.518062 -0.267001
v -0.136710 1.520427 -0.264192
v -0.137539 1.520820 -0.264590
v -0.115547 1.515966 -0.271029
v -0.115992 1.515957 -0.270259
v -0.123724 1.518203 -0.268049
v -0.101832 1.514001 -0.274394
v -0.102279 1.513980 -0.273645
v -0.109441 1.515881 -0.271606
v -0.110381 1.516266 -0.272050
v -0.088118 1.512069 -0.276868
v -0.096439 1.514222 -0.274840
v -0.074068 1.510587 -0.279688
v -0.074609 1.510581 -0.278958
v -0.081936 1.512308 -0.277492
v -0.082812 1.512649 -0.277991
v -0.060006 1.509164 -0.281254
v -0.067895 1.510772 -0.279555
v -0.068834 1.511114 -0.280134
v -0.045857 1.508117 -0.283380
v -0.046492 1.508084 -0.282636
v -0.053882 1.509645 -0.281541
v -0.054701 1.509944 -0.282097
v -0.031764 1.507747 -0.283937
v -0.040487 1.508389 -0.283252
v -0.017495 1.506958 -0.284650
v -0.025678 1.507722 -0.283904
v -0.026484 1.507913 -0.284599
v -0.000667 1.506531 -0.285792
v -0.001666 1.506440 -0.284998
v -0.011946 1.507277 -0.284829
v -0.436443 1.660466 -0.001554
v -0.438434 1.664551 0.005294
v -0.431887 1.654285 -0.012444
v -0.433640 1.658686 -0.005543
v -0.427041 1.648065 -0.023171
v -0.428953 1.652376 -0.016354
v -0.421881 1.642022 -0.034314
v -0.421803 1.641856 -0.033313
v -0.423885 1.645800 -0.027289
v -0.424263 1.646601 -0.027222
v -0.416176 1.635446 -0.044189
v -0.418932 1.640414 -0.037877
v -0.418429 1.639583 -0.037991
v -0.410239 1.629007 -0.054664
v -0.412831 1.633628 -0.048050
v -0.403792 1.622754 -0.065118
v -0.406740 1.627147 -0.058408
v -0.397142 1.616683 -0.075911
v -0.397186 1.616569 -0.074824
v -0.400373 1.620935 -0.068868
v -0.389908 1.610165 -0.085761
v -0.393447 1.614674 -0.079167
v -0.382552 1.604239 -0.096426
v -0.382595 1.604118 -0.095389
v -0.386208 1.608488 -0.089460
v -0.374663 1.598129 -0.106660
v -0.374729 1.598023 -0.105696
v -0.378567 1.602219 -0.099671
v -0.366569 1.592209 -0.116758
v -0.366691 1.592113 -0.115753
v -0.370279 1.595807 -0.110165
v -0.370926 1.596672 -0.110053
v -0.358094 1.586335 -0.126729
v -0.358190 1.586240 -0.125743
v -0.362035 1.590081 -0.120136
v -0.362631 1.590815 -0.120095
v -0.349196 1.580658 -0.136418
v -0.349354 1.580579 -0.135313
v -0.353811 1.584672 -0.129797
v -0.340159 1.574989 -0.145655
v -0.345225 1.579406 -0.139688
v -0.344595 1.578719 -0.139694
v -0.330888 1.569702 -0.155384
v -0.335768 1.573618 -0.149158
v -0.321249 1.564484 -0.164502
v -0.326738 1.568803 -0.158809
v -0.326062 1.568102 -0.158826
v -0.311393 1.559734 -0.174111
v -0.311614 1.559658 -0.173090
v -0.317053 1.563670 -0.168007
v -0.316400 1.563016 -0.168002
v -0.301161 1.554644 -0.182504
v -0.306722 1.558335 -0.176754
v -0.290799 1.550004 -0.191584
v -0.290988 1.549933 -0.190643
v -0.296428 1.553543 -0.185467
v -0.280086 1.545517 -0.200029
v -0.280288 1.545440 -0.199121
v -0.285964 1.548840 -0.194102
v -0.269046 1.540950 -0.207910
v -0.269295 1.540863 -0.207035
v -0.275209 1.544305 -0.202222
v -0.257805 1.536500 -0.215357
v -0.263559 1.539557 -0.210307
v -0.264429 1.540246 -0.210374
v -0.246299 1.532467 -0.223088
v -0.246646 1.532418 -0.222075
v -0.252405 1.535462 -0.217881
v -0.253154 1.536054 -0.218035
v -0.234580 1.528406 -0.229727
v -0.240755 1.531352 -0.225145
v -0.241581 1.531927 -0.225319
v -0.222413 1.524583 -0.236220
v -0.229414 1.527771 -0.231837
v -0.210128 1.520990 -0.242517
v -0.217175 1.524032 -0.238332
v -0.197583 1.517648 -0.248368
v -0.204886 1.520584 -0.244486
v -0.184787 1.514636 -0.254410
v -0.185355 1.514600 -0.253286
v -0.192336 1.517295 -0.250202
v -0.172064 1.511552 -0.259239
v -0.179049 1.514188 -0.255685
v -0.179825 1.514620 -0.256012
v -0.158952 1.508786 -0.263753
v -0.166594 1.511505 -0.260725
v -0.145618 1.506158 -0.268103
v -0.152870 1.508421 -0.265085
v -0.153766 1.508909 -0.265470
v -0.132199 1.503597 -0.271820
v -0.140153 1.506152 -0.269176
v -0.118578 1.501409 -0.275315
v -0.126616 1.503728 -0.272838
v -0.104916 1.499287 -0.278221
v -0.113376 1.501745 -0.276545
v -0.112675 1.501392 -0.276074
v -0.091052 1.497520 -0.281500
v -0.091635 1.497503 -0.280681
v -0.098887 1.499428 -0.278977
v -0.099631 1.499789 -0.279445
v -0.077111 1.495941 -0.283755
v -0.077675 1.495887 -0.282994
v -0.084991 1.497631 -0.281442
v -0.085852 1.498002 -0.282007
v -0.063297 1.494382 -0.285242
v -0.071680 1.496312 -0.283783
v -0.049113 1.493399 -0.287471
v -0.049765 1.493350 -0.286635
v -0.057133 1.494948 -0.285506
v -0.057926 1.495234 -0.286019
v -0.035136 1.492851 -0.288268
v -0.043210 1.493544 -0.287283
v -0.044011 1.493773 -0.287870
v -0.020975 1.491967 -0.288917
v -0.029116 1.492700 -0.288121
v -0.029925 1.492965 -0.288802
v -0.001602 1.491374 -0.290077
v -0.002567 1.491206 -0.289336
v -0.015457 1.492128 -0.289066
v 0.009387 1.507049 -0.287810
v 0.000548 1.508226 -0.287719
v 0.023682 1.507586 -0.287308
v 0.014845 1.508924 -0.287167
v 0.037909 1.508927 -0.286506
v 0.029663 1.509411 -0.286947
v 0.028945 1.509271 -0.286337
v 0.052147 1.510038 -0.285064
v 0.043391 1.510239 -0.285706
v 0.066337 1.511311 -0.283589
v 0.057507 1.511583 -0.284310
v 0.080360 1.513009 -0.281676
v 0.072242 1.513126 -0.282784
v 0.071411 1.512904 -0.282218
v 0.094412 1.514882 -0.279544
v 0.085686 1.514743 -0.280709
v 0.108222 1.516886 -0.276804
v 0.099633 1.516636 -0.278250
v 0.122122 1.519088 -0.273263
v 0.121439 1.519282 -0.274148
v 0.113166 1.518759 -0.275099
v 0.113881 1.518985 -0.275567
v 0.135550 1.521748 -0.270183
v 0.127065 1.521139 -0.272136
v 0.148929 1.524187 -0.265914
v 0.141070 1.523726 -0.268218
v 0.140269 1.523454 -0.267775
v 0.162271 1.526840 -0.260988
v 0.161765 1.527066 -0.261781
v 0.154548 1.526439 -0.263982
v 0.153512 1.526089 -0.263542
v 0.175346 1.529867 -0.256165
v 0.174778 1.530067 -0.257047
v 0.166984 1.529091 -0.259217
v 0.188175 1.533242 -0.251233
v 0.180636 1.532427 -0.254379
v 0.179710 1.532021 -0.254006
v 0.200798 1.536674 -0.245904
v 0.192426 1.535303 -0.248516
v 0.193138 1.535644 -0.248851
v 0.213159 1.540201 -0.239364
v 0.205750 1.539220 -0.242885
v 0.204956 1.538785 -0.242627
v 0.225213 1.543991 -0.232595
v 0.218105 1.542697 -0.236364
v 0.217183 1.542251 -0.236122
v 0.236983 1.547979 -0.225591
v 0.229949 1.546652 -0.229549
v 0.229067 1.546148 -0.229324
v 0.240983 1.550550 -0.222550
v 0.248548 1.552259 -0.218546
v 0.259890 1.556597 -0.210739
v 0.253087 1.555040 -0.214998
v 0.252167 1.554471 -0.214834
v 0.270893 1.560964 -0.202761
v 0.264219 1.559437 -0.207249
v 0.263374 1.558879 -0.207138
v 0.281641 1.565597 -0.194489
v 0.274534 1.563705 -0.199274
v 0.292017 1.570261 -0.185474
v 0.291630 1.570480 -0.186500
v 0.285101 1.568442 -0.190904
v 0.302075 1.575324 -0.176952
v 0.295926 1.573393 -0.182041
v 0.295065 1.572812 -0.181964
v 0.311886 1.580393 -0.167858
v 0.305250 1.578049 -0.173126
v 0.321354 1.585280 -0.157940
v 0.321056 1.585505 -0.158877
v 0.314901 1.583079 -0.163871
v 0.330481 1.590681 -0.148273
v 0.330260 1.590914 -0.149166
v 0.324254 1.588424 -0.154408
v 0.339435 1.596427 -0.138972
v 0.333801 1.594071 -0.144443
v 0.333035 1.593381 -0.144497
v 0.348059 1.602036 -0.129006
v 0.342537 1.599751 -0.134559
v 0.341736 1.599020 -0.134629
v 0.356339 1.607829 -0.118926
v 0.350495 1.605080 -0.124806
v 0.364190 1.613880 -0.108436
v 0.359111 1.611352 -0.114297
v 0.358292 1.610536 -0.114424
v 0.371654 1.619951 -0.097646
v 0.366868 1.617394 -0.103749
v 0.366044 1.616538 -0.103898
v 0.378762 1.626070 -0.086989
v 0.373666 1.623057 -0.093348
v 0.385464 1.632099 -0.075787
v 0.385281 1.632370 -0.076835
v 0.380530 1.629226 -0.082583
v 0.391923 1.638808 -0.065395
v 0.386912 1.635099 -0.071622
v 0.387537 1.635911 -0.071514
v 0.397573 1.644775 -0.054161
v 0.397429 1.645066 -0.055136
v 0.393297 1.641894 -0.060953
v 0.403003 1.651101 -0.043240
v 0.402889 1.651421 -0.044144
v 0.398895 1.648234 -0.050186
v 0.408031 1.657645 -0.032516
v 0.407925 1.657916 -0.033392
v 0.404437 1.655111 -0.038957
v 0.403774 1.654143 -0.039117
v 0.412764 1.664492 -0.021801
v 0.409406 1.661580 -0.028167
v 0.408804 1.660626 -0.028371
v 0.417123 1.670972 -0.010641
v 0.413812 1.668100 -0.016980
v 0.413276 1.667200 -0.017164
v 0.421240 1.677389 0.000733
v 0.417610 1.674159 -0.005938
v 0.010500 1.491932 -0.292092
v 0.001772 1.493010 -0.291932
v 0.024724 1.492543 -0.291383
v 0.015954 1.493820 -0.291365
v 0.038819 1.494021 -0.290566
v 0.030082 1.494341 -0.290792
v 0.052942 1.495175 -0.289296
v 0.044293 1.495445 -0.289854
v 0.067155 1.496364 -0.287475
v 0.058253 1.496682 -0.288495
v 0.066410 1.496653 -0.288228
v 0.080990 1.498199 -0.286015
v 0.072935 1.498285 -0.287080
v 0.072051 1.498026 -0.286501
v 0.095040 1.499914 -0.283487
v 0.094453 1.500169 -0.284206
v 0.086278 1.499899 -0.285040
v 0.108792 1.501846 -0.280816
v 0.108127 1.502107 -0.281568
v 0.100051 1.501760 -0.282555
v 0.122320 1.504306 -0.278336
v 0.113753 1.503896 -0.279787
v 0.136035 1.506583 -0.274472
v 0.135383 1.506823 -0.275252
v 0.127471 1.506180 -0.276671
v 0.149343 1.509313 -0.271270
v 0.141538 1.508957 -0.273353
v 0.140627 1.508573 -0.272865
v 0.162733 1.512050 -0.266633
v 0.162228 1.512268 -0.267381
v 0.154857 1.511617 -0.269400
v 0.153947 1.511218 -0.268934
v 0.175871 1.515165 -0.262246
v 0.175295 1.515399 -0.263090
v 0.167499 1.514268 -0.265076
v 0.188833 1.518370 -0.257468
v 0.188250 1.518592 -0.258322
v 0.180212 1.517297 -0.260137
v 0.181019 1.517673 -0.260499
v 0.201556 1.521808 -0.252037
v 0.201024 1.522041 -0.252927
v 0.193320 1.520818 -0.255435
v 0.213972 1.525703 -0.247000
v 0.205965 1.524225 -0.249944
v 0.226203 1.529427 -0.240541
v 0.218350 1.528012 -0.243977
v 0.238211 1.533386 -0.233751
v 0.230538 1.531870 -0.237598
v 0.250003 1.537624 -0.226904
v 0.242317 1.535842 -0.230815
v 0.261553 1.541654 -0.219162
v 0.260999 1.541903 -0.220204
v 0.253960 1.540069 -0.223722
v 0.272771 1.546196 -0.211939
v 0.265919 1.544733 -0.216266
v 0.265068 1.544166 -0.216079
v 0.283626 1.550839 -0.203938
v 0.276452 1.548841 -0.208478
v 0.294332 1.555372 -0.195272
v 0.294080 1.555601 -0.196015
v 0.287875 1.553764 -0.200273
v 0.286928 1.553123 -0.200169
v 0.304690 1.560113 -0.186616
v 0.304340 1.560384 -0.187580
v 0.298283 1.558596 -0.191967
v 0.297467 1.557989 -0.191906
v 0.314643 1.565129 -0.177693
v 0.314302 1.565339 -0.178653
v 0.307897 1.563065 -0.183255
v 0.324389 1.570239 -0.168579
v 0.324024 1.570492 -0.169529
v 0.317864 1.568066 -0.174355
v 0.333847 1.575513 -0.159318
v 0.333552 1.575741 -0.160246
v 0.327439 1.573268 -0.165137
v 0.343064 1.581062 -0.150158
v 0.337288 1.578955 -0.155557
v 0.336420 1.578273 -0.155569
v 0.351846 1.586485 -0.140140
v 0.351570 1.586750 -0.141138
v 0.345727 1.583961 -0.146189
v 0.360442 1.592390 -0.130844
v 0.354429 1.589557 -0.136475
v 0.368719 1.598226 -0.120926
v 0.362842 1.595313 -0.126689
v 0.376619 1.604225 -0.110722
v 0.371401 1.601620 -0.116528
v 0.370686 1.600870 -0.116520
v 0.384040 1.610096 -0.099883
v 0.383841 1.610361 -0.100783
v 0.379235 1.607720 -0.106175
v 0.378479 1.606872 -0.106276
v 0.391222 1.616184 -0.089435
v 0.390982 1.616453 -0.090403
v 0.386068 1.613375 -0.096004
v 0.398026 1.622750 -0.079535
v 0.392755 1.619187 -0.085354
v 0.393389 1.619926 -0.085283
v 0.404448 1.629091 -0.068981
v 0.399748 1.625847 -0.075196
v 0.410366 1.635129 -0.057979
v 0.410188 1.635421 -0.058994
v 0.405966 1.632205 -0.064662
v 0.415993 1.641496 -0.047424
v 0.415841 1.641771 -0.048457
v 0.412004 1.638966 -0.053816
v 0.411416 1.638089 -0.053915
v 0.421162 1.647943 -0.036852
v 0.420979 1.648225 -0.037967
v 0.417393 1.645268 -0.043286
v 0.416879 1.644457 -0.043380
v 0.426099 1.654789 -0.026672
v 0.422152 1.651361 -0.032932
v 0.430520 1.661294 -0.015584
v 0.426550 1.657468 -0.021949
v 0.427032 1.658335 -0.021787
v 0.436451 1.670117 0.000084
v 0.431083 1.664418 -0.010941
v 0.009329 1.506314 -0.285293
v 0.000650 1.507601 -0.285154
v 0.023669 1.507065 -0.284872
v 0.014805 1.508229 -0.284646
v 0.037813 1.508144 -0.283697
v 0.029048 1.508749 -0.284066
v 0.051918 1.509366 -0.282347
v 0.043228 1.509578 -0.282943
v 0.066266 1.510768 -0.281323
v 0.065490 1.510584 -0.280666
v 0.057938 1.510847 -0.281267
v 0.057135 1.511015 -0.282061
v 0.080081 1.512328 -0.278983
v 0.071393 1.512312 -0.279902
v 0.093993 1.514176 -0.276853
v 0.085438 1.513998 -0.277969
v 0.107794 1.516209 -0.274065
v 0.099181 1.516031 -0.275595
v 0.121758 1.518581 -0.271474
v 0.121012 1.518418 -0.270968
v 0.112978 1.518106 -0.272796
v 0.135014 1.520828 -0.267518
v 0.126570 1.520403 -0.269509
v 0.148323 1.523322 -0.263270
v 0.139931 1.522695 -0.265557
v 0.161794 1.526148 -0.259278
v 0.160892 1.525877 -0.258854
v 0.153143 1.525400 -0.261393
v 0.174885 1.529172 -0.254430
v 0.173961 1.528858 -0.254019
v 0.166304 1.528112 -0.256765
v 0.187382 1.532130 -0.248880
v 0.179719 1.531112 -0.251448
v 0.179193 1.531269 -0.252349
v 0.200372 1.535734 -0.243703
v 0.199403 1.535370 -0.243336
v 0.191988 1.534412 -0.246414
v 0.212259 1.538887 -0.236942
v 0.204414 1.537796 -0.240564
v 0.224350 1.542724 -0.230324
v 0.217058 1.541229 -0.233584
v 0.216581 1.541384 -0.234535
v 0.236086 1.546707 -0.223395
v 0.228947 1.545079 -0.226764
v 0.228447 1.545266 -0.227772
v 0.247651 1.550763 -0.216189
v 0.240080 1.549275 -0.220295
v 0.259249 1.555433 -0.208832
v 0.258355 1.554909 -0.208619
v 0.251521 1.553516 -0.213347
v 0.251839 1.553367 -0.212498
v 0.270183 1.559795 -0.200809
v 0.269355 1.559316 -0.200631
v 0.262702 1.557630 -0.205214
v 0.280553 1.564165 -0.192364
v 0.273505 1.562168 -0.197056
v 0.291012 1.568954 -0.183833
v 0.284463 1.566891 -0.188218
v 0.284069 1.567060 -0.189301
v 0.300945 1.573816 -0.174859
v 0.294274 1.571569 -0.180114
v 0.311100 1.579030 -0.165960
v 0.310326 1.578528 -0.165877
v 0.304208 1.576523 -0.171000
v 0.320266 1.583848 -0.156357
v 0.313741 1.581595 -0.161801
v 0.329408 1.589144 -0.146754
v 0.323169 1.587019 -0.152883
v 0.323399 1.586824 -0.151829
v 0.338245 1.594676 -0.136931
v 0.332412 1.592087 -0.142262
v 0.332243 1.592275 -0.143180
v 0.346872 1.600337 -0.127022
v 0.340937 1.597613 -0.132874
v 0.355212 1.606092 -0.117012
v 0.349646 1.603347 -0.122306
v 0.349420 1.603531 -0.123364
v 0.363344 1.612418 -0.106688
v 0.362522 1.611697 -0.106764
v 0.357554 1.609337 -0.113173
v 0.357671 1.609177 -0.112259
v 0.370844 1.618467 -0.096072
v 0.370033 1.617699 -0.096147
v 0.365184 1.615143 -0.102278
v 0.377696 1.624208 -0.085175
v 0.372496 1.621114 -0.091480
v 0.384757 1.630795 -0.074604
v 0.383948 1.630010 -0.074681
v 0.379465 1.627357 -0.080889
v 0.390736 1.636772 -0.063561
v 0.386104 1.633574 -0.070059
v 0.396875 1.643427 -0.053008
v 0.396116 1.642592 -0.053139
v 0.392207 1.639886 -0.059271
v 0.402300 1.649735 -0.042118
v 0.401600 1.648929 -0.042236
v 0.397804 1.646094 -0.048481
v 0.407066 1.655782 -0.031205
v 0.403133 1.652766 -0.037974
v 0.403152 1.652549 -0.037050
v 0.412040 1.662804 -0.020305
v 0.411361 1.661888 -0.020503
v 0.408071 1.658949 -0.026864
v 0.416087 1.668810 -0.008985
v 0.412626 1.665529 -0.014970
v 0.412598 1.665776 -0.016093
v 0.420415 1.675623 0.002205
v 0.419754 1.674760 0.002070
v 0.416574 1.671989 -0.004400
v 0.010454 1.491141 -0.289580
v 0.001752 1.492321 -0.289434
v 0.024578 1.491884 -0.288908
v 0.015851 1.493028 -0.288903
v 0.038701 1.493105 -0.287864
v 0.030506 1.493536 -0.287827
v 0.029803 1.493694 -0.288517
v 0.052748 1.494329 -0.286652
v 0.044013 1.494530 -0.287141
v 0.066803 1.495635 -0.285285
v 0.058114 1.495938 -0.285788
v 0.080948 1.497440 -0.283830
v 0.080118 1.497239 -0.283191
v 0.071966 1.497390 -0.284310
v 0.094789 1.499271 -0.281718
v 0.093939 1.499084 -0.281166
v 0.085921 1.499010 -0.282356
v 0.108282 1.501081 -0.278670
v 0.099735 1.500907 -0.279831
v 0.121892 1.503291 -0.275670
v 0.113335 1.503082 -0.277205
v 0.135413 1.505777 -0.272304
v 0.126962 1.505142 -0.274045
v 0.148851 1.508301 -0.268716
v 0.140825 1.507749 -0.270366
v 0.140318 1.507903 -0.271131
v 0.161983 1.511120 -0.264531
v 0.153575 1.510539 -0.267232
v 0.154134 1.510391 -0.266445
v 0.175207 1.514237 -0.260306
v 0.167447 1.513190 -0.262066
v 0.166763 1.513347 -0.263010
v 0.188430 1.517573 -0.255793
v 0.187644 1.517237 -0.255400
v 0.180355 1.516334 -0.257588
v 0.179785 1.516533 -0.258487
v 0.201055 1.520984 -0.250385
v 0.200067 1.520586 -0.250024
v 0.192590 1.519808 -0.253527
v 0.193039 1.519647 -0.252744
v 0.213611 1.524675 -0.244806
v 0.212707 1.524305 -0.244465
v 0.205304 1.523011 -0.247547
v 0.225766 1.528300 -0.238437
v 0.224953 1.527902 -0.238151
v 0.218115 1.526714 -0.241152
v 0.217536 1.526897 -0.242163
v 0.237722 1.532238 -0.231809
v 0.236733 1.531749 -0.231533
v 0.229676 1.530474 -0.235280
v 0.249439 1.536418 -0.224904
v 0.248722 1.535958 -0.224670
v 0.241960 1.534456 -0.228097
v 0.241522 1.534621 -0.228999
v 0.260933 1.540676 -0.217666
v 0.260135 1.540236 -0.217460
v 0.253528 1.538666 -0.221039
v 0.253112 1.538857 -0.221962
v 0.271883 1.544832 -0.209778
v 0.264899 1.543029 -0.213569
v 0.264450 1.543210 -0.214576
v 0.282692 1.549326 -0.201729
v 0.275841 1.547367 -0.205837
v 0.275491 1.547585 -0.206843
v 0.293668 1.554317 -0.193824
v 0.292759 1.553740 -0.193675
v 0.286283 1.551934 -0.198305
v 0.303654 1.558718 -0.184989
v 0.296735 1.556791 -0.190080
v 0.313646 1.563716 -0.176089
v 0.306889 1.561485 -0.181179
v 0.323324 1.568784 -0.166988
v 0.316870 1.566402 -0.172268
v 0.332836 1.574068 -0.157722
v 0.326401 1.571555 -0.163096
v 0.342327 1.579698 -0.148482
v 0.341505 1.579079 -0.148427
v 0.335710 1.576849 -0.153712
v 0.351173 1.585294 -0.138836
v 0.350445 1.584693 -0.138786
v 0.345070 1.582294 -0.143595
v 0.344764 1.582471 -0.144695
v 0.359367 1.590509 -0.128843
v 0.353426 1.587849 -0.134596
v 0.368026 1.596716 -0.119132
v 0.367253 1.596045 -0.119123
v 0.362100 1.593603 -0.124237
v 0.361900 1.593819 -0.125210
v 0.375867 1.602722 -0.109084
v 0.375066 1.601974 -0.109144
v 0.369946 1.599441 -0.114895
v 0.383372 1.608772 -0.098669
v 0.382648 1.608033 -0.098687
v 0.377790 1.605610 -0.105059
v 0.377965 1.605450 -0.104043
v 0.390569 1.614880 -0.088226
v 0.389777 1.614036 -0.088318
v 0.385011 1.611461 -0.094161
v 0.397365 1.621109 -0.077813
v 0.396692 1.620373 -0.077835
v 0.391999 1.617614 -0.083617
v 0.403505 1.627055 -0.067201
v 0.398917 1.623882 -0.072794
v 0.398814 1.624048 -0.073801
v 0.409489 1.633374 -0.056653
v 0.405154 1.630255 -0.062317
v 0.405082 1.630474 -0.063387
v 0.415118 1.639759 -0.046121
v 0.410711 1.636444 -0.052237
v 0.420199 1.646053 -0.035566
v 0.416252 1.643096 -0.042229
v 0.416324 1.642879 -0.041230
v 0.425113 1.652602 -0.024913
v 0.421353 1.649303 -0.030665
v 0.421316 1.649513 -0.031663
v 0.429849 1.659533 -0.014004
v 0.429201 1.658689 -0.014129
v 0.425897 1.655697 -0.020442
v 0.435512 1.667878 0.001693
v 0.430366 1.662389 -0.008551
v 0.430255 1.662487 -0.009790
v -0.434296 1.729899 0.130761
v -0.434389 1.730683 0.131299
v -0.432189 1.732635 0.137958
v -0.431671 1.732183 0.138732
v -0.436457 1.726550 0.117992
v -0.436623 1.727397 0.118508
v -0.434345 1.729725 0.125808
v -0.437943 1.722596 0.105322
v -0.438123 1.723481 0.105767
v -0.436379 1.726110 0.112898
v -0.438536 1.718711 0.092678
v -0.437378 1.721975 0.100347
v -0.438146 1.713267 0.080405
v -0.437410 1.717003 0.087247
v -0.437127 1.716719 0.088188
v -0.437498 1.707694 0.068197
v -0.436859 1.711595 0.075527
v -0.435873 1.701481 0.056104
v -0.436116 1.702395 0.056348
v -0.435975 1.705937 0.063428
v -0.434014 1.695336 0.044295
v -0.434308 1.696313 0.044570
v -0.434153 1.699801 0.051892
v -0.434313 1.699994 0.050863
v -0.431749 1.688971 0.032565
v -0.432040 1.690073 0.032861
v -0.432323 1.693821 0.039699
v -0.428983 1.682489 0.021033
v -0.429299 1.683492 0.021276
v -0.429776 1.687391 0.028156
v -0.426410 1.675553 0.008543
v -0.426767 1.680864 0.016463
v -0.448791 1.722802 0.130155
v -0.446383 1.725101 0.137921
v -0.451080 1.719538 0.117341
v -0.448799 1.721984 0.124492
v -0.448403 1.721556 0.125265
v -0.450916 1.718474 0.111398
v -0.452233 1.715358 0.104373
v -0.450479 1.718146 0.112339
v -0.452793 1.711143 0.091430
v -0.451490 1.714293 0.099243
v -0.452336 1.705810 0.079068
v -0.451596 1.709533 0.086492
v -0.451368 1.699700 0.066709
v -0.451595 1.700670 0.067023
v -0.450925 1.703821 0.074501
v -0.451222 1.704075 0.073533
v -0.450058 1.694101 0.054479
v -0.450271 1.695055 0.054821
v -0.449957 1.698421 0.061894
v -0.448319 1.688392 0.042350
v -0.448512 1.692604 0.049609
v -0.446024 1.681537 0.030543
v -0.446257 1.682563 0.030773
v -0.446541 1.686356 0.037661
v -0.443704 1.675622 0.018836
v -0.444065 1.679954 0.026079
v -0.441618 1.668810 0.007856
v -0.441735 1.673369 0.014390
v -0.433186 1.727877 0.131186
v -0.430663 1.730027 0.138780
v -0.435187 1.724603 0.118551
v -0.433152 1.727286 0.126090
v -0.436739 1.720721 0.106098
v -0.435063 1.723690 0.113564
v -0.437356 1.716264 0.093663
v -0.436270 1.720075 0.101136
v -0.436001 1.719333 0.100725
v -0.437146 1.711173 0.081144
v -0.436763 1.710935 0.082036
v -0.436202 1.714657 0.088870
v -0.436278 1.705373 0.069400
v -0.435770 1.709250 0.076649
v -0.435166 1.699933 0.056993
v -0.434898 1.699710 0.057885
v -0.434818 1.703712 0.064636
v -0.433271 1.693843 0.045212
v -0.433027 1.693652 0.046061
v -0.433158 1.697359 0.052465
v -0.433466 1.698299 0.052753
v -0.430880 1.687249 0.033890
v -0.431330 1.691627 0.041033
v -0.428155 1.680756 0.022387
v -0.428783 1.685162 0.029535
v -0.425571 1.673506 0.009727
v -0.425250 1.673402 0.010871
v -0.425753 1.678216 0.017725
v -0.426135 1.679137 0.017968
v -0.447618 1.720205 0.130533
v -0.445181 1.722593 0.138130
v -0.450096 1.717327 0.117481
v -0.447461 1.719399 0.125428
v -0.449570 1.716927 0.118202
v -0.451314 1.713278 0.104845
v -0.450875 1.712908 0.105672
v -0.449518 1.716142 0.112803
v -0.451851 1.709106 0.092174
v -0.451463 1.708835 0.093121
v -0.450254 1.711382 0.099513
v -0.450474 1.712293 0.100116
v -0.451148 1.703438 0.080089
v -0.450478 1.707144 0.087600
v -0.450495 1.697866 0.067861
v -0.450021 1.701787 0.075229
v -0.449167 1.692188 0.055690
v -0.449127 1.696582 0.063070
v -0.448826 1.695726 0.062722
v -0.447354 1.686094 0.043639
v -0.447328 1.689816 0.050615
v -0.447657 1.690807 0.050965
v -0.445423 1.680011 0.031507
v -0.445203 1.679782 0.032473
v -0.445575 1.684192 0.039049
v -0.442920 1.673548 0.019902
v -0.442688 1.673321 0.020853
v -0.443232 1.677741 0.027438
v -0.440934 1.666813 0.009032
v -0.440664 1.666646 0.009952
v -0.440844 1.671124 0.015979
v 0.423874 1.683581 0.011997
v 0.423866 1.683853 0.010816
v 0.421552 1.680060 0.004777
v 0.426793 1.690470 0.023006
v 0.424073 1.687052 0.016105
v 0.429344 1.696978 0.034742
v 0.427075 1.694003 0.027953
v 0.426600 1.693090 0.027706
v 0.431179 1.703015 0.046863
v 0.431241 1.703336 0.046008
v 0.429400 1.700470 0.039660
v 0.428932 1.699517 0.039361
v 0.432964 1.709384 0.058245
v 0.431108 1.706623 0.051420
v 0.430723 1.705733 0.051124
v 0.434137 1.715127 0.070404
v 0.432616 1.712521 0.063464
v 0.432247 1.711659 0.063115
v 0.434636 1.720325 0.083085
v 0.434783 1.720696 0.082140
v 0.433521 1.717822 0.075203
v 0.435031 1.725778 0.095197
v 0.434184 1.723773 0.087910
v 0.433750 1.722799 0.087417
v 0.433674 1.729492 0.108145
v 0.433988 1.729980 0.107245
v 0.433759 1.727846 0.100010
v 0.432089 1.733571 0.120884
v 0.432422 1.734017 0.119979
v 0.432321 1.731881 0.112687
v 0.430362 1.735618 0.125656
v 0.429644 1.737066 0.134497
v 0.438696 1.676543 0.010561
v 0.436397 1.672684 0.003921
v 0.441214 1.683201 0.022242
v 0.438919 1.680137 0.015503
v 0.438437 1.679190 0.015263
v 0.443418 1.689548 0.034291
v 0.443441 1.689847 0.033345
v 0.441220 1.686430 0.026776
v 0.445394 1.696090 0.045705
v 0.443306 1.692830 0.038501
v 0.446949 1.702072 0.057881
v 0.445288 1.699424 0.050776
v 0.444886 1.698521 0.050440
v 0.448145 1.707963 0.070092
v 0.446751 1.705369 0.062964
v 0.446337 1.704384 0.062554
v 0.448806 1.713407 0.082368
v 0.447557 1.711003 0.075275
v 0.447210 1.710092 0.074832
v 0.448670 1.718204 0.095107
v 0.447999 1.715885 0.087148
v 0.447912 1.722728 0.107835
v 0.447444 1.720282 0.100009
v 0.446204 1.726704 0.120750
v 0.446285 1.724731 0.112872
v 0.444189 1.729922 0.133416
v 0.444520 1.730354 0.132536
v 0.444448 1.728515 0.125649
v 0.422952 1.681730 0.013093
v 0.420550 1.677989 0.007083
v 0.420674 1.678203 0.005947
v 0.425952 1.688706 0.024473
v 0.425346 1.687799 0.024209
v 0.423063 1.684836 0.017532
v 0.428227 1.694795 0.036091
v 0.425787 1.691284 0.029088
v 0.430202 1.701046 0.047804
v 0.428022 1.697802 0.040702
v 0.431724 1.707120 0.059610
v 0.429877 1.703916 0.052382
v 0.432960 1.712750 0.071622
v 0.431484 1.710119 0.063918
v 0.431288 1.709838 0.064864
v 0.433835 1.718769 0.083795
v 0.433383 1.717924 0.083393
v 0.432295 1.715544 0.076199
v 0.433634 1.723494 0.095844
v 0.432772 1.720889 0.088520
v 0.432770 1.727887 0.108543
v 0.432416 1.727211 0.108129
v 0.432266 1.725479 0.101286
v 0.432622 1.725883 0.100417
v 0.430929 1.731432 0.121168
v 0.431227 1.729849 0.113007
v 0.430873 1.729466 0.113782
v 0.428719 1.734954 0.134998
v 0.428454 1.734144 0.134281
v 0.429227 1.733093 0.125925
v 0.437695 1.674341 0.012227
v 0.435517 1.670487 0.005489
v 0.440470 1.681476 0.023596
v 0.439924 1.680528 0.023354
v 0.437676 1.677451 0.016611
v 0.442749 1.688018 0.035209
v 0.442275 1.687196 0.034981
v 0.440311 1.684386 0.027828
v 0.440217 1.684144 0.028685
v 0.444429 1.693858 0.047024
v 0.442278 1.690466 0.040496
v 0.442382 1.690763 0.039447
v 0.446146 1.700238 0.059038
v 0.445676 1.699371 0.058722
v 0.444201 1.696967 0.051242
v 0.444074 1.696663 0.052198
v 0.447048 1.705588 0.071197
v 0.445635 1.702839 0.063388
v 0.445479 1.702567 0.064253
v 0.447919 1.711483 0.083465
v 0.447517 1.710621 0.083076
v 0.446288 1.708190 0.076537
v 0.446484 1.708493 0.075566
v 0.447470 1.715722 0.095937
v 0.446915 1.713527 0.088220
v 0.446660 1.720186 0.108664
v 0.446195 1.717860 0.101372
v 0.446495 1.718244 0.100510
v 0.445049 1.724176 0.121384
v 0.445115 1.722193 0.113540
v 0.443219 1.727926 0.133826
v 0.443326 1.725970 0.126274
v 0.598108 -1.388858 -0.569443
v 0.591053 -1.387077 -0.574395
v 0.597952 -1.388643 -0.570337
v 0.586465 -1.387756 -0.577422
v 0.579304 -1.385985 -0.581737
v 0.574629 -1.386787 -0.584216
v 0.574389 -1.386543 -0.585188
v 0.567576 -1.385012 -0.589103
v 0.562942 -1.385714 -0.592027
v 0.555802 -1.383910 -0.596375
v 0.551070 -1.384713 -0.598832
v 0.550880 -1.384515 -0.599746
v 0.544631 -1.382991 -0.603599
v 0.543566 -1.382890 -0.603389
v 0.539338 -1.383608 -0.606534
v 0.532769 -1.381943 -0.610803
v 0.531710 -1.381868 -0.610578
v 0.527427 -1.382637 -0.613281
v 0.527158 -1.382409 -0.614309
v 0.520257 -1.380834 -0.618023
v 0.515629 -1.381486 -0.620952
v 0.508405 -1.379831 -0.625215
v 0.503754 -1.380538 -0.628065
v 0.496097 -1.378769 -0.631983
v 0.497115 -1.378812 -0.632206
v 0.491777 -1.379539 -0.634618
v 0.491533 -1.379323 -0.635586
v 0.484588 -1.377768 -0.639338
v 0.479852 -1.378515 -0.641651
v 0.479564 -1.378308 -0.642687
v 0.472614 -1.376725 -0.646306
v 0.467915 -1.377506 -0.648677
v 0.467627 -1.377288 -0.649656
v 0.460677 -1.375751 -0.653353
v 0.456044 -1.376445 -0.656060
v 0.449401 -1.374788 -0.660260
v 0.448351 -1.374711 -0.660000
v 0.444060 -1.375385 -0.663105
v 0.436796 -1.373757 -0.667275
v 0.432028 -1.374496 -0.669538
v 0.424868 -1.372755 -0.674218
v 0.431842 -1.374295 -0.670423
v 0.420052 -1.373507 -0.676475
v 0.419821 -1.373304 -0.677433
v 0.412866 -1.371773 -0.681120
v 0.408137 -1.372466 -0.683945
v 0.400427 -1.370748 -0.687708
v 0.401375 -1.370775 -0.687951
v 0.396133 -1.371461 -0.690849
v 0.389354 -1.369849 -0.694831
v 0.388430 -1.369778 -0.694587
v 0.384122 -1.370500 -0.697666
v 0.377391 -1.368896 -0.701725
v 0.376417 -1.368828 -0.701449
v 0.372122 -1.369511 -0.704529
v 0.364865 -1.367873 -0.708661
v 0.360069 -1.368667 -0.710896
v 0.359777 -1.368443 -0.711896
v 0.352761 -1.366915 -0.715442
v 0.348107 -1.367625 -0.718163
v 0.340758 -1.366010 -0.722304
v 0.336051 -1.366729 -0.725079
v 0.328725 -1.365016 -0.729056
v 0.324009 -1.365810 -0.731848
v 0.317222 -1.364162 -0.735767
v 0.316248 -1.364129 -0.735506
v 0.304536 -1.363250 -0.742529
v 0.311911 -1.364817 -0.738589
v 0.299830 -1.363933 -0.745242
v 0.292447 -1.362346 -0.749177
v 0.287682 -1.363103 -0.751755
v 0.280351 -1.361437 -0.755748
v 0.275495 -1.362165 -0.758442
v 0.267976 -1.360582 -0.762178
v 0.263254 -1.361342 -0.764785
v 0.256499 -1.359800 -0.768618
v 0.255395 -1.359709 -0.768326
v 0.250986 -1.360495 -0.771168
v 0.243478 -1.358881 -0.774917
v 0.238601 -1.359700 -0.777432
v 0.231610 -1.358088 -0.781001
v 0.230658 -1.358081 -0.780703
v 0.226172 -1.358881 -0.783381
v 0.219201 -1.357345 -0.786946
v 0.218186 -1.357307 -0.786627
v 0.206547 -1.356598 -0.792686
v 0.213635 -1.358039 -0.789308
v 0.205573 -1.356540 -0.792323
v 0.200995 -1.357440 -0.794454
v 0.200572 -1.357185 -0.795448
v 0.193246 -1.355826 -0.798178
v 0.188300 -1.356573 -0.800427
v 0.180509 -1.355183 -0.803517
v 0.175447 -1.356059 -0.805041
v 0.175082 -1.355822 -0.805903
v 0.167596 -1.354524 -0.808521
v 0.162491 -1.355349 -0.810491
v 0.155173 -1.353885 -0.813210
v 0.154213 -1.353890 -0.812804
v 0.149485 -1.354766 -0.814980
v 0.142160 -1.353302 -0.817698
v 0.141112 -1.353284 -0.817212
v 0.136267 -1.354202 -0.819331
v 0.128192 -1.352741 -0.821528
v 0.123059 -1.353752 -0.822641
v 0.122645 -1.353576 -0.823409
v 0.114874 -1.352292 -0.825272
v 0.109609 -1.353243 -0.826650
v 0.101077 -1.351885 -0.828030
v 0.101936 -1.351878 -0.828556
v 0.096081 -1.352775 -0.829645
v 0.087905 -1.351532 -0.831267
v 0.082647 -1.352579 -0.831802
v 0.082012 -1.352356 -0.832663
v 0.074186 -1.351172 -0.833556
v 0.069029 -1.352266 -0.834043
v 0.068374 -1.352043 -0.834851
v 0.060511 -1.351040 -0.835331
v 0.055306 -1.352124 -0.835463
v 0.054686 -1.351943 -0.836194
v 0.046492 -1.350902 -0.836155
v 0.047316 -1.350787 -0.836797
v 0.041537 -1.352014 -0.836491
v 0.040842 -1.351830 -0.837229
v 0.033389 -1.350827 -0.837490
v 0.032751 -1.350812 -0.836855
v 0.019124 -1.350710 -0.837526
v 0.027636 -1.351851 -0.837629
v 0.013715 -1.351845 -0.837408
v 0.005144 -1.350821 -0.836453
v 0.005826 -1.350817 -0.837152
v -0.000063 -1.351902 -0.836868
v -0.008499 -1.350915 -0.835850
v -0.013578 -1.352155 -0.835004
v -0.014297 -1.352019 -0.835603
v -0.022205 -1.351069 -0.834330
v -0.027290 -1.352359 -0.833221
v -0.028133 -1.352136 -0.833803
v -0.035896 -1.351402 -0.832222
v -0.040904 -1.352666 -0.830907
v -0.041743 -1.352475 -0.831445
v -0.048926 -1.351642 -0.830019
v -0.049583 -1.351674 -0.829120
v -0.054740 -1.352933 -0.828504
v -0.062885 -1.352050 -0.826582
v -0.067884 -1.353355 -0.824891
v -0.068701 -1.353229 -0.825375
v -0.075938 -1.352481 -0.823482
v -0.076436 -1.352506 -0.822550
v -0.081204 -1.353796 -0.821281
v -0.082235 -1.353654 -0.821798
v -0.089731 -1.352921 -0.818709
v -0.089267 -1.352883 -0.819576
v -0.094784 -1.354136 -0.817641
v -0.102851 -1.353412 -0.814952
v -0.107556 -1.354766 -0.812833
v -0.108594 -1.354601 -0.813266
v -0.115877 -1.353938 -0.809744
v -0.115501 -1.353914 -0.810589
v -0.120871 -1.355233 -0.808453
v -0.128737 -1.354500 -0.805400
v -0.141292 -1.355062 -0.800621
v -0.133815 -1.355803 -0.803456
v -0.141647 -1.355110 -0.799699
v -0.146554 -1.356404 -0.798148
v -0.154327 -1.355715 -0.794803
v -0.158906 -1.357066 -0.792347
v -0.159918 -1.356915 -0.792692
v -0.166992 -1.356353 -0.789153
v -0.171870 -1.357710 -0.786920
v -0.179479 -1.356937 -0.783288
v -0.183967 -1.358382 -0.780680
v -0.185017 -1.358262 -0.781021
v -0.191968 -1.357652 -0.777245
v -0.196414 -1.359065 -0.774651
v -0.197306 -1.358963 -0.774958
v -0.203961 -1.358353 -0.771695
v -0.204341 -1.358360 -0.770620
v -0.209113 -1.359702 -0.768781
v -0.216702 -1.359028 -0.765021
v -0.221505 -1.360369 -0.762531
v -0.229015 -1.359765 -0.758662
v -0.233407 -1.361192 -0.755874
v -0.234388 -1.361080 -0.756177
v -0.241278 -1.360487 -0.752163
v -0.246072 -1.361890 -0.749786
v -0.253483 -1.361179 -0.745795
v -0.257852 -1.362641 -0.742975
v -0.258805 -1.362545 -0.743286
v -0.265721 -1.361949 -0.739211
v -0.270481 -1.363358 -0.736831
v -0.277893 -1.362702 -0.732729
v -0.282592 -1.364116 -0.730226
v -0.290061 -1.363476 -0.726318
v -0.294804 -1.364926 -0.723734
v -0.301850 -1.364235 -0.720183
v -0.302238 -1.364275 -0.719164
v -0.307053 -1.365656 -0.717202
v -0.314426 -1.365035 -0.713073
v -0.318770 -1.366491 -0.710316
v -0.319822 -1.366371 -0.710593
v -0.326636 -1.365832 -0.706458
v -0.330940 -1.367285 -0.703770
v -0.331891 -1.367162 -0.704041
v -0.338780 -1.366659 -0.700102
v -0.343133 -1.368088 -0.697244
v -0.344146 -1.368013 -0.697521
v -0.350991 -1.367419 -0.693483
v -0.355308 -1.368900 -0.690714
v -0.356295 -1.368777 -0.690983
v -0.363182 -1.368294 -0.687025
v -0.367953 -1.369717 -0.684541
v -0.375005 -1.369061 -0.680965
v -0.375350 -1.369099 -0.679992
v -0.379710 -1.370550 -0.677703
v -0.380629 -1.370432 -0.677992
v -0.387612 -1.369950 -0.674015
v -0.391933 -1.371386 -0.671218
v -0.392921 -1.371289 -0.671517
v -0.399825 -1.370752 -0.667446
v -0.404597 -1.372186 -0.665080
v -0.412022 -1.371591 -0.660982
v -0.416374 -1.373075 -0.658256
v -0.417399 -1.372963 -0.658535
v -0.424235 -1.372449 -0.654521
v -0.428596 -1.373917 -0.651778
v -0.429595 -1.373810 -0.652061
v -0.436122 -1.373328 -0.648511
v -0.436436 -1.373318 -0.647578
v -0.441226 -1.374779 -0.645625
v -0.448344 -1.374148 -0.642056
v -0.448656 -1.374187 -0.641080
v -0.453438 -1.375630 -0.639145
v -0.460924 -1.374996 -0.635062
v -0.465257 -1.376510 -0.632317
v -0.466273 -1.376413 -0.632597
v -0.473131 -1.375907 -0.628560
v -0.485353 -1.376737 -0.622063
v -0.477896 -1.377375 -0.626128
v -0.490104 -1.378259 -0.619616
v -0.497516 -1.377603 -0.615581
v -0.501863 -1.379120 -0.612743
v -0.502856 -1.379001 -0.612997
v -0.509723 -1.378554 -0.609014
v -0.514056 -1.380003 -0.606157
v -0.514841 -1.379915 -0.606442
v -0.521482 -1.379395 -0.602958
v -0.521870 -1.379410 -0.601898
v -0.526586 -1.380789 -0.599854
v -0.534068 -1.380295 -0.595782
v -0.538698 -1.381724 -0.593182
v -0.545782 -1.381153 -0.589603
v -0.546149 -1.381154 -0.588570
v -0.550887 -1.382599 -0.586504
v -0.558293 -1.381997 -0.582434
v -0.563280 -1.383483 -0.579705
v -0.578368 -1.383495 -0.570952
v 0.597888 -1.404363 -0.571146
v 0.590824 -1.402626 -0.575662
v 0.586160 -1.403290 -0.578579
v 0.579012 -1.401610 -0.583016
v 0.574303 -1.402351 -0.585443
v 0.574045 -1.402108 -0.586424
v 0.567219 -1.400580 -0.590334
v 0.562569 -1.401219 -0.593323
v 0.555319 -1.399517 -0.597531
v 0.550770 -1.400234 -0.600564
v 0.543561 -1.398437 -0.604798
v 0.538868 -1.399247 -0.607214
v 0.538656 -1.399021 -0.608162
v 0.531776 -1.397466 -0.612028
v 0.527030 -1.398228 -0.614413
v 0.526721 -1.397933 -0.615430
v 0.519928 -1.396439 -0.619191
v 0.515213 -1.397053 -0.622051
v 0.508054 -1.395393 -0.626297
v 0.503319 -1.396047 -0.629141
v 0.496098 -1.394371 -0.633380
v 0.491337 -1.395121 -0.635698
v 0.491045 -1.394911 -0.636753
v 0.484090 -1.393313 -0.640379
v 0.479419 -1.394096 -0.642752
v 0.479205 -1.393926 -0.643637
v 0.472356 -1.392321 -0.647457
v 0.467577 -1.393048 -0.650251
v 0.460881 -1.391339 -0.654358
v 0.459868 -1.391292 -0.654112
v 0.455531 -1.392079 -0.656718
v 0.455262 -1.391861 -0.657737
v 0.448240 -1.390293 -0.661355
v 0.443584 -1.391072 -0.663696
v 0.443428 -1.390905 -0.664549
v 0.437063 -1.389372 -0.668266
v 0.435951 -1.389294 -0.668035
v 0.431665 -1.389978 -0.671255
v 0.424313 -1.388299 -0.675241
v 0.419714 -1.389014 -0.678023
v 0.412494 -1.387305 -0.682223
v 0.407676 -1.388103 -0.684512
v 0.407394 -1.387876 -0.685516
v 0.400941 -1.386389 -0.689078
v 0.400047 -1.386321 -0.688830
v 0.395746 -1.387035 -0.691995
v 0.388407 -1.385358 -0.695976
v 0.383734 -1.386121 -0.698843
v 0.376057 -1.384400 -0.702602
v 0.376986 -1.384437 -0.702870
v 0.371714 -1.385201 -0.705188
v 0.371447 -1.384991 -0.706126
v 0.364566 -1.383427 -0.709816
v 0.359718 -1.384234 -0.712072
v 0.359473 -1.384055 -0.712981
v 0.353064 -1.382544 -0.716615
v 0.352068 -1.382496 -0.716353
v 0.341055 -1.381613 -0.723438
v 0.347750 -1.383223 -0.719402
v 0.340052 -1.381559 -0.723191
v 0.335744 -1.382278 -0.726194
v 0.328510 -1.380616 -0.730329
v 0.323650 -1.381436 -0.732538
v 0.323371 -1.381221 -0.733527
v 0.316893 -1.379747 -0.737015
v 0.315965 -1.379691 -0.736771
v 0.311658 -1.380480 -0.739809
v 0.304258 -1.378755 -0.743759
v 0.299496 -1.379611 -0.745989
v 0.299192 -1.379368 -0.746979
v 0.292137 -1.377908 -0.750441
v 0.287420 -1.378671 -0.753113
v 0.279985 -1.376973 -0.756991
v 0.275255 -1.377792 -0.759608
v 0.268514 -1.376199 -0.763480
v 0.267394 -1.376148 -0.763196
v 0.263032 -1.376910 -0.766097
v 0.256271 -1.375356 -0.769927
v 0.255186 -1.375283 -0.769660
v 0.250730 -1.376128 -0.772059
v 0.250387 -1.375895 -0.773068
v 0.243200 -1.374466 -0.776195
v 0.238445 -1.375210 -0.778719
v 0.230944 -1.373671 -0.782472
v 0.225964 -1.374452 -0.784905
v 0.218910 -1.372905 -0.788360
v 0.218034 -1.372893 -0.788026
v 0.213516 -1.373665 -0.790674
v 0.206573 -1.372146 -0.794130
v 0.205439 -1.372105 -0.793776
v 0.200867 -1.372925 -0.796404
v 0.193712 -1.371394 -0.799627
v 0.192782 -1.371384 -0.799275
v 0.188208 -1.372142 -0.801900
v 0.180389 -1.370709 -0.804923
v 0.175344 -1.371598 -0.806484
v 0.175026 -1.371391 -0.807334
v 0.167515 -1.370041 -0.809978
v 0.162442 -1.370940 -0.811482
v 0.154409 -1.369393 -0.814574
v 0.161949 -1.370720 -0.812420
v 0.149389 -1.370289 -0.816438
v 0.142043 -1.368870 -0.819252
v 0.141031 -1.368842 -0.818737
v 0.136186 -1.369758 -0.820832
v 0.128144 -1.368270 -0.823022
v 0.122978 -1.369156 -0.824696
v 0.114809 -1.367856 -0.826811
v 0.109523 -1.368714 -0.828125
v 0.101367 -1.367452 -0.829937
v 0.096198 -1.368461 -0.830771
v 0.095697 -1.368264 -0.831552
v 0.087845 -1.367059 -0.832711
v 0.082616 -1.368131 -0.833265
v 0.074199 -1.366774 -0.835083
v 0.082018 -1.367921 -0.834083
v 0.068843 -1.367738 -0.835965
v 0.060511 -1.366584 -0.836804
v 0.055126 -1.367567 -0.837527
v 0.046500 -1.366408 -0.837721
v 0.047243 -1.366382 -0.838377
v 0.033686 -1.366307 -0.839050
v 0.041386 -1.367465 -0.838498
v 0.032758 -1.366306 -0.838311
v 0.027794 -1.367439 -0.838665
v 0.027237 -1.367255 -0.839326
v 0.019801 -1.366274 -0.839350
v 0.018940 -1.366290 -0.838502
v 0.013803 -1.367392 -0.838825
v 0.005950 -1.366339 -0.838727
v 0.005174 -1.366355 -0.837939
v 0.000199 -1.367554 -0.837837
v -0.008439 -1.366498 -0.837294
v -0.000587 -1.367355 -0.838470
v -0.013807 -1.367654 -0.836808
v -0.022140 -1.366625 -0.835701
v -0.027553 -1.367848 -0.835024
v -0.035794 -1.366928 -0.833400
v -0.040811 -1.368223 -0.832158
v -0.041648 -1.368056 -0.832746
v -0.048944 -1.367248 -0.831282
v -0.049524 -1.367255 -0.830408
v -0.054592 -1.368493 -0.829678
v -0.062260 -1.367630 -0.828107
v -0.062929 -1.367646 -0.827157
v -0.068028 -1.368878 -0.826483
v -0.076259 -1.368024 -0.824209
v -0.081067 -1.369367 -0.822357
v -0.081944 -1.369256 -0.822841
v -0.088995 -1.368471 -0.820676
v -0.089534 -1.368505 -0.819769
v -0.094607 -1.369781 -0.818764
v -0.102601 -1.368980 -0.816036
v -0.107729 -1.370306 -0.814247
v -0.115674 -1.369535 -0.810843
v -0.115228 -1.369495 -0.811732
v -0.120678 -1.370827 -0.809499
v -0.128553 -1.370060 -0.806435
v -0.133217 -1.371448 -0.804137
v -0.134257 -1.371296 -0.804546
v -0.141457 -1.370656 -0.801189
v -0.146434 -1.371988 -0.799242
v -0.154097 -1.371269 -0.795658
v -0.158648 -1.372668 -0.793332
v -0.159526 -1.372557 -0.793675
v -0.166297 -1.371913 -0.790623
v -0.166714 -1.371923 -0.789592
v -0.171595 -1.373219 -0.787883
v -0.179231 -1.372592 -0.784284
v -0.183733 -1.373968 -0.781696
v -0.184711 -1.373887 -0.782009
v -0.191278 -1.373230 -0.778682
v -0.191662 -1.373253 -0.777693
v -0.196106 -1.374644 -0.775557
v -0.197035 -1.374535 -0.775889
v -0.204034 -1.373912 -0.772052
v -0.208830 -1.375267 -0.769678
v -0.216405 -1.374658 -0.765778
v -0.220768 -1.376056 -0.763080
v -0.228696 -1.375354 -0.759380
v -0.221789 -1.375936 -0.763386
v -0.233404 -1.376701 -0.757025
v -0.240913 -1.376114 -0.753056
v -0.245264 -1.377499 -0.750290
v -0.246296 -1.377391 -0.750587
v -0.253113 -1.376794 -0.746571
v -0.257865 -1.378245 -0.744129
v -0.264975 -1.377550 -0.740527
v -0.265283 -1.377576 -0.739573
v -0.269645 -1.378991 -0.737277
v -0.270645 -1.378870 -0.737575
v -0.277496 -1.378344 -0.733561
v -0.281823 -1.379751 -0.730735
v -0.282779 -1.379653 -0.731047
v -0.289661 -1.379085 -0.726948
v -0.294413 -1.380511 -0.724524
v -0.301465 -1.379849 -0.720893
v -0.301802 -1.379877 -0.719945
v -0.306605 -1.381305 -0.717960
v -0.313700 -1.380609 -0.714255
v -0.313945 -1.380651 -0.713369
v -0.318724 -1.382013 -0.711395
v -0.326159 -1.381473 -0.707336
v -0.330486 -1.382882 -0.704520
v -0.331468 -1.382780 -0.704810
v -0.338335 -1.382237 -0.700718
v -0.343035 -1.383620 -0.698281
v -0.350509 -1.383071 -0.694271
v -0.354841 -1.384508 -0.691434
v -0.355659 -1.384421 -0.691726
v -0.362702 -1.383857 -0.687796
v -0.367490 -1.385318 -0.685271
v -0.374867 -1.384703 -0.680765
v -0.374636 -1.384675 -0.681611
v -0.379230 -1.386153 -0.678416
v -0.380138 -1.386036 -0.678714
v -0.387105 -1.385537 -0.674738
v -0.391440 -1.386984 -0.671925
v -0.392369 -1.386853 -0.672201
v -0.398881 -1.386394 -0.668768
v -0.399273 -1.386363 -0.667713
v -0.404006 -1.387789 -0.665730
v -0.411146 -1.387218 -0.662241
v -0.411485 -1.387207 -0.661236
v -0.416211 -1.388637 -0.659245
v -0.423731 -1.388049 -0.655312
v -0.428072 -1.389519 -0.652463
v -0.429022 -1.389400 -0.652749
v -0.435989 -1.388941 -0.648773
v -0.440699 -1.390360 -0.646329
v -0.448153 -1.389739 -0.642332
v -0.452526 -1.391244 -0.639517
v -0.453536 -1.391148 -0.639791
v -0.460413 -1.390628 -0.635740
v -0.464733 -1.392112 -0.633018
v -0.465683 -1.392036 -0.633315
v -0.472255 -1.391492 -0.629779
v -0.472587 -1.391519 -0.628820
v -0.477410 -1.392926 -0.626881
v -0.484781 -1.392385 -0.622289
v -0.484503 -1.392362 -0.623199
v -0.489159 -1.393846 -0.619996
v -0.490112 -1.393739 -0.620284
v -0.497047 -1.393268 -0.616289
v -0.501356 -1.394718 -0.613470
v -0.502330 -1.394590 -0.613738
v -0.509260 -1.394147 -0.609720
v -0.513993 -1.395594 -0.607230
v -0.521411 -1.394957 -0.603131
v -0.526091 -1.396424 -0.600612
v -0.533206 -1.395878 -0.597028
v -0.533529 -1.395881 -0.596012
v -0.538226 -1.397305 -0.593973
v -0.545350 -1.396747 -0.590403
v -0.545693 -1.396749 -0.589386
v -0.550032 -1.398207 -0.587027
v -0.551089 -1.398117 -0.587289
v -0.557850 -1.397603 -0.583099
v -0.562216 -1.399084 -0.580259
v -0.563675 -1.399089 -0.580238
v -0.577071 -1.399050 -0.572744
v -0.577954 -1.399069 -0.571331
v 0.596693 -1.388949 -0.567586
v 0.589947 -1.387339 -0.571413
v 0.589637 -1.387163 -0.572501
v 0.585366 -1.387945 -0.575253
v 0.584365 -1.387816 -0.575009
v 0.577889 -1.386127 -0.579865
v 0.578066 -1.386237 -0.579008
v 0.573627 -1.386895 -0.582609
v 0.572663 -1.386757 -0.582379
v 0.566074 -1.385158 -0.586651
v 0.561459 -1.385795 -0.589624
v 0.554289 -1.384128 -0.593958
v 0.549690 -1.384767 -0.596943
v 0.542474 -1.383037 -0.601265
v 0.538269 -1.383760 -0.604455
v 0.537352 -1.383601 -0.604209
v 0.530667 -1.382034 -0.608463
v 0.526428 -1.382728 -0.611654
v 0.525451 -1.382593 -0.611392
v 0.518837 -1.380947 -0.615690
v 0.514562 -1.381692 -0.618802
v 0.513668 -1.381556 -0.618573
v 0.506971 -1.379939 -0.622685
v 0.502703 -1.380666 -0.625927
v 0.501786 -1.380511 -0.625671
v 0.495048 -1.378921 -0.629877
v 0.490393 -1.379584 -0.632682
v 0.483136 -1.377907 -0.636928
v 0.478886 -1.378610 -0.640019
v 0.477870 -1.378474 -0.639770
v 0.471604 -1.376925 -0.643425
v 0.471284 -1.376806 -0.644427
v 0.459294 -1.375803 -0.650943
v 0.466517 -1.377580 -0.646696
v 0.454619 -1.376530 -0.653695
v 0.447342 -1.374864 -0.657832
v 0.443041 -1.375583 -0.660966
v 0.442002 -1.375423 -0.660698
v 0.435358 -1.373871 -0.664832
v 0.430694 -1.374529 -0.667602
v 0.423388 -1.372873 -0.671735
v 0.419093 -1.373598 -0.674831
v 0.418245 -1.373447 -0.674549
v 0.411409 -1.371908 -0.678655
v 0.406781 -1.372588 -0.681463
v 0.399424 -1.370891 -0.685543
v 0.394673 -1.371612 -0.688280
v 0.387433 -1.369899 -0.692531
v 0.382724 -1.370689 -0.695185
v 0.375768 -1.369025 -0.698871
v 0.375490 -1.368911 -0.699825
v 0.370748 -1.369700 -0.702088
v 0.363435 -1.368005 -0.706123
v 0.358714 -1.368780 -0.708928
v 0.351401 -1.367023 -0.713049
v 0.346648 -1.367833 -0.715743
v 0.339385 -1.366109 -0.719824
v 0.334688 -1.366838 -0.722570
v 0.327318 -1.365234 -0.726625
v 0.322646 -1.365958 -0.729375
v 0.315713 -1.364419 -0.732807
v 0.315331 -1.364228 -0.733888
v 0.310562 -1.365065 -0.736061
v 0.303210 -1.363360 -0.740063
v 0.298850 -1.364159 -0.743059
v 0.297858 -1.364007 -0.742803
v 0.291079 -1.362536 -0.746684
v 0.286319 -1.363285 -0.749326
v 0.278932 -1.361573 -0.753255
v 0.274184 -1.362383 -0.755927
v 0.267136 -1.360864 -0.759204
v 0.266752 -1.360693 -0.760237
v 0.261951 -1.361512 -0.762348
v 0.254906 -1.360029 -0.765641
v 0.254520 -1.359853 -0.766652
v 0.250066 -1.360708 -0.769022
v 0.249209 -1.360561 -0.768710
v 0.242183 -1.359102 -0.772336
v 0.237722 -1.359872 -0.775178
v 0.236821 -1.359789 -0.774860
v 0.230246 -1.358394 -0.777992
v 0.229844 -1.358209 -0.778999
v 0.224921 -1.359034 -0.780877
v 0.217339 -1.357525 -0.784395
v 0.212835 -1.358326 -0.787085
v 0.211866 -1.358237 -0.786713
v 0.204771 -1.356745 -0.790184
v 0.200233 -1.357585 -0.792715
v 0.199251 -1.357481 -0.792358
v 0.192494 -1.356071 -0.795263
v 0.192161 -1.355968 -0.796136
v 0.187209 -1.356908 -0.797820
v 0.179849 -1.355395 -0.800470
v 0.179417 -1.355267 -0.801379
v 0.174420 -1.356143 -0.802911
v 0.166568 -1.354694 -0.805845
v 0.161890 -1.355560 -0.808179
v 0.161034 -1.355466 -0.807756
v 0.153630 -1.354078 -0.810457
v 0.148876 -1.354954 -0.812755
v 0.147949 -1.354852 -0.812308
v 0.140534 -1.353472 -0.815445
v 0.140914 -1.353599 -0.814649
v 0.135453 -1.354345 -0.816572
v 0.127420 -1.353017 -0.818807
v 0.122263 -1.353933 -0.820405
v 0.114067 -1.352467 -0.822991
v 0.114592 -1.352576 -0.822177
v 0.108930 -1.353463 -0.823886
v 0.100813 -1.352142 -0.825660
v 0.095823 -1.353092 -0.827320
v 0.094897 -1.353030 -0.826711
v 0.087294 -1.351753 -0.828549
v 0.082044 -1.352747 -0.829551
v 0.074275 -1.351576 -0.830527
v 0.073664 -1.351440 -0.831313
v 0.068541 -1.352510 -0.831817
v 0.060835 -1.351317 -0.832155
v 0.060058 -1.351179 -0.833004
v 0.055107 -1.352276 -0.833561
v 0.054369 -1.352221 -0.832931
v 0.046570 -1.351076 -0.833806
v 0.041230 -1.352104 -0.834153
v 0.033417 -1.351021 -0.834211
v 0.032657 -1.350904 -0.834991
v 0.027688 -1.352021 -0.835263
v 0.026881 -1.351945 -0.834595
v 0.019224 -1.351013 -0.834628
v 0.013813 -1.352054 -0.834496
v 0.005443 -1.351058 -0.834110
v 0.000250 -1.352159 -0.834492
v -0.000380 -1.352051 -0.833699
v -0.008197 -1.351170 -0.833085
v -0.013387 -1.352299 -0.833117
v -0.014054 -1.352234 -0.832307
v -0.022097 -1.351308 -0.831920
v -0.021375 -1.351395 -0.831381
v -0.027142 -1.352571 -0.830810
v -0.035440 -1.351543 -0.829454
v -0.040569 -1.352788 -0.829040
v -0.041141 -1.352738 -0.828208
v -0.049199 -1.351855 -0.827286
v -0.048377 -1.351945 -0.826778
v -0.054022 -1.353090 -0.826297
v -0.054498 -1.353020 -0.825442
v -0.062288 -1.352255 -0.823748
v -0.067493 -1.353478 -0.822507
v -0.075660 -1.352593 -0.820418
v -0.080778 -1.353872 -0.818943
v -0.088818 -1.353072 -0.816552
v -0.093952 -1.354402 -0.814892
v -0.102241 -1.353509 -0.812656
v -0.101361 -1.353555 -0.812263
v -0.106938 -1.354816 -0.810555
v -0.114848 -1.354133 -0.807611
v -0.119872 -1.355411 -0.806336
v -0.120246 -1.355360 -0.805477
v -0.127631 -1.354631 -0.802652
v -0.132715 -1.355966 -0.800840
v -0.139988 -1.355247 -0.797604
v -0.140905 -1.355185 -0.797980
v -0.145453 -1.356546 -0.796065
v -0.145826 -1.356469 -0.795105
v -0.153261 -1.355796 -0.792223
v -0.158127 -1.357136 -0.790121
v -0.165767 -1.356482 -0.786564
v -0.170634 -1.357805 -0.784392
v -0.178300 -1.357102 -0.780687
v -0.183167 -1.358480 -0.778988
v -0.183482 -1.358376 -0.778069
v -0.190718 -1.357792 -0.774723
v -0.195527 -1.359144 -0.772401
v -0.203205 -1.358451 -0.768672
v -0.207935 -1.359833 -0.766783
v -0.208283 -1.359776 -0.765780
v -0.215534 -1.359129 -0.762455
v -0.220195 -1.360472 -0.760036
v -0.227780 -1.359893 -0.756111
v -0.232516 -1.361241 -0.754197
v -0.239424 -1.360602 -0.749761
v -0.232868 -1.361164 -0.753148
v -0.240365 -1.360547 -0.750032
v -0.244747 -1.361984 -0.747770
v -0.245077 -1.361906 -0.746755
v -0.252589 -1.361301 -0.743585
v -0.251736 -1.361322 -0.743321
v -0.256965 -1.362707 -0.741318
v -0.257230 -1.362640 -0.740375
v -0.264303 -1.362080 -0.736762
v -0.269154 -1.363452 -0.734801
v -0.269388 -1.363365 -0.733903
v -0.276578 -1.362843 -0.730250
v -0.281287 -1.364170 -0.727794
v -0.288719 -1.363604 -0.723706
v -0.293518 -1.364965 -0.721729
v -0.293869 -1.364928 -0.720681
v -0.300923 -1.364335 -0.717224
v -0.305685 -1.365760 -0.715178
v -0.305954 -1.365666 -0.714257
v -0.313130 -1.365160 -0.710622
v -0.317864 -1.366545 -0.708642
v -0.318182 -1.366477 -0.707632
v -0.325293 -1.365912 -0.704128
v -0.329995 -1.367327 -0.701510
v -0.336978 -1.366725 -0.697591
v -0.337873 -1.366710 -0.697866
v -0.342176 -1.368147 -0.695109
v -0.348944 -1.367548 -0.691094
v -0.350053 -1.367504 -0.691358
v -0.354368 -1.368926 -0.688452
v -0.361897 -1.368342 -0.684558
v -0.366589 -1.369759 -0.682020
v -0.373378 -1.369180 -0.678059
v -0.374461 -1.369151 -0.678337
v -0.378776 -1.370560 -0.675470
v -0.386283 -1.369987 -0.671533
v -0.390997 -1.371378 -0.669020
v -0.398490 -1.370864 -0.665010
v -0.403214 -1.372219 -0.662517
v -0.410688 -1.371700 -0.658535
v -0.415470 -1.373116 -0.656570
v -0.415756 -1.373056 -0.655636
v -0.422821 -1.372518 -0.652040
v -0.427637 -1.373957 -0.649556
v -0.435177 -1.373377 -0.645622
v -0.439868 -1.374808 -0.643170
v -0.447302 -1.374239 -0.639071
v -0.452083 -1.375710 -0.636603
v -0.459579 -1.375070 -0.632636
v -0.464314 -1.376545 -0.630173
v -0.471118 -1.375997 -0.626162
v -0.472202 -1.375956 -0.626438
v -0.476563 -1.377422 -0.624132
v -0.476831 -1.377373 -0.623233
v -0.483921 -1.376842 -0.619575
v -0.488774 -1.378292 -0.617600
v -0.489053 -1.378209 -0.616672
v -0.495574 -1.377758 -0.613108
v -0.496605 -1.377714 -0.613375
v -0.500928 -1.379131 -0.610538
v -0.508344 -1.378614 -0.606493
v -0.513089 -1.380023 -0.603912
v -0.520582 -1.379462 -0.599946
v -0.525246 -1.380921 -0.597427
v -0.532059 -1.380373 -0.593312
v -0.533098 -1.380336 -0.593588
v -0.537373 -1.381781 -0.590795
v -0.544728 -1.381228 -0.586587
v -0.549562 -1.382671 -0.584552
v -0.549798 -1.382628 -0.583659
v -0.556288 -1.382106 -0.579937
v -0.557331 -1.382085 -0.580213
v -0.561732 -1.383545 -0.577794
v -0.562440 -1.383593 -0.576619
v -0.575749 -1.383589 -0.568921
v -0.577451 -1.383550 -0.568839
v 0.596388 -1.404533 -0.568843
v 0.589611 -1.402900 -0.572704
v 0.589328 -1.402727 -0.573769
v 0.585063 -1.403515 -0.576525
v 0.584143 -1.403396 -0.576277
v 0.577798 -1.401826 -0.580127
v 0.577569 -1.401695 -0.581114
v 0.572906 -1.402403 -0.583546
v 0.565711 -1.400724 -0.587920
v 0.561132 -1.401368 -0.590815
v 0.553932 -1.399704 -0.595140
v 0.549707 -1.400385 -0.598384
v 0.548752 -1.400226 -0.598160
v 0.542111 -1.398656 -0.602407
v 0.537873 -1.399352 -0.605599
v 0.536824 -1.399204 -0.605352
v 0.530334 -1.397531 -0.610127
v 0.530554 -1.397662 -0.609221
v 0.525662 -1.398268 -0.612515
v 0.518769 -1.396643 -0.616241
v 0.518490 -1.396495 -0.617272
v 0.513744 -1.397277 -0.619604
v 0.506543 -1.395479 -0.623910
v 0.501828 -1.396241 -0.626682
v 0.494983 -1.394537 -0.630494
v 0.494703 -1.394432 -0.631438
v 0.489927 -1.395207 -0.633751
v 0.483093 -1.393522 -0.637517
v 0.482805 -1.393402 -0.638507
v 0.478029 -1.394186 -0.640787
v 0.470817 -1.392403 -0.645012
v 0.466505 -1.393183 -0.648102
v 0.465543 -1.393035 -0.647833
v 0.458860 -1.391419 -0.652067
v 0.454565 -1.392162 -0.655075
v 0.453620 -1.392020 -0.654829
v 0.446892 -1.390458 -0.658952
v 0.442248 -1.391128 -0.661766
v 0.434967 -1.389439 -0.665827
v 0.430280 -1.390099 -0.668683
v 0.422991 -1.388477 -0.672814
v 0.418688 -1.389175 -0.675927
v 0.417717 -1.389050 -0.675640
v 0.411017 -1.387446 -0.679820
v 0.406709 -1.388193 -0.682842
v 0.405720 -1.388037 -0.682601
v 0.399412 -1.386598 -0.686180
v 0.399098 -1.386423 -0.687197
v 0.394360 -1.387199 -0.689472
v 0.387449 -1.385616 -0.693034
v 0.387110 -1.385453 -0.694091
v 0.382328 -1.386262 -0.696330
v 0.375067 -1.384523 -0.700542
v 0.370771 -1.385301 -0.703550
v 0.369839 -1.385181 -0.703296
v 0.363086 -1.383601 -0.707279
v 0.358348 -1.384291 -0.710107
v 0.351468 -1.382762 -0.713689
v 0.351129 -1.382593 -0.714710
v 0.346299 -1.383414 -0.716943
v 0.339085 -1.381681 -0.721025
v 0.334378 -1.382414 -0.723769
v 0.327009 -1.380827 -0.727862
v 0.322327 -1.381527 -0.730588
v 0.315373 -1.379959 -0.734105
v 0.315051 -1.379815 -0.735132
v 0.310327 -1.380578 -0.737336
v 0.302933 -1.379003 -0.741263
v 0.298574 -1.379733 -0.744326
v 0.297666 -1.379620 -0.744064
v 0.291221 -1.378177 -0.747448
v 0.290856 -1.378008 -0.748483
v 0.285970 -1.378811 -0.750579
v 0.278679 -1.377199 -0.754577
v 0.274293 -1.377976 -0.757494
v 0.273258 -1.377852 -0.757203
v 0.266481 -1.376311 -0.761113
v 0.261739 -1.377105 -0.763674
v 0.254645 -1.375571 -0.766990
v 0.254315 -1.375417 -0.767997
v 0.249472 -1.376285 -0.770016
v 0.241995 -1.374601 -0.773734
v 0.237160 -1.375429 -0.776248
v 0.229661 -1.373853 -0.779859
v 0.225165 -1.374657 -0.782637
v 0.224153 -1.374543 -0.782261
v 0.217158 -1.373051 -0.785885
v 0.212675 -1.373882 -0.788512
v 0.211719 -1.373814 -0.788159
v 0.204701 -1.372290 -0.791568
v 0.199734 -1.373105 -0.793784
v 0.191994 -1.371633 -0.797058
v 0.187073 -1.372376 -0.799291
v 0.179314 -1.370943 -0.802268
v 0.174341 -1.371761 -0.804394
v 0.166463 -1.370249 -0.807316
v 0.161801 -1.371129 -0.809684
v 0.160840 -1.371033 -0.809214
v 0.153535 -1.369631 -0.812015
v 0.148771 -1.370538 -0.814211
v 0.147749 -1.370420 -0.813756
v 0.140504 -1.369068 -0.816555
v 0.135357 -1.369973 -0.818013
v 0.127337 -1.368540 -0.820426
v 0.122480 -1.369468 -0.822389
v 0.121598 -1.369388 -0.821911
v 0.114034 -1.368035 -0.824530
v 0.114541 -1.368144 -0.823751
v 0.108881 -1.369033 -0.825378
v 0.100730 -1.367704 -0.827144
v 0.095787 -1.368624 -0.828907
v 0.095003 -1.368557 -0.828354
v 0.087744 -1.367400 -0.829616
v 0.087173 -1.367278 -0.830401
v 0.082287 -1.368311 -0.831386
v 0.081552 -1.368237 -0.830813
v 0.073719 -1.367042 -0.832343
v 0.068556 -1.368026 -0.833218
v 0.060767 -1.366889 -0.833637
v 0.060032 -1.366755 -0.834471
v 0.054881 -1.367856 -0.834695
v 0.046616 -1.366627 -0.835334
v 0.041447 -1.367694 -0.836177
v 0.040694 -1.367635 -0.835492
v 0.032855 -1.366567 -0.836019
v 0.027716 -1.367644 -0.836772
v 0.026969 -1.367569 -0.836094
v 0.019769 -1.366613 -0.835998
v 0.019006 -1.366488 -0.836626
v 0.013900 -1.367668 -0.836092
v 0.006039 -1.366681 -0.835371
v 0.005253 -1.366558 -0.836075
v 0.000208 -1.367718 -0.835556
v -0.007472 -1.366791 -0.834270
v -0.008396 -1.366670 -0.834913
v -0.013504 -1.367905 -0.833888
v -0.022076 -1.366861 -0.833378
v -0.021384 -1.366953 -0.832797
v -0.026919 -1.368088 -0.832703
v -0.027526 -1.368002 -0.831859
v -0.035291 -1.367191 -0.830640
v -0.040582 -1.368370 -0.829820
v -0.048753 -1.367444 -0.828174
v -0.054015 -1.368695 -0.826911
v -0.062190 -1.367819 -0.824977
v -0.067384 -1.369031 -0.823768
v -0.075438 -1.368250 -0.821474
v -0.080605 -1.369455 -0.820019
v -0.088688 -1.368716 -0.817574
v -0.093732 -1.369928 -0.816610
v -0.094207 -1.369870 -0.815687
v -0.101700 -1.369160 -0.813322
v -0.106781 -1.370493 -0.811496
v -0.114656 -1.369644 -0.808711
v -0.119680 -1.370997 -0.806914
v -0.126915 -1.370275 -0.803707
v -0.127878 -1.370208 -0.804114
v -0.132519 -1.371566 -0.802367
v -0.132856 -1.371531 -0.801520
v -0.139671 -1.370855 -0.798691
v -0.140691 -1.370777 -0.799039
v -0.145212 -1.372141 -0.796663
v -0.152870 -1.371434 -0.793128
v -0.157885 -1.372762 -0.791580
v -0.158209 -1.372711 -0.790655
v -0.165911 -1.372019 -0.787875
v -0.165029 -1.372076 -0.787573
v -0.170402 -1.373413 -0.785834
v -0.170783 -1.373336 -0.784846
v -0.177986 -1.372734 -0.781667
v -0.182881 -1.374069 -0.779990
v -0.183208 -1.374009 -0.779002
v -0.190816 -1.373340 -0.776001
v -0.189884 -1.373392 -0.775706
v -0.195255 -1.374747 -0.773846
v -0.195508 -1.374691 -0.773007
v -0.202153 -1.374096 -0.769545
v -0.203197 -1.374038 -0.769871
v -0.207545 -1.375403 -0.767234
v -0.214476 -1.374767 -0.763292
v -0.215481 -1.374738 -0.763597
v -0.219863 -1.376075 -0.760889
v -0.226763 -1.375500 -0.756995
v -0.227755 -1.375441 -0.757290
v -0.232091 -1.376825 -0.754556
v -0.238954 -1.376208 -0.750594
v -0.240001 -1.376159 -0.750874
v -0.244321 -1.377589 -0.748100
v -0.252203 -1.376903 -0.744414
v -0.251271 -1.376899 -0.744152
v -0.256515 -1.378267 -0.741673
v -0.263915 -1.377655 -0.737574
v -0.268745 -1.379046 -0.735603
v -0.269045 -1.378994 -0.734609
v -0.276188 -1.378391 -0.731104
v -0.280917 -1.379829 -0.729069
v -0.281218 -1.379751 -0.728095
v -0.288341 -1.379164 -0.724542
v -0.293024 -1.380526 -0.722041
v -0.300529 -1.379987 -0.717940
v -0.305251 -1.381359 -0.715950
v -0.305574 -1.381292 -0.714942
v -0.312697 -1.380708 -0.711428
v -0.317355 -1.382131 -0.708947
v -0.324197 -1.381539 -0.704869
v -0.325224 -1.381502 -0.705160
v -0.329519 -1.382920 -0.702276
v -0.337030 -1.382317 -0.698327
v -0.341708 -1.383727 -0.695855
v -0.349115 -1.383133 -0.691722
v -0.353934 -1.384556 -0.689763
v -0.354253 -1.384511 -0.688776
v -0.361366 -1.383911 -0.685248
v -0.366083 -1.385399 -0.682726
v -0.373021 -1.384747 -0.678768
v -0.373968 -1.384752 -0.679035
v -0.378278 -1.386132 -0.676264
v -0.385714 -1.385617 -0.672215
v -0.390539 -1.387037 -0.670239
v -0.390881 -1.386966 -0.669229
v -0.398045 -1.386429 -0.665759
v -0.402712 -1.387846 -0.663279
v -0.409578 -1.387294 -0.659295
v -0.410601 -1.387260 -0.659570
v -0.414956 -1.388725 -0.657277
v -0.415202 -1.388630 -0.656362
v -0.421877 -1.388164 -0.652792
v -0.422822 -1.388121 -0.653092
v -0.427187 -1.389569 -0.650793
v -0.427422 -1.389516 -0.649930
v -0.433944 -1.388997 -0.646340
v -0.435037 -1.388966 -0.646610
v -0.439345 -1.390416 -0.643856
v -0.446194 -1.389861 -0.639855
v -0.447264 -1.389832 -0.640129
v -0.451581 -1.391305 -0.637306
v -0.459058 -1.390661 -0.633337
v -0.463785 -1.392126 -0.630788
v -0.471376 -1.391563 -0.626860
v -0.476060 -1.393022 -0.624864
v -0.476353 -1.392969 -0.623903
v -0.483403 -1.392439 -0.620292
v -0.488262 -1.393882 -0.618319
v -0.488548 -1.393842 -0.617396
v -0.495088 -1.393334 -0.613799
v -0.496101 -1.393308 -0.614112
v -0.500472 -1.394764 -0.611796
v -0.500749 -1.394722 -0.610797
v -0.507405 -1.394199 -0.607285
v -0.508291 -1.394188 -0.607557
v -0.512653 -1.395640 -0.605220
v -0.520046 -1.395095 -0.600647
v -0.512907 -1.395566 -0.604282
v -0.524764 -1.396521 -0.598183
v -0.532206 -1.395934 -0.594015
v -0.536925 -1.397345 -0.591491
v -0.544325 -1.396843 -0.587396
v -0.549049 -1.398269 -0.584912
v -0.555830 -1.397725 -0.580752
v -0.556881 -1.397684 -0.581003
v -0.561290 -1.399145 -0.578600
v -0.562186 -1.399208 -0.577217
v -0.577018 -1.399146 -0.569693
v -0.575631 -1.399199 -0.569706
v -0.578936 -1.384622 -0.570805
v -0.585973 -1.383998 -0.566925
v -0.586210 -1.384039 -0.566000
v -0.590502 -1.385501 -0.563564
v -0.591415 -1.385398 -0.563795
v -0.598189 -1.384893 -0.559556
v -0.602822 -1.386362 -0.556787
v -0.609747 -1.385695 -0.552869
v -0.610052 -1.385752 -0.551887
v -0.614684 -1.387177 -0.549623
v -0.621565 -1.386593 -0.545705
v -0.621866 -1.386603 -0.544647
v -0.626100 -1.388062 -0.542103
v -0.627048 -1.387977 -0.542333
v -0.633709 -1.387423 -0.537915
v -0.637844 -1.388923 -0.534708
v -0.638805 -1.388809 -0.534923
v -0.645361 -1.388301 -0.530265
v -0.649798 -1.389731 -0.527428
v -0.656556 -1.389130 -0.523256
v -0.656828 -1.389148 -0.522142
v -0.661286 -1.390567 -0.519666
v -0.668085 -1.389942 -0.515384
v -0.668278 -1.389975 -0.514345
v -0.672357 -1.391427 -0.511546
v -0.673352 -1.391278 -0.511686
v -0.679675 -1.390854 -0.506734
v -0.683949 -1.392264 -0.503590
v -0.690790 -1.391633 -0.498533
v -0.694626 -1.393137 -0.495025
v -0.695686 -1.393025 -0.495130
v -0.701720 -1.392510 -0.489933
v -0.705937 -1.393869 -0.486658
v -0.712418 -1.393369 -0.481083
v -0.716077 -1.394851 -0.477446
v -0.717055 -1.394727 -0.477477
v -0.722794 -1.394264 -0.471928
v -0.726906 -1.395686 -0.468351
v -0.732731 -1.395105 -0.462886
v -0.732709 -1.395192 -0.461876
v -0.736630 -1.396636 -0.458592
v -0.742406 -1.396077 -0.453071
v -0.742391 -1.396094 -0.452035
v -0.745928 -1.397555 -0.448549
v -0.746907 -1.397486 -0.448494
v -0.752001 -1.397021 -0.442268
v -0.755117 -1.398528 -0.438249
v -0.756252 -1.398420 -0.438141
v -0.761147 -1.397908 -0.431859
v -0.764617 -1.399394 -0.427881
v -0.769762 -1.398952 -0.421070
v -0.773061 -1.400434 -0.416819
v -0.778078 -1.399852 -0.409951
v -0.780596 -1.401425 -0.405482
v -0.781625 -1.401326 -0.405297
v -0.785821 -1.400880 -0.398465
v -0.788257 -1.402373 -0.393942
v -0.789257 -1.402253 -0.393672
v -0.793168 -1.401868 -0.386709
v -0.795952 -1.403352 -0.382180
v -0.800023 -1.402865 -0.375293
v -0.799773 -1.402912 -0.374324
v -0.802672 -1.404307 -0.370060
v -0.806539 -1.403983 -0.362461
v -0.808830 -1.405458 -0.357701
v -0.812594 -1.404966 -0.350059
v -0.814347 -1.406545 -0.345171
v -0.815277 -1.406476 -0.344813
v -0.818232 -1.406026 -0.337310
v -0.820434 -1.407620 -0.332546
v -0.823438 -1.407073 -0.324518
v -0.824914 -1.408711 -0.319607
v -0.825925 -1.408604 -0.319085
v -0.828182 -1.408272 -0.311489
v -0.830073 -1.409829 -0.306517
v -0.832572 -1.409362 -0.298294
v -0.834123 -1.410969 -0.293200
v -0.836329 -1.410609 -0.284924
v -0.837377 -1.412161 -0.280005
v -0.838273 -1.412057 -0.279433
v -0.839985 -1.411794 -0.272173
v -0.839463 -1.411800 -0.271261
v -0.841240 -1.413383 -0.266413
v -0.842655 -1.412976 -0.257777
v -0.843191 -1.412879 -0.258677
v -0.843718 -1.414564 -0.253017
v -0.844522 -1.414436 -0.252465
v -0.845702 -1.414240 -0.244496
v -0.846125 -1.415834 -0.239385
v -0.846934 -1.415739 -0.238812
v -0.848161 -1.415409 -0.231299
v -0.847591 -1.415457 -0.230521
v -0.848286 -1.417080 -0.225700
v -0.849088 -1.416961 -0.225033
v -0.849850 -1.416725 -0.217063
v -0.850172 -1.418367 -0.212014
v -0.850973 -1.418252 -0.211401
v -0.851548 -1.417981 -0.203365
v -0.851516 -1.419687 -0.198195
v -0.852274 -1.419632 -0.197547
v -0.852817 -1.419376 -0.190135
v -0.852115 -1.419409 -0.189254
v -0.853045 -1.420912 -0.184249
v -0.853372 -1.420774 -0.175633
v -0.853659 -1.422390 -0.170390
v -0.853490 -1.422168 -0.161631
v -0.854126 -1.422082 -0.162356
v -0.853651 -1.423809 -0.156758
v -0.854372 -1.423718 -0.156068
v -0.854030 -1.423567 -0.147970
v -0.853734 -1.425277 -0.142930
v -0.854379 -1.425179 -0.142295
v -0.854366 -1.424978 -0.134735
v -0.853579 -1.425077 -0.133926
v -0.853634 -1.426744 -0.129069
v -0.854378 -1.426637 -0.128229
v -0.853388 -1.426568 -0.120071
v -0.854046 -1.426472 -0.120713
v -0.853716 -1.428262 -0.114868
v -0.853324 -1.428976 -0.099021
v -0.852486 -1.429115 -0.097603
v -0.578065 -1.400224 -0.571331
v -0.579132 -1.400122 -0.571585
v -0.585861 -1.399604 -0.567310
v -0.590547 -1.401057 -0.564797
v -0.597474 -1.400444 -0.560890
v -0.597769 -1.400481 -0.559921
v -0.602509 -1.401922 -0.557779
v -0.609754 -1.401276 -0.553393
v -0.614365 -1.402737 -0.550666
v -0.621621 -1.402146 -0.546278
v -0.625830 -1.403621 -0.543195
v -0.626867 -1.403522 -0.543425
v -0.633113 -1.402979 -0.539389
v -0.633370 -1.403036 -0.538422
v -0.637964 -1.404392 -0.536083
v -0.645127 -1.403885 -0.531510
v -0.649664 -1.405217 -0.528689
v -0.656771 -1.404708 -0.523897
v -0.661218 -1.406056 -0.520941
v -0.668193 -1.405528 -0.516104
v -0.672669 -1.406889 -0.513086
v -0.679525 -1.406396 -0.508056
v -0.683864 -1.407781 -0.504932
v -0.690384 -1.407212 -0.500463
v -0.690610 -1.407225 -0.499396
v -0.694591 -1.408675 -0.496419
v -0.695531 -1.408522 -0.496517
v -0.701313 -1.408041 -0.491916
v -0.701501 -1.408078 -0.490791
v -0.705894 -1.409423 -0.488039
v -0.712484 -1.408931 -0.482593
v -0.716024 -1.410395 -0.478839
v -0.717113 -1.410260 -0.478861
v -0.722766 -1.409795 -0.473262
v -0.726767 -1.411238 -0.469840
v -0.732730 -1.410678 -0.464465
v -0.732732 -1.410721 -0.463366
v -0.736809 -1.412106 -0.460126
v -0.742711 -1.411626 -0.454064
v -0.746057 -1.413119 -0.450135
v -0.747143 -1.412959 -0.450046
v -0.752099 -1.412540 -0.443789
v -0.755632 -1.414012 -0.439966
v -0.761312 -1.413468 -0.433542
v -0.764700 -1.414956 -0.429383
v -0.769719 -1.414435 -0.423288
v -0.769624 -1.414482 -0.422167
v -0.772696 -1.415996 -0.418351
v -0.773742 -1.415871 -0.418212
v -0.778256 -1.415433 -0.411497
v -0.781192 -1.416874 -0.407137
v -0.785855 -1.416425 -0.400023
v -0.788294 -1.417931 -0.395478
v -0.793145 -1.417378 -0.388903
v -0.789232 -1.417812 -0.395284
v -0.792892 -1.417416 -0.387781
v -0.795423 -1.418938 -0.383614
v -0.796345 -1.418801 -0.383373
v -0.800154 -1.418424 -0.376318
v -0.802939 -1.419898 -0.371708
v -0.806639 -1.419434 -0.363974
v -0.809117 -1.420970 -0.359325
v -0.812836 -1.420453 -0.352225
v -0.812561 -1.420508 -0.351285
v -0.815138 -1.422003 -0.346820
v -0.818483 -1.421560 -0.338959
v -0.820652 -1.423077 -0.334083
v -0.823753 -1.422685 -0.326072
v -0.825635 -1.424180 -0.321190
v -0.828524 -1.423799 -0.313185
v -0.829822 -1.425376 -0.308201
v -0.830682 -1.425276 -0.307768
v -0.833054 -1.424926 -0.300766
v -0.832556 -1.424957 -0.299633
v -0.834000 -1.426520 -0.294980
v -0.836878 -1.426113 -0.286744
v -0.834857 -1.426397 -0.294492
v -0.838374 -1.427668 -0.281648
v -0.840550 -1.427247 -0.274005
v -0.840000 -1.427290 -0.272974
v -0.841688 -1.428778 -0.268178
v -0.843656 -1.428466 -0.259874
v -0.844832 -1.429995 -0.254643
v -0.846336 -1.429703 -0.246241
v -0.846873 -1.431307 -0.241180
v -0.847693 -1.431180 -0.240571
v -0.848878 -1.430960 -0.232627
v -0.849669 -1.432461 -0.227372
v -0.850719 -1.432197 -0.218899
v -0.851607 -1.433754 -0.213631
v -0.852366 -1.433475 -0.205102
v -0.852890 -1.435099 -0.199894
v -0.853608 -1.434805 -0.191409
v -0.853649 -1.436481 -0.186277
v -0.854362 -1.436403 -0.185632
v -0.854705 -1.436138 -0.178146
v -0.853981 -1.436221 -0.177314
v -0.854761 -1.437789 -0.172293
v -0.855035 -1.437598 -0.163762
v -0.855268 -1.439192 -0.158447
v -0.855238 -1.439062 -0.149908
v -0.854872 -1.440738 -0.144849
v -0.855603 -1.440638 -0.144131
v -0.855493 -1.440450 -0.136575
v -0.854838 -1.440525 -0.135900
v -0.854957 -1.442196 -0.131068
v -0.855710 -1.442083 -0.130229
v -0.854708 -1.442021 -0.122058
v -0.855374 -1.441920 -0.122685
v -0.855084 -1.443694 -0.116861
v -0.854822 -1.444441 -0.101013
v -0.853979 -1.444559 -0.099570
v -0.577546 -1.384717 -0.568830
v -0.577831 -1.384627 -0.567851
v -0.584817 -1.384158 -0.564062
v -0.589528 -1.385582 -0.561906
v -0.589831 -1.385516 -0.560859
v -0.597178 -1.384971 -0.557352
v -0.596264 -1.384990 -0.557129
v -0.601365 -1.386408 -0.554419
v -0.608577 -1.385866 -0.549965
v -0.613235 -1.387296 -0.547272
v -0.619784 -1.386734 -0.542834
v -0.620872 -1.386686 -0.543040
v -0.625111 -1.388153 -0.540494
v -0.625357 -1.388096 -0.539484
v -0.631690 -1.387594 -0.535524
v -0.632630 -1.387548 -0.535743
v -0.636693 -1.389010 -0.532592
v -0.643808 -1.388365 -0.527977
v -0.648294 -1.389873 -0.525085
v -0.655355 -1.389228 -0.520346
v -0.659771 -1.390638 -0.517365
v -0.666773 -1.390170 -0.512533
v -0.671252 -1.391560 -0.510006
v -0.671433 -1.391486 -0.509019
v -0.677930 -1.390968 -0.504473
v -0.682408 -1.392379 -0.501833
v -0.682557 -1.392335 -0.500781
v -0.688494 -1.391874 -0.496390
v -0.689523 -1.391804 -0.496509
v -0.693445 -1.393242 -0.493527
v -0.693525 -1.393186 -0.492588
v -0.699363 -1.392714 -0.487918
v -0.700434 -1.392647 -0.488007
v -0.704303 -1.394111 -0.485007
v -0.704358 -1.394072 -0.484044
v -0.710553 -1.393615 -0.478928
v -0.714600 -1.395007 -0.475546
v -0.720361 -1.394418 -0.470017
v -0.721364 -1.394399 -0.470026
v -0.724845 -1.395873 -0.466292
v -0.730930 -1.395345 -0.460381
v -0.740584 -1.396191 -0.450543
v -0.734648 -1.396797 -0.456627
v -0.744276 -1.397665 -0.446825
v -0.749858 -1.397174 -0.440462
v -0.753702 -1.398606 -0.436981
v -0.753631 -1.398579 -0.436108
v -0.758463 -1.398156 -0.430407
v -0.759482 -1.398105 -0.430278
v -0.762422 -1.399596 -0.426170
v -0.767040 -1.399036 -0.419609
v -0.768006 -1.399023 -0.419457
v -0.770985 -1.400532 -0.415570
v -0.770831 -1.400510 -0.414620
v -0.775741 -1.400029 -0.408335
v -0.779024 -1.401484 -0.404414
v -0.778868 -1.401448 -0.403380
v -0.782986 -1.400993 -0.397272
v -0.784014 -1.400953 -0.397037
v -0.786360 -1.402492 -0.392610
v -0.790215 -1.402027 -0.385633
v -0.791252 -1.401991 -0.385325
v -0.793490 -1.403476 -0.380824
v -0.797073 -1.403008 -0.373757
v -0.798162 -1.402971 -0.373408
v -0.800162 -1.404567 -0.368752
v -0.803551 -1.404022 -0.361561
v -0.804492 -1.404019 -0.361207
v -0.806300 -1.405572 -0.356440
v -0.810564 -1.405080 -0.348805
v -0.809589 -1.405067 -0.349158
v -0.812601 -1.406618 -0.344421
v -0.812239 -1.406568 -0.343412
v -0.815715 -1.406162 -0.336241
v -0.818197 -1.407687 -0.331793
v -0.817777 -1.407667 -0.330859
v -0.820822 -1.407337 -0.323481
v -0.822821 -1.408836 -0.318648
v -0.825067 -1.408396 -0.311106
v -0.826071 -1.408386 -0.310515
v -0.827419 -1.409952 -0.305656
v -0.829770 -1.409544 -0.297613
v -0.831728 -1.411092 -0.292759
v -0.831228 -1.411047 -0.291866
v -0.833686 -1.410697 -0.284226
v -0.835211 -1.412299 -0.279236
v -0.837061 -1.411875 -0.270959
v -0.838446 -1.413459 -0.265821
v -0.840319 -1.413114 -0.257511
v -0.841838 -1.414696 -0.252648
v -0.841280 -1.414684 -0.251753
v -0.843391 -1.414304 -0.243853
v -0.842613 -1.414322 -0.244421
v -0.843809 -1.415952 -0.238788
v -0.845279 -1.415558 -0.230397
v -0.845936 -1.417226 -0.225189
v -0.846807 -1.416833 -0.217242
v -0.847600 -1.416848 -0.216581
v -0.847833 -1.418463 -0.211491
v -0.848776 -1.418178 -0.203027
v -0.849612 -1.419769 -0.198053
v -0.848957 -1.419737 -0.197255
v -0.849517 -1.419514 -0.189764
v -0.850243 -1.419499 -0.189111
v -0.850671 -1.421149 -0.184280
v -0.850071 -1.421120 -0.183639
v -0.850508 -1.420920 -0.175592
v -0.851226 -1.422540 -0.170518
v -0.850588 -1.422516 -0.169802
v -0.851068 -1.422341 -0.161833
v -0.851324 -1.423988 -0.156573
v -0.850993 -1.423773 -0.148602
v -0.851734 -1.423738 -0.147776
v -0.851838 -1.425418 -0.142937
v -0.851111 -1.425427 -0.142227
v -0.851700 -1.425221 -0.133974
v -0.851064 -1.425255 -0.134624
v -0.851307 -1.426921 -0.128929
v -0.850799 -1.426757 -0.120950
v -0.851510 -1.426729 -0.120128
v -0.850966 -1.428464 -0.114949
v -0.849910 -1.429325 -0.099156
v -0.850587 -1.429293 -0.097704
v -0.577070 -1.400239 -0.569206
v -0.584406 -1.399761 -0.564937
v -0.589085 -1.401183 -0.562307
v -0.596413 -1.400533 -0.558023
v -0.601025 -1.401959 -0.555345
v -0.608351 -1.401477 -0.550974
v -0.612993 -1.402881 -0.548767
v -0.613289 -1.402834 -0.547726
v -0.620171 -1.402312 -0.543832
v -0.624823 -1.403742 -0.541561
v -0.625035 -1.403712 -0.540661
v -0.631909 -1.403148 -0.536516
v -0.636461 -1.404548 -0.533774
v -0.643630 -1.404026 -0.529114
v -0.648235 -1.405435 -0.526805
v -0.648490 -1.405383 -0.525780
v -0.655596 -1.404817 -0.521826
v -0.654685 -1.404860 -0.521653
v -0.659722 -1.406280 -0.519108
v -0.659921 -1.406242 -0.518064
v -0.666667 -1.405691 -0.513785
v -0.670987 -1.407161 -0.510821
v -0.677823 -1.406489 -0.505772
v -0.682213 -1.407930 -0.502673
v -0.689039 -1.407413 -0.497610
v -0.693403 -1.408823 -0.494931
v -0.699819 -1.408306 -0.489075
v -0.693463 -1.408765 -0.494016
v -0.704092 -1.409722 -0.485842
v -0.711045 -1.409088 -0.480662
v -0.710092 -1.409100 -0.480639
v -0.714763 -1.410554 -0.477446
v -0.714793 -1.410540 -0.476514
v -0.720799 -1.410011 -0.471216
v -0.725074 -1.411433 -0.468222
v -0.725142 -1.411402 -0.467221
v -0.730981 -1.410881 -0.461890
v -0.734741 -1.412302 -0.458150
v -0.740704 -1.411847 -0.452071
v -0.744640 -1.413254 -0.448880
v -0.744581 -1.413227 -0.447854
v -0.750040 -1.412726 -0.442032
v -0.753566 -1.414247 -0.438102
v -0.759180 -1.413637 -0.431695
v -0.762735 -1.415131 -0.428111
v -0.762626 -1.415138 -0.427052
v -0.767632 -1.414607 -0.420931
v -0.771186 -1.416123 -0.417187
v -0.771059 -1.416111 -0.416234
v -0.775467 -1.415640 -0.410304
v -0.776432 -1.415605 -0.410079
v -0.778898 -1.417083 -0.405636
v -0.783419 -1.416592 -0.398435
v -0.786442 -1.418063 -0.394064
v -0.790218 -1.417599 -0.387219
v -0.791272 -1.417531 -0.386856
v -0.793428 -1.419061 -0.382220
v -0.797789 -1.418573 -0.374866
v -0.800396 -1.420016 -0.370280
v -0.804121 -1.419646 -0.362772
v -0.806605 -1.421117 -0.358101
v -0.810292 -1.420672 -0.350415
v -0.812584 -1.422147 -0.345747
v -0.815871 -1.421795 -0.337826
v -0.817983 -1.423238 -0.333056
v -0.821168 -1.422838 -0.325125
v -0.823350 -1.424339 -0.320554
v -0.822939 -1.424339 -0.319588
v -0.825888 -1.423937 -0.312166
v -0.828044 -1.425484 -0.307560
v -0.827610 -1.425471 -0.306688
v -0.830731 -1.425062 -0.299105
v -0.829917 -1.425103 -0.299569
v -0.831774 -1.426598 -0.294113
v -0.834126 -1.426290 -0.285939
v -0.836092 -1.427773 -0.281230
v -0.835572 -1.427759 -0.280303
v -0.837770 -1.427437 -0.272597
v -0.838982 -1.428998 -0.267529
v -0.840479 -1.428658 -0.259753
v -0.841390 -1.428612 -0.259113
v -0.842463 -1.430188 -0.254412
v -0.841863 -1.430188 -0.253554
v -0.843618 -1.429856 -0.245708
v -0.845012 -1.431427 -0.240842
v -0.844419 -1.431455 -0.240041
v -0.846122 -1.431035 -0.232190
v -0.846827 -1.432736 -0.226978
v -0.847961 -1.432353 -0.218502
v -0.849155 -1.433961 -0.213582
v -0.848577 -1.433955 -0.212835
v -0.849315 -1.433681 -0.205367
v -0.850063 -1.433650 -0.204726
v -0.850052 -1.435284 -0.199644
v -0.851248 -1.434976 -0.190970
v -0.850479 -1.435027 -0.191721
v -0.851747 -1.436608 -0.186152
v -0.851068 -1.436605 -0.185383
v -0.852126 -1.436359 -0.177245
v -0.851427 -1.436388 -0.177943
v -0.852382 -1.438011 -0.172397
v -0.851690 -1.438012 -0.171669
v -0.852274 -1.437797 -0.163627
v -0.852900 -1.439418 -0.158652
v -0.852172 -1.439437 -0.157964
v -0.852177 -1.439234 -0.150444
v -0.852866 -1.439205 -0.149696
v -0.852489 -1.440652 -0.136116
v -0.852497 -1.440917 -0.144654
v -0.853053 -1.442333 -0.131060
v -0.852413 -1.442368 -0.130433
v -0.852120 -1.442198 -0.123008
v -0.852840 -1.442171 -0.122124
v -0.852811 -1.443860 -0.117224
v -0.852006 -1.444019 -0.115859
v -0.852077 -1.444724 -0.099666
v -0.851464 -1.444741 -0.100837
v 0.859102 -1.442447 -0.098553
v 0.859782 -1.440379 -0.106083
v 0.859090 -1.440291 -0.106980
v 0.859603 -1.440752 -0.112116
v 0.860760 -1.438554 -0.120028
v 0.860365 -1.440445 -0.112760
v 0.860090 -1.438477 -0.120743
v 0.861013 -1.438871 -0.126057
v 0.861445 -1.436783 -0.133788
v 0.860796 -1.436736 -0.134528
v 0.861166 -1.437238 -0.139676
v 0.861907 -1.436930 -0.140340
v 0.862027 -1.435174 -0.147572
v 0.861282 -1.435034 -0.148370
v 0.861967 -1.435524 -0.153727
v 0.861922 -1.433377 -0.161983
v 0.861427 -1.433961 -0.167371
v 0.862164 -1.433693 -0.168110
v 0.861870 -1.431883 -0.175393
v 0.861177 -1.431803 -0.176065
v 0.861560 -1.432299 -0.181406
v 0.861151 -1.430216 -0.189739
v 0.860827 -1.430691 -0.195307
v 0.860120 -1.428760 -0.203557
v 0.859651 -1.429240 -0.209025
v 0.858835 -1.427290 -0.217366
v 0.858011 -1.427818 -0.222834
v 0.857209 -1.425941 -0.230542
v 0.856296 -1.425811 -0.231280
v 0.855905 -1.426408 -0.236563
v 0.854839 -1.424534 -0.244271
v 0.853966 -1.424424 -0.244932
v 0.853410 -1.424963 -0.250234
v 0.851818 -1.423033 -0.258415
v 0.850600 -1.423590 -0.263800
v 0.848703 -1.421631 -0.271965
v 0.847337 -1.422156 -0.277318
v 0.845282 -1.420302 -0.285472
v 0.843323 -1.420906 -0.290455
v 0.843830 -1.420665 -0.291360
v 0.841108 -1.418886 -0.298727
v 0.839183 -1.419556 -0.303692
v 0.839615 -1.419292 -0.304644
v 0.836681 -1.417560 -0.311855
v 0.834927 -1.418068 -0.317143
v 0.831891 -1.416233 -0.324829
v 0.829953 -1.416829 -0.330098
v 0.826623 -1.414854 -0.337715
v 0.824205 -1.415533 -0.342456
v 0.824571 -1.415236 -0.343523
v 0.820938 -1.413587 -0.350406
v 0.818638 -1.414192 -0.355364
v 0.815382 -1.412340 -0.362378
v 0.814310 -1.412250 -0.362784
v 0.812001 -1.412929 -0.367339
v 0.812312 -1.412680 -0.368346
v 0.807733 -1.410973 -0.374992
v 0.808628 -1.411041 -0.374740
v 0.805243 -1.411662 -0.379444
v 0.805512 -1.411418 -0.380437
v 0.801219 -1.409689 -0.387004
v 0.798370 -1.410332 -0.391695
v 0.794444 -1.408555 -0.398363
v 0.793372 -1.408449 -0.398662
v 0.790671 -1.409134 -0.402989
v 0.790901 -1.408878 -0.404012
v 0.786078 -1.407148 -0.410223
v 0.782962 -1.407844 -0.414787
v 0.777385 -1.405936 -0.421310
v 0.778402 -1.405959 -0.421141
v 0.774571 -1.406558 -0.425780
v 0.769444 -1.404724 -0.432353
v 0.765814 -1.405431 -0.436623
v 0.759759 -1.403540 -0.442689
v 0.760785 -1.403568 -0.442609
v 0.756583 -1.404232 -0.446901
v 0.750888 -1.402405 -0.453009
v 0.746882 -1.403133 -0.456577
v 0.746921 -1.402933 -0.457484
v 0.741767 -1.401286 -0.462701
v 0.740632 -1.401222 -0.462747
v 0.737020 -1.401968 -0.466364
v 0.736968 -1.401716 -0.467357
v 0.731071 -1.400150 -0.472508
v 0.726866 -1.400846 -0.475801
v 0.726787 -1.400608 -0.476827
v 0.721278 -1.399033 -0.481582
v 0.720246 -1.399009 -0.481563
v 0.716602 -1.399712 -0.485395
v 0.710678 -1.397991 -0.490574
v 0.709601 -1.397955 -0.490492
v 0.705872 -1.398575 -0.494235
v 0.699339 -1.396911 -0.499502
v 0.694889 -1.397657 -0.502457
v 0.694719 -1.397421 -0.503533
v 0.688230 -1.395818 -0.507960
v 0.684002 -1.396557 -0.511390
v 0.677831 -1.394835 -0.516157
v 0.676754 -1.394792 -0.516056
v 0.672706 -1.395562 -0.519150
v 0.665928 -1.393736 -0.524434
v 0.672511 -1.395289 -0.520187
v 0.661516 -1.394407 -0.527719
v 0.655250 -1.392815 -0.532286
v 0.654117 -1.392712 -0.532140
v 0.649997 -1.393487 -0.535097
v 0.649794 -1.393249 -0.536135
v 0.643619 -1.391732 -0.540157
v 0.642680 -1.391695 -0.539996
v 0.638531 -1.392464 -0.542911
v 0.638379 -1.392265 -0.543768
v 0.632235 -1.390730 -0.547936
v 0.631166 -1.390665 -0.547728
v 0.626998 -1.391431 -0.550606
v 0.626822 -1.391204 -0.551599
v 0.619607 -1.389630 -0.555376
v 0.620461 -1.389669 -0.555573
v 0.615392 -1.390400 -0.558210
v 0.615205 -1.390187 -0.559178
v 0.608399 -1.388587 -0.563195
v 0.603818 -1.389374 -0.565776
v 0.603762 -1.389152 -0.566654
v 0.598573 -1.387703 -0.569601
v 0.861113 -1.457823 -0.100880
v 0.861379 -1.455594 -0.109069
v 0.861839 -1.455992 -0.114563
v 0.862169 -1.453885 -0.122757
v 0.862088 -1.454362 -0.128120
v 0.862858 -1.454058 -0.128805
v 0.862747 -1.452108 -0.136564
v 0.863041 -1.452567 -0.142067
v 0.863265 -1.450507 -0.149784
v 0.862588 -1.450461 -0.150537
v 0.863334 -1.450921 -0.155893
v 0.863114 -1.448759 -0.164170
v 0.863047 -1.449235 -0.169661
v 0.862736 -1.447243 -0.177980
v 0.862654 -1.447646 -0.183538
v 0.862025 -1.445689 -0.191839
v 0.861789 -1.446178 -0.197364
v 0.860593 -1.444144 -0.205761
v 0.861317 -1.444187 -0.205103
v 0.860138 -1.444781 -0.210903
v 0.860714 -1.444553 -0.211543
v 0.859506 -1.442727 -0.219372
v 0.858852 -1.443209 -0.224923
v 0.857660 -1.441308 -0.233133
v 0.856251 -1.441913 -0.238353
v 0.856805 -1.441652 -0.239075
v 0.855444 -1.440005 -0.246279
v 0.854564 -1.439873 -0.246903
v 0.853714 -1.440522 -0.251961
v 0.852695 -1.438598 -0.259944
v 0.854261 -1.440271 -0.252776
v 0.851825 -1.438512 -0.260485
v 0.850789 -1.439152 -0.265508
v 0.851287 -1.438941 -0.266239
v 0.849628 -1.437217 -0.273394
v 0.848705 -1.437136 -0.273982
v 0.848060 -1.437500 -0.279842
v 0.846098 -1.435891 -0.286752
v 0.847563 -1.437760 -0.278982
v 0.845093 -1.435764 -0.287390
v 0.844070 -1.436333 -0.292585
v 0.841735 -1.434413 -0.300568
v 0.839956 -1.434983 -0.305918
v 0.837068 -1.433019 -0.313692
v 0.835396 -1.433606 -0.318997
v 0.831783 -1.431716 -0.326764
v 0.832619 -1.431783 -0.326449
v 0.829901 -1.432390 -0.331515
v 0.830285 -1.432149 -0.332425
v 0.826897 -1.430399 -0.339535
v 0.824906 -1.430992 -0.344584
v 0.821732 -1.429152 -0.351825
v 0.820717 -1.429074 -0.352175
v 0.818540 -1.429755 -0.356802
v 0.818859 -1.429511 -0.357643
v 0.815127 -1.427798 -0.364614
v 0.812610 -1.428415 -0.369594
v 0.808864 -1.426524 -0.376444
v 0.807897 -1.426486 -0.376743
v 0.805746 -1.427091 -0.381547
v 0.801590 -1.425195 -0.388871
v 0.798323 -1.425890 -0.393139
v 0.798526 -1.425633 -0.394058
v 0.794075 -1.423966 -0.400506
v 0.790820 -1.424627 -0.404752
v 0.791004 -1.424355 -0.405940
v 0.785731 -1.422682 -0.411921
v 0.786662 -1.422736 -0.411781
v 0.783025 -1.423249 -0.416522
v 0.778012 -1.421481 -0.423130
v 0.774472 -1.422193 -0.427165
v 0.774572 -1.421955 -0.428086
v 0.769928 -1.420334 -0.433680
v 0.768770 -1.420263 -0.433822
v 0.760784 -1.419126 -0.444311
v 0.765825 -1.420865 -0.438265
v 0.759849 -1.419056 -0.444387
v 0.756667 -1.419693 -0.448653
v 0.751482 -1.417969 -0.454470
v 0.750377 -1.417889 -0.454540
v 0.746950 -1.418628 -0.458299
v 0.746990 -1.418383 -0.459338
v 0.741213 -1.416720 -0.464723
v 0.737278 -1.417351 -0.468561
v 0.731061 -1.415649 -0.474201
v 0.726929 -1.416388 -0.477516
v 0.726897 -1.416179 -0.478492
v 0.721360 -1.414624 -0.483302
v 0.720226 -1.414564 -0.483248
v 0.716396 -1.415314 -0.486579
v 0.716296 -1.415087 -0.487530
v 0.710626 -1.413537 -0.492197
v 0.709555 -1.413479 -0.492091
v 0.705707 -1.414229 -0.495409
v 0.705634 -1.414024 -0.496335
v 0.699844 -1.412460 -0.500892
v 0.698749 -1.412424 -0.500806
v 0.694955 -1.413059 -0.504443
v 0.688307 -1.411379 -0.509609
v 0.683802 -1.412129 -0.512503
v 0.683663 -1.411874 -0.513496
v 0.677059 -1.410307 -0.517841
v 0.672763 -1.411041 -0.521234
v 0.665917 -1.409251 -0.526041
v 0.661283 -1.410056 -0.528727
v 0.661051 -1.409812 -0.529779
v 0.654362 -1.408251 -0.533879
v 0.649858 -1.409033 -0.536584
v 0.649706 -1.408823 -0.537479
v 0.643016 -1.407240 -0.541745
v 0.638438 -1.407933 -0.544793
v 0.631474 -1.406199 -0.549478
v 0.619832 -1.405143 -0.557032
v 0.626907 -1.406929 -0.552596
v 0.615282 -1.405895 -0.560033
v 0.608829 -1.404239 -0.564494
v 0.607753 -1.404154 -0.564302
v 0.603657 -1.404881 -0.567611
v 0.598267 -1.403236 -0.570858
v 0.856301 -1.442784 -0.098852
v 0.856735 -1.440520 -0.106983
v 0.857287 -1.440923 -0.112491
v 0.857488 -1.438870 -0.120162
v 0.858238 -1.438637 -0.120847
v 0.858132 -1.439162 -0.126182
v 0.858198 -1.437093 -0.133967
v 0.858932 -1.436914 -0.134640
v 0.858775 -1.437378 -0.140041
v 0.859002 -1.435260 -0.148270
v 0.859083 -1.433635 -0.162015
v 0.859117 -1.435659 -0.153774
v 0.859117 -1.434053 -0.167511
v 0.858591 -1.432145 -0.175231
v 0.859294 -1.431943 -0.176010
v 0.858763 -1.432488 -0.181295
v 0.858304 -1.430445 -0.189558
v 0.858461 -1.430957 -0.194927
v 0.857700 -1.430832 -0.195582
v 0.857318 -1.428872 -0.203357
v 0.856888 -1.429433 -0.208899
v 0.855974 -1.427365 -0.217062
v 0.855286 -1.427905 -0.222518
v 0.853988 -1.426034 -0.230707
v 0.853659 -1.426569 -0.236045
v 0.852845 -1.426385 -0.236603
v 0.851658 -1.424619 -0.244334
v 0.850719 -1.425158 -0.249721
v 0.848838 -1.423321 -0.257242
v 0.849398 -1.423154 -0.258180
v 0.848403 -1.423776 -0.263183
v 0.847495 -1.423612 -0.263767
v 0.846293 -1.421764 -0.271611
v 0.845834 -1.421923 -0.270782
v 0.845111 -1.422401 -0.276606
v 0.844232 -1.422263 -0.277114
v 0.842582 -1.420413 -0.284739
v 0.841057 -1.421007 -0.289943
v 0.838421 -1.419213 -0.297275
v 0.838882 -1.419035 -0.298205
v 0.837377 -1.419669 -0.303076
v 0.836381 -1.419492 -0.303593
v 0.834456 -1.417671 -0.311286
v 0.834044 -1.417809 -0.310436
v 0.832777 -1.418335 -0.316090
v 0.831800 -1.418179 -0.316550
v 0.829239 -1.416414 -0.323859
v 0.827819 -1.417007 -0.328973
v 0.826834 -1.416843 -0.329361
v 0.824075 -1.415062 -0.336679
v 0.821977 -1.415658 -0.341679
v 0.818457 -1.413755 -0.349193
v 0.816159 -1.414294 -0.354145
v 0.812300 -1.412492 -0.361506
v 0.809868 -1.413050 -0.366408
v 0.805828 -1.411262 -0.373075
v 0.806084 -1.411092 -0.374055
v 0.803148 -1.411743 -0.378442
v 0.798910 -1.409991 -0.384967
v 0.799142 -1.409830 -0.385992
v 0.796507 -1.410485 -0.390321
v 0.795548 -1.410324 -0.390508
v 0.791477 -1.408603 -0.397230
v 0.788594 -1.409164 -0.401894
v 0.783794 -1.407416 -0.408659
v 0.780694 -1.407970 -0.413114
v 0.775784 -1.406242 -0.419179
v 0.775907 -1.406085 -0.420174
v 0.772290 -1.406791 -0.424095
v 0.767228 -1.404874 -0.430530
v 0.763639 -1.405497 -0.434748
v 0.758136 -1.403793 -0.441005
v 0.754514 -1.404387 -0.445047
v 0.748746 -1.402502 -0.451158
v 0.745482 -1.403234 -0.455266
v 0.744475 -1.403097 -0.455287
v 0.739293 -1.401402 -0.461423
v 0.739285 -1.401559 -0.460514
v 0.735274 -1.402109 -0.464794
v 0.729288 -1.400425 -0.469966
v 0.729271 -1.400264 -0.470945
v 0.725580 -1.401030 -0.474396
v 0.724464 -1.400895 -0.474371
v 0.719029 -1.399337 -0.479256
v 0.718984 -1.399180 -0.480165
v 0.715214 -1.399922 -0.483530
v 0.714126 -1.399783 -0.483474
v 0.708401 -1.398095 -0.489044
v 0.708475 -1.398227 -0.488172
v 0.704064 -1.398878 -0.492057
v 0.697558 -1.397043 -0.497328
v 0.693319 -1.397766 -0.500729
v 0.686594 -1.396060 -0.505683
v 0.682348 -1.396737 -0.509141
v 0.675500 -1.395004 -0.513989
v 0.671150 -1.395676 -0.517350
v 0.664268 -1.394008 -0.522183
v 0.659900 -1.394691 -0.525393
v 0.652937 -1.392873 -0.530158
v 0.648540 -1.393627 -0.533289
v 0.641508 -1.391888 -0.537901
v 0.637454 -1.392592 -0.541336
v 0.636667 -1.392492 -0.541112
v 0.630368 -1.390971 -0.545111
v 0.630120 -1.390795 -0.546166
v 0.625944 -1.391579 -0.549044
v 0.625069 -1.391472 -0.548825
v 0.618854 -1.389926 -0.552729
v 0.618561 -1.389752 -0.553795
v 0.613954 -1.390528 -0.556354
v 0.606854 -1.388769 -0.560813
v 0.602435 -1.389465 -0.563902
v 0.597075 -1.387880 -0.567140
v 0.858307 -1.458069 -0.101013
v 0.858578 -1.455966 -0.109281
v 0.859039 -1.456305 -0.114728
v 0.859073 -1.454300 -0.122362
v 0.859839 -1.454047 -0.123107
v 0.859792 -1.454535 -0.128421
v 0.859926 -1.452384 -0.136610
v 0.860163 -1.452847 -0.142200
v 0.859996 -1.450805 -0.149882
v 0.860715 -1.450620 -0.150597
v 0.860913 -1.451139 -0.155717
v 0.860176 -1.451001 -0.156503
v 0.860790 -1.448976 -0.164322
v 0.860145 -1.449156 -0.163593
v 0.860317 -1.449532 -0.169632
v 0.859849 -1.447481 -0.177859
v 0.859829 -1.447955 -0.183386
v 0.859016 -1.445998 -0.191183
v 0.859648 -1.445831 -0.191880
v 0.859396 -1.446414 -0.196999
v 0.858654 -1.446264 -0.197642
v 0.858025 -1.444526 -0.204864
v 0.858708 -1.444310 -0.205654
v 0.858248 -1.444897 -0.210719
v 0.857447 -1.444749 -0.211366
v 0.856519 -1.443024 -0.218566
v 0.857083 -1.442855 -0.219316
v 0.856058 -1.443437 -0.224550
v 0.854686 -1.441599 -0.232174
v 0.855240 -1.441423 -0.232965
v 0.853958 -1.442042 -0.238111
v 0.852138 -1.440240 -0.245603
v 0.852708 -1.440029 -0.246571
v 0.851844 -1.440661 -0.251628
v 0.850985 -1.440506 -0.252235
v 0.849616 -1.438676 -0.259839
v 0.848397 -1.439264 -0.265208
v 0.846377 -1.437400 -0.272663
v 0.846859 -1.437244 -0.273546
v 0.845717 -1.437888 -0.278543
v 0.844906 -1.437770 -0.278960
v 0.842948 -1.435914 -0.286603
v 0.841893 -1.436525 -0.291787
v 0.840998 -1.436350 -0.292259
v 0.838967 -1.434595 -0.299809
v 0.837264 -1.435125 -0.304954
v 0.834416 -1.433270 -0.312809
v 0.832633 -1.433842 -0.318012
v 0.829690 -1.431880 -0.325683
v 0.827618 -1.432533 -0.330780
v 0.824377 -1.430548 -0.338492
v 0.822315 -1.431169 -0.343546
v 0.818732 -1.429262 -0.351014
v 0.816262 -1.429865 -0.355969
v 0.812589 -1.427943 -0.363362
v 0.810132 -1.428587 -0.368182
v 0.805952 -1.426653 -0.375417
v 0.803786 -1.427295 -0.380288
v 0.802745 -1.427160 -0.380615
v 0.799178 -1.425386 -0.387475
v 0.796307 -1.426019 -0.392013
v 0.791614 -1.424147 -0.398945
v 0.789212 -1.424772 -0.403733
v 0.788307 -1.424653 -0.403900
v 0.783961 -1.422927 -0.410370
v 0.780779 -1.423529 -0.414817
v 0.775678 -1.421686 -0.421387
v 0.772995 -1.422297 -0.425977
v 0.771951 -1.422152 -0.426083
v 0.767327 -1.420409 -0.432617
v 0.767226 -1.420525 -0.431805
v 0.764104 -1.421116 -0.436552
v 0.763022 -1.420982 -0.436669
v 0.758200 -1.419258 -0.442768
v 0.754672 -1.419917 -0.446792
v 0.749020 -1.418265 -0.452159
v 0.749004 -1.418052 -0.453263
v 0.745125 -1.418796 -0.456851
v 0.739509 -1.417095 -0.462181
v 0.739452 -1.416911 -0.463188
v 0.735371 -1.417604 -0.466520
v 0.729139 -1.415913 -0.472107
v 0.725129 -1.416513 -0.475914
v 0.718891 -1.414737 -0.481398
v 0.714650 -1.415430 -0.484876
v 0.708229 -1.413675 -0.490244
v 0.703994 -1.414374 -0.493702
v 0.697577 -1.412570 -0.499329
v 0.697712 -1.412726 -0.498403
v 0.693194 -1.413287 -0.502275
v 0.686541 -1.411612 -0.507374
v 0.682246 -1.412227 -0.510721
v 0.675415 -1.410586 -0.515624
v 0.671118 -1.411250 -0.518961
v 0.664527 -1.409611 -0.523222
v 0.664327 -1.409447 -0.524240
v 0.659838 -1.410203 -0.526929
v 0.652836 -1.408461 -0.531518
v 0.648316 -1.409155 -0.534740
v 0.641666 -1.407522 -0.538948
v 0.641459 -1.407374 -0.539887
v 0.636903 -1.408137 -0.542526
v 0.629871 -1.406414 -0.547040
v 0.625770 -1.407110 -0.550474
v 0.624699 -1.406976 -0.550281
v 0.618273 -1.405343 -0.554807
v 0.613644 -1.406056 -0.557699
v 0.606655 -1.404322 -0.562272
v 0.602182 -1.405048 -0.565214
v 0.596743 -1.403428 -0.568477
vn -0.7202 -0.2519 0.6464
vn -0.7044 -0.5124 0.4912
vn -0.7026 -0.3114 0.6398
vn 0.6860 -0.4018 0.6066
vn 0.6644 -0.5198 0.5369
vn 0.6563 -0.6170 0.4344
vn 0.1094 0.2590 0.9596
vn -0.1419 0.2665 0.9533
vn -0.1351 0.2310 0.9635
vn -0.6313 -0.0413 0.7744
vn -0.4568 0.0753 0.8864
vn -0.4056 0.1479 0.9020
vn 0.3919 0.1589 0.9062
vn 0.4226 0.0997 0.9008
vn 0.6275 -0.1058 0.7714
vn 0.6915 -0.2966 0.6587
vn 0.6309 -0.1148 0.7674
vn 0.6382 -0.7104 0.2967
vn 0.6483 -0.7038 0.2905
vn -0.6781 -0.6491 0.3447
vn -0.6549 -0.7267 0.2072
vn -0.6714 -0.6647 0.3278
vn -0.6298 -0.7547 0.1838
vn 0.6492 -0.6721 0.3561
vn 0.6618 -0.2317 0.7130
vn -0.6385 -0.1054 0.7623
vn 0.1406 0.2238 0.9645
vn -0.6943 -0.5392 0.4767
vn 0.6323 0.0706 -0.7715
vn 0.6568 0.1190 -0.7446
vn 0.4779 -0.0734 -0.8753
vn -0.5852 0.7974 -0.1472
vn -0.6504 0.7052 -0.2822
vn -0.6480 0.7197 -0.2492
vn -0.1080 -0.2519 -0.9617
vn 0.1357 -0.2379 -0.9617
vn 0.1833 -0.2332 -0.9550
vn -0.6797 0.4988 -0.5377
vn -0.6642 0.6149 -0.4251
vn -0.3942 -0.1571 -0.9055
vn -0.6267 0.1091 -0.7716
vn -0.4246 -0.1032 -0.8995
vn -0.7383 0.2595 -0.6225
vn -0.6320 0.1100 -0.7671
vn 0.7068 0.5594 -0.4330
vn 0.6893 0.6553 -0.3090
vn 0.6861 0.6828 -0.2510
vn 0.6316 0.7525 -0.1867
vn 0.7208 0.3286 -0.6103
vn 0.7239 0.4645 -0.5101
vn 0.7285 0.2960 -0.6178
vn -0.6637 0.3052 -0.6829
vn -0.6085 0.4565 -0.6491
vn 0.4401 -0.1030 -0.8920
vn -0.1382 -0.2291 -0.9635
vn 0.0038 0.7896 -0.6136
vn -0.0141 0.7760 -0.6305
vn -0.0533 0.7794 -0.6243
vn -0.0230 0.6832 -0.7298
vn -0.0487 0.6579 -0.7515
vn 0.0354 0.6872 -0.7256
vn -0.1732 0.9332 -0.3147
vn -0.1893 0.9415 -0.2789
vn -0.1393 0.9514 -0.2745
vn 0.0222 0.9577 -0.2871
vn 0.0676 0.9521 -0.2983
vn 0.0686 0.9504 -0.3033
vn 0.1601 0.9577 -0.2392
vn 0.1830 0.9511 -0.2487
vn 0.1807 0.9480 -0.2619
vn -0.2230 -0.7174 -0.6600
vn -0.1062 -0.6372 -0.7634
vn -0.1988 -0.7335 -0.6500
vn -0.0092 -0.5419 -0.8404
vn -0.0067 -0.5021 -0.8648
vn 0.0357 -0.5533 -0.8322
vn 0.1134 -0.6377 -0.7619
vn -0.3401 -0.7849 -0.5179
vn -0.4379 -0.7818 -0.4438
vn -0.5043 -0.8176 -0.2781
vn -0.5525 -0.8003 -0.2329
vn -0.5438 -0.8276 -0.1391
vn -0.0617 -0.5738 -0.8166
vn 0.4933 -0.8345 -0.2453
vn 0.4655 -0.8333 -0.2983
vn 0.3181 -0.7614 -0.5649
vn 0.2323 -0.6985 -0.6769
vn 0.3850 -0.7813 -0.4912
vn -0.1015 -0.6550 -0.7488
vn 0.5183 -0.8469 -0.1190
vn 0.5272 -0.8420 -0.1143
vn 0.0746 -0.6232 -0.7785
vn 0.1611 -0.6844 -0.7111
vn 0.0107 0.5286 0.8488
vn -0.0315 0.5484 0.8356
vn 0.0041 0.4914 0.8709
vn -0.1328 0.6709 0.7295
vn 0.4227 0.7843 0.4541
vn 0.5115 0.8099 0.2870
vn 0.3536 0.7682 0.5337
vn 0.5468 0.8009 0.2441
vn 0.5436 0.8277 0.1393
vn -0.2222 0.7161 0.6617
vn -0.3146 0.7481 0.5842
vn -0.4817 0.8420 0.2428
vn -0.4754 0.8297 0.2927
vn 0.2478 0.7065 0.6629
vn 0.2205 0.6863 0.6931
vn 0.1240 0.6401 0.7582
vn -0.3836 0.7796 0.4951
vn 0.0586 0.5798 0.8127
vn 0.1003 0.6169 0.7806
vn -0.5182 0.8453 0.1300
vn -0.5253 0.8428 0.1172
vn -0.1814 0.6834 0.7072
vn -0.0764 0.6305 0.7724
vn 0.1648 -0.8558 0.4903
vn 0.1904 -0.8309 0.5228
vn 0.0983 0.4212 0.9016
vn 0.1015 -0.9930 -0.0603
vn 0.0396 -0.1233 0.9916
vn 0.0414 -0.1106 0.9930
vn 0.0399 -0.1047 0.9937
vn -0.1417 -0.2699 -0.9524
vn -0.1850 -0.3015 -0.9354
vn -0.1590 -0.2694 -0.9498
vn 0.0994 -0.6379 -0.7637
vn 0.0426 -0.5763 -0.8161
vn 0.0923 -0.6313 -0.7700
vn 0.5195 -0.8402 -0.1557
vn 0.4558 -0.8318 -0.3169
vn 0.4640 -0.8241 -0.3248
vn -0.0283 -0.5361 -0.8437
vn -0.0428 -0.5614 -0.8265
vn 0.0254 -0.5502 -0.8346
vn -0.5224 -0.8411 -0.1398
vn -0.4451 -0.8210 -0.3575
vn -0.5515 -0.8098 -0.2002
vn 0.3378 -0.7787 -0.5286
vn 0.2728 -0.7612 -0.5884
vn -0.5336 -0.8241 -0.1902
vn -0.2341 -0.7158 -0.6579
vn -0.4319 -0.7978 -0.4207
vn -0.0944 -0.6282 -0.7723
vn -0.2080 -0.7065 -0.6764
vn 0.5330 -0.8321 -0.1537
vn 0.5117 -0.8538 -0.0959
vn -0.0065 -0.6889 -0.7249
vn -0.1210 -0.6079 -0.7848
vn 0.1987 -0.6951 -0.6909
vn -0.3344 0.7797 0.5294
vn -0.2678 0.7425 0.6140
vn -0.4638 0.8265 0.3191
vn -0.5204 0.8396 0.1558
vn -0.4644 0.8236 0.3255
vn 0.0066 0.8101 0.5863
vn -0.1039 0.6597 0.7443
vn 0.0359 0.9626 0.2685
vn 0.0350 0.5279 0.8486
vn -0.0277 0.5207 0.8533
vn 0.0283 0.5514 0.8337
vn 0.5222 0.8411 0.1410
vn 0.5512 0.8099 0.2006
vn 0.4470 0.8193 0.3589
vn 0.5295 0.8263 0.1918
vn 0.2317 0.7094 0.6656
vn 0.4275 0.8015 0.4182
vn 0.0759 0.6294 0.7734
vn 0.2037 0.7099 0.6742
vn -0.5342 0.8316 0.1518
vn -0.5107 0.8545 0.0951
vn -0.1391 0.6430 0.7532
vn 0.1215 0.5959 0.7938
vn -0.1514 0.7192 0.6781
vn -0.1685 -0.7452 0.6452
vn -0.1283 -0.7475 0.6517
vn -0.0953 0.3836 0.9186
vn -0.0974 -0.9902 0.1002
vn -0.2092 -0.1889 -0.9595
vn -0.2468 -0.2161 -0.9447
vn -0.2297 -0.1916 -0.9542
vn 0.0260 0.9856 -0.1673
vn -0.0008 0.9827 -0.1853
vn -0.0314 0.9846 -0.1718
vn -0.0363 0.9398 -0.3399
vn -0.0422 0.9382 -0.3435
vn -0.0759 0.9391 -0.3351
vn -0.7077 -0.5055 0.4936
vn -0.7487 -0.4475 0.4891
vn -0.7011 -0.1997 0.6845
vn -0.5294 -0.0838 0.8442
vn -0.7034 -0.2718 0.6568
vn -0.6040 -0.0573 0.7949
vn 0.6916 -0.3596 0.6264
vn 0.6559 -0.5627 0.5032
vn 0.6145 -0.4857 0.6217
vn 0.6440 -0.5765 0.5029
vn 0.6391 -0.7005 0.3176
vn 0.6212 -0.7217 0.3055
vn 0.6226 -0.7542 0.2085
vn -0.3616 0.1738 0.9160
vn -0.1752 0.2222 0.9591
vn 0.0157 0.2703 0.9626
vn 0.6077 -0.7706 0.1921
vn 0.6660 -0.2435 0.7051
vn 0.4578 0.0870 0.8848
vn 0.6507 -0.1255 0.7489
vn 0.5709 0.0196 0.8208
vn -0.6820 -0.6455 0.3438
vn -0.6625 -0.7244 0.1908
vn -0.6686 -0.6807 0.2994
vn -0.5783 -0.5223 0.6268
vn -0.6378 -0.7573 0.1403
vn 0.7606 -0.2776 0.5868
vn -0.4980 0.1073 0.8605
vn 0.1132 0.2191 0.9691
vn 0.3302 0.1954 0.9235
vn 0.7057 0.5106 -0.4912
vn 0.7095 0.1633 -0.6855
vn 0.7445 0.4567 -0.4870
vn 0.6630 0.5185 -0.5399
vn 0.6967 0.3728 -0.6128
vn -0.6732 0.3641 -0.6436
vn -0.6062 0.5013 -0.6174
vn -0.6618 0.5589 -0.4996
vn -0.6404 0.5834 -0.4995
vn -0.6359 0.7029 -0.3187
vn -0.6215 0.7545 -0.2108
vn -0.6270 0.7175 -0.3034
vn 0.3649 -0.1516 -0.9186
vn 0.0549 -0.2620 -0.9635
vn 0.1670 -0.2145 -0.9623
vn -0.6084 0.7700 -0.1922
vn -0.4916 -0.0556 -0.8690
vn -0.1391 -0.2323 -0.9627
vn -0.2470 -0.2047 -0.9472
vn -0.5545 0.3953 -0.7323
vn -0.4781 -0.1318 -0.8684
vn -0.6563 0.1059 -0.7470
vn 0.6765 0.6528 -0.3409
vn 0.6729 0.6766 -0.2990
vn 0.6620 0.7248 -0.1908
vn 0.5942 0.3778 -0.7100
vn 0.4769 0.0891 -0.8744
vn 0.6019 0.0676 -0.7957
vn 0.6383 0.7570 -0.1397
vn -0.5818 0.1628 -0.7969
vn -0.7597 0.2732 -0.5901
vn 0.4931 -0.1178 -0.8620
vn 0.7442 0.5224 -0.4162
vn 0.7341 0.5340 -0.4194
vn 0.7199 0.5397 -0.4365
vn -0.1720 0.9252 -0.3384
vn -0.1344 0.9381 -0.3192
vn -0.1392 0.9442 -0.2985
vn 0.1841 0.9196 -0.3472
vn 0.1570 0.9436 -0.2915
vn 0.1287 0.9566 -0.2614
vn 0.9403 -0.2529 -0.2278
vn 0.9436 -0.2135 -0.2530
vn 0.9743 -0.1846 -0.1293
vn 0.9739 -0.1807 -0.1373
vn -0.7506 0.5730 0.3291
vn -0.6980 0.6710 0.2501
vn -0.8314 0.5553 0.0193
vn 0.5893 -0.7859 0.1872
vn 0.4291 -0.8289 0.3589
vn 0.9308 -0.3450 0.1209
vn -0.0680 -0.9660 0.2496
vn -0.1766 -0.9459 0.2723
vn 0.6220 -0.7353 -0.2692
vn 0.0856 -0.9565 -0.2790
vn 0.1263 -0.9630 -0.2382
vn -0.3618 -0.1163 0.9250
vn -0.5629 -0.0642 0.8240
vn -0.5059 -0.0454 0.8614
vn 0.4638 -0.2974 0.8345
vn 0.1477 -0.2270 0.9626
vn 0.2118 -0.2766 0.9373
vn 0.9667 -0.2549 0.0213
vn 0.9850 -0.1724 -0.0062
vn 0.9610 -0.2346 0.1463
vn 0.8693 -0.2074 0.4487
vn 0.9477 -0.2610 0.1837
vn -0.4573 -0.8518 0.2555
vn 0.6177 -0.5609 0.5512
vn -0.6308 0.4118 0.6577
vn -0.5018 0.5710 0.6498
vn -0.4738 0.3351 0.8144
vn -0.0446 -0.9791 0.1982
vn -0.9288 0.3563 0.1016
vn -0.8937 0.4482 -0.0228
vn 0.2368 -0.0882 -0.9675
vn 0.2463 -0.0671 -0.9669
vn 0.0243 0.0154 -0.9996
vn 0.5199 -0.2180 0.8260
vn 0.2756 -0.3058 0.9114
vn 0.7252 -0.2021 0.6582
vn -0.8907 0.3622 0.2746
vn -0.8362 0.2171 0.5036
vn -0.5834 0.2410 0.7756
vn 0.8862 -0.2641 -0.3806
vn 0.9095 -0.3281 0.2553
vn 0.9184 -0.1814 0.3516
vn -0.0537 -0.2693 0.9616
vn 0.5508 -0.1215 -0.8258
vn 0.4924 -0.1672 -0.8542
vn 0.7558 -0.2119 -0.6196
vn -0.4013 0.1143 -0.9088
vn -0.4800 0.1445 -0.8653
vn 0.7997 -0.3037 0.5179
vn 0.6538 -0.3646 0.6630
vn -0.8253 0.5048 -0.2531
vn -0.8218 0.5565 -0.1219
vn -0.7473 0.5561 -0.3638
vn 0.8199 -0.2671 -0.5063
vn 0.5791 -0.7341 -0.3547
vn 0.3539 -0.5346 -0.7674
vn -0.0158 -0.9094 -0.4157
vn -0.0382 -0.1034 -0.9939
vn 0.4526 -0.2244 -0.8630
vn -0.9498 0.2285 0.2136
vn -0.9568 0.2095 0.2016
vn -0.9609 0.2678 0.0697
vn -0.8737 0.1219 0.4710
vn -0.9473 0.1582 0.2786
vn 0.9792 -0.2015 0.0259
vn 0.7018 -0.0735 0.7085
vn 0.2682 -0.2568 -0.9285
vn 0.5679 -0.2947 -0.7685
vn 0.0334 -0.0315 -0.9989
vn -0.8858 0.2663 -0.3799
vn -0.8890 0.2626 -0.3751
vn 0.9311 -0.2860 -0.2263
vn -0.6946 0.0631 0.7166
vn -0.7089 0.0167 0.7051
vn -0.1719 -0.1727 0.9698
vn -0.0565 0.1712 0.9836
vn -0.4840 0.1908 0.8540
vn -0.3265 0.0562 0.9435
vn -0.9559 0.2128 0.2024
vn -0.0558 -0.1877 0.9806
vn 0.8353 -0.2505 -0.4893
vn 0.8927 -0.2857 -0.3485
vn -0.1546 -0.1411 -0.9779
vn -0.3882 0.0115 -0.9215
vn -0.3064 0.3042 0.9020
vn 0.3599 0.0494 0.9317
vn 0.1926 -0.1688 0.9667
vn -0.5922 0.4662 -0.6572
vn -0.3779 0.1839 -0.9074
vn -0.6373 0.3724 -0.6746
vn 0.2191 -0.2609 -0.9402
vn 0.6560 -0.2830 0.6997
vn -0.0631 -0.0739 0.9953
vn -0.3276 -0.1553 0.9319
vn 0.6621 -0.3876 -0.6414
vn -0.9705 0.2178 0.1037
vn -0.6445 0.1996 -0.7381
vn -0.8164 0.1226 0.5644
vn -0.9637 0.2647 -0.0346
vn -0.5990 0.0932 0.7953
vn -0.2148 0.1064 -0.9708
vn -0.8906 0.2798 -0.3585
vn -0.9237 0.1662 0.3453
vn -0.3260 -0.1214 0.9375
vn -0.3394 -0.0063 -0.9406
vn -0.4601 -0.0061 0.8878
vn -0.2770 -0.1064 -0.9550
vn 0.5619 -0.2651 -0.7836
vn 0.1819 0.0567 -0.9817
vn -0.0855 -0.1738 -0.9811
vn -0.9712 0.2383 0.0039
vn -0.6272 -0.0089 0.7788
vn -0.0219 0.0208 -0.9995
vn 0.0472 0.0197 -0.9987
vn -0.5545 0.2052 -0.8065
vn 0.0604 0.0874 -0.9943
vn -0.1600 0.1293 -0.9786
vn -0.8548 0.0894 0.5112
vn -0.9007 0.1125 0.4197
vn -0.9254 0.1802 0.3335
vn -0.2954 0.1262 -0.9470
vn -0.8829 0.3525 -0.3103
vn -0.6775 0.2671 -0.6854
vn -0.9305 0.3537 -0.0953
vn -0.9683 0.2155 0.1262
vn -0.9493 0.3059 0.0726
vn -0.6645 0.0652 -0.7444
vn 0.8513 0.4831 0.2047
vn -0.6036 0.5636 -0.5640
vn -0.3901 0.8627 -0.3217
vn 0.2257 0.9296 -0.2914
vn 0.0240 0.9659 -0.2579
vn -0.6337 0.7442 -0.2111
vn -0.6184 0.7522 0.2274
vn -0.1519 0.9639 0.2186
vn -0.0818 0.9590 0.2713
vn -0.9460 0.2180 0.2398
vn -0.9488 0.2418 0.2033
vn -0.9685 0.2129 0.1295
vn -0.6424 0.6621 0.3859
vn -0.1850 0.8559 0.4829
vn -0.5182 0.3013 -0.8004
vn -0.4156 0.3027 -0.8577
vn -0.6766 0.2977 -0.6735
vn 0.9218 -0.1230 -0.3675
vn 0.9414 -0.2751 -0.1954
vn 0.9540 -0.2046 -0.2190
vn 0.5919 -0.4517 0.6675
vn 0.7299 -0.5632 0.3873
vn 0.8261 -0.5033 0.2534
vn -0.2655 0.2856 -0.9208
vn 0.5592 -0.4911 0.6679
vn -0.9682 0.2498 -0.0123
vn -0.9618 0.2362 -0.1383
vn -0.9838 0.1787 -0.0117
vn 0.8194 -0.5720 -0.0364
vn 0.7310 -0.6408 -0.2345
vn 0.7531 -0.5430 -0.3715
vn 0.6650 -0.3473 -0.6612
vn 0.4971 -0.5493 -0.6716
vn 0.4779 -0.3463 -0.8073
vn -0.0171 0.9795 -0.2005
vn 0.9171 -0.3920 -0.0722
vn 0.8420 -0.5364 0.0580
vn -0.5215 0.1775 0.8346
vn -0.2396 0.0832 0.9673
vn -0.5145 0.1314 0.8473
vn 0.9112 -0.3042 -0.2778
vn 0.5752 -0.2401 -0.7820
vn -0.8919 0.2623 0.3683
vn -0.9121 0.3286 -0.2453
vn -0.9420 0.2943 -0.1612
vn -0.9593 0.2501 -0.1313
vn 0.0733 0.2372 -0.9687
vn -0.5394 0.2227 -0.8121
vn -0.1371 0.2665 -0.9540
vn 0.7793 -0.6007 0.1786
vn -0.7703 0.2063 0.6035
vn -0.7505 0.2596 0.6077
vn 0.5423 -0.1012 0.8341
vn 0.8891 -0.2522 0.3819
vn 0.9632 -0.2270 0.1438
vn -0.0169 -0.0121 0.9998
vn 0.4696 -0.1442 0.8710
vn -0.8114 0.3065 -0.4977
vn -0.6813 0.3763 -0.6278
vn -0.8716 0.2496 -0.4220
vn -0.9206 0.1843 -0.3444
vn -0.2094 0.0627 0.9758
vn -0.5188 0.4793 0.7078
vn 0.9499 -0.1814 -0.2544
vn 0.8726 -0.1130 -0.4752
vn 0.9539 -0.2434 -0.1756
vn -0.5523 0.2892 0.7819
vn -0.2655 0.2596 0.9285
vn -0.0211 0.0368 0.9991
vn 0.9618 -0.2661 -0.0647
vn 0.8763 -0.1326 -0.4632
vn 0.7142 -0.0347 -0.6991
vn 0.3349 0.1356 -0.9325
vn 0.6209 0.0136 -0.7838
vn 0.6119 0.0691 -0.7879
vn 0.0541 -0.1699 -0.9840
vn 0.3247 -0.0700 -0.9432
vn 0.4767 -0.1958 -0.8570
vn 0.0672 0.1860 -0.9802
vn 0.0463 0.2088 -0.9769
vn -0.8337 0.2527 0.4910
vn -0.8861 0.2832 0.3669
vn -0.6249 0.3368 0.7043
vn -0.2988 0.1887 0.9355
vn -0.9498 0.2302 0.2119
vn 0.3013 -0.2994 -0.9053
vn -0.2004 0.1725 -0.9644
vn -0.3485 -0.0534 -0.9358
vn 0.1139 0.1348 0.9843
vn -0.2360 0.2520 0.9385
vn 0.0770 0.0653 -0.9949
vn 0.3402 0.1338 -0.9308
vn 0.3672 -0.1909 0.9103
vn 0.4799 -0.2714 0.8343
vn 0.3079 0.0167 0.9513
vn 0.7093 -0.2120 0.6723
vn 0.6061 -0.1015 -0.7889
vn 0.4907 -0.0063 -0.8713
vn 0.8167 -0.1456 -0.5584
vn 0.2005 -0.0799 0.9764
vn 0.9611 -0.2474 0.1230
vn 0.9728 -0.2115 -0.0942
vn 0.5492 0.0492 -0.8342
vn 0.2974 0.1130 -0.9480
vn 0.2037 0.0010 0.9790
vn 0.2477 0.0993 0.9637
vn -0.5713 0.3122 0.7590
vn 0.6885 -0.0253 -0.7248
vn -0.0075 -0.0286 0.9996
vn -0.1070 -0.0153 0.9941
vn 0.0537 0.1877 0.9808
vn -0.8080 0.1661 -0.5653
vn 0.8980 -0.4385 -0.0357
vn 0.5910 -0.2105 0.7787
vn 0.9034 -0.2460 0.3512
vn 0.1990 -0.1099 0.9738
vn -0.1444 -0.0657 0.9873
vn 0.7958 -0.0270 -0.6050
vn 0.8002 -0.4086 0.4390
vn 0.6759 -0.2656 0.6875
vn 0.9283 -0.3695 0.0422
vn 0.9152 -0.3242 0.2394
vn 0.9709 -0.2316 -0.0605
vn 0.9613 -0.2717 0.0450
vn 0.9561 -0.1831 -0.2287
vn 0.3302 0.8253 -0.4581
vn 0.3602 0.8167 -0.4509
vn 0.3520 0.8121 -0.4653
vn -0.3102 -0.9419 -0.1291
vn -0.2705 -0.9545 -0.1256
vn -0.2919 -0.9492 -0.1180
vn -0.2861 -0.9581 -0.0125
vn -0.3076 -0.9513 -0.0202
vn -0.2627 -0.9646 -0.0218
vn -0.5815 -0.8088 -0.0880
vn -0.5809 -0.8092 -0.0878
vn -0.5555 -0.8237 -0.1137
vn -0.9850 -0.1655 -0.0496
vn -0.9794 -0.1868 -0.0762
vn -0.9671 -0.2504 0.0437
vn -0.9694 -0.2309 0.0832
vn 0.6628 0.4603 -0.5906
vn 0.5497 0.4887 -0.6775
vn 0.7303 0.6201 -0.2867
vn -0.5023 -0.3233 0.8020
vn -0.3569 -0.2924 0.8872
vn -0.6518 -0.3281 0.6838
vn -0.0520 -0.8444 0.5332
vn -0.2090 -0.9130 0.3503
vn -0.4378 -0.7315 0.5227
vn -0.8977 -0.0281 0.4398
vn -0.9402 -0.1652 0.2978
vn -0.7601 -0.6247 0.1787
vn 0.8466 0.4419 0.2967
vn 0.5762 0.4200 0.7011
vn 0.6963 0.4748 0.5383
vn -0.2915 -0.8998 0.3246
vn 0.6397 -0.7532 0.1533
vn -0.9347 -0.2469 -0.2556
vn -0.9715 -0.1822 -0.1514
vn -0.9056 -0.2268 -0.3584
vn -0.8545 -0.3004 -0.4239
vn 0.7924 0.5657 -0.2281
vn -0.6860 -0.5447 -0.4825
vn -0.6835 -0.5897 -0.4302
vn -0.2741 -0.8911 -0.3616
vn 0.3639 0.2338 -0.9016
vn 0.4665 0.0948 -0.8794
vn 0.1455 -0.0713 -0.9868
vn 0.2284 -0.0370 -0.9729
vn 0.0390 -0.1875 -0.9815
vn -0.9767 -0.1399 0.1628
vn -0.7922 -0.5522 -0.2598
vn -0.3272 -0.8756 -0.3553
vn -0.5978 -0.7525 -0.2765
vn -0.6317 -0.3353 0.6989
vn -0.6891 -0.2024 0.6958
vn -0.9102 -0.1296 0.3934
vn -0.8663 -0.2238 -0.4467
vn -0.8264 -0.5494 0.1235
vn -0.1898 -0.2523 0.9489
vn 0.3838 -0.0926 0.9188
vn 0.5278 -0.0593 0.8473
vn 0.6242 0.0143 0.7811
vn 0.8102 0.2128 0.5461
vn 0.7796 0.0841 0.6206
vn 0.9008 0.1931 0.3889
vn 0.9294 0.2842 0.2354
vn -0.8681 -0.2996 -0.3957
vn -0.6877 -0.3630 -0.6287
vn -0.6613 -0.2536 -0.7060
vn -0.9559 -0.2253 -0.1882
vn -0.8120 -0.3359 0.4772
vn 0.8339 0.5515 -0.0215
vn -0.8869 -0.2852 0.3634
vn 0.1445 -0.1803 0.9729
vn -0.1644 -0.0798 -0.9832
vn -0.3349 -0.1417 -0.9315
vn 0.0654 0.0071 -0.9978
vn 0.6344 0.2834 0.7192
vn 0.3712 0.3122 0.8745
vn 0.4639 0.0132 0.8858
vn 0.3382 -0.2003 0.9195
vn 0.5441 -0.0891 0.8343
vn -0.6543 -0.1995 -0.7295
vn 0.4771 0.2384 -0.8459
vn 0.7851 0.3844 -0.4857
vn -0.8092 -0.0540 0.5851
vn 0.8735 0.2641 -0.4089
vn 0.5429 0.2054 -0.8143
vn 0.8998 0.3245 -0.2917
vn 0.9441 0.2956 0.1459
vn 0.2340 0.0805 -0.9689
vn 0.1291 -0.0857 -0.9879
vn -0.0640 -0.2484 0.9665
vn -0.2361 -0.2389 0.9419
vn -0.2708 -0.2946 0.9165
vn 0.1602 -0.1655 0.9731
vn -0.7216 -0.3111 -0.6185
vn 0.8741 0.3016 0.3808
vn -0.5205 -0.2774 -0.8075
vn 0.6310 0.0886 0.7707
vn 0.0131 -0.1415 0.9898
vn -0.1407 -0.3473 0.9271
vn -0.5207 -0.3908 -0.7590
vn -0.2589 -0.2599 -0.9303
vn 0.2911 -0.1311 0.9477
vn 0.5682 0.1904 -0.8006
vn 0.8236 0.1165 0.5551
vn 0.9254 0.1822 0.3322
vn 0.8223 0.2730 -0.4992
vn 0.3306 0.1616 -0.9298
vn 0.4640 0.2035 -0.8621
vn 0.3108 -0.2728 0.9105
vn 0.4432 -0.0633 0.8942
vn 0.1882 0.0926 -0.9778
vn 0.3752 -0.0276 -0.9265
vn 0.4359 0.0742 -0.8969
vn 0.6830 0.0460 0.7289
vn 0.7973 0.1501 0.5846
vn 0.9096 0.3073 -0.2795
vn 0.9608 0.2121 0.1787
vn 0.9340 0.2220 0.2800
vn 0.8856 0.4613 -0.0536
vn 0.6511 0.2437 -0.7188
vn 0.9233 0.3534 0.1504
vn 0.8752 0.4677 0.1236
vn 0.8538 0.5077 0.1153
vn 0.9105 0.3531 -0.2153
vn 0.8494 0.2126 0.4830
vn -0.2540 -0.1930 -0.9478
vn -0.0492 -0.1042 -0.9933
vn 0.2571 -0.0366 -0.9657
vn 0.0341 -0.1221 -0.9919
vn 0.4356 0.0074 -0.9001
vn 0.9534 0.2802 0.1121
vn -0.6999 -0.5093 0.5008
vn -0.6232 -0.5913 0.5118
vn -0.5215 -0.4195 0.7430
vn 0.4261 0.3235 -0.8449
vn 0.2725 0.2863 -0.9186
vn -0.0501 0.2244 -0.9732
vn 0.9855 0.1656 0.0359
vn 0.9677 0.2506 -0.0269
vn 0.9773 0.1967 0.0791
vn 0.9904 0.1379 -0.0098
vn 0.0407 0.8475 -0.5292
vn 0.4869 0.7075 -0.5123
vn 0.2503 0.9052 -0.3435
vn 0.9090 0.0244 -0.4160
vn 0.9418 0.1641 -0.2933
vn 0.7698 0.5994 -0.2195
vn -0.8466 -0.4593 -0.2689
vn -0.6678 -0.5131 -0.5392
vn -0.5791 -0.4187 -0.6995
vn 0.3505 0.9021 -0.2516
vn -0.6432 0.7503 -0.1528
vn 0.8508 0.2895 0.4385
vn 0.9109 0.2498 0.3285
vn 0.9324 0.2570 0.2543
vn -0.8483 -0.5197 -0.1017
vn -0.7981 -0.6020 0.0253
vn -0.8280 -0.5462 0.1269
vn -0.7525 -0.6275 0.1999
vn 0.9669 0.2098 0.1452
vn 0.9730 0.1835 0.1402
vn -0.3948 -0.2121 0.8940
vn -0.1421 0.0647 0.9877
vn -0.4577 -0.1047 0.8829
vn -0.1892 0.0479 0.9808
vn 0.0705 0.2046 0.9763
vn 0.9685 0.1330 -0.2105
vn -0.8907 -0.1989 -0.4088
vn -0.9027 -0.1959 -0.3830
vn -0.9294 -0.2755 -0.2454
vn 0.0715 0.9584 0.2765
vn 0.6139 0.7524 0.2389
vn 0.1361 0.9413 0.3091
vn 0.6308 0.3265 -0.7039
vn 0.9008 0.1336 -0.4132
vn 0.6689 0.2555 -0.6980
vn 0.8669 0.2286 0.4430
vn 0.8445 0.5286 -0.0855
vn -0.4285 0.0862 -0.8994
vn -0.6307 -0.0116 -0.7759
vn -0.5182 0.0690 -0.8525
vn 0.1560 0.0648 0.9856
vn -0.1809 -0.0786 0.9804
vn -0.0704 -0.0132 0.9974
vn 0.5703 0.7606 0.3102
vn 0.3577 0.7985 0.4842
vn -0.9460 -0.3131 0.0843
vn -0.9412 -0.2695 -0.2039
vn 0.9522 0.2514 -0.1733
vn 0.9016 0.3021 -0.3098
vn 0.6288 0.3305 -0.7038
vn 0.8676 0.2907 -0.4034
vn -0.2361 0.1589 -0.9586
vn -0.4373 -0.1677 0.8835
vn -0.6157 -0.1991 0.7624
vn 0.2103 0.1363 0.9681
vn -0.5028 -0.3465 -0.7919
vn -0.3704 -0.2921 -0.8818
vn 0.7603 0.3310 -0.5588
vn -0.4368 0.0232 -0.8992
vn -0.4584 0.1494 -0.8761
vn -0.3150 0.2027 -0.9272
vn 0.6446 0.2095 0.7353
vn -0.5365 -0.3216 0.7803
vn 0.8790 -0.0261 -0.4760
vn 0.0302 0.2107 -0.9771
vn -0.7845 -0.0924 -0.6132
vn -0.7468 -0.2911 0.5980
vn -0.9344 -0.2976 0.1956
vn 0.4724 0.1639 0.8660
vn -0.1682 0.1088 0.9797
vn -0.6247 -0.0740 -0.7774
vn -0.7231 -0.2219 -0.6541
vn 0.1360 0.1572 -0.9782
vn 0.1820 0.2968 -0.9374
vn -0.7718 -0.3955 0.4979
vn 0.6765 0.3002 0.6725
vn 0.9476 0.2336 0.2178
vn 0.8490 0.2471 0.4671
vn 0.6283 0.5972 0.4986
vn 0.8411 0.2884 0.4575
vn 0.4117 0.2470 0.8772
vn 0.1625 0.4997 0.8508
vn -0.8400 -0.1153 -0.5302
vn 0.1767 0.3405 -0.9235
vn -0.9509 -0.2918 0.1029
vn 0.6007 0.2485 0.7599
vn -0.5311 -0.2033 0.8226
vn -0.2176 0.2945 -0.9305
vn -0.7245 -0.0601 -0.6867
vn -0.9339 -0.1849 -0.3061
vn -0.9222 -0.2664 0.2804
vn 0.3265 0.2154 0.9203
vn -0.2683 -0.1385 0.9533
vn -0.3693 -0.0620 0.9272
vn -0.4438 0.0246 0.8958
vn -0.4738 -0.2138 0.8543
vn -0.7292 -0.2722 0.6278
vn -0.9080 -0.1660 -0.3846
vn -0.8900 -0.3557 0.2851
vn -0.8887 -0.4577 -0.0282
vn -0.9596 -0.2537 -0.1212
vn -0.5647 -0.2907 0.7724
vn -0.5852 0.0011 -0.8109
vn -0.8003 -0.1490 -0.5808
vn -0.9181 -0.3662 -0.1515
vn -0.9521 -0.2468 -0.1805
vn -0.8876 -0.2713 -0.3721
vn -0.8329 -0.1924 -0.5189
vn -0.9475 -0.3165 0.0457
vn -0.8448 -0.2571 -0.4693
vn -0.1374 0.1136 0.9840
vn -0.2817 0.0283 0.9591
vn 0.1006 0.1865 0.9773
vn -0.8210 -0.3132 -0.4773
vn -0.8170 -0.3732 -0.4396
vn -0.8268 -0.3220 -0.4613
vn -0.8121 0.5779 -0.0815
vn -0.8190 0.5678 -0.0828
vn -0.8138 0.5794 -0.0448
vn 0.5399 -0.8404 -0.0465
vn 0.5249 -0.8501 -0.0435
vn 0.5446 -0.8381 -0.0336
vn 0.3143 -0.9359 -0.1591
vn 0.3502 -0.9233 -0.1578
vn 0.3561 -0.9239 -0.1398
vn -0.9539 -0.0197 0.2994
vn -0.9732 0.0378 0.2269
vn -0.9608 0.0383 0.2746
vn -0.9113 -0.0435 0.4095
vn -0.9173 -0.0406 0.3960
vn 0.0994 0.6621 0.7428
vn 0.1500 0.5247 0.8380
vn 0.2057 0.7705 0.6033
vn 0.0373 0.5909 0.8059
vn -0.0576 0.5588 0.8273
vn 0.0423 0.6232 0.7809
vn 0.4087 0.9014 0.1432
vn 0.3668 0.9302 -0.0101
vn 0.3655 0.9124 0.1842
vn 0.9332 -0.2633 -0.2447
vn 0.9672 -0.2280 0.1116
vn 0.8837 -0.3105 -0.3502
vn -0.4299 0.1618 0.8883
vn -0.3942 0.3006 0.8685
vn -0.2087 -0.0394 0.9772
vn -0.6925 -0.0650 0.7185
vn -0.5787 -0.0664 0.8129
vn -0.7132 -0.0650 0.6979
vn -0.2046 -0.0487 0.9776
vn -0.4066 -0.0652 0.9113
vn -0.3815 -0.0535 0.9228
vn -0.9958 0.0806 -0.0428
vn -0.9932 -0.0380 -0.1102
vn -0.9990 0.0116 -0.0430
vn 0.9802 -0.0381 -0.1944
vn 0.9847 -0.1316 -0.1141
vn -0.0475 0.4819 0.8750
vn -0.0339 0.5207 0.8531
vn 0.0316 0.4855 0.8737
vn 0.0613 0.5510 0.8322
vn -0.9692 -0.1751 -0.1730
vn -0.5030 -0.6423 0.5783
vn 0.1353 0.9515 -0.2764
vn 0.9637 0.0752 0.2564
vn 0.9449 0.0750 0.3187
vn 0.9513 0.1049 0.2899
vn -0.0611 -0.4672 0.8821
vn -0.5235 -0.4403 0.7294
vn -0.0188 0.6169 0.7868
vn -0.0008 0.5909 0.8067
vn -0.3992 0.5202 0.7550
vn -0.4470 0.4090 0.7956
vn -0.4312 0.8840 0.1804
vn -0.5866 0.7771 0.2281
vn -0.4982 0.8084 0.3135
vn -0.9646 -0.0449 -0.2598
vn -0.3392 0.8985 0.2788
vn -0.3794 0.9054 0.1906
vn -0.3693 0.8025 0.4687
vn -0.9764 -0.1564 -0.1488
vn -0.9906 -0.1341 -0.0270
vn -0.9215 -0.3840 0.0583
vn 0.7632 -0.0136 0.6460
vn 0.6405 -0.0207 0.7677
vn 0.8451 0.0218 0.5342
vn 0.9004 -0.0033 0.4350
vn 0.9273 0.0947 0.3621
vn 0.9744 0.0295 0.2227
vn -0.6216 0.7272 0.2911
vn -0.6716 0.7288 0.1336
vn 0.3843 0.9221 0.0442
vn 0.0556 0.4621 0.8851
vn 0.8933 -0.4294 0.1328
vn 0.9886 -0.1239 -0.0854
vn 0.9413 -0.2602 -0.2151
vn 0.3624 0.8656 0.3456
vn 0.2966 0.8477 0.4398
vn -0.3891 -0.1078 0.9149
vn -0.9779 -0.1041 0.1815
vn 0.9192 -0.3822 0.0944
vn 0.3663 -0.0477 0.9293
vn 0.6136 -0.0169 0.7894
vn 0.9703 -0.0182 0.2413
vn 0.9181 -0.0656 0.3908
vn 0.9431 -0.0239 0.3318
vn -0.3809 0.9230 0.0544
vn -0.3917 0.9201 -0.0074
vn -0.9977 -0.0681 0.0009
vn -0.4697 0.5903 0.6565
vn -0.5567 0.1712 0.8129
vn -0.9701 -0.1922 -0.1484
vn -0.9320 -0.2043 0.2994
vn 0.0465 -0.0935 0.9945
vn 0.1655 -0.0910 0.9820
vn 0.1283 -0.0579 0.9900
vn 0.3785 -0.0767 0.9224
vn 0.9709 0.1212 0.2064
vn 0.9633 0.1811 0.1983
vn 0.9779 0.1825 0.1016
vn 0.6742 -0.7137 0.1897
vn 0.5975 0.7776 0.1957
vn 0.6659 0.7397 0.0971
vn 0.5317 0.8347 0.1434
vn 0.5949 0.7395 0.3150
vn -0.5489 0.6683 0.5021
vn -0.4761 0.6141 0.6294
vn -0.8918 -0.3713 0.2585
vn -0.7336 -0.0174 0.6793
vn -0.0647 -0.0534 0.9965
vn -0.0917 -0.0425 0.9949
vn -0.2186 -0.0598 0.9740
vn 0.9954 -0.0812 0.0514
vn 0.9821 -0.1840 0.0396
vn -0.9961 0.0728 -0.0505
vn 0.4524 0.8609 0.2328
vn -0.2776 0.8244 0.4932
vn -0.5107 0.7167 0.4749
vn -0.0911 0.4630 0.8817
vn -0.0665 0.3527 0.9334
vn -0.9820 0.0007 0.1891
vn -0.0452 -0.0593 0.9972
vn 0.8398 -0.0162 0.5427
vn 0.9893 0.0443 0.1393
vn -0.4048 0.8934 0.1946
vn -0.3897 0.9186 0.0663
vn 0.9900 -0.1105 0.0881
vn 0.9553 -0.2209 0.1965
vn 0.9517 -0.1236 0.2811
vn 0.3214 -0.5966 0.7354
vn -0.0763 -0.7338 0.6751
vn -0.3347 -0.3704 0.8665
vn 0.2982 0.3894 0.8715
vn 0.3834 0.5214 0.7623
vn 0.4426 0.5011 0.7436
vn 0.4829 0.6635 0.5715
vn -0.2512 0.7210 0.6458
vn -0.1932 0.7612 0.6191
vn -0.1426 0.6001 0.7871
vn -0.0938 0.6915 0.7163
vn -0.7155 -0.1929 0.6714
vn -0.8406 -0.0534 0.5391
vn -0.8126 -0.0625 0.5794
vn 0.4765 -0.0199 0.8789
vn 0.9909 0.0349 0.1301
vn -0.9935 -0.1115 0.0211
vn -0.3929 0.1015 0.9139
vn -0.4705 -0.3961 0.7885
vn -0.9931 0.0420 0.1095
vn -0.9964 0.0498 0.0686
vn -0.9934 0.0356 0.1092
vn -0.5515 -0.0639 0.8317
vn 0.9978 0.0657 0.0035
vn -0.4418 0.7957 0.4143
vn 0.9361 -0.2863 0.2043
vn -0.0854 -0.3576 0.9300
vn 0.7280 -0.2762 0.6275
vn 0.9275 -0.0684 0.3676
vn -0.0580 -0.2216 0.9734
vn 0.4780 0.2682 0.8364
vn 0.3584 0.1842 0.9152
vn 0.4974 0.7686 0.4023
vn -0.4864 -0.0661 0.8712
vn -0.1603 -0.1516 0.9754
vn -0.9992 -0.0179 0.0364
vn 0.9977 0.0615 -0.0286
vn 0.9999 0.0107 0.0010
vn 0.9445 -0.0140 0.3283
vn 0.1239 -0.0065 0.9923
vn 0.1922 -0.1558 0.9689
vn -0.9695 0.0910 0.2275
vn -0.9895 0.0254 0.1422
vn 0.4143 0.8256 0.3831
vn 0.3759 0.3810 0.8447
vn -0.9925 -0.0643 0.1043
vn 0.1893 -0.0254 0.9816
vn 0.9469 0.0677 0.3144
vn 0.9771 0.1098 0.1823
vn 0.8932 -0.0393 0.4479
vn 0.9686 -0.2462 0.0338
vn -0.3257 -0.1963 0.9249
vn 0.4411 0.7089 0.5503
vn 0.0275 -0.0487 0.9984
vn 0.9930 0.0336 0.1128
vn 0.8255 -0.2770 0.4917
vn -0.9524 -0.2138 0.2171
vn -0.9468 0.2644 0.1837
vn -0.4185 0.4952 0.7613
vn 0.6861 -0.0369 0.7266
vn 0.5880 -0.1245 0.7992
vn -0.9704 -0.1519 0.1880
vn -0.9926 0.0156 0.1208
vn 0.9102 -0.2631 0.3200
vn -0.9565 0.2360 0.1717
vn 0.7334 -0.0488 0.6780
vn 0.6059 -0.2362 0.7596
vn -0.9439 -0.0301 0.3289
vn 0.6398 -0.0361 0.7677
vn 0.2782 -0.2027 0.9389
vn 0.3525 -0.3405 0.8717
vn 0.8940 -0.0606 0.4440
vn -0.9785 0.0085 0.2061
vn 0.6998 -0.0693 0.7110
vn 0.8458 -0.0575 0.5305
vn 0.9589 0.0031 0.2837
vn 0.1718 0.6477 0.7423
vn 0.2766 0.7394 0.6138
vn 0.2184 0.5033 0.8360
vn -0.3579 0.2783 0.8913
vn -0.3794 0.6669 0.6413
vn -0.9347 -0.0613 0.3500
vn -0.2995 0.1297 0.9453
vn -0.2412 0.3185 0.9167
vn -0.0498 0.2223 0.9737
vn -0.1616 0.2779 0.9469
vn -0.9107 -0.4067 0.0717
vn -0.9735 -0.0048 0.2286
vn -0.2404 -0.0610 0.9688
vn -0.4026 -0.0646 0.9131
vn 0.0291 -0.0252 0.9993
vn -0.5587 -0.0712 0.8263
vn -0.8200 -0.0704 0.5681
vn 0.0918 0.0075 0.9958
vn -0.8885 -0.0589 0.4551
vn 0.9848 0.0790 0.1547
vn 0.3406 -0.0200 0.9400
vn 0.9123 0.0017 0.4096
vn 0.6884 -0.0461 0.7238
vn 0.5469 -0.0483 0.8358
vn 0.9201 0.0459 0.3889
vn 0.4087 0.6103 0.6786
vn 0.3629 0.5004 0.7860
vn 0.3617 0.7336 0.5753
vn -0.1624 0.0495 0.9855
vn 0.0738 -0.0140 0.9972
vn -0.9794 -0.0460 0.1965
vn -0.9676 -0.0457 0.2485
vn -0.7260 -0.0799 0.6830
vn -0.9356 -0.0425 0.3506
vn -0.8122 -0.0813 0.5776
vn 0.4102 0.0993 0.9066
vn 0.3183 0.1352 0.9383
vn 0.4269 -0.0250 0.9039
vn 0.3197 0.6047 0.7294
vn 0.7406 -0.4242 0.5212
vn 0.9055 -0.3004 0.2999
vn 0.8005 -0.2235 0.5562
vn 0.8568 -0.2851 0.4296
vn 0.5338 -0.4487 0.7167
vn 0.5933 -0.2418 0.7678
vn 0.6921 -0.2188 0.6878
vn 0.8259 -0.1220 0.5505
vn 0.7609 -0.0295 0.6482
vn 0.6253 -0.0500 0.7788
vn 0.4168 -0.1094 0.9024
vn 0.7385 -0.0225 0.6738
vn 0.3727 -0.0010 0.9279
vn -0.6255 -0.4868 0.6097
vn -0.4841 -0.1000 0.8693
vn -0.7434 -0.5834 0.3271
vn -0.8652 -0.3789 0.3284
vn -0.8533 -0.2593 0.4523
vn -0.9475 0.1473 0.2839
vn -0.8813 -0.0107 0.4725
vn 0.0595 0.4234 0.9040
vn -0.9235 0.2036 0.3251
vn -0.0631 0.3897 0.9188
vn 0.0763 0.3949 0.9156
vn -0.2143 0.1562 0.9642
vn 0.1055 0.2996 0.9482
vn 0.1244 0.1609 0.9791
vn 0.0445 0.0870 0.9952
vn 0.0320 -0.0181 0.9993
vn -0.8047 -0.0745 0.5890
vn -0.9189 -0.0447 0.3920
vn 0.3135 0.3182 0.8947
vn 0.2185 0.3263 0.9197
vn -0.3239 -0.0088 0.9461
vn -0.2954 0.4319 0.8522
vn -0.6107 -0.2863 0.7383
vn -0.4234 0.6170 0.6634
vn -0.6430 -0.0850 0.7611
vn -0.5021 -0.0755 0.8615
vn -0.9342 -0.0682 0.3502
vn -0.8106 -0.0548 0.5831
vn -0.9238 0.0419 0.3805
vn 0.5700 -0.0246 0.8213
vn 0.9227 -0.2942 0.2491
vn 0.8631 -0.1808 0.4715
vn 0.9098 -0.2031 0.3621
vn 0.3521 -0.0240 0.9356
vn -0.0911 -0.1495 0.9846
vn -0.0245 -0.0695 0.9973
vn 0.2994 -0.1201 0.9465
vn -0.1169 -0.1036 0.9877
vn -0.0871 -0.1472 0.9853
vn 0.0441 0.3580 0.9327
vn 0.2522 0.0738 0.9649
vn 0.1238 0.2688 0.9552
vn 0.1872 0.1735 0.9669
vn -0.1215 0.4196 0.8996
vn 0.0433 -0.0433 0.9981
vn -0.0346 -0.0309 0.9989
vn -0.1911 0.1567 0.9690
vn -0.0392 0.2655 0.9633
vn 0.3614 -0.0154 0.9323
vn -0.3361 -0.0525 0.9404
vn -0.5151 -0.0542 0.8554
vn -0.6773 -0.0215 0.7354
vn -0.5709 -0.0821 0.8169
vn -0.3148 -0.0823 0.9456
vn -0.3560 -0.0576 0.9327
vn -0.8249 0.1177 0.5528
vn -0.1479 -0.0571 0.9874
vn -0.4425 -0.0058 0.8968
vn 0.1846 -0.0462 0.9817
vn 0.8150 -0.0529 0.5770
vn 0.9745 0.0999 0.2008
vn -0.0546 0.0554 0.9970
vn 0.1713 0.0043 0.9852
vn -0.1313 -0.0162 0.9912
vn 0.2400 -0.1424 0.9603
vn 0.7530 -0.0295 0.6573
vn 0.0629 -0.1585 0.9854
vn 0.0277 -0.2882 0.9572
vn 0.8739 0.0392 0.4846
vn 0.7070 -0.0214 0.7069
vn 0.9403 0.1227 0.3176
vn -0.2769 0.5139 0.8119
vn 0.0953 0.1550 0.9833
vn 0.0089 0.2664 0.9638
vn -0.1521 0.2456 0.9574
vn 0.1263 0.1298 0.9835
vn 0.1668 0.1174 0.9790
vn 0.0694 0.0143 0.9975
vn -0.7284 -0.0005 0.6851
vn -0.3839 0.0650 0.9211
vn -0.4232 0.0114 0.9060
vn -0.1121 0.0238 0.9934
vn -0.8125 0.1062 0.5733
vn -0.2545 0.1944 0.9473
vn -0.1001 0.1637 0.9814
vn -0.2496 0.1135 0.9617
vn 0.9679 0.2177 0.1254
vn 0.3904 -0.0899 0.9162
vn 0.4629 -0.0426 0.8854
vn 0.4366 -0.0170 0.8995
vn 0.0294 0.0871 0.9958
vn 0.9878 0.1184 0.1015
vn 0.4310 -0.1281 0.8932
vn -0.2160 -0.0425 0.9755
vn -0.0249 0.0047 0.9997
vn -0.2291 0.0880 0.9694
vn -0.2461 0.1110 0.9629
vn -0.0944 0.0987 0.9906
vn 0.1926 -0.0481 0.9801
vn 0.2439 0.0755 0.9669
vn 0.1502 0.0072 0.9886
vn 0.1628 0.0128 0.9866
vn 0.2633 -0.0885 0.9606
vn 0.3667 -0.0015 0.9303
vn 0.1869 -0.0224 0.9821
vn -0.1457 -0.0367 0.9887
vn -0.2448 -0.0577 0.9679
vn -0.0942 -0.0208 0.9953
vn 0.0615 -0.0209 0.9979
vn 0.2296 0.0211 0.9731
vn 0.0687 0.0036 0.9976
vn 0.1608 -0.0082 0.9869
vn 0.0911 -0.0299 0.9954
vn 0.2863 -0.0251 0.9578
vn -0.0168 -0.0371 0.9992
vn 0.3940 -0.0088 0.9191
vn 0.2766 -0.0040 0.9610
vn -0.0656 -0.0133 0.9978
vn 0.2992 0.0265 0.9538
vn 0.2799 0.0057 0.9600
vn 0.1974 0.0201 0.9801
vn 0.1427 0.0500 0.9885
vn -0.0337 0.0447 0.9984
vn -0.1491 0.0847 0.9852
vn -0.2106 0.0470 0.9764
vn -0.1754 0.0566 0.9829
vn -0.0238 0.0213 0.9995
vn 0.1545 -0.0075 0.9880
vn 0.0416 0.0090 0.9991
vn -0.0686 0.0058 0.9976
vn 0.1348 -0.0199 0.9907
vn -0.0570 -0.0234 0.9981
vn 0.0433 -0.0186 0.9989
vn 0.2017 0.0004 0.9795
vn -0.1933 0.0147 0.9810
vn -0.1607 -0.0003 0.9870
vn -0.4177 -0.8964 -0.1481
vn -0.3786 -0.9040 -0.1985
vn -0.3815 -0.9228 -0.0541
vn 0.4558 -0.1665 -0.8744
vn 0.2367 0.0413 -0.9707
vn 0.2943 -0.3819 -0.8761
vn 0.6369 0.0773 -0.7671
vn 0.7140 0.0649 -0.6972
vn 0.5628 0.0848 -0.8223
vn 0.9954 -0.0760 0.0576
vn 0.9998 -0.0094 0.0153
vn 0.9958 0.0688 0.0610
vn -0.9395 0.2365 0.2480
vn -0.9712 0.0293 0.2363
vn -0.9800 0.1437 0.1374
vn 0.6917 -0.7000 -0.1777
vn 0.5893 -0.7744 -0.2302
vn 0.6120 -0.6879 -0.3901
vn 0.9670 0.1423 0.2115
vn -0.1781 -0.9467 0.2683
vn 0.5065 0.6709 -0.5417
vn 0.5263 -0.6467 -0.5521
vn 0.4907 -0.5672 -0.6615
vn 0.0627 0.4679 -0.8816
vn 0.4930 0.5095 -0.7052
vn 0.4390 -0.8759 -0.2000
vn 0.5162 -0.7736 -0.3676
vn 0.9645 -0.0059 0.2640
vn -0.1285 -0.6882 -0.7140
vn -0.2364 -0.7951 -0.5585
vn -0.1221 -0.7152 -0.6882
vn 0.4044 -0.9144 -0.0177
vn 0.3787 -0.9125 -0.1547
vn 0.4032 -0.9145 -0.0341
vn 0.9798 0.1418 0.1411
vn 0.9918 0.0511 0.1174
vn -0.0438 -0.5909 -0.8055
vn 0.0684 -0.5601 -0.8256
vn 0.0729 -0.7246 -0.6854
vn -0.8928 0.0158 -0.4501
vn -0.9300 -0.0627 -0.3621
vn -0.9307 -0.0965 -0.3529
vn -0.9884 -0.1023 -0.1122
vn -0.9875 -0.0336 -0.1541
vn -0.9956 -0.0483 -0.0808
vn -0.9614 -0.0687 -0.2664
vn -0.9341 0.0244 -0.3563
vn -0.9782 0.0032 -0.2075
vn 0.6380 -0.0167 -0.7698
vn 0.5625 0.4027 -0.7221
vn 0.1745 0.4062 -0.8970
vn 0.4015 -0.3339 -0.8528
vn 0.0355 -0.5136 -0.8573
vn -0.9916 0.0870 0.0953
vn -0.8960 0.4228 -0.1358
vn -0.9883 0.1466 0.0422
vn -0.9861 0.1165 0.1185
vn -0.9377 0.2785 0.2077
vn -0.9652 -0.0420 -0.2582
vn 0.4845 0.1438 -0.8629
vn -0.0291 -0.4836 -0.8748
vn 0.0540 -0.4958 -0.8667
vn 0.9484 0.1456 -0.2816
vn -0.9093 -0.0016 -0.4162
vn -0.9537 0.1209 -0.2753
vn -0.9275 0.3540 -0.1204
vn -0.5920 -0.7704 -0.2366
vn -0.6512 -0.7551 -0.0763
vn -0.6348 -0.7301 -0.2528
vn 0.9984 0.0136 0.0555
vn 0.4529 -0.4013 -0.7962
vn 0.4035 -0.4500 -0.7967
vn -0.3576 -0.9276 -0.1083
vn -0.3199 -0.8844 -0.3400
vn 0.5256 -0.2657 -0.8082
vn 0.9918 -0.0056 0.1276
vn 0.9762 0.1793 0.1223
vn -0.2704 0.1135 -0.9560
vn -0.1085 0.0775 -0.9911
vn -0.2531 0.0554 -0.9658
vn -0.4288 0.0534 -0.9018
vn -0.5574 0.0322 -0.8296
vn -0.7161 0.6759 -0.1745
vn 0.4126 -0.8819 -0.2281
vn -0.9482 -0.1062 -0.2994
vn -0.5298 -0.8354 -0.1462
vn 0.3240 -0.8818 -0.3427
vn 0.3579 -0.8651 -0.3514
vn 0.4461 -0.5982 -0.6657
vn 0.6872 -0.0206 -0.7261
vn 0.8984 0.3615 -0.2493
vn 0.9680 -0.1080 -0.2264
vn 0.9760 -0.0509 -0.2117
vn 0.9607 0.0011 -0.2775
vn 0.9376 0.0095 -0.3475
vn 0.9634 -0.0617 -0.2607
vn -0.0577 0.1111 -0.9921
vn -0.6940 -0.0102 -0.7199
vn -0.7515 0.0238 -0.6593
vn -0.8479 -0.0173 -0.5299
vn -0.9963 0.0856 -0.0029
vn -0.0486 0.7256 -0.6864
vn -0.5587 0.5332 -0.6352
vn -0.9856 0.1668 -0.0277
vn -0.4520 -0.8516 -0.2656
vn 0.2409 -0.8146 -0.5276
vn 0.0996 -0.4710 -0.8765
vn 0.0182 -0.5462 -0.8375
vn 0.3905 0.0730 -0.9177
vn 0.2880 0.0584 -0.9559
vn 0.1681 0.0594 -0.9840
vn -0.8269 0.0224 -0.5619
vn -0.9978 -0.0580 0.0307
vn -0.9975 -0.0600 -0.0366
vn -0.9852 0.1291 -0.1131
vn -0.9422 0.2408 -0.2328
vn 0.9957 -0.0853 -0.0355
vn -0.5007 -0.6437 -0.5788
vn -0.3596 -0.4712 -0.8054
vn -0.4441 -0.5005 -0.7432
vn 0.1237 -0.6101 -0.7826
vn 0.1157 -0.7140 -0.6906
vn 0.0130 -0.6088 -0.7932
vn -0.1058 -0.4678 -0.8775
vn 0.5951 0.1362 -0.7921
vn 0.2758 0.0119 -0.9611
vn 0.4416 -0.1581 -0.8832
vn 0.7974 0.2044 -0.5678
vn 0.9332 0.0333 -0.3579
vn 0.8750 0.0529 -0.4813
vn 0.4517 0.0716 -0.8893
vn 0.0283 0.0627 -0.9976
vn -0.4786 0.0258 -0.8776
vn -0.7160 -0.5601 -0.4166
vn -0.9612 -0.1348 -0.2407
vn -0.9581 0.2337 -0.1655
vn -0.5171 -0.2811 -0.8085
vn -0.5462 -0.3982 -0.7369
vn 0.4684 0.3837 -0.7958
vn 0.9952 -0.0447 -0.0867
vn 0.9889 -0.0278 -0.1459
vn -0.9905 -0.0609 -0.1236
vn -0.9412 0.2586 -0.2175
vn -0.9091 0.1774 -0.3769
vn 0.0727 0.1412 -0.9873
vn 0.9923 0.1064 -0.0630
vn -0.4807 -0.7560 -0.4443
vn 0.2076 0.1778 -0.9619
vn 0.9698 0.0165 -0.2434
vn 0.8244 0.0530 -0.5636
vn 0.7750 0.0659 -0.6285
vn -0.6098 0.2114 -0.7639
vn 0.9720 -0.0960 -0.2145
vn 0.9842 0.0099 -0.1767
vn 0.9873 0.1209 -0.1031
vn 0.9956 0.0309 -0.0886
vn -0.9296 0.0516 -0.3651
vn -0.2356 0.1744 -0.9561
vn -0.3534 -0.1490 -0.9235
vn 0.9530 0.1158 -0.2800
vn 0.3487 0.1878 -0.9182
vn 0.9402 -0.2254 -0.2555
vn -0.4479 -0.6457 -0.6185
vn -0.0225 0.0483 -0.9986
vn 0.9572 -0.1899 -0.2183
vn 0.3964 -0.7871 -0.4726
vn 0.9557 0.0250 -0.2932
vn -0.9801 -0.1327 -0.1480
vn -0.3584 -0.0451 -0.9325
vn 0.3997 -0.5081 -0.7630
vn 0.9927 0.0393 -0.1138
vn 0.9958 -0.0578 -0.0711
vn -0.5761 0.1319 -0.8067
vn -0.1790 0.0288 -0.9834
vn 0.9949 -0.0559 -0.0842
vn 0.9921 -0.0196 -0.1238
vn 0.8654 0.3746 -0.3328
vn -0.6846 0.0552 -0.7269
vn -0.6142 0.2429 -0.7508
vn -0.8575 0.2795 -0.4320
vn -0.3621 0.3440 -0.8663
vn -0.2832 0.2117 -0.9354
vn -0.8702 0.0754 -0.4868
vn -0.9385 0.0513 -0.3413
vn -0.7915 0.0742 -0.6067
vn -0.9240 0.0359 -0.3807
vn -0.1134 -0.5799 -0.8067
vn -0.2340 -0.7357 -0.6356
vn -0.3624 -0.8217 -0.4399
vn 0.4377 -0.3801 -0.8149
vn 0.2830 -0.2881 -0.9148
vn -0.9732 0.2229 -0.0560
vn 0.2444 -0.7527 -0.6113
vn 0.2623 -0.5767 -0.7737
vn 0.3445 -0.6707 -0.6568
vn 0.9550 -0.2238 -0.1944
vn 0.1190 -0.3324 -0.9356
vn 0.1526 -0.2023 -0.9674
vn -0.0131 -0.2515 -0.9678
vn 0.9080 0.4151 -0.0569
vn 0.0554 0.0476 -0.9973
vn 0.1483 0.0560 -0.9874
vn -0.0289 0.0255 -0.9993
vn 0.5913 0.0717 -0.8033
vn 0.3716 0.0669 -0.9260
vn 0.2482 0.0612 -0.9668
vn -0.0623 0.0294 -0.9976
vn 0.5226 0.0712 -0.8496
vn -0.0783 -0.0045 -0.9969
vn 0.8994 0.0518 -0.4340
vn 0.8226 0.0692 -0.5644
vn -0.9648 -0.2376 -0.1125
vn -0.3335 0.0228 -0.9425
vn -0.9862 -0.0369 -0.1615
vn -0.9817 -0.0697 -0.1770
vn -0.9124 0.0041 -0.4094
vn -0.6431 0.0567 -0.7637
vn -0.5228 0.0432 -0.8514
vn -0.7249 0.0658 -0.6857
vn -0.9285 -0.0459 -0.3684
vn -0.3704 -0.5587 -0.7421
vn -0.3684 -0.7065 -0.6042
vn 0.1850 -0.0766 -0.9798
vn 0.4547 -0.6907 -0.5622
vn -0.0726 0.0214 -0.9971
vn 0.9649 0.1174 -0.2347
vn 0.9836 0.0635 -0.1690
vn 0.9336 0.0480 -0.3551
vn 0.7363 0.0861 -0.6712
vn 0.8314 0.0754 -0.5506
vn -0.6241 -0.0569 -0.7792
vn -0.3225 -0.0899 -0.9423
vn -0.4001 -0.0001 -0.9165
vn -0.3191 -0.2863 -0.9034
vn -0.2707 -0.6021 -0.7511
vn -0.8613 0.2161 -0.4599
vn -0.7765 0.4357 -0.4552
vn -0.6862 0.3138 -0.6563
vn -0.8692 0.2917 -0.3992
vn -0.5350 0.4329 -0.7255
vn -0.8079 0.0699 -0.5851
vn -0.4759 0.2211 -0.8513
vn -0.7135 0.0966 -0.6940
vn -0.5980 0.0838 -0.7971
vn -0.8573 0.0694 -0.5101
vn -0.7071 -0.0127 -0.7070
vn -0.4857 0.0200 -0.8739
vn -0.8003 0.0431 -0.5980
vn 0.6409 0.4795 -0.5994
vn 0.7424 0.5826 -0.3309
vn 0.7123 0.3329 -0.6179
vn -0.0573 -0.4009 -0.9143
vn 0.8995 0.1359 -0.4153
vn 0.8709 0.0695 -0.4865
vn 0.0398 -0.4025 -0.9146
vn 0.2255 -0.2120 -0.9509
vn 0.0702 -0.1147 -0.9909
vn -0.0947 -0.0043 -0.9955
vn -0.1202 -0.0149 -0.9926
vn 0.6934 0.0766 -0.7165
vn 0.9008 0.0589 -0.4303
vn 0.9620 0.0091 -0.2727
vn 0.8966 0.0462 -0.4404
vn -0.3747 -0.3928 -0.8399
vn -0.2169 -0.4466 -0.8681
vn 0.3606 -0.0312 -0.9322
vn 0.2488 -0.1733 -0.9529
vn 0.0821 -0.2641 -0.9610
vn 0.6140 0.2917 -0.7334
vn 0.5342 0.1806 -0.8258
vn 0.2631 -0.4076 -0.8744
vn 0.5265 0.0769 -0.8467
vn 0.5699 0.0783 -0.8180
vn 0.7316 0.0788 -0.6771
vn 0.9436 0.0753 -0.3225
vn 0.8223 0.0746 -0.5641
vn 0.9308 -0.0464 -0.3625
vn -0.5852 0.0304 -0.8103
vn -0.8949 0.2089 -0.3944
vn -0.3935 0.0909 -0.9148
vn -0.0580 0.0407 -0.9975
vn -0.3200 0.0259 -0.9471
vn 0.0395 0.1148 -0.9926
vn -0.2636 0.1001 -0.9594
vn 0.2516 -0.1214 -0.9602
vn 0.2526 -0.1596 -0.9543
vn 0.0823 0.1812 -0.9800
vn 0.1261 0.1240 -0.9842
vn 0.9433 -0.2566 -0.2105
vn -0.0177 -0.5101 -0.8599
vn -0.1541 -0.2534 -0.9550
vn -0.0501 -0.3497 -0.9355
vn -0.2195 -0.1378 -0.9658
vn -0.1779 -0.1722 -0.9689
vn -0.0876 -0.2428 -0.9661
vn 0.1304 -0.4384 -0.8893
vn -0.2099 -0.0809 -0.9744
vn -0.0069 0.0130 -0.9999
vn -0.2587 -0.3141 -0.9135
vn 0.2202 -0.1597 -0.9623
vn 0.4345 -0.0324 -0.9001
vn 0.8161 0.0726 -0.5733
vn 0.6449 0.0790 -0.7602
vn 0.4071 0.0691 -0.9108
vn 0.7370 0.0237 -0.6755
vn 0.4105 0.0754 -0.9088
vn 0.3767 0.0600 -0.9244
vn 0.7800 -0.0809 -0.6206
vn 0.8810 -0.1375 -0.4527
vn 0.1574 0.0564 -0.9859
vn 0.4469 -0.0204 -0.8944
vn -0.2111 0.0995 -0.9724
vn -0.1848 -0.0033 -0.9828
vn -0.1521 -0.1162 -0.9815
vn -0.9552 0.0287 -0.2945
vn 0.1346 0.0698 -0.9884
vn -0.3738 0.1568 -0.9142
vn -0.6324 0.0585 -0.7724
vn -0.9496 -0.1338 -0.2835
vn 0.0553 0.1275 -0.9903
vn -0.0061 0.1754 -0.9845
vn -0.2008 0.1966 -0.9597
vn -0.7349 0.0162 -0.6780
vn -0.9542 -0.1349 -0.2671
vn -0.0391 -0.1073 -0.9935
vn -0.0774 -0.3740 -0.9242
vn 0.0687 -0.2697 -0.9605
vn -0.0676 -0.2219 -0.9727
vn 0.0599 0.0378 -0.9975
vn 0.7021 -0.0076 -0.7120
vn -0.8864 0.2918 -0.3594
vn 0.2679 0.0421 -0.9625
vn 0.3216 -0.0253 -0.9465
vn 0.0118 0.0136 -0.9998
vn -0.2436 -0.0850 -0.9661
vn 0.0929 -0.1596 -0.9828
vn 0.0550 -0.0544 -0.9970
vn 0.2310 -0.1182 -0.9657
vn -0.1433 -0.1070 -0.9839
vn -0.5075 0.0473 -0.8603
vn -0.4124 0.0130 -0.9109
vn -0.4328 0.0716 -0.8986
vn -0.3500 0.0226 -0.9365
vn -0.9616 0.0915 -0.2588
vn -0.9827 -0.1610 -0.0910
vn -0.7543 -0.0146 -0.6563
vn -0.9613 -0.2288 -0.1532
vn -0.1139 0.0426 -0.9926
vn 0.2301 0.0478 -0.9720
vn 0.0964 0.0245 -0.9950
vn -0.1416 -0.0349 -0.9893
vn -0.0444 0.0279 -0.9986
vn 0.1207 -0.0204 -0.9925
vn -0.0624 0.0340 -0.9975
vn 0.0413 -0.0248 -0.9988
vn 0.1939 -0.0576 -0.9793
vn 0.2800 -0.1039 -0.9544
vn -0.2197 0.0279 -0.9752
vn -0.1192 -0.0637 -0.9908
vn -0.0869 0.0149 -0.9961
vn -0.1864 -0.0062 -0.9824
vn -0.3818 0.1296 -0.9151
vn -0.3821 0.0178 -0.9239
vn -0.3257 0.0532 -0.9440
vn -0.1495 -0.0138 -0.9887
vn -0.2991 -0.0225 -0.9540
vn 0.0056 0.0064 -1.0000
vn -0.2074 0.0006 -0.9783
vn 0.0725 -0.0939 -0.9929
vn -0.1465 0.1178 -0.9822
vn 0.0103 -0.0036 -0.9999
vn -0.0350 0.0366 -0.9987
vn -0.2574 0.0172 -0.9662
vn 0.0047 0.0400 -0.9992
vn 0.0828 0.0302 -0.9961
vn -0.3033 -0.0227 -0.9526
vn -0.2409 -0.0271 -0.9702
vn 0.1759 -0.0907 -0.9802
vn -0.0954 -0.0594 -0.9937
vn 0.1791 -0.0252 -0.9835
vn -0.1739 -0.0182 -0.9846
vn 0.1223 0.0187 -0.9923
vn -0.0937 0.0168 -0.9955
vn 0.0809 0.0272 -0.9963
vn -0.3710 0.0066 -0.9286
vn -0.1998 0.0203 -0.9796
vn -0.1317 0.0105 -0.9912
vn -0.2354 -0.0145 -0.9718
vn 0.1682 0.0061 -0.9857
vn -0.1340 -0.0218 -0.9907
vn 0.0168 -0.0127 -0.9998
vn 0.0030 -0.0047 -1.0000
vn -0.2588 0.0098 -0.9659
vn -0.9333 -0.3546 -0.0568
vn -0.9227 -0.3823 -0.0491
vn -0.9465 -0.3093 -0.0921
vn -0.8093 -0.4498 -0.3778
vn -0.7930 -0.4535 -0.4067
vn -0.8131 -0.4540 -0.3644
vn -0.8763 -0.2903 -0.3846
vn -0.8662 -0.3038 -0.3966
vn -0.8771 -0.2899 -0.3830
vn -0.7097 0.6332 -0.3088
vn -0.7449 0.6078 -0.2751
vn -0.7915 0.5569 -0.2518
vn -0.1024 0.0568 -0.9931
vn -0.1271 0.0614 -0.9900
vn -0.0689 0.1007 -0.9925
vn -0.4802 0.8466 0.2295
vn -0.4838 0.8429 0.2357
vn -0.4679 0.8547 0.2250
vn 0.1108 -0.9847 -0.1348
vn 0.1063 -0.9897 -0.0963
vn 0.0944 -0.9889 -0.1145
vn 0.0636 -0.9938 -0.0908
vn 0.0120 -0.9951 -0.0978
vn 0.0199 -0.9951 -0.0973
vn -0.0742 -0.9892 -0.1261
vn -0.0780 -0.9909 -0.1100
vn -0.0942 -0.9904 -0.1007
vn 0.4025 0.8822 0.2445
vn 0.3419 0.8914 0.2976
vn 0.3910 0.8746 0.2868
vn 0.3985 0.0443 -0.9161
vn 0.4524 0.0543 -0.8901
vn 0.4298 0.0553 -0.9012
vn 0.2087 0.1156 -0.9711
vn 0.2338 0.1217 -0.9646
vn 0.2262 0.1048 -0.9684
vn 0.9962 0.0618 -0.0606
vn 0.9401 0.0397 -0.3386
vn 0.9935 0.0517 -0.1011
vn 0.1492 -0.8917 -0.4274
vn 0.5211 -0.7037 -0.4830
vn 0.2455 -0.8185 -0.5194
vn -0.6655 0.6895 -0.2859
vn -0.5101 0.7540 -0.4139
vn -0.5217 0.6372 -0.5673
vn 0.2742 -0.4638 -0.8424
vn -0.7064 -0.6160 -0.3485
vn -0.6976 -0.6752 -0.2398
vn -0.3224 -0.7458 -0.5829
vn 0.9927 0.0518 -0.1091
vn 0.9931 0.1127 0.0309
vn 0.9899 0.0809 -0.1165
vn 0.3100 0.4036 -0.8608
vn 0.4329 0.4576 -0.7767
vn 0.3522 0.2391 -0.9049
vn 0.4245 0.0741 -0.9024
vn 0.3405 0.0816 -0.9367
vn 0.4437 0.0643 -0.8939
vn 0.8269 -0.5270 -0.1963
vn 0.6935 -0.6930 -0.1968
vn 0.5490 0.6229 -0.5573
vn 0.4224 0.6068 -0.6733
vn 0.2879 0.4263 -0.8575
vn 0.3486 0.5497 -0.7592
vn 0.1698 0.4890 -0.8556
vn 0.2737 0.5870 -0.7619
vn 0.3364 0.6532 -0.6784
vn 0.6037 0.7919 -0.0913
vn 0.4471 0.8903 -0.0860
vn 0.6897 0.7179 -0.0944
vn 0.3681 -0.0406 -0.9289
vn 0.4823 -0.0159 -0.8759
vn 0.3610 0.0863 -0.9286
vn 0.2196 0.7692 -0.6001
vn 0.2368 0.7123 -0.6608
vn 0.3096 0.7530 -0.5806
vn 0.5006 -0.3203 -0.8042
vn 0.8330 -0.4089 -0.3727
vn -0.3630 0.8791 -0.3088
vn -0.2302 0.8315 -0.5056
vn -0.2928 0.9023 -0.3165
vn -0.3946 -0.6349 -0.6643
vn -0.2941 -0.5083 -0.8094
vn 0.5533 0.7277 -0.4054
vn 0.6506 0.6942 -0.3078
vn -0.3437 0.5848 -0.7347
vn -0.2818 0.6386 -0.7161
vn -0.4902 0.5735 -0.6563
vn -0.5308 -0.3669 -0.7640
vn -0.3258 0.8497 -0.4145
vn -0.5547 0.8319 -0.0146
vn -0.3800 0.9250 0.0018
vn -0.4309 0.8928 -0.1316
vn -0.9033 -0.4267 -0.0450
vn -0.8347 -0.5324 -0.1410
vn -0.9570 -0.2638 -0.1205
vn -0.7108 0.6985 -0.0827
vn -0.6214 0.7727 -0.1296
vn -0.3745 0.8811 -0.2886
vn -0.3507 0.9186 -0.1823
vn 0.2992 0.8486 -0.4363
vn 0.3149 0.9147 -0.2533
vn 0.2371 0.8321 -0.5014
vn 0.9395 -0.3423 -0.0116
vn 0.9717 -0.2143 -0.0997
vn 0.8708 -0.4729 -0.1346
vn -0.9888 0.0395 -0.1439
vn -0.9862 -0.0266 -0.1636
vn 0.8798 -0.4490 -0.1562
vn 0.9479 0.0642 -0.3121
vn 0.8619 0.0627 -0.5032
vn 0.7650 0.0669 -0.6405
vn 0.1990 0.1003 -0.9749
vn -0.9092 -0.3980 -0.1223
vn -0.2661 0.7549 -0.5994
vn -0.2115 0.7388 -0.6399
vn 0.9891 0.1323 -0.0639
vn -0.5090 0.0251 -0.8604
vn -0.6455 0.0612 -0.7613
vn -0.5846 0.0486 -0.8099
vn 0.4277 0.8711 -0.2413
vn 0.3110 0.9117 -0.2684
vn 0.3625 0.8499 -0.3824
vn -0.2526 0.4682 -0.8467
vn -0.3388 0.2759 -0.8995
vn -0.3880 0.4890 -0.7812
vn 0.2168 0.0915 -0.9719
vn 0.1692 0.1045 -0.9800
vn 0.6321 0.0785 -0.7709
vn 0.5258 0.0532 -0.8489
vn 0.5940 0.0770 -0.8008
vn -0.2080 0.0894 -0.9740
vn -0.0973 0.0969 -0.9905
vn -0.3591 0.0550 -0.9317
vn -0.5173 0.0341 -0.8551
vn -0.4507 0.0254 -0.8923
vn -0.8762 0.0725 -0.4764
vn -0.7873 0.0677 -0.6129
vn -0.9199 0.0641 -0.3869
vn -0.9880 0.0631 -0.1409
vn -0.9632 0.0695 -0.2598
vn 0.9934 0.1071 0.0419
vn 0.9992 0.0134 -0.0374
vn 0.9911 0.0398 -0.1274
vn -0.2052 0.5304 -0.8226
vn -0.1847 0.5933 -0.7835
vn -0.3900 0.1516 -0.9083
vn -0.3583 -0.1065 -0.9275
vn -0.9895 0.0738 -0.1241
vn -0.9757 0.0640 -0.2097
vn -0.9540 -0.2544 -0.1588
vn -0.1777 0.6964 -0.6953
vn 0.3513 0.2642 -0.8982
vn 0.9857 0.0639 -0.1556
vn -0.9983 0.0579 -0.0053
vn -0.8136 0.0005 0.5814
vn -0.9961 0.0752 -0.0454
vn 0.9981 -0.0411 -0.0453
vn 0.9992 -0.0332 -0.0208
vn 0.9894 -0.0377 0.1403
vn 0.0678 0.4009 -0.9136
vn 0.1609 0.2937 -0.9423
vn -0.3019 0.5413 -0.7848
vn -0.9584 -0.0567 -0.2796
vn -0.9823 -0.0243 -0.1860
vn -0.7802 -0.3067 -0.5452
vn -0.3434 0.8630 -0.3706
vn 0.9833 0.1081 0.1463
vn 0.9940 0.1009 -0.0419
vn -0.9960 0.0657 -0.0612
vn 0.9807 0.0032 -0.1953
vn -0.0501 0.3995 -0.9154
vn 0.0104 0.2812 -0.9596
vn -0.9758 0.0461 -0.2137
vn -0.9882 0.0438 -0.1470
vn -0.9428 -0.0617 -0.3275
vn 0.1929 0.6549 -0.7307
vn 0.1997 0.5219 -0.8293
vn 0.2820 0.6556 -0.7004
vn 0.9959 0.0234 -0.0873
vn -0.1518 0.3926 -0.9071
vn 0.9944 -0.0134 -0.1044
vn -0.4618 -0.0885 -0.8826
vn 0.9731 0.0547 -0.2237
vn -0.9192 -0.2482 -0.3057
vn -0.1376 0.4498 -0.8825
vn 0.3930 0.7987 -0.4556
vn -0.9890 0.1046 -0.1049
vn 0.9762 -0.0839 -0.2000
vn -0.9819 0.0765 -0.1730
vn -0.9296 0.0706 -0.3617
vn 0.1960 0.5521 -0.8104
vn -0.9723 0.1526 -0.1767
vn -0.7941 -0.2034 -0.5727
vn 0.9763 0.1284 -0.1743
vn 0.9630 0.1354 -0.2332
vn -0.9331 -0.1216 -0.3385
vn -0.6012 -0.0479 -0.7977
vn -0.7305 -0.2203 -0.6464
vn -0.0156 0.1036 -0.9945
vn 0.9614 -0.0555 -0.2694
vn -0.9356 -0.0222 -0.3523
vn 0.9384 -0.0148 -0.3453
vn -0.8958 -0.0848 -0.4363
vn 0.9728 0.0219 -0.2305
vn -0.8232 0.0660 -0.5640
vn -0.7052 0.0590 -0.7065
vn 0.8898 -0.0440 -0.4543
vn -0.0688 0.4379 -0.8964
vn 0.0645 0.4347 -0.8983
vn 0.9650 0.1317 -0.2268
vn 0.9215 -0.0608 -0.3836
vn -0.0092 0.3915 -0.9201
vn 0.1721 0.5022 -0.8474
vn 0.9234 -0.2906 -0.2507
vn 0.7259 -0.2278 -0.6490
vn 0.8495 -0.2528 -0.4632
vn 0.7440 -0.1418 -0.6530
vn 0.5910 -0.0068 -0.8067
vn 0.4658 0.1717 -0.8681
vn 0.3074 0.3460 -0.8864
vn 0.1734 0.4783 -0.8609
vn 0.1387 0.6410 -0.7549
vn 0.1578 0.5152 -0.8424
vn -0.1978 0.6370 -0.7450
vn 0.9285 -0.1544 -0.3378
vn -0.3777 0.6402 -0.6690
vn -0.2621 0.7684 -0.5839
vn -0.7633 -0.0990 -0.6385
vn 0.5242 0.0567 -0.8497
vn 0.9111 0.0633 -0.4074
vn -0.9696 0.1207 -0.2129
vn -0.8882 0.0693 -0.4541
vn -0.8082 0.0485 -0.5869
vn -0.2791 0.3524 -0.8933
vn 0.2069 0.4378 -0.8749
vn 0.9600 0.1205 -0.2527
vn 0.1956 0.7349 -0.6494
vn -0.3630 0.0407 -0.9309
vn -0.9060 -0.0128 -0.4231
vn -0.9454 0.1183 -0.3035
vn -0.9164 0.1773 -0.3589
vn 0.8365 -0.0808 -0.5420
vn 0.9220 0.0410 -0.3850
vn 0.9767 0.1199 -0.1781
vn 0.3080 0.2573 -0.9159
vn 0.4401 0.0981 -0.8926
vn 0.7336 -0.1864 -0.6535
vn 0.1244 0.4265 -0.8959
vn 0.1956 0.4349 -0.8790
vn -0.5620 0.0662 -0.8245
vn -0.6567 -0.0756 -0.7504
vn -0.6674 0.0378 -0.7437
vn -0.7469 0.0322 -0.6641
vn -0.9475 0.1618 -0.2758
vn 0.4470 0.0606 -0.8925
vn 0.5749 0.0721 -0.8150
vn 0.9433 0.1748 -0.2821
vn 0.7431 0.0642 -0.6661
vn -0.4753 0.0289 -0.8794
vn -0.8061 -0.1761 -0.5650
vn -0.8209 -0.0918 -0.5637
vn 0.8494 0.0567 -0.5247
vn 0.6369 0.0260 -0.7705
vn 0.6354 0.0596 -0.7699
vn 0.7328 0.0161 -0.6803
vn 0.4965 -0.0287 -0.8676
vn 0.3914 0.0063 -0.9202
vn 0.2246 0.1796 -0.9577
vn 0.7448 -0.0909 -0.6611
vn 0.8282 -0.1629 -0.5363
vn -0.6093 0.0058 -0.7929
vn -0.5560 0.0561 -0.8293
vn -0.5635 0.0382 -0.8253
vn -0.8235 0.0681 -0.5632
vn 0.4965 0.0742 -0.8649
vn -0.1164 0.0946 -0.9887
vn -0.1786 0.4791 -0.8594
vn -0.8541 0.1143 -0.5074
vn 0.8483 0.0774 -0.5238
vn 0.6979 0.0620 -0.7135
vn 0.4716 -0.0378 -0.8810
vn 0.9063 0.1384 -0.3992
vn 0.8600 -0.0503 -0.5078
vn 0.8268 0.0551 -0.5597
vn 0.6431 0.0403 -0.7647
vn 0.2863 -0.0202 -0.9579
vn 0.1714 -0.0757 -0.9823
vn 0.5748 0.0393 -0.8174
vn 0.3216 -0.0308 -0.9464
vn 0.3837 0.0128 -0.9234
vn 0.2233 -0.0126 -0.9747
vn 0.2857 0.0724 -0.9556
vn 0.1754 0.0313 -0.9840
vn 0.8799 0.0871 -0.4671
vn 0.0480 0.3709 -0.9274
vn 0.1224 0.0639 -0.9904
vn 0.0587 0.1717 -0.9834
vn 0.0845 0.0970 -0.9917
vn 0.0233 0.2741 -0.9614
vn 0.1220 0.3049 -0.9445
vn -0.0077 0.1635 -0.9865
vn 0.0016 0.3050 -0.9524
vn 0.1766 0.3539 -0.9185
vn -0.1889 0.5096 -0.8394
vn -0.3745 0.1611 -0.9131
vn -0.4118 0.0458 -0.9101
vn -0.3179 0.2609 -0.9115
vn -0.2478 0.3612 -0.8990
vn -0.1486 0.3031 -0.9413
vn -0.2131 0.1136 -0.9704
vn -0.7413 -0.0823 -0.6662
vn -0.7515 -0.3246 -0.5744
vn -0.0724 0.1940 -0.9783
vn -0.0208 0.2753 -0.9611
vn -0.4275 0.0477 -0.9028
vn -0.2784 0.0613 -0.9585
vn -0.6429 0.0027 -0.7659
vn 0.5332 0.0350 -0.8453
vn 0.6060 -0.0367 -0.7946
vn -0.8461 -0.0003 -0.5330
vn -0.6515 0.0246 -0.7582
vn -0.8932 0.1032 -0.4375
vn -0.7445 0.0805 -0.6628
vn 0.4140 -0.0327 -0.9097
vn -0.6668 0.0122 -0.7451
vn -0.3286 -0.0004 -0.9445
vn -0.1513 0.0713 -0.9859
vn -0.2669 0.0101 -0.9637
vn -0.4496 -0.0105 -0.8932
vn -0.2252 0.0829 -0.9708
vn -0.3772 0.0462 -0.9250
vn -0.4425 0.0017 -0.8968
vn -0.4804 0.0510 -0.8756
vn -0.1289 0.1037 -0.9862
vn -0.2307 0.0807 -0.9697
vn -0.5018 -0.0040 -0.8650
vn -0.3854 0.0631 -0.9206
vn -0.0517 0.0999 -0.9937
vn -0.0416 0.1243 -0.9914
vn 0.0511 0.1107 -0.9925
vn 0.1044 0.1035 -0.9891
vn 0.3515 0.0829 -0.9325
vn -0.0087 0.0993 -0.9950
vn 0.1858 0.0961 -0.9779
vn -0.0385 0.3698 -0.9283
vn 0.0240 0.1317 -0.9910
vn 0.4600 0.0708 -0.8851
vn 0.1610 0.0965 -0.9822
vn 0.4951 0.0410 -0.8679
vn 0.0061 0.1945 -0.9809
vn -0.1655 0.4213 -0.8917
vn 0.0189 0.1608 -0.9868
vn -0.6561 0.7177 0.2333
vn -0.3126 0.7707 0.5553
vn -0.5357 0.7575 0.3731
vn -0.3538 0.0811 0.9318
vn -0.4450 -0.0202 0.8953
vn -0.3097 0.4328 0.8466
vn -0.5772 0.6368 0.5112
vn -0.9957 -0.0914 -0.0135
vn -0.9952 -0.0863 -0.0451
vn -0.9952 -0.0697 0.0691
vn -0.8739 -0.0512 0.4834
vn -0.8968 -0.0525 0.4393
vn -0.9570 -0.0574 0.2843
vn -0.3343 -0.3173 0.8875
vn -0.3355 -0.2191 0.9162
vn -0.4402 -0.4536 0.7749
vn 0.2880 -0.8114 0.5085
vn 0.2356 -0.7588 0.6073
vn 0.2933 -0.7526 0.5895
vn 0.6438 -0.7529 0.1365
vn 0.7163 -0.6910 0.0974
vn 0.6478 -0.6930 0.3165
vn -0.9651 0.2486 0.0825
vn -0.8181 0.5728 0.0506
vn -0.9606 0.2539 0.1129
vn -0.5368 -0.6405 0.5493
vn -0.3998 -0.5480 0.7348
vn 0.9955 -0.0671 0.0670
vn 0.9978 -0.0665 -0.0010
vn 0.9969 -0.0775 0.0145
vn -0.3498 -0.8716 0.3434
vn -0.3392 -0.7823 0.5224
vn -0.2406 -0.7908 0.5628
vn -0.2642 -0.4420 0.8572
vn -0.2712 -0.5435 0.7944
vn -0.3968 -0.5141 0.7605
vn -0.6166 -0.7832 0.0800
vn -0.6891 -0.7195 0.0869
vn -0.4379 -0.8950 0.0854
vn -0.3473 -0.7184 0.6027
vn -0.2481 -0.7158 0.6528
vn -0.4907 0.3236 0.8090
vn -0.8456 0.4295 0.3169
vn -0.3299 -0.8992 0.2875
vn -0.3603 -0.9022 0.2373
vn 0.5486 -0.6643 0.5077
vn 0.4956 -0.7439 0.4483
vn 0.6499 -0.0613 0.7575
vn 0.7778 -0.0472 0.6268
vn 0.5798 -0.0489 0.8133
vn 0.4682 -0.0260 0.8832
vn 0.5198 -0.0320 0.8537
vn 0.9643 0.2359 0.1205
vn 0.9896 0.0372 0.1392
vn 0.9031 0.4087 0.1320
vn -0.2684 -0.8676 0.4185
vn 0.9956 -0.0740 0.0581
vn 0.9966 -0.0706 0.0418
vn -0.8366 0.5214 0.1680
vn 0.3638 0.4550 0.8128
vn 0.3662 0.7128 0.5982
vn 0.4919 0.5984 0.6324
vn 0.5648 -0.8252 0.0091
vn 0.4696 -0.8636 0.1833
vn 0.3612 -0.9245 0.1216
vn 0.3244 -0.8876 0.3271
vn 0.3527 -0.8717 0.3401
vn 0.6820 0.7278 0.0714
vn 0.7011 0.6735 0.2342
vn 0.7101 0.6255 0.3233
vn 0.3278 0.8716 0.3645
vn 0.3807 -0.8883 0.2569
vn 0.3387 -0.9197 0.1986
vn 0.9622 0.0314 0.2707
vn 0.9503 -0.1127 0.2903
vn 0.9213 0.0440 0.3864
vn 0.9898 -0.0775 0.1196
vn 0.9907 -0.0122 0.1352
vn -0.6429 -0.7016 0.3074
vn -0.4858 -0.7417 0.4624
vn -0.9880 -0.0665 0.1396
vn -0.7373 -0.0592 0.6730
vn 0.3827 -0.0412 0.9230
vn 0.1329 -0.0807 0.9878
vn 0.2983 -0.0658 0.9522
vn 0.8381 -0.0720 0.5407
vn 0.9128 -0.0579 0.4042
vn -0.9969 0.0093 0.0776
vn -0.9952 0.0656 0.0728
vn -0.2985 -0.6563 0.6930
vn 0.2242 -0.8336 0.5047
vn 0.4369 -0.5231 0.7318
vn 0.3669 -0.2537 0.8950
vn 0.3054 -0.4018 0.8633
vn -0.9999 -0.0000 -0.0173
vn -0.4435 -0.8729 0.2034
vn -0.3075 -0.9125 0.2697
vn 0.1262 -0.4427 0.8877
vn 0.2358 -0.4760 0.8472
vn 0.2420 -0.5467 0.8016
vn 0.2685 -0.6871 0.6752
vn -0.9963 -0.0828 -0.0240
vn 0.3476 0.1142 0.9306
vn 0.5494 0.3053 0.7778
vn 0.9800 -0.0651 0.1882
vn 0.9705 0.1353 0.1995
vn -0.2334 -0.4743 0.8489
vn -0.3721 -0.2491 0.8941
vn 0.3276 -0.8840 0.3336
vn 0.9353 0.2980 0.1910
vn -0.9918 -0.1186 -0.0470
vn -0.3720 -0.0741 0.9253
vn -0.5012 -0.0424 0.8643
vn -0.4657 -0.0557 0.8832
vn -0.3391 -0.8230 0.4557
vn -0.1338 -0.4502 0.8829
vn 0.0119 -0.3979 0.9174
vn -0.1023 -0.3528 0.9301
vn 0.0271 -0.3139 0.9491
vn -0.2261 -0.8278 0.5134
vn 0.5136 -0.4188 0.7488
vn 0.4212 0.1762 0.8897
vn 0.8004 0.3254 0.5035
vn -0.1939 -0.1023 0.9757
vn -0.1376 -0.0954 0.9859
vn 0.1680 -0.0910 0.9816
vn 0.9470 -0.0635 0.3150
vn 0.9738 -0.0646 0.2180
vn -0.9657 -0.0165 0.2591
vn -0.9857 -0.0016 0.1688
vn 0.9693 -0.0563 0.2392
vn 0.9475 0.0621 0.3137
vn 0.9425 0.0261 0.3332
vn -0.9777 -0.0562 0.2022
vn -0.3656 -0.0766 0.9276
vn -0.9970 0.0306 0.0712
vn -0.9955 0.0383 -0.0862
vn -0.9813 -0.0361 0.1889
vn -0.9968 0.0093 -0.0792
vn -0.9955 0.0020 0.0945
vn 0.9827 0.0166 0.1844
vn -0.1933 -0.6241 0.7570
vn -0.9720 -0.1011 0.2119
vn -0.9794 -0.1154 0.1657
vn 0.0128 -0.1015 0.9948
vn 0.4490 -0.0235 0.8932
vn 0.8587 -0.0632 0.5086
vn 0.9813 -0.0733 0.1777
vn 0.1236 -0.4669 0.8756
vn 0.9664 0.0761 0.2455
vn 0.9855 -0.0406 0.1646
vn 0.8483 0.2568 0.4630
vn 0.9113 0.1700 0.3749
vn -0.2328 -0.6723 0.7027
vn -0.9843 -0.0632 0.1645
vn -0.9922 -0.1182 0.0397
vn -0.9947 -0.0852 0.0571
vn -0.1986 -0.5310 0.8238
vn 0.9618 -0.1761 0.2097
vn -0.9919 -0.0650 0.1089
vn -0.9440 0.0184 0.3296
vn -0.9463 0.0620 0.3174
vn 0.8157 0.2246 0.5330
vn 0.6839 0.1009 0.7226
vn 0.7152 0.2169 0.6644
vn 0.5631 0.0499 0.8249
vn 0.7885 0.1678 0.5917
vn 0.0355 -0.4078 0.9124
vn -0.9913 -0.1118 0.0687
vn 0.9185 -0.0578 0.3912
vn 0.7343 -0.0686 0.6753
vn 0.7815 -0.0572 0.6213
vn 0.6242 -0.0552 0.7793
vn 0.9127 -0.0684 0.4029
vn 0.8667 0.0842 0.4917
vn 0.5604 -0.0451 0.8270
vn -0.0278 -0.4115 0.9110
vn -0.0973 -0.4602 0.8825
vn -0.9294 0.2786 0.2420
vn -0.7205 0.3068 0.6218
vn -0.8531 0.2346 0.4659
vn -0.2515 -0.3798 0.8902
vn -0.2800 -0.3469 0.8951
vn -0.7516 0.1549 0.6411
vn -0.7110 0.1517 0.6866
vn -0.5953 -0.0384 0.8026
vn -0.4381 -0.2011 0.8762
vn -0.1743 -0.5386 0.8243
vn -0.1682 -0.4690 0.8670
vn -0.5792 -0.0556 0.8133
vn -0.6301 -0.0802 0.7723
vn 0.1817 -0.6281 0.7566
vn 0.1968 -0.5353 0.8214
vn 0.1800 -0.6991 0.6920
vn 0.3742 -0.6163 0.6929
vn 0.2632 -0.7356 0.6242
vn 0.4693 -0.0317 0.8825
vn 0.7697 0.1562 0.6190
vn 0.4323 -0.1924 0.8809
vn -0.9107 -0.0594 0.4087
vn -0.5013 -0.0603 0.8632
vn 0.9885 -0.1061 0.1074
vn 0.9721 -0.1054 0.2094
vn 0.8165 -0.0396 0.5760
vn -0.9798 -0.1327 0.1495
vn -0.9640 -0.1308 0.2315
vn 0.9573 -0.1755 0.2298
vn 0.9050 -0.1052 0.4121
vn -0.9556 0.0946 0.2791
vn -0.9124 -0.0045 0.4092
vn 0.6669 -0.0485 0.7435
vn -0.9777 -0.1097 0.1789
vn -0.5670 -0.0147 0.8236
vn -0.3988 -0.1035 0.9112
vn -0.7308 0.1709 0.6609
vn -0.1743 -0.4301 0.8858
vn 0.1895 -0.5390 0.8207
vn 0.1734 -0.4771 0.8616
vn 0.2132 -0.5090 0.8339
vn 0.5352 -0.0964 0.8392
vn -0.5764 -0.0689 0.8143
vn 0.6717 -0.0243 0.7404
vn 0.9107 -0.0972 0.4014
vn -0.9335 -0.0962 0.3455
vn -0.9644 -0.1616 0.2095
vn -0.9044 -0.0933 0.4163
vn -0.6101 0.0267 0.7919
vn -0.6554 0.0082 0.7552
vn -0.7592 -0.0644 0.6477
vn 0.4031 -0.0345 0.9145
vn 0.9283 -0.1740 0.3287
vn 0.8978 -0.1384 0.4182
vn 0.7556 -0.0460 0.6534
vn -0.8650 0.1495 0.4790
vn -0.8831 0.0711 0.4638
vn -0.8814 -0.0441 0.4703
vn -0.7234 -0.0160 0.6903
vn -0.7436 -0.0160 0.6684
vn -0.6278 -0.0499 0.7767
vn -0.5188 0.0046 0.8549
vn -0.2865 -0.2406 0.9274
vn -0.6431 0.0609 0.7634
vn -0.1496 -0.1569 0.9762
vn 0.5720 -0.0345 0.8195
vn -0.5053 -0.0750 0.8597
vn -0.3685 -0.0747 0.9266
vn -0.2779 0.0095 0.9606
vn -0.2119 -0.0653 0.9751
vn -0.3787 -0.0532 0.9240
vn -0.8632 -0.0941 0.4960
vn -0.7808 -0.0804 0.6196
vn -0.5100 0.0340 0.8595
vn -0.3424 0.0561 0.9379
vn -0.7967 -0.1304 0.5901
vn -0.5239 -0.0074 0.8518
vn -0.7995 -0.4000 0.4481
vn -0.9308 -0.0866 0.3552
vn -0.8619 0.0560 0.5040
vn -0.8245 -0.0529 0.5633
vn -0.3491 -0.0101 0.9370
vn -0.6132 -0.0712 0.7868
vn -0.2065 0.0374 0.9777
vn -0.3137 0.0417 0.9486
vn -0.1182 -0.0535 0.9915
vn -0.0763 -0.3911 0.9172
vn -0.0197 -0.3403 0.9401
vn 0.0028 -0.3497 0.9369
vn -0.2624 -0.0412 0.9641
vn -0.7696 0.1180 0.6275
vn -0.0170 -0.1299 0.9914
vn -0.0535 -0.1158 0.9918
vn -0.1631 -0.3245 0.9317
vn -0.0920 -0.2838 0.9545
vn -0.0062 -0.2257 0.9742
vn -0.0019 -0.2789 0.9603
vn 0.1439 -0.5458 0.8254
vn 0.2899 -0.3576 0.8877
vn 0.5739 0.0340 0.8182
vn 0.4260 -0.1454 0.8930
vn 0.2851 -0.2943 0.9122
vn 0.2563 -0.2317 0.9384
vn 0.2128 -0.4187 0.8829
vn 0.3527 -0.0918 0.9312
vn 0.7026 0.1574 0.6939
vn 0.1641 -0.1336 0.9774
vn 0.1297 -0.2911 0.9479
vn 0.5463 0.0127 0.8375
vn 0.5214 -0.0596 0.8512
vn 0.4166 -0.0484 0.9078
vn 0.5714 0.0027 0.8207
vn -0.4623 0.0277 0.8863
vn -0.5310 -0.0339 0.8467
vn 0.7503 -0.0650 0.6579
vn 0.7477 -0.0727 0.6601
vn -0.3974 0.0286 0.9172
vn -0.0023 -0.1839 0.9829
vn -0.0168 -0.1307 0.9913
vn 0.1851 -0.4546 0.8713
vn 0.3203 -0.0001 0.9473
vn 0.0903 -0.1045 0.9904
vn 0.2347 -0.0272 0.9717
vn 0.7246 -0.0436 0.6878
vn 0.4555 -0.0077 0.8902
vn 0.3415 -0.0253 0.9396
vn 0.3566 -0.2122 0.9098
vn 0.5289 0.0190 0.8485
vn 0.4750 -0.0444 0.8789
vn 0.3510 -0.0724 0.9336
vn 0.0860 -0.0999 0.9913
vn 0.2113 -0.0829 0.9739
vn 0.2332 -0.0793 0.9692
vn 0.0290 -0.1224 0.9921
vn -0.0312 -0.1063 0.9938
vn 0.1083 -0.0880 0.9902
vn 0.2877 -0.0627 0.9557
vn 0.3893 -0.0640 0.9189
vn -0.0500 -0.1049 0.9932
vn 0.1870 -0.0817 0.9790
vn -0.1918 -0.0950 0.9768
vn -0.1889 -0.0948 0.9774
vn 0.8513 0.0297 0.5239
vn -0.3140 -0.0836 0.9457
vn 0.7787 0.0274 0.6268
vn -0.4953 -0.0604 0.8666
vn -0.4457 -0.0826 0.8914
vn 0.1151 -0.4371 0.8920
vn 0.1295 -0.4030 0.9060
vn 0.0268 -0.2074 0.9779
vn 0.0363 -0.3281 0.9439
vn -0.1652 -0.0984 0.9813
vn -0.2275 -0.1486 0.9624
vn -0.2018 -0.1414 0.9692
vn -0.2185 -0.1150 0.9690
vn 0.0289 -0.0397 0.9988
vn 0.0550 -0.0481 0.9973
vn 0.0341 -0.1149 0.9928
vn 0.0015 -0.9844 -0.1761
vn 0.0178 -0.9857 -0.1673
vn 0.0465 -0.9839 -0.1725
vn -0.0373 0.9984 -0.0420
vn -0.0632 0.9971 -0.0425
vn -0.0693 0.9963 -0.0507
vn -0.9222 -0.3569 0.1488
vn -0.9313 -0.3374 0.1374
vn -0.9261 -0.3529 0.1336
vn -1.0000 -0.0000 -0.0001
vn -0.0000 1.0000 -0.0000
vn -1.0000 -0.0000 -0.0000
vn -0.9702 0.0404 0.2388
vn -0.9998 -0.0015 -0.0175
vn -0.9996 -0.0164 -0.0219
vn -0.9415 0.1018 0.3213
vn -0.0000 -1.0000 -0.0000
vn -0.9450 -0.0539 0.3225
vn -0.9489 -0.0666 0.3085
vn -0.9433 0.1270 0.3067
vn -0.9996 -0.0070 -0.0255
vn -0.9911 0.0197 0.1316
vn -0.9958 0.0552 -0.0726
vn -1.0000 0.0037 -0.0086
vn -0.9865 0.0545 0.1544
vn -0.9985 0.0102 0.0544
vn -0.9386 -0.0730 0.3372
vn -0.9321 0.1385 0.3348
vn -0.8876 0.2671 0.3754
vn -0.9953 0.0246 0.0933
vn -0.9346 -0.1035 0.3403
vn -0.9210 0.1987 0.3352
vn 0.2320 -0.4437 0.8656
vn -0.9546 0.2764 -0.1116
vn -0.9324 -0.0586 0.3565
vn -0.9283 0.1100 0.3551
vn -0.9211 -0.0953 0.3775
vn -0.9101 0.1807 0.3729
vn -0.8759 0.2900 0.3856
vn 0.6503 0.7543 -0.0903
vn -0.5597 0.8256 0.0721
vn -0.8555 0.0914 0.5096
vn -0.5498 -0.5494 0.6292
vn -0.2654 -0.7908 0.5516
vn 0.0445 -0.3019 0.9523
vn -0.9387 0.0555 0.3402
vn 0.2246 0.9683 0.1090
vn -0.9998 -0.0089 0.0191
vn -0.9993 -0.0317 -0.0178
vn 0.4928 -0.5694 -0.6580
vn -0.9171 0.0380 0.3968
vn -0.9151 -0.0772 0.3958
vn -0.9997 -0.0099 0.0209
vn -0.9896 -0.0600 0.1305
vn -0.9096 0.0684 0.4098
vn -0.9030 -0.1384 0.4068
vn -0.8839 0.1910 0.4268
vn -0.1626 -0.9390 0.3031
vn -0.8830 0.3072 0.3549
vn -0.9999 -0.0063 0.0100
vn -0.9999 -0.0039 0.0118
vn -0.9342 -0.1123 0.3386
vn -0.9387 0.0556 0.3403
vn -0.9442 0.0682 0.3223
vn -0.9374 -0.1375 0.3200
vn -0.9998 -0.0058 0.0171
vn 0.9502 -0.2679 -0.1590
vn -0.9999 0.0125 0.0099
vn -1.0000 0.0027 -0.0066
vn -0.8727 0.2897 0.3932
vn -0.9999 0.0079 -0.0152
vn -0.9387 0.0715 0.3372
vn -0.9313 -0.1439 0.3345
vn -0.9912 -0.0317 0.1288
vn -1.0000 0.0012 -0.0025
vn -0.9384 0.0330 0.3440
vn -0.9367 -0.0669 0.3436
vn -0.2131 -0.8122 -0.5430
vn -0.9526 0.0265 0.3031
vn -0.9324 0.0571 0.3568
vn -0.9278 -0.1153 0.3549
vn -0.9212 0.0934 0.3778
vn -0.9088 -0.1878 0.3727
vn -0.8808 0.4501 -0.1470
vn -0.0961 -0.9725 -0.2124
vn -0.0064 -0.9977 -0.0677
vn -0.9343 -0.1659 -0.3156
vn 0.0716 -0.6528 -0.7541
vn -0.2541 -0.6313 -0.7327
vn 0.2466 -0.6199 -0.7449
vn 0.1168 -0.9914 -0.0597
vn 0.1296 -0.9893 -0.0664
vn 0.0523 0.2078 -0.9768
vn -0.8787 -0.4528 -0.1512
vn -0.3296 -0.5500 0.7674
vn 0.1007 -0.9948 -0.0177
vn -0.9360 0.1534 -0.3168
vn -1.0000 -0.0027 0.0065
vn -0.7287 0.4275 0.5350
vn -0.9094 -0.0703 -0.4099
vn -0.9038 0.1310 -0.4074
vn -0.9998 -0.0030 0.0184
vn -0.9992 -0.0187 0.0352
vn -0.8070 -0.0728 -0.5860
vn -0.9874 -0.1132 -0.1102
vn -0.9412 -0.0802 -0.3282
vn -0.9647 -0.1961 -0.1760
vn 0.0094 -0.0095 -0.9999
vn 0.0093 0.0045 -0.9999
vn -0.9999 0.0005 -0.0138
vn -1.0000 -0.0017 0.0031
vn -0.9966 0.0784 -0.0268
vn -0.9613 0.0504 -0.2709
vn -0.9622 -0.0267 -0.2712
vn -0.9505 -0.0220 -0.3098
vn 0.1488 -0.9877 0.0476
vn -0.9999 0.0068 -0.0106
vn 0.1235 -0.0361 -0.9917
vn -0.8226 0.4475 0.3508
vn -0.9999 0.0060 -0.0085
vn 0.0132 -0.9545 0.2979
vn -1.0000 0.0015 -0.0003
vn -0.9405 -0.0241 -0.3389
vn -0.9398 0.0447 -0.3387
vn -0.9975 -0.0203 0.0680
vn -0.9999 -0.0109 0.0102
vn -0.9606 0.0011 -0.2778
vn -0.9607 -0.0022 -0.2777
vn -0.1636 -0.9577 0.2366
vn -0.9752 -0.1916 -0.1105
vn -0.9689 -0.0008 -0.2476
vn -0.9689 0.0014 -0.2476
vn -0.9560 -0.0472 -0.2894
vn -0.9533 0.0898 -0.2885
vn -0.9948 0.0271 -0.0977
vn -0.1629 -0.9711 0.1742
vn -0.0532 -0.9970 0.0571
vn 0.0591 0.0880 -0.9944
vn 0.0712 0.1169 -0.9906
vn 0.0439 0.1632 -0.9856
vn -0.4313 -0.6075 -0.6670
vn -0.9386 0.0556 -0.3405
vn 0.1118 -0.9921 -0.0572
vn -0.9999 -0.0011 -0.0105
vn -0.8625 -0.4405 -0.2490
vn 0.8059 -0.5920 -0.0000
vn -0.9425 0.0812 -0.3243
vn -0.9329 -0.1633 -0.3209
vn -0.9999 0.0115 0.0053
vn -0.7777 -0.6053 -0.1697
vn -0.8791 0.0785 -0.4702
vn -0.8706 -0.1592 -0.4656
vn -0.8685 0.0797 -0.4893
vn -0.8152 0.4300 -0.3880
vn -0.8808 -0.2204 -0.4191
vn -0.8520 -0.5204 -0.0569
vn -0.8474 -0.3402 -0.4076
vn -0.9996 -0.0103 -0.0249
vn -0.9388 -0.0023 -0.3445
vn -0.9388 0.0011 -0.3445
vn -0.9459 0.0224 -0.3238
vn -0.1739 0.9830 -0.0585
vn -0.9997 -0.0112 -0.0197
vn -0.0589 -0.1986 0.9783
vn -0.9846 0.1192 0.1279
vn -0.9999 -0.0066 0.0083
vn -0.6207 -0.7193 0.3120
vn -0.9999 -0.0009 0.0115
vn -0.9405 0.0234 -0.3391
vn -0.9397 -0.0474 -0.3388
vn 0.2426 -0.0001 0.9701
vn 0.0331 0.7774 0.6281
vn -0.1665 0.9853 -0.0377
vn -0.9595 0.0009 -0.2817
vn -0.9595 -0.0018 -0.2818
vn -0.4496 -0.7981 0.4011
vn -0.9759 -0.2142 -0.0408
vn -0.9896 -0.1144 0.0869
vn -0.9595 -0.0019 -0.2818
vn -0.9543 0.0491 -0.2947
vn -0.9508 -0.0991 -0.2936
vn -0.9781 -0.1597 0.1335
vt 0.466191 0.706743
vt 0.449575 0.706767
vt 0.469330 0.691370
vt 0.589667 0.706566
vt 0.594006 0.691500
vt 0.604717 0.706675
vt 0.530602 0.706644
vt 0.517238 0.706627
vt 0.517696 0.691669
vt 0.484452 0.706665
vt 0.499814 0.692235
vt 0.500485 0.706428
vt 0.546510 0.706659
vt 0.546778 0.691386
vt 0.566159 0.706685
vt 0.579368 0.691278
vt 0.563000 0.691472
vt 0.622106 0.706709
vt 0.622114 0.691313
vt 0.438637 0.706487
vt 0.428053 0.706714
vt 0.439423 0.691381
vt 0.428050 0.691294
vt 0.606269 0.691332
vt 0.579477 0.706675
vt 0.487269 0.691331
vt 0.530705 0.691456
vt 0.454439 0.691313
vt 0.486270 0.691234
vt 0.479309 0.706754
vt 0.496344 0.706434
vt 0.622127 0.691304
vt 0.612801 0.691494
vt 0.622106 0.706709
vt 0.530599 0.706655
vt 0.517908 0.691693
vt 0.515151 0.706543
vt 0.595687 0.691477
vt 0.605800 0.706646
vt 0.546495 0.706657
vt 0.566148 0.706690
vt 0.546839 0.691376
vt 0.579403 0.691278
vt 0.563026 0.691463
vt 0.445837 0.706716
vt 0.439476 0.691377
vt 0.428053 0.706714
vt 0.428050 0.691294
vt 0.462351 0.706712
vt 0.455390 0.692347
vt 0.468096 0.691351
vt 0.579471 0.706677
vt 0.591435 0.706723
vt 0.500781 0.691691
vt 0.530693 0.691454
vt 0.535626 0.706717
vt 0.538770 0.706717
vt 0.532126 0.706717
vt 0.525127 0.706717
vt 0.528361 0.706717
vt 0.521624 0.706717
vt 0.473715 0.691272
vt 0.477521 0.691272
vt 0.480379 0.691272
vt 0.538587 0.691272
vt 0.542213 0.691272
vt 0.546018 0.691272
vt 0.565045 0.691272
vt 0.568851 0.691272
vt 0.571818 0.691272
vt 0.564462 0.778678
vt 0.551972 0.763406
vt 0.561591 0.763406
vt 0.527987 0.764765
vt 0.530384 0.778849
vt 0.507969 0.778849
vt 0.495915 0.778825
vt 0.569965 0.763460
vt 0.574406 0.778820
vt 0.581143 0.763546
vt 0.589315 0.778834
vt 0.589298 0.763490
vt 0.548006 0.778946
vt 0.467615 0.778486
vt 0.471349 0.763467
vt 0.482256 0.763346
vt 0.486721 0.778845
vt 0.477054 0.778848
vt 0.556945 0.778849
vt 0.460879 0.763444
vt 0.460879 0.778837
vt 0.506103 0.763407
vt 0.492501 0.763394
vt 0.528272 0.764583
vt 0.507960 0.778849
vt 0.526791 0.778851
vt 0.495915 0.779005
vt 0.574414 0.778818
vt 0.581160 0.763552
vt 0.569982 0.763460
vt 0.589315 0.778834
vt 0.589298 0.763487
vt 0.486685 0.778851
vt 0.482252 0.763447
vt 0.467751 0.778593
vt 0.471360 0.763467
vt 0.564532 0.778848
vt 0.561582 0.763373
vt 0.556967 0.778849
vt 0.477100 0.778851
vt 0.546039 0.778889
vt 0.551786 0.763409
vt 0.460879 0.763406
vt 0.460879 0.778700
vt 0.492403 0.763406
vt 0.506062 0.763407
vt 0.555285 0.778851
vt 0.548710 0.778851
vt 0.551457 0.778851
vt 0.551551 0.778851
vt 0.540568 0.778851
vt 0.543398 0.778851
vt 0.536518 0.778851
vt 0.460879 0.772673
vt 0.460879 0.767662
vt 0.460879 0.769584
vt 0.498925 0.739579
vt 0.509905 0.754997
vt 0.495875 0.755071
vt 0.460877 0.755076
vt 0.471246 0.739691
vt 0.470893 0.755078
vt 0.535238 0.739776
vt 0.542600 0.755219
vt 0.516798 0.739767
vt 0.589295 0.749701
vt 0.577004 0.739809
vt 0.589298 0.739631
vt 0.479876 0.755051
vt 0.484750 0.739687
vt 0.589302 0.755076
vt 0.563068 0.739667
vt 0.575854 0.755000
vt 0.553590 0.755010
vt 0.563253 0.755063
vt 0.460879 0.739631
vt 0.460886 0.750053
vt 0.529780 0.755076
vt 0.551623 0.739631
vt 0.488277 0.755065
vt 0.479879 0.755051
vt 0.484616 0.739681
vt 0.471469 0.739631
vt 0.460877 0.755076
vt 0.470899 0.755078
vt 0.522734 0.755077
vt 0.496032 0.754776
vt 0.506658 0.755076
vt 0.535307 0.739774
vt 0.516860 0.739774
vt 0.537084 0.755543
vt 0.589295 0.749694
vt 0.577000 0.739810
vt 0.589302 0.755076
vt 0.563054 0.739667
vt 0.575857 0.755000
vt 0.551531 0.755041
vt 0.563245 0.755063
vt 0.460886 0.750034
vt 0.498920 0.739640
vt 0.551647 0.739632
vt 0.488283 0.755066
vt 0.503023 0.755076
vt 0.498022 0.755076
vt 0.500265 0.755076
vt 0.460879 0.748898
vt 0.460879 0.744676
vt 0.460879 0.745809
vt 0.506336 0.739631
vt 0.512386 0.739631
vt 0.516763 0.739631
vt 0.536965 0.739631
vt 0.540197 0.739631
vt 0.543974 0.739631
vt 0.451832 0.667062
vt 0.454177 0.659758
vt 0.475781 0.659839
vt 0.488493 0.675000
vt 0.470275 0.674883
vt 0.486335 0.666548
vt 0.583985 0.668403
vt 0.600868 0.660146
vt 0.591102 0.675190
vt 0.603135 0.675189
vt 0.613996 0.675281
vt 0.612897 0.660184
vt 0.622127 0.675166
vt 0.504473 0.675054
vt 0.516728 0.659930
vt 0.525850 0.674917
vt 0.622121 0.659746
vt 0.577021 0.675118
vt 0.550016 0.659877
vt 0.565919 0.660347
vt 0.558428 0.674747
vt 0.437665 0.675139
vt 0.428051 0.675152
vt 0.437050 0.659899
vt 0.456038 0.675189
vt 0.428050 0.659745
vt 0.581900 0.659886
vt 0.498372 0.660014
vt 0.528431 0.659996
vt 0.545166 0.675208
vt 0.452057 0.667067
vt 0.475798 0.659837
vt 0.454202 0.659758
vt 0.450222 0.675188
vt 0.462171 0.675230
vt 0.583983 0.668408
vt 0.591098 0.675190
vt 0.600874 0.660146
vt 0.603156 0.675188
vt 0.613985 0.675287
vt 0.622127 0.675166
vt 0.612891 0.660191
vt 0.504473 0.675054
vt 0.522186 0.674882
vt 0.516746 0.659924
vt 0.622121 0.659746
vt 0.551635 0.674857
vt 0.530519 0.661228
vt 0.537281 0.675081
vt 0.579924 0.675189
vt 0.550011 0.659881
vt 0.565908 0.660353
vt 0.437649 0.675145
vt 0.437002 0.659899
vt 0.428051 0.675153
vt 0.475872 0.675181
vt 0.490200 0.674902
vt 0.486353 0.666540
vt 0.565719 0.675059
vt 0.581924 0.659888
vt 0.498389 0.660013
vt 0.443801 0.675189
vt 0.439201 0.675189
vt 0.441176 0.675189
vt 0.473715 0.659745
vt 0.477521 0.659745
vt 0.480246 0.659745
vt 0.566240 0.659745
vt 0.572656 0.659745
vt 0.576366 0.659745
vt 0.672031 0.636033
vt 0.682081 0.663932
vt 0.667621 0.652025
vt 0.662011 0.674037
vt 0.829854 0.779844
vt 0.823182 0.791506
vt 0.805086 0.792525
vt 0.959514 0.691565
vt 0.942304 0.703094
vt 0.953071 0.693399
vt 0.956115 0.698509
vt 0.942535 0.706405
vt 0.656831 0.690823
vt 0.663497 0.698968
vt 0.655071 0.695900
vt 0.871740 0.661016
vt 0.863890 0.674880
vt 0.862947 0.638676
vt 0.904522 0.657141
vt 0.894800 0.666584
vt 0.894393 0.636751
vt 0.944057 0.636042
vt 0.948783 0.653152
vt 0.930737 0.656101
vt 0.925088 0.709004
vt 0.938270 0.694241
vt 0.934275 0.711932
vt 0.929613 0.714913
vt 0.843536 0.772086
vt 0.842240 0.785964
vt 0.858752 0.776866
vt 0.960998 0.695904
vt 0.820372 0.764605
vt 0.800442 0.761145
vt 0.722450 0.658605
vt 0.724793 0.636401
vt 0.750060 0.662397
vt 0.909850 0.713903
vt 0.904771 0.689593
vt 0.914479 0.700571
vt 0.837469 0.762145
vt 0.843729 0.749681
vt 0.857391 0.755405
vt 0.684746 0.636283
vt 0.923130 0.637505
vt 0.924258 0.691308
vt 0.898529 0.708576
vt 0.713307 0.636486
vt 0.711670 0.655683
vt 0.701984 0.636382
vt 0.768866 0.636481
vt 0.768396 0.654847
vt 0.917346 0.655830
vt 0.910104 0.636887
vt 0.783106 0.766397
vt 0.793259 0.789432
vt 0.776507 0.783988
vt 0.693664 0.655035
vt 0.672074 0.697813
vt 0.696382 0.716497
vt 0.683782 0.708917
vt 0.716377 0.732941
vt 0.707090 0.718066
vt 0.812067 0.636088
vt 0.819186 0.658140
vt 0.791683 0.636600
vt 0.836164 0.637579
vt 0.831069 0.657090
vt 0.953446 0.672870
vt 0.914119 0.727062
vt 0.712168 0.682082
vt 0.704168 0.672244
vt 0.752728 0.636125
vt 0.777279 0.636773
vt 0.776861 0.654292
vt 0.675314 0.687352
vt 0.850496 0.636886
vt 0.851072 0.662650
vt 0.877131 0.638661
vt 0.891844 0.748688
vt 0.874206 0.747585
vt 0.884457 0.739834
vt 0.831847 0.736024
vt 0.887707 0.689117
vt 0.694229 0.679464
vt 0.688658 0.696504
vt 0.718976 0.720140
vt 0.728577 0.742731
vt 0.876977 0.762728
vt 0.902929 0.737741
vt 0.903642 0.722933
vt 0.760197 0.774302
vt 0.746614 0.762502
vt 0.765107 0.745281
vt 0.711150 0.706759
vt 0.915052 0.682075
vt 0.894291 0.732333
vt 0.888131 0.718018
vt 0.698017 0.707317
vt 0.802812 0.675918
vt 0.769526 0.678094
vt 0.851158 0.728422
vt 0.781897 0.687528
vt 0.862543 0.732033
vt 0.760610 0.685061
vt 0.773492 0.693142
vt 0.829963 0.686956
vt 0.877260 0.688495
vt 0.742287 0.727998
vt 0.873126 0.714911
vt 0.728389 0.706412
vt 0.703800 0.694030
vt 0.733947 0.675860
vt 0.719419 0.693288
vt 0.795604 0.705929
vt 0.862745 0.701144
vt 0.747208 0.710386
vt 0.738968 0.689205
vt 0.766618 0.701661
vt 0.754897 0.695000
vt 0.761780 0.716846
vt 0.856100 0.694940
vt 0.844481 0.704366
vt 0.829604 0.708671
vt 0.756479 0.742628
vt 0.772964 0.727249
vt 0.767664 0.719727
vt 0.793185 0.740892
vt 0.813767 0.713128
vt 0.808726 0.736289
vt 0.911734 0.728481
vt 0.920049 0.722665
vt 0.931877 0.713083
vt 0.942310 0.703086
vt 0.940971 0.707425
vt 0.956038 0.698550
vt 0.959523 0.691551
vt 0.656743 0.691422
vt 0.662994 0.698763
vt 0.682479 0.662706
vt 0.672021 0.636071
vt 0.661123 0.675999
vt 0.674301 0.699432
vt 0.681198 0.707515
vt 0.906643 0.652378
vt 0.907856 0.683592
vt 0.915861 0.681669
vt 0.840348 0.706913
vt 0.816588 0.733056
vt 0.832879 0.736782
vt 0.764379 0.760101
vt 0.774737 0.783217
vt 0.783140 0.766415
vt 0.898293 0.637868
vt 0.761338 0.775129
vt 0.944057 0.636042
vt 0.930822 0.656354
vt 0.949241 0.656824
vt 0.805232 0.792521
vt 0.823108 0.791520
vt 0.834240 0.777903
vt 0.844382 0.765920
vt 0.842233 0.785970
vt 0.858817 0.776837
vt 0.820228 0.765635
vt 0.796222 0.778105
vt 0.711668 0.655682
vt 0.722337 0.660122
vt 0.714357 0.636482
vt 0.838056 0.759731
vt 0.857395 0.755403
vt 0.684801 0.636282
vt 0.923124 0.637486
vt 0.938810 0.695040
vt 0.949097 0.687843
vt 0.897086 0.707300
vt 0.910242 0.712907
vt 0.901128 0.691926
vt 0.790055 0.789523
vt 0.701640 0.636185
vt 0.697345 0.655074
vt 0.770228 0.636508
vt 0.776554 0.652939
vt 0.783826 0.636477
vt 0.751261 0.662959
vt 0.768522 0.654689
vt 0.918340 0.655622
vt 0.912365 0.636547
vt 0.927399 0.706085
vt 0.924161 0.690004
vt 0.726963 0.636789
vt 0.694834 0.715669
vt 0.827347 0.659041
vt 0.837052 0.637066
vt 0.803247 0.636239
vt 0.704172 0.672235
vt 0.711989 0.682599
vt 0.752412 0.636174
vt 0.788798 0.656198
vt 0.838728 0.671883
vt 0.852091 0.660824
vt 0.872723 0.636734
vt 0.856870 0.637217
vt 0.865036 0.663179
vt 0.891864 0.748668
vt 0.884457 0.739830
vt 0.874757 0.747482
vt 0.886721 0.687828
vt 0.889178 0.637632
vt 0.694224 0.679449
vt 0.689222 0.697188
vt 0.700175 0.708935
vt 0.708357 0.724239
vt 0.679394 0.685326
vt 0.877004 0.762740
vt 0.903644 0.722950
vt 0.902951 0.737720
vt 0.718305 0.719648
vt 0.711149 0.706746
vt 0.894280 0.732342
vt 0.887501 0.716952
vt 0.745206 0.762032
vt 0.761763 0.743289
vt 0.725747 0.739584
vt 0.769524 0.678129
vt 0.860698 0.734526
vt 0.871199 0.717086
vt 0.849573 0.731710
vt 0.760612 0.685056
vt 0.779219 0.684067
vt 0.802613 0.677162
vt 0.865494 0.687349
vt 0.877242 0.688493
vt 0.747250 0.725504
vt 0.728119 0.703734
vt 0.703804 0.694030
vt 0.859748 0.707701
vt 0.746842 0.707396
vt 0.736177 0.681472
vt 0.719224 0.692157
vt 0.916902 0.701538
vt 0.803681 0.760187
vt 0.766623 0.701644
vt 0.773431 0.694611
vt 0.760363 0.723441
vt 0.752968 0.689681
vt 0.855067 0.693906
vt 0.770497 0.738980
vt 0.767672 0.719712
vt 0.796115 0.746953
vt 0.774925 0.720487
vt 0.808726 0.714551
vt 0.793949 0.718596
vt 0.819897 0.698348
vt 0.725666 0.636037
vt 0.730370 0.636037
vt 0.733743 0.636037
vt 0.742499 0.636037
vt 0.752495 0.636037
vt 0.746868 0.636037
vt 0.760146 0.636037
vt 0.756762 0.636037
vt 0.763977 0.636037
vt 0.803294 0.636037
vt 0.819498 0.636037
vt 0.811419 0.636037
vt 0.082366 0.682256
vt 0.088643 0.659744
vt 0.096493 0.660134
vt 0.099315 0.680076
vt 0.263011 0.791228
vt 0.270847 0.799509
vt 0.248179 0.811168
vt 0.130848 0.661397
vt 0.129182 0.690969
vt 0.120604 0.688227
vt 0.100252 0.736970
vt 0.089122 0.729360
vt 0.101530 0.733322
vt 0.112301 0.747811
vt 0.103505 0.727608
vt 0.086118 0.719241
vt 0.200597 0.813606
vt 0.180450 0.804786
vt 0.190467 0.803707
vt 0.071726 0.719496
vt 0.076955 0.722432
vt 0.360651 0.659747
vt 0.365854 0.678942
vt 0.346325 0.695937
vt 0.346401 0.676387
vt 0.247539 0.798102
vt 0.349490 0.731879
vt 0.355636 0.723755
vt 0.368629 0.722969
vt 0.289599 0.783581
vt 0.286835 0.756238
vt 0.314163 0.758600
vt 0.300101 0.749199
vt 0.315688 0.743373
vt 0.103530 0.712148
vt 0.374864 0.710866
vt 0.377606 0.719600
vt 0.369244 0.716298
vt 0.120521 0.708740
vt 0.123505 0.732259
vt 0.114190 0.720031
vt 0.342263 0.659863
vt 0.074610 0.711597
vt 0.142425 0.661126
vt 0.163897 0.677343
vt 0.170757 0.660670
vt 0.174690 0.692476
vt 0.201328 0.676110
vt 0.186228 0.660562
vt 0.207630 0.659939
vt 0.233906 0.661216
vt 0.342800 0.719680
vt 0.331988 0.731000
vt 0.330017 0.717407
vt 0.359662 0.708848
vt 0.116178 0.660611
vt 0.229995 0.816024
vt 0.111126 0.683463
vt 0.152898 0.661822
vt 0.307878 0.660000
vt 0.312233 0.675583
vt 0.296114 0.674242
vt 0.171350 0.785120
vt 0.156389 0.787287
vt 0.143284 0.771084
vt 0.137481 0.756524
vt 0.150011 0.754445
vt 0.323709 0.661071
vt 0.281321 0.776792
vt 0.256478 0.765701
vt 0.122544 0.754776
vt 0.250888 0.660376
vt 0.258587 0.677892
vt 0.250090 0.675852
vt 0.241383 0.685857
vt 0.269800 0.661857
vt 0.302791 0.688691
vt 0.139235 0.710900
vt 0.132255 0.749638
vt 0.129209 0.743876
vt 0.150888 0.694300
vt 0.337769 0.688955
vt 0.199158 0.771789
vt 0.324154 0.694958
vt 0.161382 0.767593
vt 0.134157 0.765613
vt 0.128269 0.717749
vt 0.334601 0.741682
vt 0.323332 0.729442
vt 0.154074 0.719655
vt 0.269758 0.762436
vt 0.184720 0.709700
vt 0.204344 0.699743
vt 0.253581 0.699908
vt 0.263618 0.700474
vt 0.259950 0.723907
vt 0.142414 0.736866
vt 0.162344 0.712964
vt 0.273421 0.713014
vt 0.285485 0.704014
vt 0.277219 0.728438
vt 0.167854 0.742007
vt 0.176041 0.756894
vt 0.252547 0.713905
vt 0.234764 0.723297
vt 0.210878 0.743109
vt 0.236788 0.782325
vt 0.257148 0.733649
vt 0.222374 0.771166
vt 0.222511 0.790119
vt 0.215124 0.815001
vt 0.252244 0.743433
vt 0.192957 0.749885
vt 0.316717 0.707333
vt 0.304521 0.705907
vt 0.296828 0.718895
vt 0.307234 0.732041
vt 0.290804 0.732074
vt 0.224771 0.751442
vt 0.260129 0.792873
vt 0.262362 0.804934
vt 0.275081 0.796531
vt 0.130606 0.660442
vt 0.131929 0.688681
vt 0.148122 0.660372
vt 0.082700 0.681636
vt 0.096508 0.660133
vt 0.088644 0.659744
vt 0.095444 0.678067
vt 0.100335 0.737029
vt 0.101519 0.733313
vt 0.089071 0.729329
vt 0.114961 0.748983
vt 0.103503 0.727614
vt 0.086119 0.719250
vt 0.202417 0.813747
vt 0.190399 0.803732
vt 0.180507 0.804818
vt 0.071725 0.719500
vt 0.076965 0.722436
vt 0.346387 0.676376
vt 0.347471 0.690567
vt 0.360651 0.659750
vt 0.217467 0.816304
vt 0.229479 0.816156
vt 0.240892 0.797235
vt 0.243645 0.812879
vt 0.371043 0.701402
vt 0.365167 0.677028
vt 0.288977 0.783996
vt 0.314662 0.758209
vt 0.287661 0.757005
vt 0.301417 0.745949
vt 0.318187 0.738028
vt 0.104388 0.714260
vt 0.205349 0.659815
vt 0.203226 0.677944
vt 0.234246 0.661366
vt 0.377609 0.719609
vt 0.375344 0.714248
vt 0.370218 0.722262
vt 0.120525 0.708737
vt 0.114187 0.720034
vt 0.123510 0.732249
vt 0.342255 0.659859
vt 0.074704 0.711575
vt 0.163720 0.694294
vt 0.174192 0.688540
vt 0.170749 0.660671
vt 0.306926 0.660369
vt 0.269408 0.660537
vt 0.296656 0.677788
vt 0.365715 0.718381
vt 0.350838 0.731464
vt 0.247552 0.675830
vt 0.234141 0.700304
vt 0.104575 0.681962
vt 0.110128 0.661143
vt 0.120613 0.688217
vt 0.110380 0.689729
vt 0.155087 0.687351
vt 0.259503 0.677713
vt 0.254662 0.660088
vt 0.310666 0.674921
vt 0.169560 0.788854
vt 0.156324 0.787227
vt 0.120422 0.660701
vt 0.138937 0.770273
vt 0.149927 0.747993
vt 0.137873 0.755908
vt 0.323728 0.661107
vt 0.274787 0.785927
vt 0.124685 0.756669
vt 0.143799 0.680281
vt 0.186387 0.661008
vt 0.252969 0.676788
vt 0.248884 0.660560
vt 0.315530 0.680687
vt 0.302488 0.688737
vt 0.161151 0.765917
vt 0.172668 0.781794
vt 0.132274 0.764792
vt 0.130338 0.746043
vt 0.256612 0.767108
vt 0.334462 0.689746
vt 0.355350 0.710496
vt 0.340210 0.702645
vt 0.346040 0.728717
vt 0.337412 0.725352
vt 0.330877 0.744970
vt 0.334804 0.741541
vt 0.189833 0.703590
vt 0.128264 0.717760
vt 0.249988 0.692959
vt 0.328966 0.719114
vt 0.271350 0.758200
vt 0.137264 0.732207
vt 0.180146 0.709743
vt 0.206802 0.701890
vt 0.252211 0.709532
vt 0.317854 0.703412
vt 0.264274 0.702091
vt 0.280134 0.721829
vt 0.287948 0.699316
vt 0.261558 0.735344
vt 0.256770 0.724897
vt 0.199783 0.728553
vt 0.253989 0.748417
vt 0.230951 0.786815
vt 0.233057 0.732745
vt 0.260703 0.757208
vt 0.165260 0.738295
vt 0.177266 0.760061
vt 0.221815 0.773397
vt 0.218358 0.747992
vt 0.203204 0.759251
vt 0.189112 0.749037
vt 0.249919 0.734557
vt 0.191215 0.781132
vt 0.301230 0.707337
vt 0.294366 0.727915
vt 0.314155 0.720512
vt 0.352009 0.730793
vt 0.349260 0.732348
vt 0.341241 0.737256
vt 0.083192 0.725864
vt 0.087107 0.728204
vt 0.078462 0.723222
vt 0.229098 0.659745
vt 0.219949 0.659745
vt 0.232858 0.659745
vt 0.277563 0.659745
vt 0.299295 0.659745
vt 0.289062 0.659745
vt 0.630883 0.095107
vt 0.597508 0.093151
vt 0.597181 0.070891
vt 0.655227 0.111546
vt 0.650950 0.071272
vt 0.837434 0.591029
vt 0.850152 0.577411
vt 0.847812 0.595713
vt 0.826020 0.588583
vt 0.816163 0.569658
vt 0.831097 0.574163
vt 0.936620 0.596492
vt 0.889129 0.612135
vt 0.864022 0.610512
vt 0.962621 0.435428
vt 0.949286 0.435789
vt 0.967011 0.417687
vt 0.628223 0.503211
vt 0.617671 0.515303
vt 0.620768 0.486617
vt 0.691202 0.071420
vt 0.699742 0.116765
vt 0.688922 0.148281
vt 0.732247 0.073413
vt 0.715418 0.123735
vt 0.722848 0.072953
vt 0.595774 0.382011
vt 0.597747 0.340508
vt 0.607414 0.348775
vt 0.974975 0.425656
vt 0.979284 0.422135
vt 0.794501 0.567327
vt 0.811082 0.587156
vt 0.783170 0.585081
vt 0.853079 0.548175
vt 0.622282 0.445662
vt 0.618508 0.453829
vt 0.612889 0.439050
vt 0.984385 0.090758
vt 0.969425 0.085837
vt 0.984649 0.070882
vt 0.620376 0.468095
vt 0.627644 0.467385
vt 0.757325 0.588260
vt 0.759951 0.571713
vt 0.613910 0.531938
vt 0.635026 0.527109
vt 0.643027 0.596079
vt 0.624330 0.586726
vt 0.637269 0.582594
vt 0.604402 0.425964
vt 0.719906 0.607809
vt 0.694503 0.598168
vt 0.696803 0.584460
vt 0.614102 0.415143
vt 0.593920 0.411744
vt 0.593387 0.417781
vt 0.902476 0.096195
vt 0.888901 0.071654
vt 0.916377 0.071205
vt 0.929063 0.093230
vt 0.962300 0.071495
vt 0.975531 0.110135
vt 0.604186 0.567026
vt 0.600638 0.578656
vt 0.869104 0.618401
vt 0.744331 0.551313
vt 0.988458 0.417759
vt 0.987999 0.411138
vt 0.967721 0.435552
vt 0.885043 0.592391
vt 0.857180 0.602499
vt 0.630074 0.484106
vt 0.635652 0.465328
vt 0.949547 0.420030
vt 0.864339 0.087954
vt 0.885986 0.095131
vt 0.952945 0.144769
vt 0.937307 0.142823
vt 0.960594 0.102110
vt 0.712731 0.618407
vt 0.695895 0.613144
vt 0.615391 0.400412
vt 0.611044 0.541029
vt 0.638982 0.501549
vt 0.627068 0.431076
vt 0.638512 0.455040
vt 0.812754 0.071741
vt 0.847754 0.071631
vt 0.837691 0.093695
vt 0.865639 0.071846
vt 0.956027 0.289940
vt 0.946113 0.319457
vt 0.937449 0.291655
vt 0.964887 0.440802
vt 0.960341 0.575951
vt 0.981204 0.578640
vt 0.953818 0.591028
vt 0.974902 0.562066
vt 0.609153 0.555891
vt 0.642416 0.556216
vt 0.637527 0.440303
vt 0.638771 0.483072
vt 0.751132 0.133004
vt 0.738892 0.202929
vt 0.732852 0.121663
vt 0.985052 0.381556
vt 0.956697 0.442959
vt 0.603665 0.368325
vt 0.939602 0.585581
vt 0.727508 0.599886
vt 0.636619 0.569893
vt 0.816041 0.549776
vt 0.797150 0.545131
vt 0.609521 0.112945
vt 0.755044 0.072019
vt 0.914725 0.097961
vt 0.983450 0.125386
vt 0.665932 0.594280
vt 0.667492 0.604230
vt 0.974403 0.375422
vt 0.961609 0.358312
vt 0.982456 0.352091
vt 0.957795 0.452554
vt 0.963637 0.450788
vt 0.962037 0.464555
vt 0.963386 0.516762
vt 0.967167 0.538768
vt 0.949044 0.537671
vt 0.971008 0.544999
vt 0.711215 0.574769
vt 0.734886 0.595127
vt 0.722382 0.561843
vt 0.744895 0.590926
vt 0.643817 0.461258
vt 0.672094 0.097904
vt 0.675414 0.072947
vt 0.871517 0.155145
vt 0.970913 0.155362
vt 0.606908 0.309665
vt 0.654992 0.486665
vt 0.651188 0.441161
vt 0.625393 0.187403
vt 0.610900 0.254823
vt 0.594253 0.143980
vt 0.703579 0.071528
vt 0.970193 0.186811
vt 0.667855 0.581667
vt 0.970962 0.342033
vt 0.954462 0.468859
vt 0.949285 0.461393
vt 0.947378 0.453907
vt 0.961463 0.482931
vt 0.959443 0.501433
vt 0.941665 0.498838
vt 0.945103 0.569850
vt 0.649352 0.470035
vt 0.656712 0.460878
vt 0.600652 0.275891
vt 0.981691 0.191066
vt 0.981560 0.265743
vt 0.953325 0.325284
vt 0.946596 0.490139
vt 0.938665 0.484418
vt 0.616660 0.370559
vt 0.622660 0.346842
vt 0.905592 0.579682
vt 0.927830 0.512611
vt 0.615964 0.283609
vt 0.849106 0.143945
vt 0.978680 0.295479
vt 0.967291 0.253861
vt 0.982046 0.315713
vt 0.956847 0.404723
vt 0.658748 0.449423
vt 0.930664 0.561720
vt 0.778723 0.115434
vt 0.952020 0.209218
vt 0.942759 0.442751
vt 0.631486 0.393875
vt 0.645703 0.373000
vt 0.661800 0.542304
vt 0.936822 0.474635
vt 0.933536 0.460040
vt 0.623434 0.318154
vt 0.647377 0.282705
vt 0.950575 0.338350
vt 0.646008 0.360527
vt 0.905287 0.138654
vt 0.937042 0.449092
vt 0.650866 0.189546
vt 0.896088 0.142821
vt 0.918849 0.450516
vt 0.925261 0.438687
vt 0.932180 0.187520
vt 0.650890 0.254308
vt 0.911328 0.208070
vt 0.920930 0.207209
vt 0.936185 0.219784
vt 0.862385 0.560260
vt 0.873077 0.572436
vt 0.880777 0.538464
vt 0.660751 0.500059
vt 0.690577 0.568401
vt 0.647382 0.379905
vt 0.685013 0.488301
vt 0.685960 0.511141
vt 0.804610 0.530144
vt 0.821284 0.522494
vt 0.631188 0.414579
vt 0.628763 0.156832
vt 0.726411 0.171359
vt 0.711362 0.199337
vt 0.763181 0.157344
vt 0.700969 0.163302
vt 0.675322 0.161299
vt 0.779723 0.173143
vt 0.663809 0.192636
vt 0.940164 0.242452
vt 0.861788 0.137223
vt 0.921966 0.249107
vt 0.910577 0.255106
vt 0.896612 0.212595
vt 0.916114 0.281268
vt 0.916989 0.550134
vt 0.912672 0.534307
vt 0.893689 0.570547
vt 0.667443 0.486928
vt 0.832861 0.144932
vt 0.656774 0.321702
vt 0.634940 0.344345
vt 0.682296 0.312886
vt 0.669514 0.305834
vt 0.677756 0.290859
vt 0.928733 0.489681
vt 0.917536 0.485945
vt 0.926286 0.471982
vt 0.893560 0.550482
vt 0.937814 0.419499
vt 0.944425 0.397849
vt 0.930012 0.385733
vt 0.934899 0.364515
vt 0.930957 0.429295
vt 0.912710 0.413354
vt 0.916308 0.397574
vt 0.915531 0.381077
vt 0.901449 0.401186
vt 0.889050 0.415363
vt 0.893198 0.436955
vt 0.895082 0.386875
vt 0.882389 0.409968
vt 0.651370 0.424611
vt 0.685976 0.441110
vt 0.641646 0.425905
vt 0.643641 0.410839
vt 0.649352 0.391704
vt 0.664476 0.389973
vt 0.674076 0.407984
vt 0.781926 0.545556
vt 0.673379 0.379439
vt 0.847253 0.530687
vt 0.865971 0.523869
vt 0.809169 0.499534
vt 0.772899 0.534776
vt 0.780251 0.519121
vt 0.791446 0.476762
vt 0.743441 0.242759
vt 0.676886 0.241248
vt 0.667100 0.256101
vt 0.917036 0.506272
vt 0.897063 0.508301
vt 0.672716 0.463407
vt 0.686142 0.525562
vt 0.669294 0.416706
vt 0.669438 0.558231
vt 0.688381 0.239994
vt 0.693822 0.287050
vt 0.668067 0.338429
vt 0.678634 0.349626
vt 0.669862 0.362487
vt 0.882228 0.141885
vt 0.947405 0.360870
vt 0.910822 0.368530
vt 0.921456 0.351533
vt 0.880506 0.429128
vt 0.880138 0.391764
vt 0.873879 0.425826
vt 0.887121 0.383906
vt 0.858530 0.416612
vt 0.869205 0.376667
vt 0.733834 0.530323
vt 0.782622 0.469113
vt 0.737976 0.512810
vt 0.742780 0.487725
vt 0.717150 0.535658
vt 0.836033 0.201961
vt 0.820462 0.181486
vt 0.704040 0.471058
vt 0.716369 0.497109
vt 0.861360 0.187385
vt 0.708092 0.270722
vt 0.699528 0.205705
vt 0.685315 0.376028
vt 0.685208 0.342294
vt 0.693821 0.371983
vt 0.699598 0.322736
vt 0.686030 0.397286
vt 0.709582 0.378874
vt 0.693276 0.403445
vt 0.908787 0.465386
vt 0.898534 0.365310
vt 0.911224 0.351439
vt 0.862625 0.457947
vt 0.874912 0.448925
vt 0.845408 0.439697
vt 0.889242 0.361966
vt 0.897330 0.346781
vt 0.876145 0.347791
vt 0.889915 0.339403
vt 0.902885 0.332342
vt 0.908358 0.292538
vt 0.915140 0.302773
vt 0.699051 0.546693
vt 0.723478 0.477246
vt 0.864383 0.496621
vt 0.846335 0.496968
vt 0.877842 0.473012
vt 0.895121 0.488507
vt 0.789957 0.225811
vt 0.688806 0.430399
vt 0.695437 0.452269
vt 0.696729 0.418473
vt 0.704055 0.435404
vt 0.689794 0.421551
vt 0.828980 0.489634
vt 0.857850 0.474565
vt 0.827782 0.463392
vt 0.912507 0.320435
vt 0.902456 0.287722
vt 0.896110 0.257990
vt 0.872739 0.232165
vt 0.711260 0.459248
vt 0.927424 0.330343
vt 0.897074 0.326089
vt 0.712698 0.332515
vt 0.837528 0.425360
vt 0.814853 0.430239
vt 0.798867 0.459869
vt 0.791572 0.436146
vt 0.858381 0.373493
vt 0.750237 0.458574
vt 0.757434 0.249289
vt 0.774524 0.294555
vt 0.880273 0.308108
vt 0.856826 0.264380
vt 0.844354 0.221222
vt 0.726834 0.267945
vt 0.721646 0.227752
vt 0.725257 0.338650
vt 0.718121 0.416557
vt 0.744825 0.417850
vt 0.732795 0.388537
vt 0.742262 0.356137
vt 0.847767 0.405363
vt 0.863510 0.337254
vt 0.825169 0.244627
vt 0.876518 0.285628
vt 0.847182 0.284126
vt 0.799835 0.258676
vt 0.771693 0.415235
vt 0.750612 0.375994
vt 0.774325 0.354376
vt 0.782337 0.406125
vt 0.782872 0.364257
vt 0.790250 0.407622
vt 0.796172 0.371887
vt 0.812813 0.399573
vt 0.825702 0.376038
vt 0.835729 0.349197
vt 0.784902 0.287135
vt 0.784923 0.321085
vt 0.838441 0.276087
vt 0.822718 0.306644
vt 0.736245 0.307124
vt 0.750245 0.298709
vt 0.794041 0.340537
vt 0.814074 0.347316
vt 0.936581 0.596448
vt 0.884170 0.601402
vt 0.888991 0.612347
vt 0.628410 0.503140
vt 0.620766 0.486585
vt 0.617670 0.515319
vt 0.698289 0.073566
vt 0.690285 0.128979
vt 0.700319 0.092625
vt 0.596396 0.371228
vt 0.608989 0.348879
vt 0.598589 0.336175
vt 0.962609 0.435405
vt 0.974986 0.425644
vt 0.956727 0.430214
vt 0.600620 0.578627
vt 0.624303 0.586731
vt 0.606040 0.560662
vt 0.622300 0.445650
vt 0.612833 0.438927
vt 0.618557 0.453844
vt 0.623101 0.553684
vt 0.611113 0.540892
vt 0.620334 0.468064
vt 0.627634 0.467381
vt 0.643140 0.596108
vt 0.636238 0.578063
vt 0.604416 0.425985
vt 0.840686 0.592307
vt 0.851501 0.597628
vt 0.847743 0.577466
vt 0.712731 0.618407
vt 0.715470 0.613915
vt 0.692639 0.612194
vt 0.614104 0.415145
vt 0.593398 0.417672
vt 0.825991 0.588578
vt 0.831185 0.576423
vt 0.815915 0.568559
vt 0.924690 0.095155
vt 0.959073 0.084381
vt 0.961831 0.071484
vt 0.962716 0.248696
vt 0.973409 0.272566
vt 0.981839 0.255230
vt 0.984143 0.090876
vt 0.954195 0.099583
vt 0.963331 0.135945
vt 0.961298 0.474627
vt 0.962279 0.461419
vt 0.955210 0.466628
vt 0.610161 0.583363
vt 0.810291 0.586162
vt 0.973097 0.409487
vt 0.988457 0.417760
vt 0.988000 0.411138
vt 0.979316 0.422258
vt 0.967704 0.435583
vt 0.982691 0.295423
vt 0.632275 0.482601
vt 0.783033 0.585401
vt 0.792994 0.565357
vt 0.635399 0.467688
vt 0.975818 0.313515
vt 0.982671 0.351471
vt 0.948289 0.416061
vt 0.961225 0.574927
vt 0.981203 0.578637
vt 0.976691 0.564563
vt 0.599134 0.397700
vt 0.633270 0.527625
vt 0.614522 0.529231
vt 0.869136 0.618454
vt 0.859535 0.605047
vt 0.644215 0.506004
vt 0.634225 0.452028
vt 0.627070 0.431075
vt 0.857914 0.071631
vt 0.838792 0.088733
vt 0.855096 0.088995
vt 0.868925 0.086718
vt 0.879440 0.072680
vt 0.964886 0.440803
vt 0.665137 0.591522
vt 0.984649 0.070884
vt 0.953602 0.591129
vt 0.720936 0.606454
vt 0.699705 0.593260
vt 0.660054 0.553729
vt 0.638839 0.487782
vt 0.637747 0.440466
vt 0.597440 0.084324
vt 0.596536 0.089910
vt 0.620273 0.090993
vt 0.637865 0.071112
vt 0.597145 0.070890
vt 0.820682 0.071028
vt 0.894845 0.071990
vt 0.901110 0.100994
vt 0.916313 0.071436
vt 0.983211 0.382203
vt 0.963627 0.450638
vt 0.956568 0.451644
vt 0.956469 0.443326
vt 0.937028 0.585116
vt 0.729466 0.598579
vt 0.810655 0.552601
vt 0.849135 0.550941
vt 0.719290 0.072255
vt 0.727448 0.100550
vt 0.736899 0.072051
vt 0.912876 0.100332
vt 0.982477 0.180004
vt 0.972665 0.171414
vt 0.972777 0.370947
vt 0.956505 0.353771
vt 0.603672 0.368329
vt 0.971325 0.543850
vt 0.966401 0.533379
vt 0.949405 0.535820
vt 0.724806 0.562992
vt 0.741478 0.592198
vt 0.757473 0.588399
vt 0.755835 0.551846
vt 0.647082 0.469089
vt 0.654667 0.478422
vt 0.652812 0.491959
vt 0.641152 0.456030
vt 0.645659 0.096439
vt 0.665834 0.072897
vt 0.711187 0.103914
vt 0.758200 0.071176
vt 0.871370 0.142789
vt 0.968618 0.293982
vt 0.947457 0.318350
vt 0.947762 0.436706
vt 0.961666 0.502898
vt 0.947560 0.519722
vt 0.651525 0.440793
vt 0.599336 0.150198
vt 0.618504 0.164763
vt 0.983355 0.121142
vt 0.971007 0.342268
vt 0.946068 0.459166
vt 0.961519 0.484002
vt 0.621116 0.396325
vt 0.940233 0.568784
vt 0.657138 0.460334
vt 0.625590 0.140997
vt 0.674784 0.114893
vt 0.684159 0.071581
vt 0.947891 0.468244
vt 0.615514 0.369747
vt 0.625897 0.344855
vt 0.612843 0.306197
vt 0.600104 0.276214
vt 0.957544 0.323925
vt 0.940915 0.482885
vt 0.943182 0.499872
vt 0.628432 0.380235
vt 0.659103 0.449861
vt 0.638474 0.370225
vt 0.931545 0.553610
vt 0.774571 0.116157
vt 0.643077 0.358762
vt 0.691901 0.581977
vt 0.644965 0.181789
vt 0.946546 0.283955
vt 0.932547 0.493139
vt 0.666033 0.541318
vt 0.628118 0.286314
vt 0.603486 0.247722
vt 0.933529 0.460043
vt 0.848559 0.139556
vt 0.621122 0.217238
vt 0.647174 0.274897
vt 0.642268 0.407958
vt 0.900537 0.141507
vt 0.937035 0.449082
vt 0.942863 0.443175
vt 0.926644 0.439751
vt 0.921127 0.449829
vt 0.927325 0.158214
vt 0.945895 0.142780
vt 0.918065 0.206370
vt 0.930295 0.210137
vt 0.861222 0.552722
vt 0.869724 0.574357
vt 0.887960 0.582538
vt 0.656792 0.515553
vt 0.676817 0.506135
vt 0.956865 0.404946
vt 0.713124 0.579753
vt 0.706531 0.558538
vt 0.697051 0.569404
vt 0.651734 0.378004
vt 0.815503 0.536960
vt 0.813251 0.519639
vt 0.788184 0.531345
vt 0.631183 0.414573
vt 0.748124 0.154498
vt 0.737258 0.140714
vt 0.754739 0.181105
vt 0.699908 0.147201
vt 0.714074 0.190845
vt 0.725335 0.157222
vt 0.825588 0.106198
vt 0.703860 0.187514
vt 0.806056 0.147851
vt 0.659671 0.145710
vt 0.675807 0.165789
vt 0.940996 0.300094
vt 0.860406 0.131981
vt 0.948148 0.219565
vt 0.934842 0.245981
vt 0.922026 0.249199
vt 0.903421 0.196063
vt 0.894641 0.213599
vt 0.913358 0.253526
vt 0.916127 0.281247
vt 0.910674 0.540418
vt 0.895046 0.564803
vt 0.674622 0.485956
vt 0.661303 0.564702
vt 0.835313 0.148224
vt 0.654245 0.327578
vt 0.645168 0.310152
vt 0.670029 0.310711
vt 0.681730 0.312485
vt 0.677768 0.290903
vt 0.931169 0.482175
vt 0.918897 0.484480
vt 0.925453 0.472872
vt 0.918228 0.505133
vt 0.879020 0.552237
vt 0.935561 0.384717
vt 0.938148 0.418987
vt 0.923783 0.405394
vt 0.935151 0.364773
vt 0.931204 0.431067
vt 0.915468 0.387628
vt 0.904337 0.422810
vt 0.904728 0.401846
vt 0.891171 0.424279
vt 0.905854 0.377535
vt 0.892031 0.390054
vt 0.885533 0.411338
vt 0.896076 0.364967
vt 0.651365 0.424447
vt 0.641646 0.425903
vt 0.658123 0.397165
vt 0.780020 0.544491
vt 0.649226 0.385083
vt 0.671939 0.406302
vt 0.847779 0.530897
vt 0.833701 0.492259
vt 0.797154 0.494052
vt 0.761629 0.214376
vt 0.778493 0.259366
vt 0.687683 0.179192
vt 0.664578 0.207452
vt 0.660529 0.274052
vt 0.667816 0.254758
vt 0.926747 0.515414
vt 0.888333 0.525416
vt 0.674753 0.464877
vt 0.690919 0.491188
vt 0.713184 0.497461
vt 0.666928 0.413925
vt 0.679860 0.431837
vt 0.689315 0.524834
vt 0.694315 0.286578
vt 0.685600 0.335496
vt 0.683914 0.255781
vt 0.663893 0.339802
vt 0.677744 0.342354
vt 0.667775 0.364620
vt 0.881840 0.142385
vt 0.919622 0.353990
vt 0.891252 0.441518
vt 0.872546 0.439111
vt 0.879601 0.421494
vt 0.877841 0.405173
vt 0.886013 0.389876
vt 0.827789 0.468232
vt 0.808686 0.492579
vt 0.883769 0.369448
vt 0.860813 0.411189
vt 0.668170 0.375894
vt 0.738253 0.554325
vt 0.768395 0.523303
vt 0.735405 0.529573
vt 0.775899 0.507645
vt 0.739024 0.488747
vt 0.728314 0.498408
vt 0.718095 0.538647
vt 0.786829 0.484197
vt 0.810906 0.195485
vt 0.904109 0.502987
vt 0.703364 0.469032
vt 0.692769 0.452917
vt 0.674399 0.231646
vt 0.690928 0.232057
vt 0.705250 0.266972
vt 0.681786 0.369531
vt 0.691171 0.381666
vt 0.694024 0.342362
vt 0.686359 0.393760
vt 0.686713 0.408096
vt 0.709290 0.373281
vt 0.695429 0.413799
vt 0.912112 0.458821
vt 0.904835 0.472477
vt 0.894830 0.488951
vt 0.906542 0.359851
vt 0.851712 0.439629
vt 0.890079 0.365136
vt 0.897256 0.343252
vt 0.902744 0.339306
vt 0.867579 0.377761
vt 0.878377 0.349249
vt 0.892449 0.335323
vt 0.908755 0.286395
vt 0.914878 0.306462
vt 0.714056 0.462401
vt 0.870884 0.518302
vt 0.855270 0.497698
vt 0.871881 0.486505
vt 0.735886 0.235916
vt 0.689718 0.428013
vt 0.945955 0.342340
vt 0.707951 0.331431
vt 0.701714 0.437273
vt 0.706603 0.428884
vt 0.750168 0.463215
vt 0.857740 0.474663
vt 0.863858 0.456923
vt 0.799390 0.463144
vt 0.879352 0.469670
vt 0.900723 0.252310
vt 0.872881 0.236102
vt 0.903747 0.282195
vt 0.860149 0.178563
vt 0.931619 0.337653
vt 0.926425 0.331328
vt 0.902600 0.326054
vt 0.910106 0.326313
vt 0.844465 0.196496
vt 0.722338 0.249859
vt 0.726800 0.308684
vt 0.724266 0.442377
vt 0.716250 0.409737
vt 0.839716 0.442984
vt 0.844268 0.414896
vt 0.823863 0.388290
vt 0.816230 0.404635
vt 0.813195 0.430898
vt 0.855984 0.373025
vt 0.786151 0.462435
vt 0.744251 0.273704
vt 0.763809 0.263020
vt 0.898378 0.308417
vt 0.879303 0.284580
vt 0.875788 0.310355
vt 0.737306 0.405018
vt 0.754179 0.412186
vt 0.730690 0.354310
vt 0.745405 0.367575
vt 0.790211 0.435551
vt 0.876635 0.328980
vt 0.788293 0.277791
vt 0.835470 0.227631
vt 0.848303 0.230443
vt 0.829723 0.263306
vt 0.810477 0.235141
vt 0.773784 0.421644
vt 0.772194 0.376155
vt 0.790799 0.405715
vt 0.781054 0.388812
vt 0.792058 0.360348
vt 0.837191 0.367252
vt 0.800232 0.283087
vt 0.833201 0.318236
vt 0.821353 0.306881
vt 0.857910 0.291742
vt 0.841539 0.274581
vt 0.741616 0.324269
vt 0.766123 0.315026
vt 0.813069 0.344330
vt 0.774656 0.335975
vt 0.783316 0.345189
vt 0.828065 0.357242
vt 0.843578 0.328129
vt 0.615624 0.524843
vt 0.615105 0.526917
vt 0.616359 0.521689
vt 0.617036 0.518554
vt 0.617671 0.515345
vt 0.617939 0.513863
vt 0.618487 0.457378
vt 0.618887 0.459723
vt 0.617863 0.454200
vt 0.606516 0.428920
vt 0.608870 0.431977
vt 0.602598 0.424766
vt 0.597558 0.344936
vt 0.598498 0.322685
vt 0.597887 0.337343
vt 0.623549 0.070889
vt 0.635541 0.070888
vt 0.642884 0.070888
vt 0.671181 0.070887
vt 0.666722 0.070887
vt 0.675920 0.070887
vt 0.735990 0.070885
vt 0.746691 0.070885
vt 0.739949 0.070885
vt 0.874846 0.070881
vt 0.871881 0.070881
vt 0.878633 0.070881
vt 0.901350 0.070880
vt 0.905137 0.070880
vt 0.908501 0.070880
vt 0.983367 0.324008
vt 0.983135 0.318204
vt 0.983710 0.332325
vt 0.986019 0.380595
vt 0.987089 0.398055
vt 0.987464 0.403712
vt 0.134236 0.055422
vt 0.168283 0.056023
vt 0.153663 0.076606
vt 0.153397 0.417265
vt 0.167523 0.427020
vt 0.161210 0.428570
vt 0.506149 0.538494
vt 0.484009 0.542714
vt 0.499237 0.524026
vt 0.165990 0.445067
vt 0.487818 0.420609
vt 0.504680 0.414672
vt 0.494366 0.429286
vt 0.137363 0.206244
vt 0.136688 0.140977
vt 0.158986 0.203841
vt 0.176371 0.504100
vt 0.158246 0.510766
vt 0.163123 0.490364
vt 0.290412 0.056267
vt 0.298985 0.100163
vt 0.285564 0.088926
vt 0.169154 0.418061
vt 0.145761 0.410385
vt 0.154163 0.524099
vt 0.168726 0.523170
vt 0.297930 0.536785
vt 0.284731 0.544065
vt 0.296570 0.526033
vt 0.279004 0.536248
vt 0.271828 0.555191
vt 0.163382 0.556798
vt 0.178049 0.570538
vt 0.144233 0.554400
vt 0.166898 0.467939
vt 0.187427 0.454934
vt 0.178440 0.468919
vt 0.247475 0.569028
vt 0.254996 0.551898
vt 0.261907 0.569495
vt 0.176236 0.444158
vt 0.178948 0.426665
vt 0.401074 0.592586
vt 0.422043 0.568241
vt 0.431689 0.576812
vt 0.486560 0.431169
vt 0.489616 0.442363
vt 0.164675 0.541010
vt 0.150371 0.537181
vt 0.374017 0.546168
vt 0.383246 0.540581
vt 0.383898 0.555461
vt 0.479794 0.442882
vt 0.399138 0.583567
vt 0.486109 0.566983
vt 0.468454 0.574398
vt 0.474239 0.565562
vt 0.525539 0.402342
vt 0.518713 0.405392
vt 0.525121 0.397847
vt 0.511750 0.554398
vt 0.491763 0.555797
vt 0.401759 0.598458
vt 0.426576 0.589569
vt 0.256989 0.583807
vt 0.217678 0.576513
vt 0.210212 0.559996
vt 0.130453 0.402331
vt 0.131219 0.396914
vt 0.136346 0.404734
vt 0.524203 0.384897
vt 0.495559 0.386442
vt 0.156956 0.404463
vt 0.168521 0.078404
vt 0.181628 0.083947
vt 0.193435 0.055929
vt 0.315387 0.056151
vt 0.498625 0.404600
vt 0.394146 0.570023
vt 0.404090 0.557471
vt 0.168599 0.194834
vt 0.429827 0.078391
vt 0.456195 0.055754
vt 0.430150 0.120876
vt 0.180851 0.561367
vt 0.235777 0.591881
vt 0.254222 0.598396
vt 0.467677 0.508101
vt 0.493779 0.494017
vt 0.498072 0.512637
vt 0.304881 0.151804
vt 0.313389 0.084774
vt 0.208728 0.057055
vt 0.239948 0.056416
vt 0.221298 0.090998
vt 0.338528 0.093893
vt 0.334197 0.057743
vt 0.354580 0.058913
vt 0.434024 0.055818
vt 0.381020 0.103483
vt 0.473874 0.087327
vt 0.470719 0.056937
vt 0.482734 0.057285
vt 0.502805 0.056585
vt 0.487882 0.110071
vt 0.134378 0.069503
vt 0.133462 0.369447
vt 0.149086 0.381041
vt 0.366769 0.524768
vt 0.409814 0.523913
vt 0.467731 0.466989
vt 0.489000 0.462915
vt 0.522815 0.360291
vt 0.496576 0.362041
vt 0.474660 0.392976
vt 0.411222 0.542104
vt 0.199672 0.466281
vt 0.151853 0.240618
vt 0.521767 0.055437
vt 0.521454 0.075400
vt 0.517202 0.220571
vt 0.135184 0.287731
vt 0.144164 0.314321
vt 0.134466 0.330244
vt 0.314128 0.520907
vt 0.312824 0.532112
vt 0.362988 0.539042
vt 0.498117 0.331148
vt 0.521052 0.329647
vt 0.474029 0.434708
vt 0.466913 0.555781
vt 0.134552 0.074902
vt 0.157706 0.128144
vt 0.506144 0.127127
vt 0.148230 0.265206
vt 0.337446 0.519496
vt 0.329444 0.530094
vt 0.505028 0.265638
vt 0.516495 0.258063
vt 0.501970 0.281148
vt 0.250149 0.533213
vt 0.194372 0.513583
vt 0.185823 0.528000
vt 0.137518 0.255155
vt 0.347127 0.532798
vt 0.152946 0.350240
vt 0.473227 0.457699
vt 0.163940 0.111786
vt 0.463121 0.394895
vt 0.360694 0.505201
vt 0.180750 0.547132
vt 0.499297 0.226442
vt 0.174534 0.383883
vt 0.488643 0.165089
vt 0.476812 0.166950
vt 0.250378 0.517250
vt 0.498937 0.252775
vt 0.446631 0.402351
vt 0.176798 0.239987
vt 0.196759 0.235750
vt 0.465461 0.373816
vt 0.427633 0.393401
vt 0.436998 0.379715
vt 0.328501 0.128546
vt 0.157038 0.319933
vt 0.482729 0.357518
vt 0.169397 0.276067
vt 0.481884 0.328592
vt 0.166013 0.362363
vt 0.469636 0.147251
vt 0.447855 0.145518
vt 0.178440 0.304841
vt 0.349053 0.492028
vt 0.304278 0.494668
vt 0.184801 0.275654
vt 0.172076 0.344446
vt 0.335792 0.474285
vt 0.282346 0.509481
vt 0.186758 0.398251
vt 0.184131 0.440182
vt 0.201021 0.392528
vt 0.200571 0.423029
vt 0.219553 0.409160
vt 0.214695 0.437234
vt 0.222395 0.452937
vt 0.264355 0.488688
vt 0.214857 0.529348
vt 0.230296 0.510455
vt 0.461728 0.524749
vt 0.189325 0.380375
vt 0.478038 0.526453
vt 0.463939 0.542069
vt 0.459056 0.431488
vt 0.249893 0.114652
vt 0.178162 0.136477
vt 0.481708 0.227840
vt 0.460830 0.217674
vt 0.462483 0.169132
vt 0.447920 0.469262
vt 0.218495 0.486036
vt 0.189796 0.199834
vt 0.199666 0.538769
vt 0.360713 0.134800
vt 0.468325 0.300817
vt 0.461763 0.289697
vt 0.443151 0.280319
vt 0.186597 0.336681
vt 0.191872 0.297197
vt 0.178496 0.163422
vt 0.236370 0.427324
vt 0.237969 0.399833
vt 0.217137 0.385474
vt 0.260555 0.461687
vt 0.242549 0.462834
vt 0.456457 0.445084
vt 0.442830 0.414502
vt 0.445265 0.184256
vt 0.455112 0.207661
vt 0.467718 0.238100
vt 0.277563 0.141781
vt 0.253350 0.171716
vt 0.211529 0.279608
vt 0.189610 0.132753
vt 0.398551 0.158325
vt 0.459795 0.357651
vt 0.459074 0.337967
vt 0.186816 0.170124
vt 0.199274 0.171561
vt 0.202162 0.146355
vt 0.201209 0.205660
vt 0.211514 0.199599
vt 0.250277 0.373790
vt 0.256799 0.397515
vt 0.227832 0.362825
vt 0.193814 0.362072
vt 0.436035 0.222098
vt 0.407752 0.188105
vt 0.417764 0.222798
vt 0.452629 0.243110
vt 0.269778 0.201969
vt 0.344509 0.187395
vt 0.428602 0.493535
vt 0.441675 0.266011
vt 0.214095 0.267281
vt 0.227637 0.297825
vt 0.227603 0.277232
vt 0.225523 0.316489
vt 0.208753 0.343290
vt 0.232666 0.346007
vt 0.236231 0.325118
vt 0.247156 0.335240
vt 0.254086 0.303437
vt 0.243403 0.352237
vt 0.247882 0.272486
vt 0.271078 0.300984
vt 0.266998 0.325528
vt 0.288241 0.297254
vt 0.279677 0.357208
vt 0.202514 0.227178
vt 0.286582 0.439804
vt 0.267206 0.377785
vt 0.278130 0.391795
vt 0.295773 0.336189
vt 0.284743 0.408413
vt 0.267157 0.415296
vt 0.300980 0.386370
vt 0.328839 0.420076
vt 0.250653 0.436052
vt 0.397590 0.501255
vt 0.414594 0.409847
vt 0.411286 0.386817
vt 0.421537 0.430434
vt 0.416575 0.446379
vt 0.394026 0.419353
vt 0.395316 0.386062
vt 0.420717 0.358846
vt 0.428181 0.367400
vt 0.380230 0.394353
vt 0.370271 0.406755
vt 0.380086 0.193527
vt 0.365954 0.204613
vt 0.433962 0.261268
vt 0.237525 0.205610
vt 0.214234 0.244217
vt 0.428905 0.339440
vt 0.427038 0.287142
vt 0.429807 0.311269
vt 0.422072 0.315958
vt 0.230191 0.229452
vt 0.413071 0.347582
vt 0.402090 0.355030
vt 0.376641 0.361310
vt 0.390020 0.337439
vt 0.412806 0.322125
vt 0.373730 0.333053
vt 0.384895 0.306545
vt 0.407124 0.278016
vt 0.388407 0.262367
vt 0.359989 0.298343
vt 0.364289 0.262315
vt 0.422309 0.250021
vt 0.374337 0.251257
vt 0.342831 0.258154
vt 0.355233 0.336113
vt 0.317912 0.256666
vt 0.315369 0.157989
vt 0.286656 0.203829
vt 0.334730 0.201854
vt 0.301831 0.202096
vt 0.366922 0.439884
vt 0.327835 0.323058
vt 0.274986 0.262408
vt 0.301099 0.259817
vt 0.245686 0.231658
vt 0.332280 0.388790
vt 0.406966 0.463114
vt 0.355224 0.381965
vt 0.151042 0.415068
vt 0.161191 0.428525
vt 0.165728 0.421031
vt 0.166635 0.466622
vt 0.181865 0.461275
vt 0.165987 0.445031
vt 0.170810 0.431120
vt 0.134243 0.055422
vt 0.134542 0.074746
vt 0.153459 0.076693
vt 0.179343 0.081865
vt 0.175817 0.055897
vt 0.165375 0.078635
vt 0.172737 0.496576
vt 0.163540 0.488657
vt 0.158247 0.510767
vt 0.397647 0.577423
vt 0.404561 0.558038
vt 0.392627 0.567232
vt 0.492035 0.555460
vt 0.511742 0.554412
vt 0.505775 0.537012
vt 0.130447 0.402385
vt 0.136868 0.405182
vt 0.150223 0.400565
vt 0.154571 0.524627
vt 0.170993 0.517438
vt 0.507680 0.056428
vt 0.521431 0.076414
vt 0.521768 0.055433
vt 0.255390 0.590798
vt 0.258731 0.576329
vt 0.245878 0.569915
vt 0.297908 0.536792
vt 0.286121 0.532608
vt 0.287493 0.542131
vt 0.163383 0.556801
vt 0.144233 0.554400
vt 0.178027 0.570541
vt 0.264966 0.564068
vt 0.253009 0.551435
vt 0.175049 0.443893
vt 0.179427 0.424499
vt 0.236514 0.591890
vt 0.254219 0.598454
vt 0.501923 0.525002
vt 0.482813 0.542279
vt 0.453875 0.072132
vt 0.468423 0.055830
vt 0.444967 0.055867
vt 0.384640 0.066374
vt 0.430139 0.075928
vt 0.525544 0.402378
vt 0.507176 0.388294
vt 0.500768 0.404479
vt 0.241120 0.579394
vt 0.502525 0.156838
vt 0.520290 0.229085
vt 0.157501 0.409340
vt 0.489655 0.442307
vt 0.492818 0.432059
vt 0.481747 0.433969
vt 0.488369 0.565971
vt 0.479330 0.559691
vt 0.468477 0.574553
vt 0.415937 0.580081
vt 0.400841 0.590642
vt 0.518676 0.405410
vt 0.505430 0.413849
vt 0.487356 0.421078
vt 0.497324 0.423797
vt 0.401759 0.598458
vt 0.427016 0.589178
vt 0.503818 0.273901
vt 0.468961 0.277268
vt 0.479045 0.291800
vt 0.522857 0.362002
vt 0.524238 0.385996
vt 0.150365 0.537184
vt 0.171786 0.543167
vt 0.152299 0.056281
vt 0.193436 0.055889
vt 0.356364 0.055867
vt 0.334545 0.057051
vt 0.347411 0.089218
vt 0.473809 0.076333
vt 0.483636 0.055691
vt 0.144052 0.380465
vt 0.131709 0.388326
vt 0.275814 0.550793
vt 0.427088 0.565634
vt 0.497632 0.512876
vt 0.493372 0.493253
vt 0.474875 0.503461
vt 0.132614 0.359997
vt 0.179299 0.562203
vt 0.214788 0.574569
vt 0.344817 0.532056
vt 0.358035 0.536633
vt 0.366407 0.531024
vt 0.383875 0.555580
vt 0.149890 0.116117
vt 0.488997 0.462909
vt 0.472660 0.471259
vt 0.499862 0.359781
vt 0.476335 0.384687
vt 0.189263 0.507851
vt 0.197540 0.465023
vt 0.466474 0.558135
vt 0.470256 0.399643
vt 0.140541 0.136250
vt 0.299573 0.056288
vt 0.259408 0.056164
vt 0.278598 0.083894
vt 0.185349 0.550933
vt 0.301761 0.522593
vt 0.331215 0.517655
vt 0.312544 0.532099
vt 0.329448 0.530091
vt 0.206146 0.557820
vt 0.370477 0.543698
vt 0.478181 0.455719
vt 0.474275 0.434483
vt 0.313263 0.089590
vt 0.317290 0.056190
vt 0.337528 0.106199
vt 0.483537 0.131021
vt 0.496896 0.056366
vt 0.166885 0.362974
vt 0.160959 0.381530
vt 0.480783 0.374918
vt 0.498973 0.324347
vt 0.485524 0.355243
vt 0.163902 0.111813
vt 0.294921 0.113303
vt 0.146521 0.303697
vt 0.135071 0.329289
vt 0.137411 0.258066
vt 0.136663 0.298327
vt 0.153407 0.348970
vt 0.521284 0.331123
vt 0.248515 0.527760
vt 0.155804 0.257171
vt 0.170592 0.238866
vt 0.328394 0.125263
vt 0.384571 0.111893
vt 0.473217 0.123238
vt 0.491108 0.148548
vt 0.362077 0.505397
vt 0.522107 0.296758
vt 0.515801 0.260656
vt 0.457971 0.407871
vt 0.464260 0.378962
vt 0.193611 0.530528
vt 0.147638 0.229366
vt 0.165014 0.188356
vt 0.136764 0.173956
vt 0.276385 0.514653
vt 0.492712 0.254729
vt 0.155455 0.201240
vt 0.165609 0.274896
vt 0.161085 0.322175
vt 0.450225 0.387092
vt 0.446430 0.416405
vt 0.437010 0.379984
vt 0.468521 0.452789
vt 0.457564 0.355521
vt 0.349351 0.484936
vt 0.168018 0.147453
vt 0.474431 0.171061
vt 0.452381 0.124281
vt 0.461635 0.155391
vt 0.438003 0.117192
vt 0.462234 0.306851
vt 0.476521 0.332606
vt 0.419918 0.132484
vt 0.312716 0.487479
vt 0.295944 0.503975
vt 0.185898 0.395955
vt 0.182448 0.438626
vt 0.200947 0.391235
vt 0.210328 0.476244
vt 0.228391 0.447725
vt 0.200665 0.422809
vt 0.185498 0.449222
vt 0.204484 0.434844
vt 0.215094 0.438422
vt 0.239538 0.511896
vt 0.222817 0.492726
vt 0.211302 0.056800
vt 0.203788 0.086239
vt 0.409731 0.526006
vt 0.378816 0.516151
vt 0.412501 0.543517
vt 0.477419 0.523443
vt 0.463570 0.537920
vt 0.396769 0.159675
vt 0.459375 0.428300
vt 0.456562 0.459568
vt 0.180071 0.137142
vt 0.260319 0.124642
vt 0.498839 0.224191
vt 0.478862 0.222143
vt 0.460221 0.201161
vt 0.183592 0.217998
vt 0.193889 0.283805
vt 0.471913 0.242168
vt 0.430878 0.314129
vt 0.183497 0.380388
vt 0.188674 0.298764
vt 0.445335 0.168091
vt 0.178481 0.161241
vt 0.226627 0.402325
vt 0.241226 0.397853
vt 0.218594 0.387633
vt 0.250870 0.460794
vt 0.405903 0.508595
vt 0.396455 0.485115
vt 0.458442 0.509082
vt 0.451614 0.442418
vt 0.246253 0.168578
vt 0.449862 0.199914
vt 0.462331 0.225200
vt 0.192690 0.199883
vt 0.201003 0.261792
vt 0.202862 0.235256
vt 0.213385 0.241920
vt 0.208269 0.221844
vt 0.187136 0.116404
vt 0.365456 0.134098
vt 0.442209 0.281507
vt 0.447484 0.259269
vt 0.443546 0.251275
vt 0.194547 0.369466
vt 0.178033 0.343326
vt 0.185887 0.167926
vt 0.190351 0.152599
vt 0.198770 0.198564
vt 0.202422 0.150874
vt 0.209286 0.185576
vt 0.246074 0.413130
vt 0.235671 0.375127
vt 0.264647 0.391152
vt 0.423604 0.215140
vt 0.269643 0.211228
vt 0.288117 0.197867
vt 0.264821 0.311796
vt 0.286892 0.323520
vt 0.278285 0.292340
vt 0.214212 0.267449
vt 0.223267 0.289177
vt 0.222033 0.265199
vt 0.236071 0.296709
vt 0.228283 0.308623
vt 0.236268 0.316442
vt 0.220559 0.312416
vt 0.212729 0.321488
vt 0.208650 0.343160
vt 0.231379 0.338260
vt 0.248402 0.345879
vt 0.241043 0.343317
vt 0.260900 0.326764
vt 0.252500 0.281090
vt 0.279546 0.358447
vt 0.279072 0.445638
vt 0.291724 0.427222
vt 0.328615 0.439237
vt 0.254607 0.372767
vt 0.229412 0.363039
vt 0.295581 0.379139
vt 0.306647 0.306658
vt 0.258248 0.421470
vt 0.273909 0.409681
vt 0.290450 0.399124
vt 0.330259 0.411468
vt 0.426743 0.510858
vt 0.442894 0.463625
vt 0.426696 0.393409
vt 0.422482 0.412647
vt 0.418792 0.434594
vt 0.405854 0.410113
vt 0.415225 0.457628
vt 0.406224 0.388686
vt 0.418587 0.369919
vt 0.389959 0.387061
vt 0.390085 0.412958
vt 0.408818 0.362392
vt 0.396572 0.216982
vt 0.384115 0.203842
vt 0.435313 0.237849
vt 0.226051 0.212968
vt 0.238342 0.211347
vt 0.423290 0.312017
vt 0.429831 0.287765
vt 0.236486 0.246360
vt 0.331143 0.388464
vt 0.333054 0.338171
vt 0.433454 0.486373
vt 0.400977 0.356786
vt 0.371154 0.367982
vt 0.386162 0.344348
vt 0.417533 0.340643
vt 0.412799 0.322149
vt 0.390589 0.314062
vt 0.410191 0.276551
vt 0.425707 0.279582
vt 0.402416 0.268889
vt 0.373714 0.291970
vt 0.353729 0.264526
vt 0.368862 0.324537
vt 0.364337 0.260275
vt 0.356483 0.337984
vt 0.326018 0.252090
vt 0.344714 0.203414
vt 0.363834 0.190419
vt 0.376925 0.242529
vt 0.321658 0.175573
vt 0.349529 0.174078
vt 0.308593 0.152929
vt 0.302618 0.200568
vt 0.443325 0.342724
vt 0.289875 0.263759
vt 0.422146 0.356734
vt 0.262928 0.248758
vt 0.278723 0.249849
vt 0.373166 0.478031
vt 0.393816 0.449639
vt 0.371311 0.395961
vt 0.371082 0.422093
vt 0.301617 0.246306
vt 0.131407 0.388273
vt 0.131777 0.382715
vt 0.132864 0.365049
vt 0.136168 0.177937
vt 0.135949 0.164011
vt 0.135711 0.148907
vt 0.274009 0.055429
vt 0.250142 0.055428
vt 0.282546 0.055429
vt 0.347843 0.055431
vt 0.351033 0.055431
vt 0.357188 0.055432
vt 0.490956 0.479250
vt 0.490143 0.472723
vt 0.491978 0.485846
vt 0.011583 0.017676
vt 0.011949 0.018380
vt 0.011781 0.018651
vt 0.012084 0.017330
vt 0.012058 0.017585
vt 0.012009 0.017844
vt 0.011987 0.018112
vt 0.012478 0.019084
vt 0.012665 0.018596
vt 0.012806 0.018048
vt 0.012821 0.017450
vt 0.012755 0.016902
vt 0.011880 0.016770
vt 0.012076 0.017047
vt 0.012668 0.016455
vt 0.024254 0.013416
vt 0.075362 0.017676
vt 0.074861 0.017329
vt 0.074887 0.017585
vt 0.024991 0.019092
vt 0.074124 0.017450
vt 0.074190 0.016902
vt 0.075066 0.016770
vt 0.074869 0.017047
vt 0.074278 0.016455
vt 0.059792 0.012749
vt 0.019341 0.018415
vt 0.027602 0.019725
vt 0.074504 0.015968
vt 0.059947 0.012554
vt 0.068186 0.015092
vt 0.038040 0.024196
vt 0.023475 0.013456
vt 0.023372 0.012688
vt 0.067321 0.015420
vt 0.025279 0.012064
s 1
usemtl Self_mesh_FRONT_2709
f 11/1/1 12/2/2 17/3/3
f 4/4/4 24/5/5 3/6/6
f 7/7/7 8/8/8 20/9/9
f 10/10/10 19/11/11 9/12/12
f 6/13/13 22/14/14 5/15/15
f 23/16/16 5/15/15 27/17/17
f 2/18/18 3/6/6 1/19/19
f 20/9/9 8/8/8 9/12/12
f 13/20/20 14/21/21 16/22/22
f 16/22/22 14/21/21 15/23/23
f 1/19/19 3/6/6 28/24/24
f 28/24/24 3/6/6 24/5/5
f 4/4/4 26/25/25 23/16/16
f 23/16/16 24/5/5 4/4/4
f 10/10/10 11/1/1 18/26/26
f 22/14/14 6/13/13 21/27/27
f 13/20/20 16/22/22 12/2/2
f 25/28/28 12/2/2 16/22/22
f 17/3/3 12/2/2 25/28/28
f 20/9/9 9/12/12 19/11/11
f 23/16/16 26/25/25 5/15/15
f 17/3/3 18/26/26 11/1/1
f 22/14/14 27/17/17 5/15/15
f 21/27/27 7/7/7 20/9/9
f 6/13/13 7/7/7 21/27/27
f 18/26/26 19/11/11 10/10/10
f 52/29/29 38/30/30 37/31/31
f 29/32/32 50/33/33 30/34/34
f 35/35/35 46/36/36 36/37/37
f 50/33/33 51/38/38 31/39/39
f 34/40/40 33/41/41 48/42/42
f 49/43/43 55/44/44 33/41/41
f 30/34/34 50/33/33 31/39/39
f 40/45/45 43/46/46 41/47/47
f 43/46/46 42/48/48 41/47/47
f 39/49/49 38/30/30 52/29/29
f 37/31/31 36/37/37 46/36/36
f 53/50/50 39/49/49 44/51/51
f 51/38/38 54/52/52 32/53/53
f 51/38/38 49/43/43 54/52/52
f 45/54/54 52/29/29 37/31/31
f 48/42/42 47/55/55 34/40/40
f 53/50/50 43/46/46 40/45/45
f 51/38/38 32/53/53 31/39/39
f 40/45/45 39/49/49 53/50/50
f 49/43/43 33/41/41 54/52/52
f 52/29/29 44/51/51 39/49/49
f 45/54/54 37/31/31 46/36/36
f 48/42/42 33/41/41 55/44/44
f 47/55/55 46/36/36 35/35/35
f 34/40/40 47/55/55 35/35/35
f 86/56/56 85/57/57 87/58/58
f 89/59/59 88/60/60 90/61/61
f 135/62/62 173/63/63 136/64/64
f 151/65/65 172/66/66 152/67/67
f 157/68/68 174/69/69 158/70/70
f 465/185/188 452/186/189 453/187/190
f 446/188/191 460/189/192 466/190/193
f 462/191/194 458/192/195 440/193/196
f 458/192/195 439/194/197 440/193/196
f 463/195/198 459/196/199 438/197/200
f 445/198/201 461/199/202 444/200/203
f 459/196/199 437/201/204 438/197/200
f 462/191/194 440/193/196 441/202/205
f 456/203/206 464/204/207 442/205/208
f 448/206/209 449/207/210 451/208/211
f 441/202/205 442/205/208 464/204/207
f 465/185/188 460/189/192 447/209/212
f 450/210/213 451/208/211 449/207/210
f 453/187/190 460/189/192 465/185/188
f 458/192/195 462/191/194 457/211/214
f 448/206/209 451/208/211 465/185/188
f 447/209/212 448/206/209 465/185/188
f 451/208/211 452/186/189 465/185/188
f 458/192/195 459/196/199 463/195/198
f 439/194/197 458/192/195 463/195/198
f 461/199/202 445/198/201 454/212/215
f 444/200/203 461/199/202 455/213/216
f 443/214/217 455/213/216 456/203/206
f 464/204/207 457/211/214 462/191/194
f 453/187/190 466/190/193 460/189/192
f 445/198/201 446/188/191 466/190/193
f 443/214/217 456/203/206 442/205/208
f 441/202/205 464/204/207 462/191/194
f 443/214/217 444/200/203 455/213/216
f 466/190/193 453/187/190 454/212/215
f 445/198/201 466/190/193 454/212/215
f 497/215/218 485/216/219 484/217/220
f 479/218/221 478/219/222 497/215/218
f 494/220/223 470/221/224 491/222/225
f 491/222/225 470/221/224 469/223/226
f 495/224/227 468/225/228 492/226/229
f 475/227/230 474/228/231 487/229/232
f 492/226/229 468/225/228 467/230/233
f 493/231/234 488/232/235 473/233/236
f 494/220/223 471/234/237 470/221/224
f 489/235/238 493/231/234 496/236/239
f 480/237/240 483/238/241 481/239/242
f 477/240/243 476/241/244 498/242/245
f 482/210/246 481/239/242 483/238/241
f 473/233/236 488/232/235 474/228/231
f 496/236/239 493/231/234 472/243/247
f 497/215/218 478/219/222 485/216/219
f 491/222/225 490/244/248 494/220/223
f 480/237/240 497/215/218 483/238/241
f 479/218/221 497/215/218 480/237/240
f 483/238/241 497/215/218 484/217/220
f 491/222/225 495/224/227 492/226/229
f 469/223/226 495/224/227 491/222/225
f 487/229/232 486/245/249 475/227/230
f 474/228/231 488/232/235 487/229/232
f 496/236/239 494/220/223 490/244/248
f 472/243/247 471/234/237 494/220/223
f 485/216/219 478/219/222 498/242/245
f 477/240/243 498/242/245 478/219/222
f 475/227/230 498/242/245 476/241/244
f 488/232/235 493/231/234 489/235/238
f 472/243/247 494/220/223 496/236/239
f 498/242/245 486/245/249 485/216/219
f 475/227/230 486/245/249 498/242/245
f 554/246/250 556/247/251 555/248/252
f 576/249/253 614/250/254 577/251/255
f 599/252/256 613/253/257 600/254/258
f 660/255/259 665/256/260 640/257/261
f 640/257/261 665/256/260 639/258/262
f 659/259/263 628/260/264 629/261/265
f 616/262/266 662/263/267 658/264/268
f 662/263/267 618/265/269 619/266/270
f 662/263/267 616/262/266 618/265/269
f 638/267/271 636/268/272 637/269/273
f 686/270/274 697/271/275 649/272/276
f 656/273/277 655/274/278 666/275/279
f 668/276/280 615/277/281 657/278/282
f 671/279/283 670/280/284 662/263/267
f 662/263/267 620/281/285 621/282/286
f 659/259/263 680/283/287 627/284/288
f 680/283/287 626/285/289 627/284/288
f 617/286/290 618/265/269 616/262/266
f 620/281/285 662/263/267 619/266/270
f 685/287/291 659/259/263 663/288/292
f 664/289/293 644/290/294 652/291/295
f 681/292/296 715/293/297 717/294/298
f 680/283/287 693/295/299 688/296/300
f 689/297/301 626/285/289 680/283/287
f 641/298/302 665/256/260 660/255/259
f 657/278/282 678/299/303 668/276/280
f 659/259/263 627/284/288 628/260/264
f 670/280/284 658/264/268 662/263/267
f 718/300/304 671/279/283 717/294/298
f 669/301/305 715/293/297 681/292/296
f 643/302/306 651/303/307 642/304/308
f 652/291/295 645/305/309 692/306/310
f 679/307/311 656/273/277 650/308/312
f 671/279/283 662/263/267 621/282/286
f 661/309/313 630/310/314 631/311/315
f 641/298/302 642/304/308 682/312/316
f 683/313/317 634/314/318 635/315/319
f 633/316/320 634/314/318 720/317/321
f 636/268/272 638/267/271 683/313/317
f 647/318/322 743/319/323 653/320/324
f 647/318/322 648/321/325 676/322/326
f 666/275/279 650/308/312 656/273/277
f 650/308/312 678/299/303 679/307/311
f 670/280/284 657/278/282 690/323/327
f 671/279/283 621/282/286 622/324/328
f 641/298/302 682/312/316 665/256/260
f 664/289/293 651/303/307 643/302/306
f 643/302/306 644/290/294 664/289/293
f 651/303/307 725/325/329 706/326/330
f 652/291/295 672/327/331 645/305/309
f 672/327/331 652/291/295 644/290/294
f 646/328/332 673/329/333 692/306/310
f 646/328/332 692/306/310 645/305/309
f 653/320/324 673/329/333 646/328/332
f 683/313/317 635/315/319 636/268/272
f 675/330/334 683/313/317 638/267/271
f 743/319/323 647/318/322 676/322/326
f 677/331/335 698/332/336 648/321/325
f 698/332/336 677/331/335 649/272/276
f 686/270/274 649/272/276 654/333/337
f 666/275/279 655/274/278 654/333/337
f 679/307/311 678/299/303 657/278/282
f 624/334/338 687/335/339 699/336/340
f 685/287/291 738/337/341 693/295/299
f 704/338/342 654/333/337 655/274/278
f 658/264/268 670/280/284 690/323/327
f 706/326/330 711/339/343 682/312/316
f 634/314/318 683/313/317 696/340/344
f 706/326/330 682/312/316 642/304/308
f 706/326/330 642/304/308 651/303/307
f 702/341/345 632/342/346 633/316/320
f 639/258/262 675/330/334 638/267/271
f 690/323/327 657/278/282 615/277/281
f 624/334/338 625/343/347 687/335/339
f 626/285/289 689/297/301 687/335/339
f 622/324/328 623/344/348 695/345/349
f 658/264/268 690/323/327 616/262/266
f 691/346/350 684/347/351 735/348/352
f 693/295/299 680/283/287 659/259/263
f 665/256/260 682/312/316 711/339/343
f 702/341/345 633/316/320 719/349/353
f 716/350/354 656/273/277 679/307/311
f 694/351/355 624/334/338 699/336/340
f 623/344/348 624/334/338 694/351/355
f 687/335/339 625/343/347 626/285/289
f 689/297/301 680/283/287 688/296/300
f 695/345/349 681/292/296 622/324/328
f 714/352/356 669/301/305 695/345/349
f 714/352/356 695/345/349 694/351/355
f 659/259/263 685/287/291 693/295/299
f 710/353/357 634/314/318 696/340/344
f 634/314/318 710/353/357 720/317/321
f 743/319/323 707/354/358 653/320/324
f 673/329/333 728/355/359 692/306/310
f 695/345/349 623/344/348 694/351/355
f 730/356/360 689/297/301 688/296/300
f 657/278/282 670/280/284 718/300/304
f 665/256/260 675/330/334 639/258/262
f 675/330/334 696/340/344 683/313/317
f 727/357/361 673/329/333 653/320/324
f 697/271/275 698/332/336 649/272/276
f 686/270/274 654/333/337 704/338/342
f 689/297/301 705/358/362 687/335/339
f 689/297/301 730/356/360 705/358/362
f 652/291/295 692/306/310 703/359/363
f 728/355/359 673/329/333 700/360/364
f 742/361/365 676/322/326 648/321/325
f 686/270/274 704/338/342 701/362/366
f 702/341/345 674/363/367 632/342/346
f 665/256/260 696/340/344 675/330/334
f 687/335/339 712/364/368 699/336/340
f 705/358/362 712/364/368 687/335/339
f 694/351/355 699/336/340 712/364/368
f 692/306/310 728/355/359 703/359/363
f 673/329/333 727/357/361 700/360/364
f 674/363/367 702/341/345 721/365/369
f 665/256/260 711/339/343 696/340/344
f 709/366/370 711/339/343 706/326/330
f 707/354/358 727/357/361 653/320/324
f 711/339/343 709/366/370 710/353/357
f 725/325/329 719/349/353 709/366/370
f 709/366/370 706/326/330 725/325/329
f 664/289/293 708/367/371 723/368/372
f 723/368/372 725/325/329 664/289/293
f 725/325/329 651/303/307 664/289/293
f 711/339/343 710/353/357 696/340/344
f 727/357/361 707/354/358 740/369/373
f 712/364/368 714/352/356 694/351/355
f 714/352/356 701/362/366 704/338/342
f 713/370/374 712/364/368 705/358/362
f 669/301/305 714/352/356 704/338/342
f 704/338/342 655/274/278 715/293/297
f 716/350/354 715/293/297 656/273/277
f 715/293/297 669/301/305 704/338/342
f 655/274/278 656/273/277 715/293/297
f 716/350/354 679/307/311 718/300/304
f 657/278/282 718/300/304 679/307/311
f 715/293/297 716/350/354 717/294/298
f 718/300/304 670/280/284 671/279/283
f 717/294/298 671/279/283 681/292/296
f 717/294/298 716/350/354 718/300/304
f 622/324/328 681/292/296 671/279/283
f 738/337/341 688/296/300 693/295/299
f 695/345/349 669/301/305 681/292/296
f 719/349/353 633/316/320 720/317/321
f 719/349/353 723/368/372 702/341/345
f 702/341/345 723/368/372 721/365/369
f 720/317/321 710/353/357 709/366/370
f 720/317/321 709/366/370 719/349/353
f 722/371/375 674/363/367 721/365/369
f 721/365/369 723/368/372 724/372/376
f 721/365/369 724/372/376 722/371/375
f 708/367/371 724/372/376 723/368/372
f 728/355/359 700/360/364 726/373/377
f 722/371/375 729/374/378 736/375/379
f 729/374/378 703/359/363 726/373/377
f 736/375/379 729/374/378 726/373/377
f 728/355/359 726/373/377 703/359/363
f 729/374/378 652/291/295 703/359/363
f 664/289/293 729/374/378 708/367/371
f 698/332/336 667/376/380 648/321/325
f 648/321/325 667/376/380 731/377/381
f 648/321/325 731/377/381 742/361/365
f 698/332/336 697/271/275 713/370/374
f 713/370/374 667/376/380 698/332/336
f 697/271/275 686/270/274 713/370/374
f 713/370/374 686/270/274 701/362/366
f 714/352/356 713/370/374 701/362/366
f 713/370/374 705/358/362 730/356/360
f 731/377/381 730/356/360 738/337/341
f 730/356/360 731/377/381 667/376/380
f 713/370/374 730/356/360 667/376/380
f 712/364/368 713/370/374 714/352/356
f 731/377/381 738/337/341 732/378/382
f 743/319/323 676/322/326 742/361/365
f 684/347/351 733/379/383 735/348/352
f 734/380/384 661/309/313 735/348/352
f 735/348/352 733/379/383 744/381/385
f 735/348/352 744/381/385 734/380/384
f 733/379/383 674/363/367 722/371/375
f 684/347/351 674/363/367 733/379/383
f 674/363/367 684/347/351 632/342/346
f 736/375/379 726/373/377 744/381/385
f 736/375/379 733/379/383 722/371/375
f 737/382/386 661/309/313 734/380/384
f 730/356/360 688/296/300 738/337/341
f 738/337/341 739/383/387 732/378/382
f 741/384/388 739/383/387 738/337/341
f 739/383/387 741/384/388 740/369/373
f 743/319/323 742/361/365 739/383/387
f 739/383/387 742/361/365 732/378/382
f 707/354/358 743/319/323 739/383/387
f 740/369/373 707/354/358 739/383/387
f 741/384/388 737/382/386 740/369/373
f 737/382/386 663/288/292 661/309/313
f 737/382/386 741/384/388 663/288/292
f 663/288/292 741/384/388 685/287/291
f 738/337/341 685/287/291 741/384/388
f 630/310/314 661/309/313 663/288/292
f 663/288/292 629/261/265 630/310/314
f 659/259/263 629/261/265 663/288/292
f 652/291/295 729/374/378 664/289/293
f 631/311/315 691/346/350 735/348/352
f 725/325/329 723/368/372 719/349/353
f 708/367/371 729/374/378 724/372/376
f 722/371/375 724/372/376 729/374/378
f 732/378/382 742/361/365 731/377/381
f 735/348/352 661/309/313 631/311/315
f 733/379/383 736/375/379 744/381/385
f 740/369/373 737/382/386 727/357/361
f 726/373/377 700/360/364 744/381/385
f 734/380/384 700/360/364 727/357/361
f 744/381/385 700/360/364 734/380/384
f 737/382/386 734/380/384 727/357/361
f 752/385/389 751/386/390 750/387/391
f 791/388/392 749/389/393 748/390/394
f 791/388/392 748/390/394 746/391/395
f 769/392/396 768/269/397 767/393/398
f 792/394/399 771/395/400 770/396/401
f 804/397/402 767/393/398 766/398/403
f 805/399/404 840/400/405 816/401/406
f 854/402/407 861/403/408 860/404/409
f 798/405/410 761/406/411 790/407/412
f 780/408/413 840/400/405 805/399/404
f 761/406/411 798/405/410 762/409/414
f 796/410/415 787/411/416 745/412/417
f 791/388/392 750/387/391 749/389/393
f 759/413/418 758/414/419 788/415/420
f 815/416/421 757/417/422 756/418/423
f 747/286/424 746/391/395 748/390/394
f 869/419/425 789/420/426 788/415/420
f 788/415/420 789/420/426 759/413/418
f 782/421/427 831/422/428 774/423/429
f 788/415/420 815/416/421 814/424/430
f 811/425/431 815/416/421 756/418/423
f 772/426/432 771/395/400 792/394/399
f 787/411/416 796/410/415 800/427/433
f 788/415/420 758/414/419 757/417/422
f 819/428/434 746/391/395 812/429/435
f 819/428/434 791/388/392 746/391/395
f 797/430/436 841/431/437 838/432/438
f 760/433/439 759/413/418 789/420/426
f 773/434/440 808/435/441 774/423/429
f 774/423/429 808/435/441 782/421/427
f 776/436/442 799/437/443 793/438/444
f 803/439/445 813/440/446 776/436/442
f 801/441/447 781/442/448 805/399/404
f 843/443/449 750/387/391 791/388/392
f 819/428/434 843/443/449 791/388/392
f 819/428/434 842/444/450 843/443/449
f 790/407/412 761/406/411 760/433/439
f 783/445/451 774/423/429 831/422/428
f 804/397/402 766/398/403 765/446/452
f 767/393/398 804/397/402 769/392/396
f 809/447/453 778/448/454 777/449/455
f 781/442/448 801/441/447 800/427/433
f 745/412/417 812/429/435 746/391/395
f 815/416/421 788/415/420 757/417/422
f 843/443/449 752/385/389 750/387/391
f 773/434/440 792/394/399 808/435/441
f 772/426/432 792/394/399 773/434/440
f 782/421/427 830/450/456 849/451/457
f 803/439/445 776/436/442 775/452/458
f 783/445/451 803/439/445 775/452/458
f 776/436/442 813/440/446 799/437/443
f 784/453/459 793/438/444 799/437/443
f 778/448/454 802/454/460 821/455/461
f 778/448/454 809/447/453 802/454/460
f 779/456/462 794/457/463 785/458/464
f 821/455/461 794/457/463 778/448/454
f 794/457/463 821/455/461 785/458/464
f 780/408/413 805/399/404 781/442/448
f 801/441/447 787/411/416 800/427/433
f 754/459/465 822/460/466 810/461/467
f 780/408/413 838/432/438 840/400/405
f 829/462/468 780/408/413 786/463/469
f 830/450/456 808/435/441 834/464/470
f 765/446/452 820/465/471 804/397/402
f 833/466/472 765/446/452 764/467/473
f 830/450/456 782/421/427 808/435/441
f 784/453/459 777/449/455 793/438/444
f 783/445/451 831/422/428 803/439/445
f 828/468/474 770/396/401 769/392/396
f 812/429/435 745/412/417 819/428/434
f 819/428/434 745/412/417 787/411/416
f 754/459/465 810/461/467 755/469/475
f 756/418/423 810/461/467 811/425/431
f 752/385/389 818/470/476 753/471/477
f 792/394/399 834/464/470 808/435/441
f 826/472/478 845/473/479 764/467/473
f 801/441/447 805/399/404 816/401/406
f 777/449/455 784/453/459 809/447/453
f 817/474/480 822/460/466 754/459/465
f 753/471/477 817/474/480 754/459/465
f 810/461/467 756/418/423 755/469/475
f 818/470/476 752/385/389 841/431/437
f 837/475/481 818/470/476 797/430/436
f 837/475/481 817/474/480 818/470/476
f 798/405/410 807/476/482 762/409/414
f 807/476/482 798/405/410 856/477/483
f 788/415/420 814/424/430 869/419/425
f 833/466/472 820/465/471 765/446/452
f 763/478/484 826/472/478 764/467/473
f 799/437/443 813/440/446 852/479/485
f 818/470/476 817/474/480 753/471/477
f 823/480/486 810/461/467 835/481/487
f 855/482/488 815/416/421 811/425/431
f 787/411/416 842/444/450 819/428/434
f 770/396/401 828/468/474 792/394/399
f 820/465/471 828/468/474 804/397/402
f 769/392/396 804/397/402 828/468/474
f 779/456/462 829/462/468 786/463/469
f 811/425/431 810/461/467 823/480/486
f 811/425/431 823/480/486 855/482/488
f 803/439/445 827/483/489 813/440/446
f 852/479/485 824/484/490 799/437/443
f 784/453/459 824/484/490 806/485/491
f 836/486/492 779/456/462 785/458/464
f 779/456/462 825/487/493 829/462/468
f 835/481/487 810/461/467 822/460/466
f 826/472/478 763/478/484 858/488/494
f 836/486/492 825/487/493 779/456/462
f 817/474/480 835/481/487 822/460/466
f 813/440/446 827/483/489 852/479/485
f 806/485/491 809/447/453 784/453/459
f 799/437/443 824/484/490 784/453/459
f 858/488/494 847/489/495 826/472/478
f 792/394/399 828/468/474 834/464/470
f 832/490/496 830/450/456 834/464/470
f 834/464/470 828/468/474 820/465/471
f 836/486/492 839/491/497 835/481/487
f 847/489/495 848/492/498 866/493/499
f 846/494/500 866/493/499 831/422/428
f 834/464/470 833/466/472 832/490/496
f 849/451/457 832/490/496 845/473/479
f 832/490/496 849/451/457 830/450/456
f 849/451/457 831/422/428 782/421/427
f 846/494/500 831/422/428 849/451/457
f 834/464/470 820/465/471 833/466/472
f 835/481/487 817/474/480 837/475/481
f 838/432/438 829/462/468 797/430/436
f 838/432/438 780/408/413 829/462/468
f 837/475/481 829/462/468 825/487/493
f 797/430/436 829/462/468 837/475/481
f 838/432/438 841/431/437 840/400/405
f 816/401/406 842/444/450 801/441/447
f 787/411/416 801/441/447 842/444/450
f 840/400/405 841/431/437 816/401/406
f 844/495/501 841/431/437 843/443/449
f 844/495/501 842/444/450 816/401/406
f 844/495/501 843/443/449 842/444/450
f 816/401/406 841/431/437 844/495/501
f 752/385/389 843/443/449 841/431/437
f 845/473/479 833/466/472 764/467/473
f 818/470/476 841/431/437 797/430/436
f 869/419/425 865/496/502 789/420/426
f 826/472/478 847/489/495 846/494/500
f 845/473/479 826/472/478 846/494/500
f 833/466/472 845/473/479 832/490/496
f 848/492/498 847/489/495 858/488/494
f 852/479/485 850/497/503 851/498/504
f 847/489/495 866/493/499 846/494/500
f 848/492/498 859/499/505 853/500/506
f 853/500/506 859/499/505 827/483/489
f 859/499/505 850/497/503 827/483/489
f 852/479/485 827/483/489 850/497/503
f 853/500/506 827/483/489 803/439/445
f 831/422/428 866/493/499 853/500/506
f 802/454/460 795/501/507 821/455/461
f 795/501/507 836/486/492 821/455/461
f 854/402/407 795/501/507 802/454/460
f 821/455/461 836/486/492 785/458/464
f 837/475/481 825/487/493 836/486/492
f 835/481/487 855/482/488 823/480/486
f 839/491/497 855/482/488 835/481/487
f 839/491/497 836/486/492 795/501/507
f 855/482/488 795/501/507 854/402/407
f 839/491/497 795/501/507 855/482/488
f 835/481/487 837/475/481 836/486/492
f 852/479/485 851/498/504 824/484/490
f 789/420/426 790/407/412 760/433/439
f 856/477/483 798/405/410 857/502/508
f 856/477/483 868/503/509 859/499/505
f 858/488/494 856/477/483 859/499/505
f 856/477/483 857/502/508 868/503/509
f 807/476/482 856/477/483 858/488/494
f 858/488/494 763/478/484 807/476/482
f 859/499/505 868/503/509 850/497/503
f 864/504/510 870/505/511 857/502/508
f 859/499/505 848/492/498 858/488/494
f 864/504/510 857/502/508 790/407/412
f 814/424/430 815/416/421 855/482/488
f 855/482/488 854/402/407 860/404/409
f 855/482/488 860/404/409 814/424/430
f 862/506/512 806/485/491 863/507/513
f 862/506/512 861/403/408 867/508/514
f 864/504/510 861/403/408 862/506/512
f 862/506/512 863/507/513 864/504/510
f 860/404/409 861/403/408 869/419/425
f 806/485/491 862/506/512 867/508/514
f 802/454/460 867/508/514 861/403/408
f 870/505/511 864/504/510 863/507/513
f 802/454/460 861/403/408 854/402/407
f 861/403/408 864/504/510 865/496/502
f 865/496/502 869/419/425 861/403/408
f 865/496/502 864/504/510 790/407/412
f 790/407/412 789/420/426 865/496/502
f 803/439/445 831/422/428 853/500/506
f 798/405/410 790/407/412 857/502/508
f 849/451/457 845/473/479 846/494/500
f 848/492/498 853/500/506 866/493/499
f 802/454/460 809/447/453 867/508/514
f 867/508/514 809/447/453 806/485/491
f 857/502/508 870/505/511 868/503/509
f 869/419/425 814/424/430 860/404/409
f 850/497/503 868/503/509 851/498/504
f 870/505/511 824/484/490 851/498/504
f 863/507/513 806/485/491 824/484/490
f 868/503/509 870/505/511 851/498/504
f 863/507/513 824/484/490 870/505/511
f 981/509/515 1035/510/516 982/511/517
f 983/512/518 985/513/519 984/514/520
f 987/515/521 986/516/522 988/517/523
f 997/518/524 999/519/525 998/520/526
f 1060/521/527 1061/522/528 1084/523/529
f 1084/523/529 1073/524/530 1060/521/527
f 1096/525/531 1045/526/532 1046/527/533
f 1074/528/534 1075/529/535 1116/530/536
f 1055/531/537 1056/532/538 1087/533/539
f 1087/533/539 1054/534/540 1055/531/537
f 1088/535/541 1087/533/539 1085/536/542
f 1086/537/543 1049/538/544 1099/539/545
f 1087/533/539 1056/532/538 1085/536/542
f 1058/540/546 1056/532/538 1057/541/547
f 1072/542/548 1037/543/549 1152/544/550
f 1072/542/548 1152/544/550 1081/545/551
f 1058/540/546 1085/536/542 1056/532/538
f 1089/546/552 1096/525/531 1046/527/533
f 1041/547/553 1098/548/554 1040/549/555
f 1044/550/556 1124/551/557 1043/552/558
f 1125/553/559 1097/554/560 1043/552/558
f 1085/536/542 1140/555/561 1088/535/541
f 1038/556/562 1039/557/563 1090/558/564
f 1082/559/565 1111/560/566 1091/561/567
f 1081/545/551 1071/562/568 1072/542/548
f 1058/540/546 1059/563/569 1085/536/542
f 1088/535/541 1054/534/540 1087/533/539
f 1075/529/535 1074/528/534 1063/564/570
f 1077/565/571 1064/566/572 1114/567/573
f 1078/568/574 1065/569/575 1066/570/576
f 1067/571/577 1078/568/574 1066/570/576
f 1108/572/578 1113/573/579 1151/574/580
f 1104/575/581 1037/543/549 1038/556/562
f 1040/549/555 1090/558/564 1039/557/563
f 1084/523/529 1062/576/582 1073/524/530
f 1047/577/583 1089/546/552 1046/527/533
f 1116/530/536 1082/559/565 1095/578/584
f 1064/566/572 1077/565/571 1076/579/585
f 1069/580/586 1080/581/587 1093/582/588
f 1098/548/554 1090/558/564 1040/549/555
f 1049/538/544 1110/583/589 1099/539/545
f 1049/538/544 1050/584/590 1110/583/589
f 1051/585/591 1106/586/592 1118/587/593
f 1081/545/551 1070/588/594 1071/562/568
f 1100/589/595 1044/550/556 1045/526/532
f 1107/590/596 1096/525/531 1089/546/552
f 1054/534/540 1091/561/567 1111/560/566
f 1053/591/597 1054/534/540 1111/560/566
f 1059/563/569 1140/555/561 1085/536/542
f 1065/569/575 1114/567/573 1064/566/572
f 1060/521/527 1073/524/530 1140/555/561
f 1092/592/598 1101/593/599 1079/594/600
f 1109/595/601 1092/592/598 1079/594/600
f 1092/592/598 1068/596/602 1101/593/599
f 1067/571/577 1092/592/598 1109/595/601
f 1093/582/588 1068/596/602 1069/580/586
f 1070/588/594 1080/581/587 1069/580/586
f 1112/597/603 1093/582/588 1080/581/587
f 1090/558/564 1104/575/581 1038/556/562
f 1095/578/584 1073/524/530 1062/576/582
f 1062/576/582 1074/528/534 1116/530/536
f 1141/598/604 1063/564/570 1076/579/585
f 1105/599/605 1111/560/566 1117/600/606
f 1096/525/531 1100/589/595 1045/526/532
f 1054/534/540 1088/535/541 1091/561/567
f 1076/579/585 1077/565/571 1120/601/607
f 1070/588/594 1103/602/608 1080/581/587
f 1098/548/554 1041/547/553 1108/572/578
f 1081/545/551 1103/602/608 1070/588/594
f 1037/543/549 1104/575/581 1152/544/550
f 1098/548/554 1104/575/581 1090/558/564
f 1078/568/574 1067/571/577 1109/595/601
f 1131/603/609 1099/539/545 1110/583/589
f 1116/530/536 1095/578/584 1062/576/582
f 1140/555/561 1073/524/530 1095/578/584
f 1063/564/570 1141/598/604 1075/529/535
f 1120/601/607 1141/598/604 1076/579/585
f 1105/599/605 1053/591/597 1111/560/566
f 1140/555/561 1091/561/567 1088/535/541
f 1103/602/608 1102/604/610 1080/581/587
f 1098/548/554 1108/572/578 1104/575/581
f 1121/605/611 1110/583/589 1051/585/591
f 1051/585/591 1052/606/612 1106/586/592
f 1105/599/605 1052/606/612 1053/591/597
f 1096/525/531 1107/590/596 1100/589/595
f 1142/607/613 1111/560/566 1082/559/565
f 1042/608/614 1043/552/558 1144/609/615
f 1042/608/614 1113/573/579 1041/547/553
f 1110/583/589 1050/584/590 1051/585/591
f 1116/530/536 1075/529/535 1082/559/565
f 1144/609/615 1113/573/579 1042/608/614
f 1151/574/580 1113/573/579 1144/609/615
f 1052/606/612 1105/599/605 1106/586/592
f 1139/610/616 1120/601/607 1077/565/571
f 1107/590/596 1123/611/617 1100/589/595
f 1117/600/606 1111/560/566 1142/607/613
f 1144/609/615 1043/552/558 1097/554/560
f 1041/547/553 1113/573/579 1108/572/578
f 1136/612/618 1114/567/573 1065/569/575
f 1078/568/574 1109/595/601 1126/613/619
f 1079/594/600 1115/614/620 1109/595/601
f 1079/594/600 1101/593/599 1115/614/620
f 1101/593/599 1119/615/621 1115/614/620
f 1115/614/620 1119/615/621 1154/616/622
f 1121/605/611 1051/585/591 1118/587/593
f 1044/550/556 1100/589/595 1124/551/557
f 1117/600/606 1122/617/623 1105/599/605
f 1122/617/623 1106/586/592 1105/599/605
f 1118/587/593 1106/586/592 1122/617/623
f 1114/567/573 1138/618/624 1077/565/571
f 1138/618/624 1139/610/616 1077/565/571
f 1078/568/574 1126/613/619 1065/569/575
f 1101/593/599 1068/596/602 1119/615/621
f 1093/582/588 1112/597/603 1150/619/625
f 1093/582/588 1150/619/625 1068/596/602
f 1150/619/625 1119/615/621 1068/596/602
f 1112/597/603 1148/620/626 1150/619/625
f 1150/619/625 1148/620/626 1143/621/627
f 1121/605/611 1118/587/593 1137/622/628
f 1136/612/618 1065/569/575 1126/613/619
f 1137/622/628 1114/567/573 1136/612/618
f 1124/551/557 1125/553/559 1043/552/558
f 1121/605/611 1137/622/628 1135/623/629
f 1122/617/623 1139/610/616 1118/587/593
f 1115/614/620 1132/624/630 1109/595/601
f 1153/625/631 1126/613/619 1109/595/601
f 1124/551/557 1100/589/595 1123/611/617
f 1109/595/601 1132/624/630 1153/625/631
f 1126/613/619 1133/626/632 1136/612/618
f 1118/587/593 1139/610/616 1138/618/624
f 1133/626/632 1126/613/619 1153/625/631
f 1107/590/596 1089/546/552 1127/627/633
f 1089/546/552 1047/577/583 1127/627/633
f 1130/628/634 1123/611/617 1107/590/596
f 1129/629/635 1127/627/633 1083/630/636
f 1129/629/635 1083/630/636 1086/537/543
f 1047/577/583 1083/630/636 1127/627/633
f 1048/631/637 1083/630/636 1047/577/583
f 1130/628/634 1143/621/627 1123/611/617
f 1133/626/632 1129/629/635 1131/603/609
f 1115/614/620 1154/616/622 1132/624/630
f 1132/624/630 1154/616/622 1130/628/634
f 1107/590/596 1127/627/633 1128/632/638
f 1134/633/639 1133/626/632 1131/603/609
f 1132/624/630 1130/628/634 1128/632/638
f 1086/537/543 1131/603/609 1129/629/635
f 1099/539/545 1131/603/609 1086/537/543
f 1136/612/618 1134/633/639 1135/623/629
f 1136/612/618 1133/626/632 1134/633/639
f 1135/623/629 1137/622/628 1136/612/618
f 1131/603/609 1135/623/629 1134/633/639
f 1114/567/573 1137/622/628 1118/587/593
f 1135/623/629 1131/603/609 1110/583/589
f 1114/567/573 1118/587/593 1138/618/624
f 1121/605/611 1135/623/629 1110/583/589
f 1083/630/636 1048/631/637 1086/537/543
f 1060/521/527 1140/555/561 1059/563/569
f 1091/561/567 1095/578/584 1082/559/565
f 1091/561/567 1140/555/561 1095/578/584
f 1142/607/613 1082/559/565 1075/529/535
f 1142/607/613 1075/529/535 1141/598/604
f 1122/617/623 1142/607/613 1141/598/604
f 1122/617/623 1120/601/607 1139/610/616
f 1122/617/623 1141/598/604 1120/601/607
f 1122/617/623 1117/600/606 1142/607/613
f 1080/581/587 1145/634/640 1146/635/641
f 1080/581/587 1102/604/610 1145/634/640
f 1146/635/641 1112/597/603 1080/581/587
f 1112/597/603 1146/635/641 1147/636/642
f 1094/637/643 1097/554/560 1125/553/559
f 1145/634/640 1144/609/615 1094/637/643
f 1147/636/642 1124/551/557 1149/638/644
f 1124/551/557 1147/636/642 1125/553/559
f 1149/638/644 1124/551/557 1143/621/627
f 1094/637/643 1144/609/615 1097/554/560
f 1146/635/641 1145/634/640 1094/637/643
f 1147/636/642 1146/635/641 1094/637/643
f 1148/620/626 1112/597/603 1147/636/642
f 1143/621/627 1148/620/626 1147/636/642
f 1143/621/627 1147/636/642 1149/638/644
f 1154/616/622 1143/621/627 1130/628/634
f 1151/574/580 1145/634/640 1102/604/610
f 1151/574/580 1103/602/608 1152/544/550
f 1151/574/580 1152/544/550 1108/572/578
f 1104/575/581 1108/572/578 1152/544/550
f 1145/634/640 1151/574/580 1144/609/615
f 1103/602/608 1151/574/580 1102/604/610
f 1081/545/551 1152/544/550 1103/602/608
f 1128/632/638 1127/627/633 1129/629/635
f 1129/629/635 1155/639/645 1128/632/638
f 1155/639/645 1129/629/635 1133/626/632
f 1128/632/638 1130/628/634 1107/590/596
f 1154/616/622 1150/619/625 1143/621/627
f 1155/639/645 1132/624/630 1128/632/638
f 1155/639/645 1153/625/631 1132/624/630
f 1155/639/645 1133/626/632 1153/625/631
f 1143/621/627 1124/551/557 1123/611/617
f 1150/619/625 1154/616/622 1119/615/621
f 1147/636/642 1094/637/643 1125/553/559
f 1211/640/646 1167/641/647 1166/642/648
f 1196/643/649 1221/644/650 1186/645/651
f 1182/646/652 1207/647/653 1183/648/654
f 1207/647/653 1182/646/652 1195/649/655
f 1177/650/656 1209/651/657 1178/652/658
f 1209/651/657 1177/650/656 1176/653/659
f 1210/654/660 1208/655/661 1209/651/657
f 1171/656/662 1262/657/663 1172/658/664
f 1209/651/657 1208/655/661 1178/652/658
f 1180/659/665 1179/660/666 1178/652/658
f 1205/661/667 1213/662/668 1194/663/669
f 1180/659/665 1178/652/658 1208/655/661
f 1170/664/670 1169/665/671 1223/666/672
f 1169/665/671 1168/667/673 1223/666/672
f 1211/640/646 1223/666/672 1168/667/673
f 1168/667/673 1167/641/647 1211/640/646
f 1213/662/668 1157/668/674 1156/669/675
f 1165/670/676 1164/671/677 1238/672/678
f 1218/673/679 1164/671/677 1269/674/680
f 1208/655/661 1210/654/660 1263/675/681
f 1189/676/682 1199/677/683 1217/678/684
f 1159/679/685 1158/680/686 1160/681/687
f 1206/682/688 1215/683/689 1234/684/690
f 1205/661/667 1194/663/669 1193/685/691
f 1180/659/665 1208/655/661 1181/686/692
f 1210/654/660 1209/651/657 1176/653/659
f 1198/687/693 1239/688/694 1187/689/695
f 1191/690/696 1202/691/697 1203/692/698
f 1222/693/699 1161/694/700 1160/681/687
f 1160/681/687 1158/680/686 1222/693/699
f 1200/695/701 1217/678/684 1232/696/702
f 1207/647/653 1264/697/703 1184/698/704
f 1241/699/705 1220/700/706 1206/682/688
f 1187/689/695 1186/645/651 1245/701/707
f 1224/702/708 1202/691/697 1190/703/709
f 1191/690/696 1203/692/698 1204/704/710
f 1172/658/664 1262/657/663 1233/705/711
f 1172/658/664 1233/705/711 1173/706/712
f 1264/697/703 1207/647/653 1195/649/655
f 1220/700/706 1185/707/713 1264/697/703
f 1174/708/714 1252/709/715 1229/710/716
f 1205/661/667 1193/685/691 1192/711/717
f 1230/712/718 1166/642/648 1165/670/676
f 1176/653/659 1234/684/690 1215/683/689
f 1175/713/719 1234/684/690 1176/653/659
f 1181/686/692 1208/655/661 1264/697/703
f 1184/698/704 1264/697/703 1185/707/713
f 1197/714/720 1186/645/651 1221/644/650
f 1197/714/720 1245/701/707 1186/645/651
f 1188/715/721 1187/689/695 1239/688/694
f 1199/677/683 1189/676/682 1188/715/721
f 1181/686/692 1264/697/703 1182/646/652
f 1195/649/655 1182/646/652 1264/697/703
f 1190/703/709 1201/716/722 1224/702/708
f 1201/716/722 1190/703/709 1216/717/723
f 1217/678/684 1200/695/701 1216/717/723
f 1201/716/722 1216/717/723 1200/695/701
f 1199/677/683 1232/696/702 1217/678/684
f 1192/711/717 1191/690/696 1225/718/724
f 1236/719/725 1204/704/710 1203/692/698
f 1156/669/675 1194/663/669 1213/662/668
f 1237/720/726 1233/705/711 1260/721/727
f 1260/721/727 1233/705/711 1262/657/663
f 1185/707/713 1241/699/705 1196/643/649
f 1228/722/728 1235/723/729 1234/684/690
f 1230/712/718 1251/724/730 1211/640/646
f 1230/712/718 1211/640/646 1166/642/648
f 1176/653/659 1215/683/689 1210/654/660
f 1264/697/703 1208/655/661 1263/675/681
f 1191/690/696 1204/704/710 1225/718/724
f 1192/711/717 1225/718/724 1227/725/731
f 1205/661/667 1192/711/717 1227/725/731
f 1157/668/674 1213/662/668 1231/726/732
f 1231/726/732 1213/662/668 1274/727/733
f 1222/693/699 1226/728/734 1161/694/700
f 1231/726/732 1222/693/699 1158/680/686
f 1220/700/706 1241/699/705 1185/707/713
f 1221/644/650 1196/643/649 1241/699/705
f 1228/722/728 1234/684/690 1175/713/719
f 1263/675/681 1210/654/660 1215/683/689
f 1198/687/693 1187/689/695 1245/701/707
f 1219/729/735 1163/730/736 1162/731/737
f 1226/728/734 1231/726/732 1219/729/735
f 1231/726/732 1274/727/733 1219/729/735
f 1226/728/734 1222/693/699 1231/726/732
f 1237/720/726 1174/708/714 1233/705/711
f 1199/677/683 1188/715/721 1247/732/738
f 1266/733/739 1206/682/688 1234/684/690
f 1163/730/736 1269/674/680 1164/671/677
f 1226/728/734 1162/731/737 1161/694/700
f 1162/731/737 1226/728/734 1219/729/735
f 1157/668/674 1231/726/732 1158/680/686
f 1239/688/694 1247/732/738 1188/715/721
f 1240/734/740 1200/695/701 1232/696/702
f 1233/705/711 1174/708/714 1173/706/712
f 1241/699/705 1206/682/688 1221/644/650
f 1228/722/728 1229/710/716 1235/723/729
f 1164/671/677 1218/673/679 1238/672/678
f 1165/670/676 1238/672/678 1230/712/718
f 1219/729/735 1273/735/741 1163/730/736
f 1174/708/714 1229/710/716 1228/722/728
f 1251/724/730 1230/712/718 1214/736/742
f 1235/723/729 1266/733/739 1234/684/690
f 1265/737/743 1266/733/739 1235/723/729
f 1268/738/744 1247/732/738 1239/688/694
f 1199/677/683 1249/739/745 1232/696/702
f 1200/695/701 1240/734/740 1201/716/722
f 1201/716/722 1240/734/740 1243/740/746
f 1243/740/746 1224/702/708 1201/716/722
f 1265/737/743 1235/723/729 1229/710/716
f 1225/718/724 1212/741/747 1227/725/731
f 1174/708/714 1237/720/726 1252/709/715
f 1199/677/683 1247/732/738 1249/739/745
f 1202/691/697 1224/702/708 1244/742/748
f 1203/692/698 1202/691/697 1246/743/749
f 1246/743/749 1202/691/697 1244/742/748
f 1203/692/698 1246/743/749 1272/744/750
f 1277/745/751 1246/743/749 1244/742/748
f 1224/702/708 1278/746/752 1244/742/748
f 1244/742/748 1278/746/752 1277/745/751
f 1249/739/745 1247/732/738 1253/747/753
f 1223/666/672 1275/748/754 1250/749/755
f 1255/750/756 1232/696/702 1249/739/745
f 1242/751/757 1251/724/730 1214/736/742
f 1248/752/758 1237/720/726 1259/753/759
f 1251/724/730 1223/666/672 1211/640/646
f 1275/748/754 1254/754/760 1250/749/755
f 1238/672/678 1214/736/742 1230/712/718
f 1240/734/740 1232/696/702 1243/740/746
f 1170/664/670 1223/666/672 1250/749/755
f 1229/710/716 1252/709/715 1265/737/743
f 1243/740/746 1232/696/702 1255/750/756
f 1257/755/761 1256/756/762 1254/754/760
f 1243/740/746 1278/746/752 1224/702/708
f 1259/753/759 1256/756/762 1258/757/763
f 1242/751/757 1214/736/742 1277/745/751
f 1243/740/746 1255/750/756 1276/758/764
f 1243/740/746 1276/758/764 1278/746/752
f 1262/657/663 1254/754/760 1256/756/762
f 1258/757/763 1256/756/762 1253/747/753
f 1247/732/738 1258/757/763 1253/747/753
f 1259/753/759 1258/757/763 1247/732/738
f 1247/732/738 1268/738/744 1259/753/759
f 1268/738/744 1248/752/758 1259/753/759
f 1256/756/762 1259/753/759 1261/759/765
f 1261/759/765 1259/753/759 1260/721/727
f 1252/709/715 1248/752/758 1198/687/693
f 1252/709/715 1198/687/693 1245/701/707
f 1198/687/693 1248/752/758 1239/688/694
f 1239/688/694 1248/752/758 1268/738/744
f 1237/720/726 1260/721/727 1259/753/759
f 1260/721/727 1262/657/663 1261/759/765
f 1262/657/663 1171/656/662 1254/754/760
f 1261/759/765 1262/657/663 1256/756/762
f 1215/683/689 1206/682/688 1220/700/706
f 1215/683/689 1220/700/706 1263/675/681
f 1264/697/703 1263/675/681 1220/700/706
f 1266/733/739 1221/644/650 1206/682/688
f 1266/733/739 1265/737/743 1221/644/650
f 1197/714/720 1265/737/743 1245/701/707
f 1265/737/743 1252/709/715 1245/701/707
f 1271/760/766 1204/704/710 1236/719/725
f 1225/718/724 1204/704/710 1212/741/747
f 1238/672/678 1218/673/679 1267/761/767
f 1269/674/680 1163/730/736 1273/735/741
f 1269/674/680 1270/762/768 1218/673/679
f 1270/762/768 1269/674/680 1273/735/741
f 1212/741/747 1204/704/710 1271/760/766
f 1218/673/679 1270/762/768 1267/761/767
f 1212/741/747 1270/762/768 1273/735/741
f 1270/762/768 1271/760/766 1267/761/767
f 1271/760/766 1272/744/750 1267/761/767
f 1236/719/725 1203/692/698 1272/744/750
f 1270/762/768 1212/741/747 1271/760/766
f 1272/744/750 1271/760/766 1236/719/725
f 1246/743/749 1267/761/767 1272/744/750
f 1246/743/749 1238/672/678 1267/761/767
f 1214/736/742 1238/672/678 1246/743/749
f 1273/735/741 1219/729/735 1274/727/733
f 1273/735/741 1227/725/731 1212/741/747
f 1274/727/733 1227/725/731 1273/735/741
f 1274/727/733 1213/662/668 1227/725/731
f 1205/661/667 1227/725/731 1213/662/668
f 1223/666/672 1251/724/730 1275/748/754
f 1254/754/760 1275/748/754 1257/755/761
f 1276/758/764 1255/750/756 1275/748/754
f 1257/755/761 1275/748/754 1255/750/756
f 1251/724/730 1242/751/757 1277/745/751
f 1277/745/751 1275/748/754 1251/724/730
f 1275/748/754 1278/746/752 1276/758/764
f 1277/745/751 1278/746/752 1275/748/754
f 1246/743/749 1277/745/751 1214/736/742
f 1257/755/761 1253/747/753 1256/756/762
f 1252/709/715 1237/720/726 1248/752/758
f 1255/750/756 1249/739/745 1257/755/761
f 1249/739/745 1253/747/753 1257/755/761
f 1170/664/670 1250/749/755 1171/656/662
f 1254/754/760 1171/656/662 1250/749/755
f 1221/644/650 1265/737/743 1197/714/720
f 1444/763/769 1447/764/770 1292/765/771
f 1364/766/772 1363/767/773 1441/768/774
f 1411/769/775 1410/770/776 1412/771/777
f 1422/772/778 1446/773/779 1423/774/780
f 1622/775/781 1483/776/782 1484/777/783
f 1628/778/784 1622/775/781 1485/779/785
f 1457/780/786 1525/781/787 1456/782/788
f 1458/783/789 1520/784/790 1529/785/791
f 1561/786/792 1452/787/793 1454/788/794
f 1521/789/795 1551/790/796 1524/791/797
f 1532/792/798 1471/793/799 1472/794/800
f 1487/795/801 1585/796/802 1680/797/803
f 1517/798/804 1626/799/805 1489/800/806
f 1479/801/807 1480/802/808 1565/803/809
f 1521/789/795 1524/791/797 1508/804/810
f 1507/805/811 1508/804/810 1524/791/797
f 1538/806/812 1522/807/813 1533/808/814
f 1609/809/815 1529/785/791 1520/784/790
f 1531/810/816 1474/811/817 1475/812/818
f 1498/813/819 1557/814/820 1497/815/821
f 1473/816/822 1474/811/817 1534/817/823
f 1533/808/814 1528/818/824 1554/819/825
f 1470/820/826 1471/793/799 1569/821/827
f 1466/822/828 1467/823/829 1566/824/830
f 1531/810/816 1475/812/818 1476/825/831
f 1462/826/832 1568/827/833 1553/828/834
f 1523/829/835 1476/825/831 1478/830/836
f 1478/830/836 1476/825/831 1477/831/837
f 1594/832/838 1494/833/839 1495/834/840
f 1519/835/841 1495/834/840 1496/836/842
f 1496/836/842 1557/814/820 1519/835/841
f 1557/814/820 1496/836/842 1497/815/821
f 1557/814/820 1498/813/819 1541/837/843
f 1529/785/791 1525/781/787 1457/780/786
f 1458/783/789 1522/807/813 1520/784/790
f 1457/780/786 1458/783/789 1529/785/791
f 1468/838/844 1467/823/829 1527/839/845
f 1452/787/793 1453/840/846 1454/788/794
f 1533/808/814 1554/819/825 1706/841/847
f 1506/842/848 1507/805/811 1505/843/849
f 1509/844/850 1521/789/795 1508/804/810
f 1576/845/851 1454/788/794 1455/846/852
f 1535/847/853 1472/794/800 1534/817/823
f 1534/817/823 1472/794/800 1473/816/822
f 1534/817/823 1531/810/816 1530/848/854
f 1574/849/855 1524/791/797 1551/790/796
f 1571/850/856 1494/833/839 1518/851/857
f 1587/852/858 1606/853/859 1558/854/860
f 1568/827/833 1463/855/861 1464/856/862
f 1604/857/863 1523/829/835 1478/830/836
f 1569/821/827 1593/858/864 1470/820/826
f 1520/784/790 1522/807/813 1538/806/812
f 1569/821/827 1532/792/798 1537/859/865
f 1472/794/800 1535/847/853 1532/792/798
f 1537/859/865 1532/792/798 1535/847/853
f 1531/810/816 1526/860/866 1562/861/867
f 1474/811/817 1531/810/816 1534/817/823
f 1491/862/868 1492/863/869 1586/864/870
f 1493/865/871 1571/850/856 1492/863/869
f 1493/865/871 1494/833/839 1571/850/856
f 1630/866/872 1631/867/873 1600/868/874
f 1510/869/875 1521/789/795 1509/844/850
f 1568/827/833 1462/826/832 1463/855/861
f 1536/870/876 1450/871/877 1451/872/878
f 1449/873/879 1450/871/877 1536/870/876
f 1604/857/863 1478/830/836 1479/801/807
f 1469/874/880 1593/858/864 1580/875/881
f 1562/861/867 1526/860/866 1614/876/882
f 1537/859/865 1535/847/853 1547/877/883
f 1624/878/884 1627/879/885 1625/880/886
f 1571/850/856 1586/864/870 1492/863/869
f 1557/814/820 1558/854/860 1519/835/841
f 1505/843/849 1507/805/811 1559/881/887
f 1573/882/888 1521/789/795 1510/869/875
f 1479/801/807 1552/883/889 1604/857/863
f 1561/786/792 1575/884/890 1451/872/878
f 1462/826/832 1553/828/834 1461/885/891
f 1566/824/830 1468/838/844 1567/886/892
f 1469/874/880 1567/886/892 1468/838/844
f 1567/886/892 1469/874/880 1580/875/881
f 1566/824/830 1467/823/829 1468/838/844
f 1618/887/893 1538/806/812 1617/888/894
f 1618/887/893 1520/784/790 1538/806/812
f 1520/784/790 1618/887/893 1609/809/815
f 1531/810/816 1476/825/831 1526/860/866
f 1539/889/895 1483/776/782 1622/775/781
f 1484/777/783 1485/779/785 1622/775/781
f 1586/864/870 1490/890/896 1491/862/868
f 1601/891/897 1594/832/838 1495/834/840
f 1494/833/839 1594/832/838 1518/851/857
f 1498/813/819 1499/892/898 1541/837/843
f 1558/854/860 1557/814/820 1541/837/843
f 1548/893/899 1465/894/900 1466/822/828
f 1619/895/901 1595/896/902 1504/897/903
f 1560/898/904 1511/899/905 1512/900/906
f 1568/827/833 1464/856/862 1465/894/900
f 1515/901/907 1516/902/908 1545/903/909
f 1448/904/910 1545/903/909 1516/902/908
f 1461/885/891 1546/905/911 1460/906/912
f 1615/907/913 1528/818/824 1459/908/914
f 1530/848/854 1547/877/883 1534/817/823
f 1534/817/823 1547/877/883 1535/847/853
f 1547/877/883 1530/848/854 1584/909/915
f 1581/910/916 1485/779/785 1486/911/917
f 1787/912/918 1571/850/856 1518/851/857
f 1541/837/843 1499/892/898 1582/913/919
f 1619/895/901 1504/897/903 1559/881/887
f 1560/898/904 1510/869/875 1511/899/905
f 1510/869/875 1560/898/904 1573/882/888
f 1552/883/889 1479/801/807 1565/803/809
f 1565/803/809 1480/802/808 1570/914/920
f 1568/827/833 1465/894/900 1548/893/899
f 1536/870/876 1451/872/878 1575/884/890
f 1612/915/921 1537/859/865 1547/877/883
f 1614/876/882 1711/916/922 1562/861/867
f 1562/861/867 1530/848/854 1531/810/816
f 1603/917/923 1482/918/924 1556/919/925
f 1487/795/801 1488/920/926 1585/796/802
f 1582/913/919 1499/892/898 1572/921/927
f 1466/822/828 1566/824/830 1548/893/899
f 1548/893/899 1566/824/830 1588/922/928
f 1599/923/929 1504/897/903 1595/896/902
f 1559/881/887 1507/805/811 1619/895/901
f 1560/898/904 1512/900/906 1564/924/930
f 1564/924/930 1549/925/931 1560/898/904
f 1573/882/888 1560/898/904 1549/925/931
f 1549/925/931 1542/926/932 1573/882/888
f 1512/900/906 1513/927/933 1564/924/930
f 1513/927/933 1514/928/934 1544/929/935
f 1573/882/888 1551/790/796 1521/789/795
f 1575/884/890 1592/930/936 1536/870/876
f 1592/930/936 1449/873/879 1536/870/876
f 1532/792/798 1569/821/827 1471/793/799
f 1577/931/937 1584/909/915 1685/932/938
f 1539/889/895 1556/919/925 1483/776/782
f 1481/933/939 1570/914/920 1480/802/808
f 1499/892/898 1500/934/940 1572/921/927
f 1572/921/927 1500/934/940 1501/935/941
f 1587/852/858 1558/854/860 1541/837/843
f 1504/897/903 1599/923/929 1770/936/942
f 1513/927/933 1550/937/943 1578/938/944
f 1578/938/944 1549/925/931 1564/924/930
f 1550/937/943 1513/927/933 1544/929/935
f 1590/939/945 1552/883/889 1598/940/946
f 1588/922/928 1568/827/833 1548/893/899
f 1592/930/936 1575/884/890 1591/941/947
f 1544/929/935 1514/928/934 1637/942/948
f 1449/873/879 1592/930/936 1448/904/910
f 1547/877/883 1577/931/937 1612/915/921
f 1476/825/831 1523/829/835 1526/860/866
f 1584/909/915 1562/861/867 1711/916/922
f 1487/795/801 1680/797/803 1486/911/917
f 1489/800/806 1626/799/805 1488/920/926
f 1481/933/939 1563/943/949 1570/914/920
f 1641/944/950 1586/864/870 1571/850/856
f 1501/935/941 1502/945/951 1597/946/952
f 1503/947/953 1504/897/903 1770/936/942
f 1652/948/954 1619/895/901 1507/805/811
f 1578/938/944 1564/924/930 1513/927/933
f 1685/932/938 1584/909/915 1583/949/955
f 1570/914/920 1598/940/946 1565/803/809
f 1639/950/956 1448/904/910 1592/930/936
f 1576/845/851 1561/786/792 1454/788/794
f 1711/916/922 1583/949/955 1584/909/915
f 1530/848/854 1562/861/867 1584/909/915
f 1517/798/804 1490/890/896 1625/880/886
f 1490/890/896 1586/864/870 1623/951/957
f 1608/952/958 1587/852/858 1582/913/919
f 1503/947/953 1770/936/942 1502/945/951
f 1595/896/902 1619/895/901 1652/948/954
f 1552/883/889 1590/939/945 1604/857/863
f 1598/940/946 1552/883/889 1565/803/809
f 1588/922/928 1553/828/834 1568/827/833
f 1591/941/947 1575/884/890 1576/845/851
f 1539/889/895 1603/917/923 1556/919/925
f 1581/910/916 1486/911/917 1680/797/803
f 1582/913/919 1587/852/858 1541/837/843
f 1542/926/932 1551/790/796 1573/882/888
f 1551/790/796 1542/926/932 1579/953/959
f 1616/954/960 1604/857/863 1590/939/945
f 1589/955/961 1590/939/945 1598/940/946
f 1592/930/936 1591/941/947 1639/950/956
f 1690/956/962 1580/875/881 1593/858/864
f 1581/910/916 1628/778/784 1485/779/785
f 1481/933/939 1482/918/924 1563/943/949
f 1549/925/931 1543/957/963 1647/958/964
f 1578/938/944 1543/957/963 1549/925/931
f 1643/959/965 1570/914/920 1563/943/949
f 1603/917/923 1692/960/966 1482/918/924
f 1741/961/967 1770/936/942 1599/923/929
f 1598/940/946 1673/962/968 1589/955/961
f 1594/832/838 1605/963/969 1518/851/857
f 1579/953/959 1542/926/932 1602/964/970
f 1628/778/784 1648/965/971 1622/775/781
f 1540/966/972 1518/851/857 1605/963/969
f 1549/925/931 1647/958/964 1602/964/970
f 1602/964/970 1695/967/973 1664/968/974
f 1602/964/970 1542/926/932 1549/925/931
f 1594/832/838 1601/891/897 1605/963/969
f 1601/891/897 1519/835/841 1607/969/975
f 1745/970/976 1692/960/966 1603/917/923
f 1606/853/859 1607/969/975 1519/835/841
f 1634/971/977 1605/963/969 1633/972/978
f 1605/963/969 1601/891/897 1607/969/975
f 1605/963/969 1607/969/975 1633/972/978
f 1606/853/859 1587/852/858 1632/973/979
f 1607/969/975 1606/853/859 1632/973/979
f 1587/852/858 1608/952/958 1632/973/979
f 1529/785/791 1611/974/980 1525/781/787
f 1609/809/815 1611/974/980 1529/785/791
f 1649/975/981 1525/781/787 1611/974/980
f 1609/809/815 1610/976/982 1611/974/980
f 1576/845/851 1455/846/852 1649/975/981
f 1649/975/981 1456/782/788 1525/781/787
f 1455/846/852 1456/782/788 1649/975/981
f 1569/821/827 1612/915/921 1613/977/983
f 1612/915/921 1569/821/827 1537/859/865
f 1574/849/855 1652/948/954 1524/791/797
f 1460/906/912 1546/905/911 1459/908/914
f 1615/907/913 1459/908/914 1546/905/911
f 1461/885/891 1553/828/834 1546/905/911
f 1729/978/984 1615/907/913 1546/905/911
f 1672/979/985 1616/954/960 1590/939/945
f 1589/955/961 1672/979/985 1590/939/945
f 1519/835/841 1601/891/897 1495/834/840
f 1613/977/983 1687/980/986 1689/981/987
f 1555/982/988 1618/887/893 1617/888/894
f 1555/982/988 1676/983/989 1618/887/893
f 1523/829/835 1620/984/990 1526/860/866
f 1523/829/835 1604/857/863 1620/984/990
f 1616/954/960 1620/984/990 1604/857/863
f 1577/931/937 1547/877/883 1584/909/915
f 1621/985/991 1539/889/895 1622/775/781
f 1490/890/896 1623/951/957 1624/878/884
f 1625/880/886 1627/879/885 1677/986/992
f 1517/798/804 1625/880/886 1626/799/805
f 1678/987/993 1625/880/886 1677/986/992
f 1640/988/994 1624/878/884 1623/951/957
f 1490/890/896 1624/878/884 1625/880/886
f 1488/920/926 1626/799/805 1585/796/802
f 1627/879/885 1624/878/884 1640/988/994
f 1585/796/802 1626/799/805 1707/989/995
f 1680/797/803 1585/796/802 1707/989/995
f 1681/990/996 1628/778/784 1581/910/916
f 1586/864/870 1679/991/997 1640/988/994
f 1680/797/803 1681/990/996 1581/910/916
f 1629/992/998 1628/778/784 1681/990/996
f 1629/992/998 1648/965/971 1628/778/784
f 1621/985/991 1603/917/923 1539/889/895
f 1597/946/952 1502/945/951 1630/866/872
f 1630/866/872 1600/868/874 1597/946/952
f 1631/867/873 1630/866/872 1502/945/951
f 1502/945/951 1770/936/942 1631/867/873
f 1635/993/999 1597/946/952 1600/868/874
f 1576/845/851 1575/884/890 1561/786/792
f 1787/912/918 1765/994/1000 1571/850/856
f 1572/921/927 1501/935/941 1608/952/958
f 1632/973/979 1608/952/958 1635/993/999
f 1501/935/941 1597/946/952 1608/952/958
f 1607/969/975 1632/973/979 1633/972/978
f 1632/973/979 1636/995/1001 1633/972/978
f 1634/971/977 1762/996/1002 1763/997/1003
f 1540/966/972 1634/971/977 1763/997/1003
f 1572/921/927 1608/952/958 1582/913/919
f 1636/995/1001 1632/973/979 1635/993/999
f 1633/972/978 1762/996/1002 1634/971/977
f 1635/993/999 1709/998/1004 1636/995/1001
f 1524/791/797 1652/948/954 1507/805/811
f 1545/903/909 1637/942/948 1514/928/934
f 1448/904/910 1638/999/1005 1545/903/909
f 1545/903/909 1682/1000/1006 1637/942/948
f 1545/903/909 1638/999/1005 1682/1000/1006
f 1448/904/910 1639/950/956 1638/999/1005
f 1650/1001/1007 1638/999/1005 1639/950/956
f 1685/932/938 1686/1002/1008 1577/931/937
f 1588/922/928 1566/824/830 1729/978/984
f 1586/864/870 1642/1003/1009 1679/991/997
f 1586/864/870 1641/944/950 1642/1003/1009
f 1644/1004/1010 1643/959/965 1563/943/949
f 1563/943/949 1692/960/966 1644/1004/1010
f 1563/943/949 1482/918/924 1692/960/966
f 1598/940/946 1643/959/965 1596/1005/1011
f 1744/1006/1012 1645/1007/1013 1693/1008/1014
f 1550/937/943 1544/929/935 1578/938/944
f 1543/957/963 1578/938/944 1723/1009/1015
f 1646/1010/1016 1722/1011/1017 1723/1009/1015
f 1543/957/963 1722/1011/1017 1647/958/964
f 1722/1011/1017 1543/957/963 1723/1009/1015
f 1621/985/991 1745/970/976 1603/917/923
f 1648/965/971 1745/970/976 1621/985/991
f 1598/940/946 1570/914/920 1643/959/965
f 1519/835/841 1558/854/860 1606/853/859
f 1650/1001/1007 1576/845/851 1649/975/981
f 1651/1012/1018 1650/1001/1007 1649/975/981
f 1639/950/956 1591/941/947 1650/1001/1007
f 1591/941/947 1576/845/851 1650/1001/1007
f 1650/1001/1007 1651/1012/1018 1638/999/1005
f 1651/1012/1018 1610/976/982 1682/1000/1006
f 1682/1000/1006 1638/999/1005 1651/1012/1018
f 1613/977/983 1690/956/962 1569/821/827
f 1613/977/983 1686/1002/1008 1687/980/986
f 1653/1013/1019 1655/1014/1020 1574/849/855
f 1654/1015/1021 1655/1014/1020 1653/1013/1019
f 1655/1014/1020 1652/948/954 1574/849/855
f 1652/948/954 1655/1014/1020 1697/1016/1022
f 1653/1013/1019 1551/790/796 1579/953/959
f 1653/1013/1019 1579/953/959 1657/1017/1023
f 1653/1013/1019 1659/1018/1024 1656/1019/1025
f 1656/1019/1025 1654/1015/1021 1653/1013/1019
f 1574/849/855 1551/790/796 1653/1013/1019
f 1656/1019/1025 1658/1020/1026 1654/1015/1021
f 1602/964/970 1647/958/964 1695/967/973
f 1664/968/974 1659/1018/1024 1657/1017/1023
f 1653/1013/1019 1657/1017/1023 1659/1018/1024
f 1657/1017/1023 1602/964/970 1664/968/974
f 1602/964/970 1657/1017/1023 1579/953/959
f 1656/1019/1025 1659/1018/1024 1660/1021/1027
f 1656/1019/1025 1660/1021/1027 1658/1020/1026
f 1663/1022/1028 1659/1018/1024 1661/1023/1029
f 1666/1024/1030 1658/1020/1026 1660/1021/1027
f 1663/1022/1028 1660/1021/1027 1659/1018/1024
f 1660/1021/1027 1663/1022/1028 1666/1024/1030
f 1664/968/974 1661/1023/1029 1659/1018/1024
f 1665/1025/1031 1666/1024/1030 1663/1022/1028
f 1669/1026/1032 1711/916/922 1614/876/882
f 1583/949/955 1711/916/922 1743/1027/1033
f 1614/876/882 1526/860/866 1667/1028/1034
f 1620/984/990 1616/954/960 1668/1029/1035
f 1620/984/990 1667/1028/1034 1526/860/866
f 1668/1029/1035 1667/1028/1034 1620/984/990
f 1670/1030/1036 1669/1026/1032 1668/1029/1035
f 1670/1030/1036 1668/1029/1035 1616/954/960
f 1669/1026/1032 1667/1028/1034 1668/1029/1035
f 1670/1030/1036 1674/1031/1037 1731/1032/1038
f 1671/1033/1039 1533/808/814 1706/841/847
f 1533/808/814 1671/1033/1039 1538/806/812
f 1672/979/985 1670/1030/1036 1616/954/960
f 1589/955/961 1673/962/968 1720/1034/1040
f 1674/1031/1037 1672/979/985 1589/955/961
f 1589/955/961 1720/1034/1040 1674/1031/1037
f 1672/979/985 1674/1031/1037 1670/1030/1036
f 1609/809/815 1675/1035/1041 1735/1036/1042
f 1676/983/989 1675/1035/1041 1618/887/893
f 1676/983/989 1555/982/988 1781/1037/1043
f 1555/982/988 1702/1038/1044 1703/1039/1045
f 1671/1033/1039 1702/1038/1044 1555/982/988
f 1671/1033/1039 1555/982/988 1617/888/894
f 1671/1033/1039 1617/888/894 1538/806/812
f 1555/982/988 1703/1039/1045 1798/1040/1046
f 1626/799/805 1625/880/886 1678/987/993
f 1828/1041/1047 1640/988/994 1679/991/997
f 1648/965/971 1621/985/991 1622/775/781
f 1629/992/998 1681/990/996 1740/1042/1048
f 1629/992/998 1791/1043/1049 1648/965/971
f 1635/993/999 1608/952/958 1597/946/952
f 1762/996/1002 1633/972/978 1636/995/1001
f 1544/929/935 1637/942/948 1710/1044/1050
f 1682/1000/1006 1610/976/982 1684/1045/1051
f 1686/1002/1008 1613/977/983 1612/915/921
f 1686/1002/1008 1688/1046/1052 1687/980/986
f 1685/932/938 1688/1046/1052 1686/1002/1008
f 1690/956/962 1613/977/983 1734/1047/1053
f 1685/932/938 1583/949/955 1688/1046/1052
f 1711/916/922 1742/1048/1054 1743/1027/1033
f 1612/915/921 1577/931/937 1686/1002/1008
f 1566/824/830 1567/886/892 1729/978/984
f 1729/978/984 1567/886/892 1691/1049/1055
f 1588/922/928 1729/978/984 1553/828/834
f 1691/1049/1055 1567/886/892 1580/875/881
f 1593/858/864 1569/821/827 1690/956/962
f 1580/875/881 1690/956/962 1691/1049/1055
f 1729/978/984 1546/905/911 1553/828/834
f 1586/864/870 1640/988/994 1623/951/957
f 1645/1007/1013 1692/960/966 1745/970/976
f 1645/1007/1013 1644/1004/1010 1692/960/966
f 1693/1008/1014 1645/1007/1013 1791/1043/1049
f 1744/1006/1012 1739/1050/1056 1714/1051/1057
f 1740/1042/1048 1693/1008/1014 1791/1043/1049
f 1739/1050/1056 1744/1006/1012 1693/1008/1014
f 1643/959/965 1644/1004/1010 1694/1052/1058
f 1694/1052/1058 1644/1004/1010 1645/1007/1013
f 1596/1005/1011 1643/959/965 1694/1052/1058
f 1645/1007/1013 1717/1053/1059 1694/1052/1058
f 1694/1052/1058 1715/1054/1060 1596/1005/1011
f 1596/1005/1011 1673/962/968 1598/940/946
f 1647/958/964 1722/1011/1017 1695/967/973
f 1571/850/856 1765/994/1000 1641/944/950
f 1518/851/857 1540/966/972 1708/1055/1061
f 1787/912/918 1518/851/857 1708/1055/1061
f 1651/1012/1018 1611/974/980 1610/976/982
f 1611/974/980 1651/1012/1018 1649/975/981
f 1652/948/954 1697/1016/1022 1713/1056/1062
f 1654/1015/1021 1697/1016/1022 1655/1014/1020
f 1697/1016/1022 1698/1057/1063 1696/1058/1064
f 1658/1020/1026 1697/1016/1022 1654/1015/1021
f 1658/1020/1026 1698/1057/1063 1697/1016/1022
f 1661/1023/1029 1664/968/974 1695/967/973
f 1663/1022/1028 1661/1023/1029 1700/1059/1065
f 1751/1060/1066 1665/1025/1031 1662/1061/1067
f 1700/1059/1065 1665/1025/1031 1663/1022/1028
f 1662/1061/1067 1665/1025/1031 1700/1059/1065
f 1665/1025/1031 1726/1062/1068 1666/1024/1030
f 1751/1060/1066 1701/1063/1069 1753/1064/1070
f 1662/1061/1067 1701/1063/1069 1751/1060/1066
f 1669/1026/1032 1614/876/882 1667/1028/1034
f 1554/819/825 1615/907/913 1706/841/847
f 1528/818/824 1615/907/913 1554/819/825
f 1702/1038/1044 1706/841/847 1704/1065/1071
f 1702/1038/1044 1671/1033/1039 1706/841/847
f 1702/1038/1044 1704/1065/1071 1703/1039/1045
f 1703/1039/1045 1780/1066/1072 1798/1040/1046
f 1703/1039/1045 1704/1065/1071 1705/1067/1073
f 1800/1068/1074 1703/1039/1045 1705/1067/1073
f 1704/1065/1071 1706/841/847 1733/1069/1075
f 1675/1035/1041 1609/809/815 1618/887/893
f 1707/989/995 1626/799/805 1678/987/993
f 1642/1003/1009 1772/1070/1076 1785/1071/1077
f 1740/1042/1048 1681/990/996 1680/797/803
f 1710/1044/1050 1637/942/948 1682/1000/1006
f 1684/1045/1051 1710/1044/1050 1682/1000/1006
f 1544/929/935 1723/1009/1015 1578/938/944
f 1609/809/815 1735/1036/1042 1610/976/982
f 1613/977/983 1689/981/987 1734/1047/1053
f 1689/981/987 1687/980/986 1766/1072/1078
f 1766/1072/1078 1732/1073/1079 1689/981/987
f 1765/994/1000 1788/1074/1080 1641/944/950
f 1740/1042/1048 1739/1050/1056 1693/1008/1014
f 1714/1051/1057 1739/1050/1056 1678/987/993
f 1714/1051/1057 1678/987/993 1773/1075/1081
f 1760/1076/1082 1678/987/993 1739/1050/1056
f 1791/1043/1049 1645/1007/1013 1745/970/976
f 1720/1034/1040 1673/962/968 1715/1054/1060
f 1673/962/968 1596/1005/1011 1715/1054/1060
f 1717/1053/1059 1715/1054/1060 1694/1052/1058
f 1718/1077/1083 1717/1053/1059 1716/1078/1084
f 1717/1053/1059 1718/1077/1083 1715/1054/1060
f 1716/1078/1084 1719/1079/1085 1718/1077/1083
f 1716/1078/1084 1774/1080/1086 1719/1079/1085
f 1715/1054/1060 1718/1077/1083 1720/1034/1040
f 1754/1081/1087 1720/1034/1040 1718/1077/1083
f 1793/1082/1088 1721/1083/1089 1719/1079/1085
f 1754/1081/1087 1718/1077/1083 1721/1083/1089
f 1723/1009/1015 1710/1044/1050 1646/1010/1016
f 1684/1045/1051 1646/1010/1016 1710/1044/1050
f 1710/1044/1050 1723/1009/1015 1544/929/935
f 1722/1011/1017 1646/1010/1016 1699/1084/1090
f 1634/971/977 1540/966/972 1605/963/969
f 1595/896/902 1652/948/954 1713/1056/1062
f 1724/1085/1091 1768/1086/1092 1696/1058/1064
f 1658/1020/1026 1666/1024/1030 1698/1057/1063
f 1724/1085/1091 1698/1057/1063 1666/1024/1030
f 1759/1087/1093 1662/1061/1067 1782/1088/1094
f 1701/1063/1069 1662/1061/1067 1776/1089/1095
f 1665/1025/1031 1751/1060/1066 1726/1062/1068
f 1726/1062/1068 1724/1085/1091 1666/1024/1030
f 1725/1090/1096 1724/1085/1091 1726/1062/1068
f 1725/1090/1096 1727/1091/1097 1724/1085/1091
f 1698/1057/1063 1724/1085/1091 1696/1058/1064
f 1724/1085/1091 1727/1091/1097 1768/1086/1092
f 1725/1090/1096 1752/1092/1098 1728/1093/1099
f 1768/1086/1092 1727/1091/1097 1767/1094/1100
f 1761/1095/1101 1709/998/1004 1801/1096/1102
f 1725/1090/1096 1728/1093/1099 1727/1091/1097
f 1669/1026/1032 1670/1030/1036 1742/1048/1054
f 1729/978/984 1691/1049/1055 1730/1097/1103
f 1730/1097/1103 1691/1049/1055 1690/956/962
f 1615/907/913 1729/978/984 1730/1097/1103
f 1742/1048/1054 1670/1030/1036 1731/1032/1038
f 1706/841/847 1615/907/913 1733/1069/1075
f 1555/982/988 1798/1040/1046 1781/1037/1043
f 1705/1067/1073 1704/1065/1071 1732/1073/1079
f 1733/1069/1075 1732/1073/1079 1704/1065/1071
f 1732/1073/1079 1800/1068/1074 1705/1067/1073
f 1732/1073/1079 1808/1098/1104 1800/1068/1074
f 1615/907/913 1730/1097/1103 1733/1069/1075
f 1735/1036/1042 1737/1099/1105 1684/1045/1051
f 1684/1045/1051 1610/976/982 1735/1036/1042
f 1675/1035/1041 1737/1099/1105 1735/1036/1042
f 1675/1035/1041 1676/983/989 1736/1100/1106
f 1736/1100/1106 1737/1099/1105 1675/1035/1041
f 1684/1045/1051 1737/1099/1105 1738/1101/1107
f 1738/1101/1107 1683/1102/1108 1684/1045/1051
f 1679/991/997 1642/1003/1009 1784/1103/1109
f 1740/1042/1048 1680/797/803 1739/1050/1056
f 1739/1050/1056 1680/797/803 1707/989/995
f 1595/896/902 1741/961/967 1599/923/929
f 1801/1096/1102 1635/993/999 1600/868/874
f 1635/993/999 1801/1096/1102 1709/998/1004
f 1688/1046/1052 1583/949/955 1743/1027/1033
f 1742/1048/1054 1711/916/922 1669/1026/1032
f 1731/1032/1038 1712/1104/1110 1742/1048/1054
f 1743/1027/1033 1742/1048/1054 1712/1104/1110
f 1743/1027/1033 1750/1105/1111 1688/1046/1052
f 1713/1056/1062 1697/1016/1022 1741/961/967
f 1741/961/967 1595/896/902 1713/1056/1062
f 1773/1075/1081 1774/1080/1086 1714/1051/1057
f 1714/1051/1057 1716/1078/1084 1744/1006/1012
f 1744/1006/1012 1717/1053/1059 1645/1007/1013
f 1774/1080/1086 1716/1078/1084 1714/1051/1057
f 1744/1006/1012 1716/1078/1084 1717/1053/1059
f 1712/1104/1110 1755/1106/1112 1750/1105/1111
f 1748/1107/1113 1750/1105/1111 1755/1106/1112
f 1749/1108/1114 1755/1106/1112 1712/1104/1110
f 1712/1104/1110 1750/1105/1111 1743/1027/1033
f 1646/1010/1016 1684/1045/1051 1683/1102/1108
f 1683/1102/1108 1699/1084/1090 1646/1010/1016
f 1699/1084/1090 1695/967/973 1722/1011/1017
f 1726/1062/1068 1751/1060/1066 1725/1090/1096
f 1674/1031/1037 1754/1081/1087 1731/1032/1038
f 1721/1083/1089 1755/1106/1112 1749/1108/1114
f 1720/1034/1040 1754/1081/1087 1674/1031/1037
f 1749/1108/1114 1731/1032/1038 1754/1081/1087
f 1749/1108/1114 1754/1081/1087 1721/1083/1089
f 1749/1108/1114 1712/1104/1110 1731/1032/1038
f 1730/1097/1103 1690/956/962 1734/1047/1053
f 1733/1069/1075 1689/981/987 1732/1073/1079
f 1734/1047/1053 1689/981/987 1733/1069/1075
f 1733/1069/1075 1730/1097/1103 1734/1047/1053
f 1676/983/989 1757/1109/1115 1736/1100/1106
f 1757/1109/1115 1676/983/989 1781/1037/1043
f 1756/1110/1116 1757/1109/1115 1758/1111/1117
f 1756/1110/1116 1737/1099/1105 1736/1100/1106
f 1758/1111/1117 1759/1087/1093 1756/1110/1116
f 1757/1109/1115 1756/1110/1116 1736/1100/1106
f 1662/1061/1067 1759/1087/1093 1776/1089/1095
f 1757/1109/1115 1781/1037/1043 1758/1111/1117
f 1782/1088/1094 1738/1101/1107 1759/1087/1093
f 1737/1099/1105 1756/1110/1116 1738/1101/1107
f 1801/1096/1102 1600/868/874 1769/1112/1118
f 1761/1095/1101 1786/1113/1119 1762/996/1002
f 1709/998/1004 1761/1095/1101 1762/996/1002
f 1636/995/1001 1709/998/1004 1762/996/1002
f 1786/1113/1119 1805/1114/1120 1762/996/1002
f 1763/997/1003 1762/996/1002 1805/1114/1120
f 1787/912/918 1763/997/1003 1764/1115/1121
f 1788/1074/1080 1765/994/1000 1787/912/918
f 1688/1046/1052 1750/1105/1111 1766/1072/1078
f 1808/1098/1104 1766/1072/1078 1810/1116/1122
f 1808/1098/1104 1732/1073/1079 1766/1072/1078
f 1766/1072/1078 1687/980/986 1688/1046/1052
f 1766/1072/1078 1750/1105/1111 1748/1107/1113
f 1766/1072/1078 1748/1107/1113 1810/1116/1122
f 1696/1058/1064 1741/961/967 1697/1016/1022
f 1696/1058/1064 1768/1086/1092 1771/1117/1123
f 1767/1094/1100 1727/1091/1097 1802/1118/1124
f 1802/1118/1124 1727/1091/1097 1728/1093/1099
f 1768/1086/1092 1767/1094/1100 1769/1112/1118
f 1770/936/942 1696/1058/1064 1771/1117/1123
f 1741/961/967 1696/1058/1064 1770/936/942
f 1631/867/873 1770/936/942 1771/1117/1123
f 1600/868/874 1631/867/873 1771/1117/1123
f 1772/1070/1076 1642/1003/1009 1641/944/950
f 1629/992/998 1740/1042/1048 1791/1043/1049
f 1746/1119/1125 1719/1079/1085 1774/1080/1086
f 1746/1119/1125 1793/1082/1088 1719/1079/1085
f 1721/1083/1089 1718/1077/1083 1719/1079/1085
f 1721/1083/1089 1793/1082/1088 1755/1106/1112
f 1695/967/973 1699/1084/1090 1661/1023/1029
f 1661/1023/1029 1699/1084/1090 1782/1088/1094
f 1738/1101/1107 1699/1084/1090 1683/1102/1108
f 1782/1088/1094 1699/1084/1090 1738/1101/1107
f 1775/1120/1126 1701/1063/1069 1776/1089/1095
f 1776/1089/1095 1777/1121/1127 1775/1120/1126
f 1778/1122/1128 1797/1123/1129 1777/1121/1127
f 1776/1089/1095 1758/1111/1117 1777/1121/1127
f 1758/1111/1117 1778/1122/1128 1777/1121/1127
f 1752/1092/1098 1753/1064/1070 1779/1124/1130
f 1701/1063/1069 1779/1124/1130 1753/1064/1070
f 1725/1090/1096 1751/1060/1066 1752/1092/1098
f 1703/1039/1045 1809/1125/1131 1780/1066/1072
f 1798/1040/1046 1778/1122/1128 1781/1037/1043
f 1758/1111/1117 1776/1089/1095 1759/1087/1093
f 1759/1087/1093 1738/1101/1107 1756/1110/1116
f 1662/1061/1067 1700/1059/1065 1782/1088/1094
f 1661/1023/1029 1782/1088/1094 1700/1059/1065
f 1679/991/997 1783/1126/1132 1828/1041/1047
f 1829/1127/1133 1783/1126/1132 1679/991/997
f 1627/879/885 1640/988/994 1828/1041/1047
f 1707/989/995 1678/987/993 1760/1076/1082
f 1829/1127/1133 1679/991/997 1784/1103/1109
f 1784/1103/1109 1642/1003/1009 1785/1071/1077
f 1760/1076/1082 1739/1050/1056 1707/989/995
f 1771/1117/1123 1769/1112/1118 1600/868/874
f 1805/1114/1120 1786/1113/1119 1804/1128/1134
f 1764/1115/1121 1763/997/1003 1805/1114/1120
f 1788/1074/1080 1787/912/918 1764/1115/1121
f 1763/997/1003 1787/912/918 1708/1055/1061
f 1820/1129/1135 1806/1130/1136 1788/1074/1080
f 1806/1130/1136 1641/944/950 1788/1074/1080
f 1763/997/1003 1708/1055/1061 1540/966/972
f 1773/1075/1081 1790/1131/1137 1746/1119/1125
f 1745/970/976 1648/965/971 1791/1043/1049
f 1792/1132/1138 1773/1075/1081 1678/987/993
f 1746/1119/1125 1822/1133/1139 1793/1082/1088
f 1747/1134/1140 1748/1107/1113 1793/1082/1088
f 1793/1082/1088 1748/1107/1113 1755/1106/1112
f 1794/1135/1141 1810/1116/1122 1747/1134/1140
f 1809/1125/1131 1810/1116/1122 1794/1135/1141
f 1794/1135/1141 1747/1134/1140 1795/1136/1142
f 1795/1136/1142 1821/1137/1143 1794/1135/1141
f 1815/1138/1144 1701/1063/1069 1775/1120/1126
f 1778/1122/1128 1798/1040/1046 1797/1123/1129
f 1753/1064/1070 1752/1092/1098 1751/1060/1066
f 1752/1092/1098 1779/1124/1130 1816/1139/1145
f 1800/1068/1074 1808/1098/1104 1809/1125/1131
f 1758/1111/1117 1781/1037/1043 1778/1122/1128
f 1627/879/885 1792/1132/1138 1677/986/992
f 1785/1071/1077 1772/1070/1076 1807/1140/1146
f 1768/1086/1092 1769/1112/1118 1771/1117/1123
f 1767/1094/1100 1801/1096/1102 1769/1112/1118
f 1801/1096/1102 1802/1118/1124 1761/1095/1101
f 1802/1118/1124 1786/1113/1119 1761/1095/1101
f 1804/1128/1134 1786/1113/1119 1802/1118/1124
f 1805/1114/1120 1804/1128/1134 1803/1141/1147
f 1805/1114/1120 1803/1141/1147 1820/1129/1135
f 1806/1130/1136 1820/1129/1135 1823/1142/1148
f 1788/1074/1080 1764/1115/1121 1820/1129/1135
f 1806/1130/1136 1772/1070/1076 1641/944/950
f 1806/1130/1136 1807/1140/1146 1772/1070/1076
f 1785/1071/1077 1807/1140/1146 1818/1143/1149
f 1809/1125/1131 1808/1098/1104 1810/1116/1122
f 1747/1134/1140 1810/1116/1122 1748/1107/1113
f 1627/879/885 1790/1131/1137 1792/1132/1138
f 1799/1144/1150 1794/1135/1141 1796/1145/1151
f 1811/1146/1152 1813/1147/1153 1799/1144/1150
f 1826/1148/1154 1813/1147/1153 1811/1146/1152
f 1812/1149/1155 1813/1147/1153 1826/1148/1154
f 1812/1149/1155 1826/1148/1154 1827/1150/1156
f 1811/1146/1152 1799/1144/1150 1796/1145/1151
f 1747/1134/1140 1793/1082/1088 1822/1133/1139
f 1747/1134/1140 1822/1133/1139 1795/1136/1142
f 1796/1145/1151 1794/1135/1141 1821/1137/1143
f 1773/1075/1081 1746/1119/1125 1774/1080/1086
f 1813/1147/1153 1797/1123/1129 1798/1040/1046
f 1798/1040/1046 1799/1144/1150 1813/1147/1153
f 1812/1149/1155 1797/1123/1129 1813/1147/1153
f 1777/1121/1127 1812/1149/1155 1814/1151/1157
f 1780/1066/1072 1809/1125/1131 1794/1135/1141
f 1798/1040/1046 1780/1066/1072 1799/1144/1150
f 1777/1121/1127 1797/1123/1129 1812/1149/1155
f 1780/1066/1072 1794/1135/1141 1799/1144/1150
f 1814/1151/1157 1831/1152/1158 1777/1121/1127
f 1831/1152/1158 1775/1120/1126 1777/1121/1127
f 1779/1124/1130 1701/1063/1069 1815/1138/1144
f 1831/1152/1158 1815/1138/1144 1775/1120/1126
f 1815/1138/1144 1834/1153/1159 1779/1124/1130
f 1816/1139/1145 1779/1124/1130 1834/1153/1159
f 1809/1125/1131 1703/1039/1045 1800/1068/1074
f 1678/987/993 1677/986/992 1792/1132/1138
f 1784/1103/1109 1817/1154/1160 1829/1127/1133
f 1817/1154/1160 1784/1103/1109 1818/1143/1149
f 1817/1154/1160 1818/1143/1149 1824/1155/1161
f 1784/1103/1109 1785/1071/1077 1818/1143/1149
f 1801/1096/1102 1767/1094/1100 1802/1118/1124
f 1728/1093/1099 1752/1092/1098 1802/1118/1124
f 1752/1092/1098 1804/1128/1134 1802/1118/1124
f 1816/1139/1145 1803/1141/1147 1804/1128/1134
f 1816/1139/1145 1820/1129/1135 1803/1141/1147
f 1820/1129/1135 1764/1115/1121 1805/1114/1120
f 1833/1156/1162 1807/1140/1146 1806/1130/1136
f 1819/1157/1163 1818/1143/1149 1807/1140/1146
f 1792/1132/1138 1790/1131/1137 1773/1075/1081
f 1795/1136/1142 1822/1133/1139 1789/1158/1164
f 1796/1145/1151 1821/1137/1143 1825/1159/1165
f 1790/1131/1137 1789/1158/1164 1822/1133/1139
f 1822/1133/1139 1746/1119/1125 1790/1131/1137
f 1789/1158/1164 1783/1126/1132 1825/1159/1165
f 1789/1158/1164 1821/1137/1143 1795/1136/1142
f 1811/1146/1152 1825/1159/1165 1829/1127/1133
f 1834/1153/1159 1815/1138/1144 1831/1152/1158
f 1806/1130/1136 1823/1142/1148 1833/1156/1162
f 1818/1143/1149 1819/1157/1163 1824/1155/1161
f 1825/1159/1165 1783/1126/1132 1829/1127/1133
f 1789/1158/1164 1790/1131/1137 1828/1041/1047
f 1816/1139/1145 1804/1128/1134 1752/1092/1098
f 1820/1129/1135 1816/1139/1145 1823/1142/1148
f 1828/1041/1047 1790/1131/1137 1627/879/885
f 1812/1149/1155 1827/1150/1156 1814/1151/1157
f 1830/1160/1166 1827/1150/1156 1826/1148/1154
f 1796/1145/1151 1825/1159/1165 1811/1146/1152
f 1789/1158/1164 1825/1159/1165 1821/1137/1143
f 1829/1127/1133 1817/1154/1160 1824/1155/1161
f 1828/1041/1047 1783/1126/1132 1789/1158/1164
f 1830/1160/1166 1832/1161/1167 1827/1150/1156
f 1824/1155/1161 1830/1160/1166 1826/1148/1154
f 1826/1148/1154 1811/1146/1152 1824/1155/1161
f 1829/1127/1133 1824/1155/1161 1811/1146/1152
f 1832/1161/1167 1831/1152/1158 1814/1151/1157
f 1814/1151/1157 1827/1150/1156 1832/1161/1167
f 1831/1152/1158 1832/1161/1167 1819/1157/1163
f 1832/1161/1167 1824/1155/1161 1819/1157/1163
f 1819/1157/1163 1833/1156/1162 1834/1153/1159
f 1823/1142/1148 1834/1153/1159 1833/1156/1162
f 1834/1153/1159 1831/1152/1158 1819/1157/1163
f 1834/1153/1159 1823/1142/1148 1816/1139/1145
f 1807/1140/1146 1833/1156/1162 1819/1157/1163
f 1830/1160/1166 1824/1155/1161 1832/1161/1167
f 1514/928/934 1515/901/907 1545/903/909
f 1947/1162/1168 1922/1163/1169 1839/1164/1170
f 1918/1165/1171 1856/1166/1172 1855/1167/1173
f 1897/1168/1174 2011/1169/1175 1898/1170/1176
f 1863/1171/1177 1972/1172/1178 1864/1173/1179
f 1908/1174/1180 1888/1175/1181 1907/1176/1182
f 1853/1177/1183 1852/1178/1184 1924/1179/1185
f 1917/1180/1186 1859/1181/1187 1858/1182/1188
f 1923/1183/1189 1906/1184/1190 1924/1179/1185
f 1857/1185/1191 1920/1186/1192 1858/1182/1188
f 1851/1187/1193 1946/1188/1194 1852/1178/1184
f 1917/1180/1186 1860/1189/1195 1859/1181/1187
f 1843/1190/1196 1842/1191/1197 1912/1192/1198
f 1849/1193/1199 1928/1194/1200 1850/1195/1201
f 1911/1196/1202 1861/1197/1203 1860/1189/1195
f 1844/1198/1204 1916/1199/1205 1948/1200/1206
f 1904/1201/1207 1905/1202/1208 1880/1203/1209
f 1976/1204/1210 1983/1205/1211 1959/1206/1212
f 1882/1207/1213 1943/1208/1214 1960/1209/1215
f 1893/1210/1216 1892/1211/1217 1945/1212/1218
f 1843/1190/1196 1916/1199/1205 1844/1198/1204
f 1853/1177/1183 1914/1213/1219 1852/1178/1184
f 1912/1192/1198 1916/1199/1205 1843/1190/1196
f 1910/1214/1220 1844/1198/1204 1948/1200/1206
f 1907/1176/1182 1888/1175/1181 1930/1215/1221
f 1886/1216/1222 1885/1217/1223 1887/1218/1224
f 1930/1215/1221 1887/1218/1224 1885/1217/1223
f 1889/1219/1225 1888/1175/1181 1908/1174/1180
f 1959/1206/1212 1983/1205/1211 1962/1220/1226
f 1921/1221/1227 1920/1186/1192 1856/1166/1172
f 1919/1222/1228 1910/1214/1220 1925/1223/1229
f 1920/1186/1192 1857/1185/1191 1856/1166/1172
f 1920/1186/1192 1950/1224/1230 1917/1180/1186
f 1962/1220/1226 1953/1225/1231 1884/1226/1232
f 1907/1176/1182 1930/1215/1221 1966/1227/1233
f 1888/1175/1181 1887/1218/1224 1930/1215/1221
f 1915/1228/1234 1837/1229/1235 1836/1230/1236
f 1862/1231/1237 1861/1197/1203 1911/1196/1202
f 1968/1232/1238 1854/1233/1239 1906/1184/1190
f 1840/1234/1240 1922/1163/1169 1841/1235/1241
f 1968/1232/1238 1996/1236/1242 1918/1165/1171
f 1856/1166/1172 1918/1165/1171 1921/1221/1227
f 1917/1180/1186 1949/1237/1243 1913/1238/1244
f 1858/1182/1188 1920/1186/1192 1917/1180/1186
f 1877/1239/1245 1901/1240/1246 1942/1241/1247
f 1877/1239/1245 1958/1242/1248 1878/1243/1249
f 1890/1244/1250 1889/1219/1225 1908/1174/1180
f 1851/1187/1193 1850/1195/1201 1933/1245/1251
f 1905/1202/1208 1881/1246/1252 1880/1203/1209
f 1839/1164/1170 1922/1163/1169 1840/1234/1240
f 1915/1228/1234 1838/1247/1253 1837/1229/1235
f 1928/1194/1200 1848/1248/1254 1909/1249/1255
f 1906/1184/1190 1923/1183/1189 2076/1250/1256
f 1951/1251/1257 1918/1165/1171 1996/1236/1242
f 1949/1237/1243 1998/1252/1258 1913/1238/1244
f 1869/1253/1259 1868/1254/1260 1955/1255/1261
f 1955/1255/1261 1871/1256/1262 1870/1257/1263
f 1876/1258/1264 1901/1240/1246 1877/1239/1245
f 1902/1259/1265 1903/1260/1266 1879/1261/1267
f 1904/1201/1207 1880/1203/1209 1879/1261/1267
f 1882/1207/1213 1881/1246/1252 1943/1208/1214
f 1885/1217/1223 1944/1262/1268 1930/1215/1221
f 1945/1212/1218 1891/1263/1269 1934/1264/1270
f 1964/1265/1271 1890/1244/1250 1908/1174/1180
f 1869/1253/1259 1955/1255/1261 1870/1257/1263
f 1947/1162/1168 1838/1247/1253 1980/1266/1272
f 1848/1248/1254 1847/1267/1273 1909/1249/1255
f 1923/1183/1189 1924/1179/1185 1946/1188/1194
f 1946/1188/1194 1924/1179/1185 1852/1178/1184
f 1918/1165/1171 1951/1251/1257 1921/1221/1227
f 2002/1268/1274 1925/1223/1229 1910/1214/1220
f 1948/1200/1206 2002/1268/1274 1910/1214/1220
f 1948/1200/1206 1916/1199/1205 1993/1269/1275
f 1917/1180/1186 1913/1238/1244 1860/1189/1195
f 1921/1221/1227 1950/1224/1230 1920/1186/1192
f 1874/1270/1276 1900/1271/1277 1875/1272/1278
f 1989/1273/1279 1879/1261/1267 1903/1260/1266
f 1879/1261/1267 1989/1273/1279 1904/1201/1207
f 1883/1274/1280 1952/1275/1281 1959/1206/1212
f 2004/1276/1282 1884/1226/1232 1963/1277/1283
f 1937/1278/1284 1863/1171/1177 1862/1231/1237
f 1980/1266/1272 1838/1247/1253 1915/1228/1234
f 1835/1279/1285 1896/1280/1286 1931/1281/1287
f 1938/1282/1288 1846/1283/1289 1845/1284/1290
f 1845/1284/1290 1919/1222/1228 1940/1285/1291
f 1921/1221/1227 1951/1251/1257 1950/1224/1230
f 1951/1251/1257 2025/1286/1292 1950/1224/1230
f 2069/1287/1293 2025/1286/1292 1997/1288/1294
f 1954/1289/1295 1950/1224/1230 2025/1286/1292
f 1871/1256/1262 1955/1255/1261 1926/1290/1296
f 1872/1291/1297 1871/1256/1262 1926/1290/1296
f 1899/1292/1298 1897/1168/1174 1898/1170/1176
f 1874/1270/1276 1897/1168/1174 1899/1292/1298
f 1876/1258/1264 1957/1293/1299 1901/1240/1246
f 1942/1241/1247 1958/1242/1248 1877/1239/1245
f 2129/1294/1300 1878/1243/1249 1958/1242/1248
f 1905/1202/1208 1943/1208/1214 1881/1246/1252
f 1953/1225/1231 1961/1295/1301 2162/1296/1302
f 2004/1276/1282 1944/1262/1268 1884/1226/1232
f 1945/1212/1218 1892/1211/1217 1891/1263/1269
f 1934/1264/1270 1891/1263/1269 1890/1244/1250
f 1964/1265/1271 1907/1176/1182 1977/1297/1303
f 1890/1244/1250 1964/1265/1271 1934/1264/1270
f 1937/1278/1284 1972/1172/1178 1863/1171/1177
f 1851/1187/1193 1933/1245/1251 1946/1188/1194
f 1850/1195/1201 1928/1194/1200 1933/1245/1251
f 1931/1281/1287 1896/1280/1286 1895/1298/1304
f 1967/1299/1305 1931/1281/1287 1895/1298/1304
f 1915/1228/1234 1836/1230/1236 1835/1279/1285
f 1998/1252/1258 1954/1289/1295 1975/1300/1306
f 1949/1237/1243 1954/1289/1295 1998/1252/1258
f 1949/1237/1243 1917/1180/1186 1950/1224/1230
f 1950/1224/1230 1954/1289/1295 1949/1237/1243
f 1868/1254/1260 1867/1301/1307 2035/1302/1308
f 1932/1303/1309 1952/1275/1281 1883/1274/1280
f 1932/1303/1309 1960/1209/1215 1952/1275/1281
f 1882/1207/1213 1960/1209/1215 1932/1303/1309
f 1953/1225/1231 1962/1220/1226 1961/1295/1301
f 1988/1304/1310 1963/1277/1283 1884/1226/1232
f 1934/1264/1270 1964/1265/1271 1965/1305/1311
f 1893/1210/1216 1945/1212/1218 1894/1306/1312
f 1964/1265/1271 1908/1174/1180 1907/1176/1182
f 1977/1297/1303 1907/1176/1182 1966/1227/1233
f 1937/1278/1284 1862/1231/1237 1978/1307/1313
f 1928/1194/1200 1909/1249/1255 1933/1245/1251
f 1980/1266/1272 1915/1228/1234 1981/1308/1314
f 1918/1165/1171 1854/1233/1239 1968/1232/1238
f 2025/1286/1292 1974/1309/1315 1954/1289/1295
f 1868/1254/1260 2035/1302/1308 1982/1310/1316
f 1986/1311/1317 1873/1312/1318 1872/1291/1297
f 1899/1292/1298 1900/1271/1277 1874/1270/1276
f 1905/1202/1208 1904/1201/1207 1943/1208/1214
f 1935/1313/1319 1934/1264/1270 1965/1305/1311
f 1935/1313/1319 1945/1212/1218 1934/1264/1270
f 1971/1314/1320 2030/1315/1321 1937/1278/1284
f 1981/1308/1314 1915/1228/1234 1835/1279/1285
f 1855/1167/1173 1854/1233/1239 1918/1165/1171
f 1860/1189/1195 1913/1238/1244 1911/1196/1202
f 1873/1312/1318 2011/1169/1175 1897/1168/1174
f 1864/1173/1179 1956/1316/1322 1865/1317/1323
f 1953/1225/1231 2160/1318/1324 1884/1226/1232
f 1894/1306/1312 1936/1319/1325 1929/1320/1326
f 1935/1313/1319 1936/1319/1325 1945/1212/1218
f 1936/1319/1325 1894/1306/1312 1945/1212/1218
f 1894/1306/1312 1929/1320/1326 1895/1298/1304
f 1895/1298/1304 1929/1320/1326 1967/1299/1305
f 1985/1321/1327 1971/1314/1320 1978/1307/1313
f 1974/1309/1315 2074/1322/1328 1954/1289/1295
f 1979/1323/1329 1971/1314/1320 1985/1321/1327
f 2023/1324/1330 1981/1308/1314 1835/1279/1285
f 1975/1300/1306 1954/1289/1295 2074/1322/1328
f 1901/1240/1246 1957/1293/1299 2008/1325/1331
f 1953/1225/1231 2162/1296/1302 2160/1318/1324
f 1937/1278/1284 1978/1307/1313 1971/1314/1320
f 2030/1315/1321 1972/1172/1178 1937/1278/1284
f 1971/1314/1320 1984/1326/1332 2030/1315/1321
f 1972/1172/1178 1956/1316/1322 1864/1173/1179
f 1933/1245/1251 1909/1249/1255 1973/1327/1333
f 1872/1291/1297 1926/1290/1296 2066/1328/1334
f 1986/1311/1317 2011/1169/1175 1873/1312/1318
f 1946/1188/1194 1933/1245/1251 1973/1327/1333
f 2015/1329/1335 1983/1205/1211 1976/1204/1210
f 1979/1323/1329 1984/1326/1332 1971/1314/1320
f 1972/1172/1178 2030/1315/1321 1956/1316/1322
f 1929/1320/1326 1936/1319/1325 2032/1330/1336
f 1968/1232/1238 1906/1184/1190 2142/1331/1337
f 2076/1250/1256 2142/1331/1337 1906/1184/1190
f 1865/1317/1323 1941/1332/1338 1866/1333/1339
f 1902/1259/1265 1878/1243/1249 1903/1260/1266
f 1965/1305/1311 2034/1334/1340 1935/1313/1319
f 1862/1231/1237 1911/1196/1202 1978/1307/1313
f 1926/1290/1296 1955/1255/1261 1982/1310/1316
f 1942/1241/1247 1901/1240/1246 2026/1335/1341
f 1867/1301/1307 1866/1333/1339 1987/1336/1342
f 1867/1301/1307 1987/1336/1342 2035/1302/1308
f 1866/1333/1339 2080/1337/1343 1987/1336/1342
f 1884/1226/1232 2160/1318/1324 1988/1304/1310
f 1985/1321/1327 1978/1307/1313 2055/1338/1344
f 1927/1339/1345 1903/1260/1266 1878/1243/1249
f 2035/1302/1308 2066/1328/1334 1982/1310/1316
f 1903/1260/1266 1927/1339/1345 1989/1273/1279
f 1965/1305/1311 1991/1340/1346 2034/1334/1340
f 1970/1341/1347 1964/1265/1271 1977/1297/1303
f 1970/1341/1347 1965/1305/1311 1964/1265/1271
f 1865/1317/1323 1956/1316/1322 1941/1332/1338
f 1991/1340/1346 2051/1342/1348 2083/1343/1349
f 1991/1340/1346 1965/1305/1311 1970/1341/1347
f 1989/1273/1279 1992/1344/1350 1904/1201/1207
f 1904/1201/1207 1992/1344/1350 1990/1345/1351
f 2035/1302/1308 1987/1336/1342 2080/1337/1343
f 2019/1346/1352 1992/1344/1350 1989/1273/1279
f 1992/1344/1350 2018/1347/1353 1990/1345/1351
f 1904/1201/1207 1990/1345/1351 1943/1208/1214
f 1927/1339/1345 2019/1346/1352 1989/1273/1279
f 2018/1347/1353 1992/1344/1350 2019/1346/1352
f 1912/1192/1198 2093/1348/1354 1916/1199/1205
f 1912/1192/1198 1842/1191/1197 1994/1349/1355
f 1993/1269/1275 1916/1199/1205 2093/1348/1354
f 2093/1348/1354 1912/1192/1198 1994/1349/1355
f 1841/1235/1241 1922/1163/1169 2038/1350/1356
f 1841/1235/1241 2038/1350/1356 1842/1191/1197
f 2038/1350/1356 1994/1349/1355 1842/1191/1197
f 1951/1251/1257 1996/1236/1242 1997/1288/1294
f 1968/1232/1238 1995/1351/1357 1996/1236/1242
f 1995/1351/1357 1997/1288/1294 1996/1236/1242
f 2025/1286/1292 1951/1251/1257 1997/1288/1294
f 2071/1352/1358 1997/1288/1294 1995/1351/1357
f 1966/1227/1233 1930/1215/1221 2041/1353/1359
f 1847/1267/1273 1846/1283/1289 1999/1354/1360
f 1938/1282/1288 1999/1354/1360 1846/1283/1289
f 1999/1354/1360 1909/1249/1255 1847/1267/1273
f 1973/1327/1333 1909/1249/1255 1999/1354/1360
f 1938/1282/1288 2121/1355/1361 1999/1354/1360
f 1999/1354/1360 2000/1356/1362 1973/1327/1333
f 2121/1355/1361 2000/1356/1362 1999/1354/1360
f 1979/1323/1329 1985/1321/1327 2001/1357/1363
f 1943/1208/1214 1990/1345/1351 1960/1209/1215
f 2062/1358/1364 2094/1359/1365 1939/1360/1366
f 2002/1268/1274 2062/1358/1364 1939/1360/1366
f 2002/1268/1274 1948/1200/1206 1993/1269/1275
f 1911/1196/1202 1913/1238/1244 2005/1361/1367
f 1911/1196/1202 2005/1361/1367 1978/1307/1313
f 1978/1307/1313 2005/1361/1367 2055/1338/1344
f 1955/1255/1261 1868/1254/1260 1982/1310/1316
f 2066/1328/1334 1926/1290/1296 1982/1310/1316
f 1957/1293/1299 2007/1362/1368 2008/1325/1331
f 2007/1362/1368 1957/1293/1299 2006/1363/1369
f 2008/1325/1331 2007/1362/1368 2009/1364/1370
f 1898/1170/1176 2011/1169/1175 2010/1365/1371
f 1875/1272/1278 1900/1271/1277 2006/1363/1369
f 2063/1366/1372 1900/1271/1277 1899/1292/1298
f 1875/1272/1278 2006/1363/1369 1957/1293/1299
f 1900/1271/1277 2095/1367/1373 2006/1363/1369
f 1969/1368/1374 2008/1325/1331 2009/1364/1370
f 1898/1170/1176 2010/1365/1371 1899/1292/1298
f 2063/1366/1372 1899/1292/1298 2188/1369/1375
f 2010/1365/1371 2188/1369/1375 1899/1292/1298
f 2009/1364/1370 2012/1370/1376 1969/1368/1374
f 1986/1311/1317 1872/1291/1297 2013/1371/1377
f 2066/1328/1334 2013/1371/1377 1872/1291/1297
f 2014/1372/1378 1986/1311/1317 2013/1371/1377
f 2011/1169/1175 1986/1311/1317 2014/1372/1378
f 1961/1295/1301 1962/1220/1226 2015/1329/1335
f 1983/1205/1211 2015/1329/1335 1962/1220/1226
f 2016/1373/1379 1961/1295/1301 2015/1329/1335
f 1922/1163/1169 1947/1162/1168 1980/1266/1272
f 2154/1374/1380 1958/1242/1248 1942/1241/1247
f 1952/1275/1281 2017/1375/1381 1959/1206/1212
f 2017/1375/1381 2018/1347/1353 2020/1376/1382
f 2022/1377/1383 2020/1376/1382 2018/1347/1353
f 2019/1346/1352 2022/1377/1383 2018/1347/1353
f 2019/1346/1352 1927/1339/1345 2021/1378/1384
f 2021/1378/1384 2152/1379/1385 2150/1380/1386
f 1960/1209/1215 1990/1345/1351 2017/1375/1381
f 1960/1209/1215 2017/1375/1381 1952/1275/1281
f 2017/1375/1381 1990/1345/1351 2018/1347/1353
f 2017/1375/1381 2020/1376/1382 1976/1204/1210
f 2020/1376/1382 2022/1377/1383 2097/1381/1387
f 1930/1215/1221 1944/1262/1268 2041/1353/1359
f 2004/1276/1282 2041/1353/1359 1944/1262/1268
f 2039/1382/1388 2023/1324/1330 1931/1281/1287
f 2037/1383/1389 1994/1349/1355 2038/1350/1356
f 2037/1383/1389 2023/1324/1330 2039/1382/1388
f 1981/1308/1314 2023/1324/1330 2037/1383/1389
f 1974/1309/1315 2069/1287/1293 2070/1384/1390
f 1973/1327/1333 2075/1385/1391 1946/1188/1194
f 1901/1240/1246 2008/1325/1331 1969/1368/1374
f 2026/1335/1341 2154/1374/1380 1942/1241/1247
f 1901/1240/1246 2077/1386/1392 2026/1335/1341
f 1901/1240/1246 1969/1368/1374 2077/1386/1392
f 1969/1368/1374 2012/1370/1376 2077/1386/1392
f 2029/1387/1393 2027/1388/1394 1956/1316/1322
f 1956/1316/1322 2030/1315/1321 2029/1387/1393
f 2027/1388/1394 1941/1332/1338 1956/1316/1322
f 2028/1389/1395 2027/1388/1394 2029/1387/1393
f 2031/1390/1396 2079/1391/1397 2028/1389/1395
f 1935/1313/1319 2033/1392/1398 1936/1319/1325
f 2116/1393/1399 2033/1392/1398 2115/1394/1400
f 2032/1330/1336 2099/1395/1401 1929/1320/1326
f 2033/1392/1398 1935/1313/1319 2034/1334/1340
f 2033/1392/1398 2032/1330/1336 1936/1319/1325
f 2033/1392/1398 2034/1334/1340 2115/1394/1400
f 2154/1374/1380 2129/1294/1300 1958/1242/1248
f 1980/1266/1272 1981/1308/1314 2038/1350/1356
f 1981/1308/1314 2037/1383/1389 2038/1350/1356
f 1922/1163/1169 1980/1266/1272 2038/1350/1356
f 2039/1382/1388 2040/1396/1402 2037/1383/1389
f 2042/1397/1403 2043/1398/1404 1966/1227/1233
f 2041/1353/1359 2042/1397/1403 1966/1227/1233
f 2046/1399/1405 2043/1398/1404 2042/1397/1403
f 2041/1353/1359 2081/1400/1406 2042/1397/1403
f 2043/1398/1404 1970/1341/1347 1977/1297/1303
f 2043/1398/1404 2048/1401/1407 1970/1341/1347
f 2047/1402/1408 2046/1399/1405 2042/1397/1403
f 1966/1227/1233 2043/1398/1404 1977/1297/1303
f 2043/1398/1404 2046/1399/1405 2048/1401/1407
f 1991/1340/1346 2083/1343/1349 2034/1334/1340
f 2048/1401/1407 2051/1342/1348 1991/1340/1346
f 1991/1340/1346 1970/1341/1347 2048/1401/1407
f 2051/1342/1348 2048/1401/1407 2044/1403/1409
f 2048/1401/1407 2046/1399/1405 2049/1404/1410
f 2049/1404/1410 2046/1399/1405 2047/1402/1408
f 2048/1401/1407 2049/1404/1410 2044/1403/1409
f 2036/1405/1411 2044/1403/1409 2049/1404/1410
f 2050/1406/1412 2049/1404/1410 2047/1402/1408
f 2049/1404/1410 2053/1407/1413 2052/1408/1414
f 2049/1404/1410 2052/1408/1414 2036/1405/1411
f 2053/1407/1413 2049/1404/1410 2050/1406/1412
f 2117/1409/1415 2053/1407/1413 2050/1406/1412
f 2050/1406/1412 2047/1402/1408 2042/1397/1403
f 2056/1410/1416 1998/1252/1258 1975/1300/1306
f 1998/1252/1258 2054/1411/1417 1913/1238/1244
f 2005/1361/1367 1913/1238/1244 2054/1411/1417
f 2055/1338/1344 2005/1361/1367 2054/1411/1417
f 2056/1410/1416 2055/1338/1344 2054/1411/1417
f 2055/1338/1344 2056/1410/1416 2057/1412/1418
f 2058/1413/1419 1940/1285/1291 1919/1222/1228
f 1919/1222/1228 1925/1223/1229 2058/1413/1419
f 1985/1321/1327 2059/1414/1420 2001/1357/1363
f 2059/1414/1420 1985/1321/1327 2055/1338/1344
f 2001/1357/1363 1984/1326/1332 1979/1323/1329
f 2059/1414/1420 2057/1412/1418 2060/1415/1421
f 2001/1357/1363 2059/1414/1420 2060/1415/1421
f 2002/1268/1274 1993/1269/1275 2061/1416/1422
f 2061/1416/1422 1993/1269/1275 2093/1348/1354
f 2144/1417/1423 2094/1359/1365 2062/1358/1364
f 2122/1418/1424 1939/1360/1366 2094/1359/1365
f 2058/1413/1419 2002/1268/1274 1939/1360/1366
f 2058/1413/1419 1925/1223/1229 2002/1268/1274
f 1900/1271/1277 2063/1366/1372 2095/1367/1373
f 2217/1419/1425 2012/1370/1376 2009/1364/1370
f 2217/1419/1425 2214/1420/1426 2012/1370/1376
f 2014/1372/1378 2064/1421/1427 2011/1169/1175
f 2065/1422/1428 2013/1371/1377 2066/1328/1334
f 2013/1371/1377 2065/1422/1428 2014/1372/1378
f 2078/1423/1429 2066/1328/1334 2035/1302/1308
f 2078/1423/1429 2035/1302/1308 2080/1337/1343
f 2066/1328/1334 2078/1423/1429 2165/1424/1430
f 2162/1296/1302 1961/1295/1301 2016/1373/1379
f 2017/1375/1381 1976/1204/1210 1959/1206/1212
f 2150/1380/1386 2022/1377/1383 2019/1346/1352
f 1929/1320/1326 2099/1395/1401 2098/1425/1431
f 1931/1281/1287 1967/1299/1305 2098/1425/1431
f 2040/1396/1402 2039/1382/1388 2024/1426/1432
f 2040/1396/1402 2024/1426/1432 2093/1348/1354
f 1835/1279/1285 1931/1281/1287 2023/1324/1330
f 1974/1309/1315 2025/1286/1292 2069/1287/1293
f 2070/1384/1390 2069/1287/1293 1997/1288/1294
f 1997/1288/1294 2071/1352/1358 2070/1384/1390
f 1974/1309/1315 2070/1384/1390 2073/1427/1433
f 2070/1384/1390 2072/1428/1434 2073/1427/1433
f 2072/1428/1434 2070/1384/1390 2071/1352/1358
f 2071/1352/1358 2124/1429/1435 2072/1428/1434
f 1974/1309/1315 2073/1427/1433 2074/1322/1328
f 2130/1430/1436 1975/1300/1306 2102/1431/1437
f 2075/1385/1391 1923/1183/1189 1946/1188/1194
f 1995/1351/1357 1968/1232/1238 2142/1331/1337
f 1923/1183/1189 2075/1385/1391 2076/1250/1256
f 2142/1331/1337 2143/1432/1438 1995/1351/1357
f 2075/1385/1391 2000/1356/1362 2076/1250/1256
f 2080/1337/1343 1941/1332/1338 2027/1388/1394
f 2028/1389/1395 2078/1423/1429 2027/1388/1394
f 2078/1423/1429 2080/1337/1343 2027/1388/1394
f 2079/1391/1397 2078/1423/1429 2028/1389/1395
f 2103/1433/1439 2031/1390/1396 2111/1434/1440
f 2031/1390/1396 2103/1433/1439 2104/1435/1441
f 2079/1391/1397 2165/1424/1430 2078/1423/1429
f 2104/1435/1441 2079/1391/1397 2031/1390/1396
f 2108/1436/1442 2028/1389/1395 2029/1387/1393
f 2030/1315/1321 2108/1436/1442 2029/1387/1393
f 2108/1436/1442 2109/1437/1443 2028/1389/1395
f 2107/1438/1444 2030/1315/1321 1984/1326/1332
f 2034/1334/1340 2083/1343/1349 2115/1394/1400
f 1878/1243/1249 2096/1439/1445 1927/1339/1345
f 2129/1294/1300 2096/1439/1445 1878/1243/1249
f 1994/1349/1355 2040/1396/1402 2093/1348/1354
f 1994/1349/1355 2037/1383/1389 2040/1396/1402
f 2041/1353/1359 2004/1276/1282 1963/1277/1283
f 2041/1353/1359 1963/1277/1283 2081/1400/1406
f 2042/1397/1403 2081/1400/1406 2050/1406/1412
f 2081/1400/1406 2157/1440/1446 2050/1406/1412
f 2044/1403/1409 2036/1405/1411 2082/1441/1447
f 2051/1342/1348 2044/1403/1409 2083/1343/1349
f 2148/1442/1448 2085/1443/1449 2086/1444/1450
f 2036/1405/1411 2052/1408/1414 2085/1443/1449
f 2085/1443/1449 2052/1408/1414 2086/1444/1450
f 2052/1408/1414 2053/1407/1413 2045/1445/1451
f 2146/1446/1452 2003/1447/1453 2144/1417/1423
f 2137/1448/1454 2087/1449/1455 2086/1444/1450
f 2087/1449/1455 2148/1442/1448 2086/1444/1450
f 2056/1410/1416 2054/1411/1417 1998/1252/1258
f 2000/1356/1362 2075/1385/1391 1973/1327/1333
f 1984/1326/1332 2001/1357/1363 2088/1450/1456
f 1984/1326/1332 2088/1450/1456 2107/1438/1444
f 2055/1338/1344 2057/1412/1418 2059/1414/1420
f 1940/1285/1291 2092/1451/1457 1845/1284/1290
f 1845/1284/1290 2092/1451/1457 1938/1282/1288
f 2089/1452/1458 2058/1413/1419 1939/1360/1366
f 2089/1452/1458 2090/1453/1459 2058/1413/1419
f 1940/1285/1291 2058/1413/1419 2090/1453/1459
f 2089/1452/1458 1939/1360/1366 2126/1454/1460
f 2089/1452/1458 2091/1455/1461 2123/1456/1462
f 2123/1456/1462 2090/1453/1459 2089/1452/1458
f 2090/1453/1459 2125/1457/1463 2092/1451/1457
f 2090/1453/1459 2092/1451/1457 1940/1285/1291
f 2061/1416/1422 2062/1358/1364 2002/1268/1274
f 2126/1454/1460 1939/1360/1366 2171/1458/1464
f 2011/1169/1175 2064/1421/1427 2010/1365/1371
f 2175/1459/1465 2077/1386/1392 2012/1370/1376
f 2160/1318/1324 1963/1277/1283 1988/1304/1310
f 1927/1339/1345 2096/1439/1445 2021/1378/1384
f 2039/1382/1388 1931/1281/1287 2098/1425/1431
f 2024/1426/1432 2039/1382/1388 2098/1425/1431
f 2024/1426/1432 2098/1425/1431 2099/1395/1401
f 2068/1460/1466 2024/1426/1432 2099/1395/1401
f 1929/1320/1326 2098/1425/1431 1967/1299/1305
f 1995/1351/1357 2143/1432/1438 2071/1352/1358
f 2124/1429/1435 2155/1461/1467 2072/1428/1434
f 2131/1462/1468 2102/1431/1437 2074/1322/1328
f 1866/1333/1339 1941/1332/1338 2080/1337/1343
f 2104/1435/1441 2165/1424/1430 2079/1391/1397
f 2165/1424/1430 2104/1435/1441 2164/1463/1469
f 2106/1464/1470 2104/1435/1441 2103/1433/1439
f 2103/1433/1439 2105/1465/1471 2106/1464/1470
f 2164/1463/1469 2014/1372/1378 2065/1422/1428
f 2188/1369/1375 2106/1464/1470 2105/1465/1471
f 2109/1437/1443 2108/1436/1442 2107/1438/1444
f 2109/1437/1443 2107/1438/1444 2110/1466/1472
f 2110/1466/1472 2114/1467/1473 2133/1468/1474
f 2109/1437/1443 2110/1466/1472 2111/1434/1440
f 2107/1438/1444 2088/1450/1456 2140/1469/1475
f 2110/1466/1472 2107/1438/1444 2140/1469/1475
f 2140/1469/1475 2114/1467/1473 2110/1466/1472
f 2060/1415/1421 2130/1430/1436 2102/1431/1437
f 2088/1450/1456 2001/1357/1363 2112/1470/1476
f 2167/1471/1477 2114/1467/1473 2113/1472/1478
f 2111/1434/1440 2110/1466/1472 2133/1468/1474
f 2088/1450/1456 2112/1470/1476 2140/1469/1475
f 2030/1315/1321 2107/1438/1444 2108/1436/1442
f 2032/1330/1336 2033/1392/1398 2116/1393/1399
f 2068/1460/1466 2099/1395/1401 2116/1393/1399
f 2116/1393/1399 2099/1395/1401 2032/1330/1336
f 2115/1394/1400 2084/1473/1479 2116/1393/1399
f 2116/1393/1399 2084/1473/1479 2135/1474/1480
f 2116/1393/1399 2135/1474/1480 2067/1475/1481
f 2117/1409/1415 2050/1406/1412 2158/1476/1482
f 2044/1403/1409 2082/1441/1447 2083/1343/1349
f 2136/1477/1483 2148/1442/1448 2087/1449/1455
f 2052/1408/1414 2045/1445/1451 2086/1444/1450
f 2045/1445/1451 2118/1478/1484 2137/1448/1454
f 2045/1445/1451 2053/1407/1413 2118/1478/1484
f 2118/1478/1484 2053/1407/1413 2117/1409/1415
f 2117/1409/1415 2120/1479/1485 2118/1478/1484
f 2120/1479/1485 2117/1409/1415 2119/1480/1486
f 2050/1406/1412 2157/1440/1446 2158/1476/1482
f 2117/1409/1415 2158/1476/1482 2119/1480/1486
f 2139/1481/1487 2137/1448/1454 2138/1482/1488
f 2138/1482/1488 2137/1448/1454 2216/1483/1489
f 2149/1484/1490 2189/1485/1491 2097/1381/1387
f 2118/1478/1484 2120/1479/1485 2216/1483/1489
f 2137/1448/1454 2118/1478/1484 2216/1483/1489
f 2056/1410/1416 2130/1430/1436 2057/1412/1418
f 2000/1356/1362 2142/1331/1337 2076/1250/1256
f 2000/1356/1362 2121/1355/1361 2142/1331/1337
f 2001/1357/1363 2060/1415/1421 2112/1470/1476
f 2130/1430/1436 2060/1415/1421 2057/1412/1418
f 2125/1457/1463 2121/1355/1361 1938/1282/1288
f 2092/1451/1457 2125/1457/1463 1938/1282/1288
f 2122/1418/1424 2171/1458/1464 1939/1360/1366
f 2094/1359/1365 2003/1447/1453 2122/1418/1424
f 2143/1432/1438 2125/1457/1463 2124/1429/1435
f 2124/1429/1435 2090/1453/1459 2123/1456/1462
f 2125/1457/1463 2090/1453/1459 2124/1429/1435
f 2091/1455/1461 2196/1486/1492 2123/1456/1462
f 2061/1416/1422 2093/1348/1354 2100/1487/1493
f 2093/1348/1354 2024/1426/1432 2100/1487/1493
f 2024/1426/1432 2068/1460/1466 2100/1487/1493
f 2061/1416/1422 2100/1487/1493 2127/1488/1494
f 2127/1488/1494 2062/1358/1364 2061/1416/1422
f 2127/1488/1494 2144/1417/1423 2062/1358/1364
f 2068/1460/1466 2128/1489/1495 2100/1487/1493
f 2127/1488/1494 2100/1487/1493 2128/1489/1495
f 2128/1489/1495 2068/1460/1466 2067/1475/1481
f 2007/1362/1368 2180/1490/1496 2009/1364/1370
f 2164/1463/1469 2064/1421/1427 2014/1372/1378
f 2164/1463/1469 2106/1464/1470 2064/1421/1427
f 2015/1329/1335 1976/1204/1210 2020/1376/1382
f 2189/1485/1491 2015/1329/1335 2020/1376/1382
f 2020/1376/1382 2097/1381/1387 2189/1485/1491
f 2016/1373/1379 2015/1329/1335 2189/1485/1491
f 2073/1427/1433 2131/1462/1468 2074/1322/1328
f 2130/1430/1436 2056/1410/1416 1975/1300/1306
f 2060/1415/1421 2102/1431/1437 2101/1491/1497
f 2101/1491/1497 2112/1470/1476 2060/1415/1421
f 2102/1431/1437 1975/1300/1306 2074/1322/1328
f 2102/1431/1437 2131/1462/1468 2101/1491/1497
f 2132/1492/1498 2081/1400/1406 1963/1277/1283
f 1963/1277/1283 2160/1318/1324 2132/1492/1498
f 2031/1390/1396 2028/1389/1395 2109/1437/1443
f 2133/1468/1474 2167/1471/1477 2166/1493/1499
f 2133/1468/1474 2114/1467/1473 2167/1471/1477
f 2031/1390/1396 2109/1437/1443 2111/1434/1440
f 2101/1491/1497 2141/1494/1500 2113/1472/1478
f 2101/1491/1497 2131/1462/1468 2141/1494/1500
f 2134/1495/1501 2141/1494/1500 2196/1486/1492
f 2116/1393/1399 2067/1475/1481 2068/1460/1466
f 2084/1473/1479 2115/1394/1400 2083/1343/1349
f 2082/1441/1447 2036/1405/1411 2085/1443/1449
f 2086/1444/1450 2045/1445/1451 2137/1448/1454
f 2139/1481/1487 2087/1449/1455 2137/1448/1454
f 2113/1472/1478 2134/1495/1501 2167/1471/1477
f 2113/1472/1478 2114/1467/1473 2140/1469/1475
f 2112/1470/1476 2113/1472/1478 2140/1469/1475
f 2113/1472/1478 2112/1470/1476 2101/1491/1497
f 2143/1432/1438 2142/1331/1337 2121/1355/1361
f 2121/1355/1361 2125/1457/1463 2143/1432/1438
f 2124/1429/1435 2071/1352/1358 2143/1432/1438
f 2089/1452/1458 2126/1454/1460 2091/1455/1461
f 2126/1454/1460 2171/1458/1464 2172/1496/1502
f 2172/1496/1502 2091/1455/1461 2126/1454/1460
f 2127/1488/1494 2145/1497/1503 2144/1417/1423
f 2146/1446/1452 2144/1417/1423 2145/1497/1503
f 2147/1498/1504 2146/1446/1452 2145/1497/1503
f 2148/1442/1448 2136/1477/1483 2147/1498/1504
f 2003/1447/1453 2146/1446/1452 2170/1499/1505
f 2148/1442/1448 2147/1498/1504 2173/1500/1506
f 2128/1489/1495 2173/1500/1506 2145/1497/1503
f 2127/1488/1494 2128/1489/1495 2145/1497/1503
f 2012/1370/1376 2214/1420/1426 2175/1459/1465
f 2064/1421/1427 2106/1464/1470 2188/1369/1375
f 2097/1381/1387 2150/1380/1386 2149/1484/1490
f 2022/1377/1383 2150/1380/1386 2097/1381/1387
f 2151/1501/1507 2149/1484/1490 2150/1380/1386
f 2152/1379/1385 2151/1501/1507 2150/1380/1386
f 2019/1346/1352 2021/1378/1384 2150/1380/1386
f 2129/1294/1300 2153/1502/1508 2152/1379/1385
f 2149/1484/1490 2151/1501/1507 2176/1503/1509
f 2178/1504/1510 2154/1374/1380 2026/1335/1341
f 2178/1504/1510 2129/1294/1300 2154/1374/1380
f 2073/1427/1433 2155/1461/1467 2131/1462/1468
f 2196/1486/1492 2155/1461/1467 2124/1429/1435
f 2196/1486/1492 2124/1429/1435 2123/1456/1462
f 2155/1461/1467 2073/1427/1433 2072/1428/1434
f 2155/1461/1467 2141/1494/1500 2131/1462/1468
f 2155/1461/1467 2196/1486/1492 2141/1494/1500
f 2157/1440/1446 2081/1400/1406 2132/1492/1498
f 2156/1505/1511 2157/1440/1446 2132/1492/1498
f 2156/1505/1511 2161/1506/1512 2157/1440/1446
f 2158/1476/1482 2161/1506/1512 2119/1480/1486
f 2157/1440/1446 2161/1506/1512 2158/1476/1482
f 2119/1480/1486 2205/1507/1513 2120/1479/1485
f 2120/1479/1485 2205/1507/1513 2216/1483/1489
f 2205/1507/1513 2119/1480/1486 2159/1508/1514
f 2160/1318/1324 2156/1505/1511 2132/1492/1498
f 2162/1296/1302 2161/1506/1512 2156/1505/1511
f 2156/1505/1511 2160/1318/1324 2162/1296/1302
f 2162/1296/1302 2016/1373/1379 2161/1506/1512
f 2077/1386/1392 2175/1459/1465 2193/1509/1515
f 2166/1493/1499 2163/1510/1516 2105/1465/1471
f 2133/1468/1474 2105/1465/1471 2103/1433/1439
f 2133/1468/1474 2103/1433/1439 2111/1434/1440
f 2164/1463/1469 2104/1435/1441 2106/1464/1470
f 2179/1511/1517 2166/1493/1499 2167/1471/1477
f 2134/1495/1501 2196/1486/1492 2197/1512/1518
f 2197/1512/1518 2181/1513/1519 2134/1495/1501
f 2181/1513/1519 2167/1471/1477 2134/1495/1501
f 2083/1343/1349 2082/1441/1447 2084/1473/1479
f 2084/1473/1479 2082/1441/1447 2135/1474/1480
f 2082/1441/1447 2148/1442/1448 2135/1474/1480
f 2128/1489/1495 2067/1475/1481 2173/1500/1506
f 2135/1474/1480 2173/1500/1506 2067/1475/1481
f 2148/1442/1448 2173/1500/1506 2135/1474/1480
f 2168/1514/1520 2136/1477/1483 2203/1515/1521
f 2203/1515/1521 2136/1477/1483 2087/1449/1455
f 2168/1514/1520 2203/1515/1521 2211/1516/1522
f 2146/1446/1452 2168/1514/1520 2202/1517/1523
f 2146/1446/1452 2202/1517/1523 2169/1518/1524
f 2211/1516/1522 2202/1517/1523 2168/1514/1520
f 2146/1446/1452 2169/1518/1524 2170/1499/1505
f 2138/1482/1488 2207/1519/1525 2139/1481/1487
f 2203/1515/1521 2087/1449/1455 2139/1481/1487
f 2171/1458/1464 2187/1520/1526 2172/1496/1502
f 2094/1359/1365 2144/1417/1423 2003/1447/1453
f 2187/1520/1526 2122/1418/1424 2170/1499/1505
f 2003/1447/1453 2170/1499/1505 2122/1418/1424
f 2171/1458/1464 2122/1418/1424 2187/1520/1526
f 2146/1446/1452 2147/1498/1504 2168/1514/1520
f 2168/1514/1520 2147/1498/1504 2136/1477/1483
f 2147/1498/1504 2145/1497/1503 2173/1500/1506
f 2148/1442/1448 2082/1441/1447 2085/1443/1449
f 2218/1521/1527 2215/1522/1528 2217/1419/1425
f 2180/1490/1496 2217/1419/1425 2009/1364/1370
f 2214/1420/1426 2217/1419/1425 2215/1522/1528
f 2010/1365/1371 2064/1421/1427 2188/1369/1375
f 2180/1490/1496 2007/1362/1368 2006/1363/1369
f 2180/1490/1496 2006/1363/1369 2163/1510/1516
f 2161/1506/1512 2016/1373/1379 2189/1485/1491
f 2190/1523/1529 2149/1484/1490 2176/1503/1509
f 2177/1524/1530 2191/1525/1531 2176/1503/1509
f 2176/1503/1509 2151/1501/1507 2177/1524/1530
f 2153/1502/1508 2151/1501/1507 2152/1379/1385
f 2152/1379/1385 2096/1439/1445 2129/1294/1300
f 2152/1379/1385 2021/1378/1384 2096/1439/1445
f 2178/1504/1510 2026/1335/1341 2193/1509/1515
f 2193/1509/1515 2026/1335/1341 2077/1386/1392
f 2153/1502/1508 2129/1294/1300 2178/1504/1510
f 2159/1508/1514 2119/1480/1486 2161/1506/1512
f 2066/1328/1334 2165/1424/1430 2065/1422/1428
f 2165/1424/1430 2164/1463/1469 2065/1422/1428
f 2063/1366/1372 2188/1369/1375 2105/1465/1471
f 2163/1510/1516 2063/1366/1372 2105/1465/1471
f 2141/1494/1500 2134/1495/1501 2113/1472/1478
f 2183/1526/1532 2181/1513/1519 2197/1512/1518
f 2183/1526/1532 2197/1512/1518 2172/1496/1502
f 2183/1526/1532 2172/1496/1502 2182/1527/1533
f 2201/1528/1534 2181/1513/1519 2183/1526/1532
f 2183/1526/1532 2182/1527/1533 2184/1529/1535
f 2170/1499/1505 2185/1530/1536 2187/1520/1526
f 2170/1499/1505 2169/1518/1524 2185/1530/1536
f 2206/1531/1537 2207/1519/1525 2138/1482/1488
f 2172/1496/1502 2196/1486/1492 2091/1455/1461
f 2163/1510/1516 2095/1367/1373 2063/1366/1372
f 2163/1510/1516 2006/1363/1369 2095/1367/1373
f 2175/1459/1465 2214/1420/1426 2195/1532/1538
f 2161/1506/1512 2189/1485/1491 2159/1508/1514
f 2205/1507/1513 2159/1508/1514 2189/1485/1491
f 2189/1485/1491 2149/1484/1490 2205/1507/1513
f 2190/1523/1529 2205/1507/1513 2149/1484/1490
f 2190/1523/1529 2176/1503/1509 2191/1525/1531
f 2193/1509/1515 2192/1533/1539 2194/1534/1540
f 2193/1509/1515 2175/1459/1465 2192/1533/1539
f 2194/1534/1540 2153/1502/1508 2178/1504/1510
f 2212/1535/1541 2192/1533/1539 2174/1536/1542
f 2197/1512/1518 2196/1486/1492 2172/1496/1502
f 2182/1527/1533 2186/1537/1543 2198/1538/1544
f 2200/1539/1545 2199/1540/1546 2185/1530/1536
f 2200/1539/1545 2221/1541/1547 2199/1540/1546
f 2199/1540/1546 2198/1538/1544 2186/1537/1543
f 2181/1513/1519 2201/1528/1534 2167/1471/1477
f 2184/1529/1535 2201/1528/1534 2183/1526/1532
f 2201/1528/1534 2179/1511/1517 2167/1471/1477
f 2198/1538/1544 2184/1529/1535 2182/1527/1533
f 2169/1518/1524 2200/1539/1545 2185/1530/1536
f 2187/1520/1526 2185/1530/1536 2186/1537/1543
f 2186/1537/1543 2185/1530/1536 2199/1540/1546
f 2187/1520/1526 2186/1537/1543 2182/1527/1533
f 2172/1496/1502 2187/1520/1526 2182/1527/1533
f 2207/1519/1525 2203/1515/1521 2139/1481/1487
f 2211/1516/1522 2203/1515/1521 2223/1542/1548
f 2223/1542/1548 2203/1515/1521 2207/1519/1525
f 2174/1536/1542 2195/1532/1538 2204/1543/1549
f 2191/1525/1531 2206/1531/1537 2190/1523/1529
f 2138/1482/1488 2216/1483/1489 2206/1531/1537
f 2227/1544/1550 2212/1535/1541 2226/1545/1551
f 2208/1546/1552 2177/1524/1530 2153/1502/1508
f 2153/1502/1508 2177/1524/1530 2151/1501/1507
f 2178/1504/1510 2193/1509/1515 2194/1534/1540
f 2213/1547/1553 2192/1533/1539 2212/1535/1541
f 2204/1543/1549 2226/1545/1551 2174/1536/1542
f 2226/1545/1551 2212/1535/1541 2174/1536/1542
f 2194/1534/1540 2208/1546/1552 2153/1502/1508
f 2192/1533/1539 2175/1459/1465 2174/1536/1542
f 2175/1459/1465 2195/1532/1538 2174/1536/1542
f 2179/1511/1517 2180/1490/1496 2163/1510/1516
f 2184/1529/1535 2209/1548/1554 2201/1528/1534
f 2210/1549/1555 2209/1548/1554 2184/1529/1535
f 2198/1538/1544 2210/1549/1555 2184/1529/1535
f 2166/1493/1499 2179/1511/1517 2163/1510/1516
f 2105/1465/1471 2133/1468/1474 2166/1493/1499
f 2201/1528/1534 2209/1548/1554 2179/1511/1517
f 2209/1548/1554 2218/1521/1527 2179/1511/1517
f 2210/1549/1555 2215/1522/1528 2209/1548/1554
f 2215/1522/1528 2218/1521/1527 2209/1548/1554
f 2213/1547/1553 2194/1534/1540 2192/1533/1539
f 2204/1543/1549 2219/1550/1556 2226/1545/1551
f 2210/1549/1555 2214/1420/1426 2215/1522/1528
f 2220/1551/1557 2214/1420/1426 2210/1549/1555
f 2179/1511/1517 2218/1521/1527 2180/1490/1496
f 2220/1551/1557 2195/1532/1538 2214/1420/1426
f 2206/1531/1537 2216/1483/1489 2190/1523/1529
f 2190/1523/1529 2216/1483/1489 2205/1507/1513
f 2207/1519/1525 2206/1531/1537 2191/1525/1531
f 2208/1546/1552 2191/1525/1531 2177/1524/1530
f 2180/1490/1496 2218/1521/1527 2217/1419/1425
f 2221/1541/1547 2200/1539/1545 2202/1517/1523
f 2202/1517/1523 2200/1539/1545 2169/1518/1524
f 2198/1538/1544 2222/1552/1558 2220/1551/1557
f 2198/1538/1544 2199/1540/1546 2222/1552/1558
f 2222/1552/1558 2199/1540/1546 2221/1541/1547
f 2198/1538/1544 2220/1551/1557 2210/1549/1555
f 2211/1516/1522 2223/1542/1548 2224/1553/1559
f 2208/1546/1552 2194/1534/1540 2213/1547/1553
f 2227/1544/1550 2225/1554/1560 2213/1547/1553
f 2221/1541/1547 2202/1517/1523 2219/1550/1556
f 2195/1532/1538 2220/1551/1557 2222/1552/1558
f 2222/1552/1558 2221/1541/1547 2204/1543/1549
f 2204/1543/1549 2195/1532/1538 2222/1552/1558
f 2219/1550/1556 2211/1516/1522 2224/1553/1559
f 2219/1550/1556 2202/1517/1523 2211/1516/1522
f 2219/1550/1556 2204/1543/1549 2221/1541/1547
f 2224/1553/1559 2226/1545/1551 2219/1550/1556
f 2223/1542/1548 2207/1519/1525 2225/1554/1560
f 2227/1544/1550 2213/1547/1553 2212/1535/1541
f 2225/1554/1560 2208/1546/1552 2213/1547/1553
f 2227/1544/1550 2226/1545/1551 2224/1553/1559
f 2224/1553/1559 2223/1542/1548 2227/1544/1550
f 2227/1544/1550 2223/1542/1548 2225/1554/1560
f 2207/1519/1525 2208/1546/1552 2225/1554/1560
f 2207/1519/1525 2191/1525/1531 2208/1546/1552
f 2320/1555/1561 2319/1556/1562 2321/1557/1563
f 2322/1558/1564 2495/1559/1565 2323/1560/1566
f 2335/1561/1567 2334/1562/1568 2336/1563/1569
f 2345/1564/1570 2344/1565/1571 2484/1566/1572
f 2356/1567/1573 2358/1568/1574 2357/1569/1575
f 2373/1570/1576 2490/1571/1577 2374/1572/1578
f 2378/1573/1579 2377/1574/1580 2494/1575/1581
f 2392/1576/1582 2394/1577/1583 2393/1578/1584
f 2408/1579/1585 2407/1580/1586 2409/1581/1587
f 2414/1582/1588 2481/1583/1589 2415/1584/1590
f 2438/1585/1591 2437/1586/1592 2439/1587/1593
f 2442/1588/1594 2483/1589/1595 2443/1590/1596
f 2513/1591/1597 2514/1592/1598 2563/1593/1599
f 2502/1594/1600 2574/1595/1601 2501/1596/1602
f 2536/1597/1603 2606/1598/1604 2573/1599/1605
f 2500/1600/1606 2501/1596/1602 2574/1595/1601
f 2588/1601/1607 2530/1602/1608 2531/1603/1609
f 2510/1604/1610 2597/1605/1611 2603/1606/1612
f 2613/1607/1613 2497/1608/1614 2498/1609/1615
f 2516/1610/1616 2741/1611/1617 2677/1612/1618
f 2570/1613/1619 2574/1595/1601 2503/1614/1620
f 2496/1615/1621 2497/1608/1614 2575/1616/1622
f 2551/1617/1623 2552/1618/1624 2598/1619/1625
f 2598/1619/1625 2552/1618/1624 2595/1620/1626
f 2613/1607/1613 2575/1616/1622 2497/1608/1614
f 2553/1621/1627 2595/1620/1626 2552/1618/1624
f 2586/1622/1628 2557/1623/1629 2558/1624/1630
f 2499/1625/1631 2582/1626/1632 2571/1627/1633
f 2642/1628/1634 2572/1629/1635 2554/1630/1636
f 2577/1631/1637 2574/1595/1601 2636/1632/1638
f 2542/1633/1639 2576/1634/1640 2578/1635/1641
f 2587/1636/1642 2531/1603/1609 2532/1637/1643
f 2566/1638/1644 2559/1639/1645 2496/1615/1621
f 2546/1640/1646 2591/1641/1647 2545/1642/1648
f 2532/1637/1643 2600/1643/1649 2587/1636/1642
f 2576/1634/1640 2542/1633/1639 2543/1644/1650
f 2502/1594/1600 2503/1614/1620 2574/1595/1601
f 2538/1645/1651 2539/1646/1652 2599/1647/1653
f 2577/1631/1637 2500/1600/1606 2574/1595/1601
f 2528/1648/1654 2529/1649/1655 2567/1650/1656
f 2536/1597/1603 2537/1651/1657 2568/1652/1658
f 2499/1625/1631 2500/1600/1606 2582/1626/1632
f 2541/1653/1659 2542/1633/1639 2540/1654/1660
f 2555/1655/1661 2612/1656/1662 2614/1657/1663
f 2505/1658/1664 2506/1659/1665 2504/1660/1666
f 2555/1655/1661 2642/1628/1634 2554/1630/1636
f 2566/1638/1644 2586/1622/1628 2559/1639/1645
f 2601/1661/1667 2567/1650/1656 2611/1662/1668
f 2503/1614/1620 2504/1660/1666 2581/1663/1669
f 2496/1615/1621 2575/1616/1622 2566/1638/1644
f 2531/1603/1609 2587/1636/1642 2588/1601/1607
f 2570/1613/1619 2503/1614/1620 2581/1663/1669
f 2577/1631/1637 2582/1626/1632 2500/1600/1606
f 2599/1647/1653 2568/1652/1658 2538/1645/1651
f 2570/1613/1619 2636/1632/1638 2574/1595/1601
f 2542/1633/1639 2578/1635/1641 2540/1654/1660
f 2514/1592/1598 2564/1664/1670 2563/1593/1599
f 2686/1665/1671 2514/1592/1598 2515/1666/1672
f 2516/1610/1616 2517/1667/1673 2741/1611/1617
f 2568/1652/1658 2537/1651/1657 2538/1645/1651
f 2606/1598/1604 2536/1597/1603 2568/1652/1658
f 2572/1629/1635 2553/1621/1627 2554/1630/1636
f 2530/1602/1608 2588/1601/1607 2580/1668/1674
f 2530/1602/1608 2580/1668/1674 2529/1649/1655
f 2559/1639/1645 2586/1622/1628 2558/1624/1630
f 2545/1642/1648 2591/1641/1647 2544/1669/1675
f 2592/1670/1676 2576/1634/1640 2544/1669/1675
f 2567/1650/1656 2529/1649/1655 2580/1668/1674
f 2571/1627/1633 2498/1609/1615 2499/1625/1631
f 2597/1605/1611 2623/1671/1677 2603/1606/1612
f 2585/1672/1678 2521/1673/1679 2666/1674/1680
f 2586/1622/1628 2594/1675/1681 2557/1623/1629
f 2612/1656/1662 2555/1655/1661 2579/1676/1682
f 2579/1676/1682 2557/1623/1629 2612/1656/1662
f 2579/1676/1682 2555/1655/1661 2556/1677/1683
f 2572/1629/1635 2595/1620/1626 2553/1621/1627
f 2592/1670/1676 2544/1669/1675 2591/1641/1647
f 2544/1669/1675 2576/1634/1640 2543/1644/1650
f 2654/1678/1684 2534/1679/1685 2535/1680/1686
f 2686/1665/1671 2564/1664/1670 2514/1592/1598
f 2768/1681/1687 2741/1611/1617 2560/1682/1688
f 2565/1683/1689 2584/1684/1690 2680/1685/1691
f 2743/1686/1692 2518/1687/1693 2519/1688/1694
f 2520/1689/1695 2687/1690/1696 2519/1688/1694
f 2585/1672/1678 2520/1689/1695 2521/1673/1679
f 2624/1691/1697 2561/1692/1698 2562/1693/1699
f 2522/1694/1700 2608/1695/1701 2562/1693/1699
f 2513/1591/1597 2563/1593/1599 2512/1696/1702
f 2610/1697/1703 2625/1698/1704 2506/1659/1665
f 2591/1641/1647 2809/1699/1705 2729/1700/1706
f 2534/1679/1685 2590/1701/1707 2533/1702/1708
f 2527/1703/1709 2601/1661/1667 2620/1704/1710
f 2567/1650/1656 2580/1668/1674 2611/1662/1668
f 2580/1668/1674 2589/1705/1711 2611/1662/1668
f 2592/1670/1676 2591/1641/1647 2645/1706/1712
f 2571/1627/1633 2682/1707/1713 2498/1609/1615
f 2510/1604/1610 2603/1606/1612 2596/1708/1714
f 2523/1709/1715 2524/1710/1716 2656/1711/1717
f 2508/1712/1718 2593/1713/1719 2507/1714/1720
f 2612/1656/1662 2557/1623/1629 2594/1675/1681
f 2631/1715/1721 2550/1716/1722 2551/1617/1623
f 2540/1654/1660 2599/1647/1653 2539/1646/1652
f 2809/1699/1705 2546/1640/1646 2547/1717/1723
f 2627/1718/1724 2526/1719/1725 2620/1704/1710
f 2614/1657/1663 2642/1628/1634 2555/1655/1661
f 2588/1601/1607 2587/1636/1642 2607/1720/1726
f 2599/1647/1653 2540/1654/1660 2578/1635/1641
f 2578/1635/1641 2602/1721/1727 2599/1647/1653
f 2511/1722/1728 2583/1723/1729 2597/1605/1611
f 2609/1724/1730 2523/1709/1715 2656/1711/1717
f 2604/1725/1731 2593/1713/1719 2508/1712/1718
f 2605/1726/1732 2549/1727/1733 2550/1716/1722
f 2658/1728/1734 2525/1729/1735 2616/1730/1736
f 2627/1718/1724 2525/1729/1735 2526/1719/1725
f 2568/1652/1658 2599/1647/1653 2602/1721/1727
f 2602/1721/1727 2606/1598/1604 2568/1652/1658
f 2600/1643/1649 2532/1637/1643 2533/1702/1708
f 2527/1703/1709 2620/1704/1710 2526/1719/1725
f 2504/1660/1666 2506/1659/1665 2581/1663/1669
f 2572/1629/1635 2639/1731/1737 2595/1620/1626
f 2702/1732/1738 2657/1733/1739 2575/1616/1622
f 2596/1708/1714 2604/1725/1731 2509/1734/1740
f 2516/1610/1616 2677/1612/1618 2584/1684/1690
f 2741/1611/1617 2517/1667/1673 2560/1682/1688
f 2609/1724/1730 2522/1694/1700 2523/1709/1715
f 2609/1724/1730 2608/1695/1701 2522/1694/1700
f 2809/1699/1705 2547/1717/1723 2548/1735/1741
f 2593/1713/1719 2610/1697/1703 2507/1714/1720
f 2604/1725/1731 2508/1712/1718 2509/1734/1740
f 2610/1697/1703 2646/1736/1742 2625/1698/1704
f 2605/1726/1732 2550/1716/1722 2631/1715/1721
f 2591/1641/1647 2546/1640/1646 2809/1699/1705
f 2533/1702/1708 2590/1701/1707 2674/1737/1743
f 2600/1643/1649 2533/1702/1708 2674/1737/1743
f 2620/1704/1710 2601/1661/1667 2611/1662/1668
f 2575/1616/1622 2613/1607/1613 2702/1732/1738
f 2622/1738/1744 2563/1593/1599 2564/1664/1670
f 2512/1696/1702 2583/1723/1729 2511/1722/1728
f 2596/1708/1714 2509/1734/1740 2510/1604/1610
f 2588/1601/1607 2607/1720/1726 2589/1705/1711
f 2589/1705/1711 2607/1720/1726 2617/1739/1745
f 2583/1723/1729 2563/1593/1599 2622/1738/1744
f 2563/1593/1599 2583/1723/1729 2512/1696/1702
f 2605/1726/1732 2809/1699/1705 2548/1735/1741
f 2800/1740/1746 2809/1699/1705 2605/1726/1732
f 2614/1657/1663 2612/1656/1662 2615/1741/1747
f 2612/1656/1662 2594/1675/1681 2615/1741/1747
f 2594/1675/1681 2586/1622/1628 2566/1638/1644
f 2594/1675/1681 2566/1638/1644 2615/1741/1747
f 2598/1619/1625 2631/1715/1721 2551/1617/1623
f 2652/1742/1748 2656/1711/1717 2525/1729/1735
f 2616/1730/1736 2525/1729/1735 2627/1718/1724
f 2581/1663/1669 2506/1659/1665 2628/1743/1749
f 2580/1668/1674 2588/1601/1607 2589/1705/1711
f 2560/1682/1688 2517/1667/1673 2518/1687/1693
f 2608/1695/1701 2618/1744/1750 2626/1745/1751
f 2646/1736/1742 2610/1697/1703 2593/1713/1719
f 2641/1746/1752 2598/1619/1625 2595/1620/1626
f 2658/1728/1734 2659/1747/1753 2525/1729/1735
f 2621/1748/1754 2617/1739/1745 2607/1720/1726
f 2685/1749/1755 2603/1606/1612 2684/1750/1756
f 2608/1695/1701 2624/1691/1697 2562/1693/1699
f 2548/1735/1741 2549/1727/1733 2605/1726/1732
f 2611/1662/1668 2589/1705/1711 2689/1751/1757
f 2689/1751/1757 2617/1739/1745 2621/1748/1754
f 2736/1752/1758 2733/1753/1759 2621/1748/1754
f 2617/1739/1745 2689/1751/1757 2589/1705/1711
f 2743/1686/1692 2769/1754/1760 2518/1687/1693
f 2593/1713/1719 2604/1725/1731 2619/1755/1761
f 2639/1731/1737 2641/1746/1752 2595/1620/1626
f 2620/1704/1710 2689/1751/1757 2692/1756/1762
f 2611/1662/1668 2689/1751/1757 2620/1704/1710
f 2619/1755/1761 2604/1725/1731 2630/1757/1763
f 2619/1755/1761 2646/1736/1742 2593/1713/1719
f 2692/1756/1762 2627/1718/1724 2620/1704/1710
f 2518/1687/1693 2769/1754/1760 2560/1682/1688
f 2627/1718/1724 2661/1758/1764 2616/1730/1736
f 2647/1759/1765 2628/1743/1749 2625/1698/1704
f 2652/1742/1748 2618/1744/1750 2609/1724/1730
f 2624/1691/1697 2626/1745/1751 2653/1760/1766
f 2608/1695/1701 2626/1745/1751 2624/1691/1697
f 2665/1761/1767 2561/1692/1698 2653/1760/1766
f 2624/1691/1697 2653/1760/1766 2561/1692/1698
f 2630/1757/1763 2633/1762/1768 2619/1755/1761
f 2804/1763/1769 2605/1726/1732 2668/1764/1770
f 2629/1765/1771 2630/1757/1763 2604/1725/1731
f 2561/1692/1698 2665/1761/1767 2521/1673/1679
f 2632/1766/1772 2619/1755/1761 2633/1762/1768
f 2583/1723/1729 2623/1671/1677 2597/1605/1611
f 2804/1763/1769 2668/1764/1770 2720/1767/1773
f 2605/1726/1732 2631/1715/1721 2668/1764/1770
f 2598/1619/1625 2668/1764/1770 2631/1715/1721
f 2668/1764/1770 2598/1619/1625 2640/1768/1774
f 2641/1746/1752 2640/1768/1774 2598/1619/1625
f 2581/1663/1669 2628/1743/1749 2662/1769/1775
f 2581/1663/1669 2662/1769/1775 2570/1613/1619
f 2635/1770/1776 2636/1632/1638 2637/1771/1777
f 2638/1772/1778 2635/1770/1776 2637/1771/1777
f 2638/1772/1778 2582/1626/1632 2635/1770/1776
f 2570/1613/1619 2662/1769/1775 2636/1632/1638
f 2582/1626/1632 2638/1772/1778 2671/1773/1779
f 2636/1632/1638 2635/1770/1776 2577/1631/1637
f 2635/1770/1776 2582/1626/1632 2577/1631/1637
f 2571/1627/1633 2582/1626/1632 2682/1707/1713
f 2569/1774/1780 2682/1707/1713 2582/1626/1632
f 2582/1626/1632 2671/1773/1779 2569/1774/1780
f 2569/1774/1780 2669/1775/1781 2682/1707/1713
f 2578/1635/1641 2576/1634/1640 2602/1721/1727
f 2641/1746/1752 2672/1776/1782 2640/1768/1774
f 2639/1731/1737 2643/1777/1783 2641/1746/1752
f 2643/1777/1783 2639/1731/1737 2572/1629/1635
f 2641/1746/1752 2643/1777/1783 2644/1778/1784
f 2591/1641/1647 2729/1700/1706 2645/1706/1712
f 2645/1706/1712 2729/1700/1706 2673/1779/1785
f 2682/1707/1713 2613/1607/1613 2498/1609/1615
f 2506/1659/1665 2625/1698/1704 2628/1743/1749
f 2647/1759/1765 2625/1698/1704 2646/1736/1742
f 2646/1736/1742 2619/1755/1761 2632/1766/1772
f 2647/1759/1765 2663/1780/1786 2628/1743/1749
f 2646/1736/1742 2632/1766/1772 2647/1759/1765
f 2663/1780/1786 2647/1759/1765 2632/1766/1772
f 2573/1599/1605 2606/1598/1604 2655/1781/1787
f 2655/1781/1787 2606/1598/1604 2648/1782/1788
f 2686/1665/1671 2622/1738/1744 2564/1664/1670
f 2600/1643/1649 2607/1720/1726 2587/1636/1642
f 2607/1720/1726 2649/1783/1789 2621/1748/1754
f 2678/1784/1790 2680/1685/1691 2584/1684/1690
f 2622/1738/1744 2651/1785/1791 2583/1723/1729
f 2609/1724/1730 2656/1711/1717 2652/1742/1748
f 2690/1786/1792 2626/1745/1751 2618/1744/1750
f 2676/1787/1793 2664/1788/1794 2626/1745/1751
f 2664/1788/1794 2653/1760/1766 2626/1745/1751
f 2654/1678/1684 2730/1789/1795 2534/1679/1685
f 2655/1781/1787 2654/1678/1684 2535/1680/1686
f 2535/1680/1686 2573/1599/1605 2655/1781/1787
f 2677/1612/1618 2678/1784/1790 2584/1684/1690
f 2525/1729/1735 2659/1747/1753 2652/1742/1748
f 2702/1732/1738 2613/1607/1613 2706/1790/1796
f 2575/1616/1622 2615/1741/1747 2566/1638/1644
f 2575/1616/1622 2657/1733/1739 2615/1741/1747
f 2629/1765/1771 2604/1725/1731 2596/1708/1714
f 2623/1671/1677 2694/1791/1797 2684/1750/1756
f 2685/1749/1755 2596/1708/1714 2603/1606/1612
f 2596/1708/1714 2685/1749/1755 2629/1765/1771
f 2683/1792/1798 2615/1741/1747 2657/1733/1739
f 2683/1792/1798 2614/1657/1663 2615/1741/1747
f 2688/1793/1799 2519/1688/1694 2687/1690/1696
f 2534/1679/1685 2730/1789/1795 2590/1701/1707
f 2616/1730/1736 2660/1794/1800 2745/1795/1801
f 2616/1730/1736 2745/1795/1801 2658/1728/1734
f 2659/1747/1753 2658/1728/1734 2745/1795/1801
f 2661/1758/1764 2660/1794/1800 2616/1730/1736
f 2659/1747/1753 2745/1795/1801 2747/1796/1802
f 2692/1756/1762 2661/1758/1764 2627/1718/1724
f 2663/1780/1786 2662/1769/1775 2628/1743/1749
f 2637/1771/1777 2636/1632/1638 2662/1769/1775
f 2632/1766/1772 2633/1762/1768 2713/1797/1803
f 2630/1757/1763 2667/1798/1804 2633/1762/1768
f 2665/1761/1767 2653/1760/1766 2664/1788/1794
f 2666/1674/1680 2521/1673/1679 2665/1761/1767
f 2667/1798/1804 2630/1757/1763 2629/1765/1771
f 2583/1723/1729 2651/1785/1791 2634/1799/1805
f 2669/1775/1781 2569/1774/1780 2670/1800/1806
f 2699/1801/1807 2569/1774/1780 2671/1773/1779
f 2698/1802/1808 2638/1772/1778 2637/1771/1777
f 2569/1774/1780 2699/1801/1807 2670/1800/1806
f 2671/1773/1779 2638/1772/1778 2698/1802/1808
f 2663/1780/1786 2637/1771/1777 2662/1769/1775
f 2697/1803/1809 2672/1776/1782 2728/1804/1810
f 2648/1782/1788 2645/1706/1712 2673/1779/1785
f 2648/1782/1788 2592/1670/1676 2645/1706/1712
f 2687/1690/1696 2520/1689/1695 2585/1672/1678
f 2602/1721/1727 2576/1634/1640 2648/1782/1788
f 2655/1781/1787 2673/1779/1785 2654/1678/1684
f 2648/1782/1788 2673/1779/1785 2655/1781/1787
f 2602/1721/1727 2648/1782/1788 2606/1598/1604
f 2648/1782/1788 2576/1634/1640 2592/1670/1676
f 2650/1805/1811 2649/1783/1789 2607/1720/1726
f 2674/1737/1743 2607/1720/1726 2600/1643/1649
f 2650/1805/1811 2703/1806/1812 2649/1783/1789
f 2650/1805/1811 2607/1720/1726 2674/1737/1743
f 2590/1701/1707 2650/1805/1811 2674/1737/1743
f 2675/1807/1813 2664/1788/1794 2705/1808/1814
f 2664/1788/1794 2676/1787/1793 2705/1808/1814
f 2675/1807/1813 2665/1761/1767 2664/1788/1794
f 2626/1745/1751 2744/1809/1815 2676/1787/1793
f 2679/1810/1816 2678/1784/1790 2677/1612/1618
f 2680/1685/1691 2678/1784/1790 2681/1811/1817
f 2702/1732/1738 2644/1778/1784 2643/1777/1783
f 2682/1707/1713 2706/1790/1796 2613/1607/1613
f 2643/1777/1783 2657/1733/1739 2702/1732/1738
f 2603/1606/1612 2623/1671/1677 2684/1750/1756
f 2708/1812/1818 2685/1749/1755 2684/1750/1756
f 2696/1813/1819 2686/1665/1671 2515/1666/1672
f 2696/1813/1819 2515/1666/1672 2565/1683/1689
f 2687/1690/1696 2585/1672/1678 2740/1814/1820
f 2743/1686/1692 2519/1688/1694 2688/1793/1799
f 2740/1814/1820 2585/1672/1678 2666/1674/1680
f 2621/1748/1754 2786/1815/1821 2689/1751/1757
f 2621/1748/1754 2703/1806/1812 2736/1752/1758
f 2786/1815/1821 2621/1748/1754 2733/1753/1759
f 2747/1796/1802 2744/1809/1815 2659/1747/1753
f 2690/1786/1792 2659/1747/1753 2744/1809/1815
f 2659/1747/1753 2690/1786/1792 2652/1742/1748
f 2691/1816/1822 2660/1794/1800 2661/1758/1764
f 2786/1815/1821 2691/1816/1822 2661/1758/1764
f 2665/1761/1767 2675/1807/1813 2666/1674/1680
f 2696/1813/1819 2695/1817/1823 2651/1785/1791
f 2773/1818/1824 2696/1813/1819 2772/1819/1825
f 2634/1799/1805 2651/1785/1791 2695/1817/1823
f 2634/1799/1805 2623/1671/1677 2583/1723/1729
f 2694/1791/1797 2634/1799/1805 2695/1817/1823
f 2773/1818/1824 2775/1820/1826 2695/1817/1823
f 2694/1791/1797 2623/1671/1677 2634/1799/1805
f 2695/1817/1823 2775/1820/1826 2694/1791/1797
f 2773/1818/1824 2695/1817/1823 2696/1813/1819
f 2773/1818/1824 2774/1821/1827 2775/1820/1826
f 2721/1822/1828 2699/1801/1807 2671/1773/1779
f 2723/1823/1829 2670/1800/1806 2699/1801/1807
f 2698/1802/1808 2700/1824/1830 2721/1822/1828
f 2701/1825/1831 2637/1771/1777 2663/1780/1786
f 2637/1771/1777 2701/1825/1831 2698/1802/1808
f 2663/1780/1786 2632/1766/1772 2701/1825/1831
f 2668/1764/1770 2640/1768/1774 2672/1776/1782
f 2641/1746/1752 2706/1790/1796 2672/1776/1782
f 2641/1746/1752 2644/1778/1784 2706/1790/1796
f 2657/1733/1739 2643/1777/1783 2683/1792/1798
f 2706/1790/1796 2644/1778/1784 2702/1732/1738
f 2683/1792/1798 2643/1777/1783 2572/1629/1635
f 2683/1792/1798 2642/1628/1634 2614/1657/1663
f 2649/1783/1789 2703/1806/1812 2621/1748/1754
f 2704/1826/1832 2675/1807/1813 2705/1808/1814
f 2693/1827/1833 2675/1807/1813 2797/1828/1834
f 2693/1827/1833 2666/1674/1680 2675/1807/1813
f 2675/1807/1813 2704/1826/1832 2797/1828/1834
f 2626/1745/1751 2690/1786/1792 2744/1809/1815
f 2705/1808/1814 2676/1787/1793 2777/1829/1835
f 2777/1829/1835 2676/1787/1793 2744/1809/1815
f 2742/1830/1836 2678/1784/1790 2679/1810/1816
f 2690/1786/1792 2618/1744/1750 2652/1742/1748
f 2565/1683/1689 2680/1685/1691 2772/1819/1825
f 2769/1754/1760 2743/1686/1692 2771/1831/1837
f 2802/1832/1838 2730/1789/1795 2654/1678/1684
f 2661/1758/1764 2689/1751/1757 2786/1815/1821
f 2707/1833/1839 2777/1829/1835 2744/1809/1815
f 2609/1724/1730 2618/1744/1750 2608/1695/1701
f 2708/1812/1818 2629/1765/1771 2685/1749/1755
f 2709/1834/1840 2710/1835/1841 2708/1812/1818
f 2710/1835/1841 2709/1834/1840 2751/1836/1842
f 2710/1835/1841 2711/1837/1843 2708/1812/1818
f 2633/1762/1768 2667/1798/1804 2712/1838/1844
f 2712/1838/1844 2713/1797/1803 2633/1762/1768
f 2711/1837/1843 2667/1798/1804 2629/1765/1771
f 2701/1825/1831 2632/1766/1772 2713/1797/1803
f 2711/1837/1843 2629/1765/1771 2708/1812/1818
f 2667/1798/1804 2711/1837/1843 2722/1839/1845
f 2710/1835/1841 2715/1840/1846 2711/1837/1843
f 2667/1798/1804 2722/1839/1845 2712/1838/1844
f 2722/1839/1845 2711/1837/1843 2715/1840/1846
f 2716/1841/1847 2751/1836/1842 2714/1842/1848
f 2716/1841/1847 2715/1840/1846 2710/1835/1841
f 2710/1835/1841 2751/1836/1842 2716/1841/1847
f 2717/1843/1849 2715/1840/1846 2716/1841/1847
f 2722/1839/1845 2715/1840/1846 2717/1843/1849
f 2752/1844/1850 2719/1845/1851 2718/1846/1852
f 2718/1846/1852 2714/1842/1848 2752/1844/1850
f 2718/1846/1852 2719/1845/1851 2781/1847/1853
f 2725/1848/1854 2716/1841/1847 2718/1846/1852
f 2716/1841/1847 2714/1842/1848 2718/1846/1852
f 2775/1820/1826 2749/1849/1855 2694/1791/1797
f 2696/1813/1819 2651/1785/1791 2686/1665/1671
f 2697/1803/1809 2668/1764/1770 2672/1776/1782
f 2755/1850/1856 2668/1764/1770 2697/1803/1809
f 2668/1764/1770 2755/1850/1856 2720/1767/1773
f 2671/1773/1779 2698/1802/1808 2721/1822/1828
f 2723/1823/1829 2721/1822/1828 2724/1851/1857
f 2721/1822/1828 2723/1823/1829 2699/1801/1807
f 2717/1843/1849 2721/1822/1828 2700/1824/1830
f 2700/1824/1830 2722/1839/1845 2717/1843/1849
f 2724/1851/1857 2725/1848/1854 2727/1852/1858
f 2716/1841/1847 2721/1822/1828 2717/1843/1849
f 2724/1851/1857 2721/1822/1828 2716/1841/1847
f 2716/1841/1847 2725/1848/1854 2724/1851/1857
f 2781/1847/1853 2725/1848/1854 2718/1846/1852
f 2782/1853/1859 2727/1852/1858 2725/1848/1854
f 2756/1854/1860 2753/1855/1861 2727/1852/1858
f 2783/1856/1862 2727/1852/1858 2782/1853/1859
f 2783/1856/1862 2756/1854/1860 2727/1852/1858
f 2724/1851/1857 2727/1852/1858 2723/1823/1829
f 2727/1852/1858 2753/1855/1861 2723/1823/1829
f 2783/1856/1862 2779/1857/1863 2756/1854/1860
f 2700/1824/1830 2712/1838/1844 2722/1839/1845
f 2701/1825/1831 2713/1797/1803 2712/1838/1844
f 2642/1628/1634 2683/1792/1798 2572/1629/1635
f 2672/1776/1782 2706/1790/1796 2728/1804/1810
f 2706/1790/1796 2682/1707/1713 2669/1775/1781
f 2669/1775/1781 2728/1804/1810 2706/1790/1796
f 2670/1800/1806 2754/1858/1864 2669/1775/1781
f 2669/1775/1781 2754/1858/1864 2728/1804/1810
f 2784/1859/1865 2802/1832/1838 2729/1700/1706
f 2650/1805/1811 2736/1752/1758 2703/1806/1812
f 2736/1752/1758 2650/1805/1811 2734/1860/1866
f 2736/1752/1758 2734/1860/1866 2732/1861/1867
f 2590/1701/1707 2731/1862/1868 2650/1805/1811
f 2731/1862/1868 2803/1863/1869 2735/1864/1870
f 2731/1862/1868 2734/1860/1866 2650/1805/1811
f 2731/1862/1868 2735/1864/1870 2734/1860/1866
f 2732/1861/1867 2734/1860/1866 2739/1865/1871
f 2787/1866/1872 2733/1753/1759 2736/1752/1758
f 2733/1753/1759 2787/1866/1872 2785/1867/1873
f 2735/1864/1870 2739/1865/1871 2734/1860/1866
f 2737/1868/1874 2739/1865/1871 2735/1864/1870
f 2735/1864/1870 2738/1869/1875 2737/1868/1874
f 2736/1752/1758 2732/1861/1867 2787/1866/1872
f 2681/1811/1817 2772/1819/1825 2680/1685/1691
f 2565/1683/1689 2772/1819/1825 2696/1813/1819
f 2688/1793/1799 2766/1870/1876 2770/1871/1877
f 2740/1814/1820 2666/1674/1680 2693/1827/1833
f 2766/1870/1876 2688/1793/1799 2687/1690/1696
f 2766/1870/1876 2687/1690/1696 2740/1814/1820
f 2704/1826/1832 2777/1829/1835 2792/1872/1878
f 2681/1811/1817 2678/1784/1790 2742/1830/1836
f 2776/1873/1879 2773/1818/1824 2681/1811/1817
f 2681/1811/1817 2773/1818/1824 2772/1819/1825
f 2708/1812/1818 2684/1750/1756 2709/1834/1840
f 2748/1874/1880 2751/1836/1842 2709/1834/1840
f 2692/1756/1762 2689/1751/1757 2661/1758/1764
f 2788/1875/1881 2745/1795/1801 2660/1794/1800
f 2791/1876/1882 2746/1877/1883 2789/1878/1884
f 2791/1876/1882 2747/1796/1802 2746/1877/1883
f 2746/1877/1883 2747/1796/1802 2745/1795/1801
f 2707/1833/1839 2747/1796/1802 2791/1876/1882
f 2709/1834/1840 2749/1849/1855 2748/1874/1880
f 2684/1750/1756 2749/1849/1855 2709/1834/1840
f 2750/1879/1885 2751/1836/1842 2748/1874/1880
f 2694/1791/1797 2749/1849/1855 2684/1750/1756
f 2749/1849/1855 2775/1820/1826 2748/1874/1880
f 2774/1821/1827 2750/1879/1885 2748/1874/1880
f 2773/1818/1824 2776/1873/1879 2774/1821/1827
f 2698/1802/1808 2701/1825/1831 2700/1824/1830
f 2754/1858/1864 2670/1800/1806 2723/1823/1829
f 2754/1858/1864 2755/1850/1856 2697/1803/1809
f 2754/1858/1864 2697/1803/1809 2728/1804/1810
f 2779/1857/1863 2720/1767/1773 2755/1850/1856
f 2723/1823/1829 2753/1855/1861 2754/1858/1864
f 2753/1855/1861 2755/1850/1856 2754/1858/1864
f 2753/1855/1861 2756/1854/1860 2755/1850/1856
f 2654/1678/1684 2729/1700/1706 2802/1832/1838
f 2654/1678/1684 2673/1779/1785 2729/1700/1706
f 2730/1789/1795 2803/1863/1869 2590/1701/1707
f 2803/1863/1869 2731/1862/1868 2590/1701/1707
f 2787/1866/1872 2732/1861/1867 2757/1880/1886
f 2739/1865/1871 2759/1881/1887 2732/1861/1867
f 2739/1865/1871 2758/1882/1888 2759/1881/1887
f 2758/1882/1888 2739/1865/1871 2737/1868/1874
f 2807/1883/1889 2759/1881/1887 2758/1882/1888
f 2757/1880/1886 2732/1861/1867 2759/1881/1887
f 2757/1880/1886 2759/1881/1887 2760/1884/1890
f 2789/1878/1884 2757/1880/1886 2760/1884/1890
f 2793/1885/1891 2762/1886/1892 2807/1883/1889
f 2807/1883/1889 2760/1884/1890 2759/1881/1887
f 2807/1883/1889 2762/1886/1892 2761/1887/1893
f 2807/1883/1889 2761/1887/1893 2760/1884/1890
f 2761/1887/1893 2791/1876/1882 2760/1884/1890
f 2791/1876/1882 2789/1878/1884 2760/1884/1890
f 2798/1888/1894 2761/1887/1893 2762/1886/1892
f 2793/1885/1891 2763/1889/1895 2764/1890/1896
f 2790/1891/1897 2761/1887/1893 2798/1888/1894
f 2762/1886/1892 2793/1885/1891 2764/1890/1896
f 2762/1886/1892 2764/1890/1896 2796/1892/1898
f 2765/1893/1899 2763/1889/1895 2794/1894/1900
f 2765/1893/1899 2794/1894/1900 2795/1895/1901
f 2560/1682/1688 2769/1754/1760 2767/1896/1902
f 2560/1682/1688 2767/1896/1902 2768/1681/1687
f 2768/1681/1687 2808/1897/1903 2741/1611/1617
f 2688/1793/1799 2770/1871/1877 2743/1686/1692
f 2767/1896/1902 2799/1898/1904 2795/1895/1901
f 2771/1831/1837 2743/1686/1692 2770/1871/1877
f 2769/1754/1760 2771/1831/1837 2799/1898/1904
f 2799/1898/1904 2767/1896/1902 2769/1754/1760
f 2767/1896/1902 2795/1895/1901 2810/1899/1905
f 2810/1899/1905 2768/1681/1687 2767/1896/1902
f 2808/1897/1903 2768/1681/1687 2810/1899/1905
f 2808/1897/1903 2742/1830/1836 2679/1810/1816
f 2774/1821/1827 2776/1873/1879 2750/1879/1885
f 2775/1820/1826 2774/1821/1827 2748/1874/1880
f 2747/1796/1802 2707/1833/1839 2744/1809/1815
f 2792/1872/1878 2777/1829/1835 2707/1833/1839
f 2691/1816/1822 2788/1875/1881 2660/1794/1800
f 2751/1836/1842 2752/1844/1850 2714/1842/1848
f 2751/1836/1842 2750/1879/1885 2752/1844/1850
f 2804/1763/1769 2800/1740/1746 2605/1726/1732
f 2720/1767/1773 2805/1900/1906 2804/1763/1769
f 2700/1824/1830 2701/1825/1831 2712/1838/1844
f 2725/1848/1854 2781/1847/1853 2782/1853/1859
f 2783/1856/1862 2782/1853/1859 2726/1901/1907
f 2719/1845/1851 2812/1902/1908 2781/1847/1853
f 2795/1895/1901 2726/1901/1907 2782/1853/1859
f 2755/1850/1856 2756/1854/1860 2779/1857/1863
f 2729/1700/1706 2809/1699/1705 2784/1859/1865
f 2733/1753/1759 2785/1867/1873 2786/1815/1821
f 2787/1866/1872 2788/1875/1881 2691/1816/1822
f 2785/1867/1873 2787/1866/1872 2786/1815/1821
f 2691/1816/1822 2786/1815/1821 2787/1866/1872
f 2787/1866/1872 2757/1880/1886 2788/1875/1881
f 2788/1875/1881 2789/1878/1884 2746/1877/1883
f 2789/1878/1884 2788/1875/1881 2757/1880/1886
f 2790/1891/1897 2791/1876/1882 2761/1887/1893
f 2790/1891/1897 2792/1872/1878 2791/1876/1882
f 2791/1876/1882 2792/1872/1878 2707/1833/1839
f 2726/1901/1907 2795/1895/1901 2794/1894/1900
f 2782/1853/1859 2781/1847/1853 2811/1903/1909
f 2765/1893/1899 2764/1890/1896 2763/1889/1895
f 2766/1870/1876 2740/1814/1820 2693/1827/1833
f 2679/1810/1816 2677/1612/1618 2741/1611/1617
f 2771/1831/1837 2770/1871/1877 2764/1890/1896
f 2764/1890/1896 2770/1871/1877 2796/1892/1898
f 2764/1890/1896 2765/1893/1899 2771/1831/1837
f 2766/1870/1876 2796/1892/1898 2770/1871/1877
f 2797/1828/1834 2790/1891/1897 2798/1888/1894
f 2796/1892/1898 2798/1888/1894 2762/1886/1892
f 2766/1870/1876 2798/1888/1894 2796/1892/1898
f 2798/1888/1894 2693/1827/1833 2797/1828/1834
f 2797/1828/1834 2704/1826/1832 2790/1891/1897
f 2790/1891/1897 2704/1826/1832 2792/1872/1878
f 2798/1888/1894 2766/1870/1876 2693/1827/1833
f 2741/1611/1617 2808/1897/1903 2679/1810/1816
f 2681/1811/1817 2742/1830/1836 2776/1873/1879
f 2776/1873/1879 2778/1904/1910 2750/1879/1885
f 2778/1904/1910 2752/1844/1850 2750/1879/1885
f 2778/1904/1910 2719/1845/1851 2752/1844/1850
f 2726/1901/1907 2780/1905/1911 2783/1856/1862
f 2804/1763/1769 2784/1859/1865 2800/1740/1746
f 2784/1859/1865 2806/1906/1912 2802/1832/1838
f 2802/1832/1838 2806/1906/1912 2730/1789/1795
f 2803/1863/1869 2730/1789/1795 2806/1906/1912
f 2804/1763/1769 2806/1906/1912 2784/1859/1865
f 2806/1906/1912 2804/1763/1769 2805/1900/1906
f 2745/1795/1801 2788/1875/1881 2746/1877/1883
f 2735/1864/1870 2805/1900/1906 2738/1869/1875
f 2806/1906/1912 2735/1864/1870 2803/1863/1869
f 2738/1869/1875 2805/1900/1906 2779/1857/1863
f 2735/1864/1870 2806/1906/1912 2805/1900/1906
f 2779/1857/1863 2805/1900/1906 2720/1767/1773
f 2737/1868/1874 2794/1894/1900 2758/1882/1888
f 2793/1885/1891 2807/1883/1889 2758/1882/1888
f 2794/1894/1900 2763/1889/1895 2793/1885/1891
f 2758/1882/1888 2794/1894/1900 2793/1885/1891
f 2782/1853/1859 2811/1903/1909 2795/1895/1901
f 2811/1903/1909 2810/1899/1905 2795/1895/1901
f 2799/1898/1904 2765/1893/1899 2795/1895/1901
f 2771/1831/1837 2765/1893/1899 2799/1898/1904
f 2776/1873/1879 2742/1830/1836 2778/1904/1910
f 2808/1897/1903 2812/1902/1908 2742/1830/1836
f 2812/1902/1908 2719/1845/1851 2778/1904/1910
f 2779/1857/1863 2783/1856/1862 2780/1905/1911
f 2738/1869/1875 2780/1905/1911 2801/1907/1913
f 2801/1907/1913 2737/1868/1874 2738/1869/1875
f 2780/1905/1911 2738/1869/1875 2779/1857/1863
f 2726/1901/1907 2801/1907/1913 2780/1905/1911
f 2801/1907/1913 2726/1901/1907 2794/1894/1900
f 2800/1740/1746 2784/1859/1865 2809/1699/1705
f 2794/1894/1900 2737/1868/1874 2801/1907/1913
f 2808/1897/1903 2781/1847/1853 2812/1902/1908
f 2811/1903/1909 2781/1847/1853 2808/1897/1903
f 2812/1902/1908 2778/1904/1910 2742/1830/1836
f 2810/1899/1905 2811/1903/1909 2808/1897/1903
f 2686/1665/1671 2651/1785/1791 2622/1738/1744
f 2777/1829/1835 2704/1826/1832 2705/1808/1814
f 2819/1908/1914 2818/1909/1915 2889/1910/1916
f 2816/1911/1917 2904/1912/1918 2817/1913/1919
f 2817/1913/1919 2895/1914/1920 2818/1909/1915
f 2879/1915/1921 2828/1916/1922 2880/1917/1923
f 2882/1918/1924 2830/1919/1925 2881/1920/1926
f 2919/1921/1927 2815/1922/1928 2814/1923/1929
f 2859/1924/1930 2915/1925/1931 2860/1926/1932
f 2914/1927/1933 2853/1928/1934 2897/1929/1935
f 2889/1910/1916 2818/1909/1915 2895/1914/1920
f 2821/1930/1936 2820/1931/1937 2887/1932/1938
f 2813/1933/1939 2893/1934/1940 2814/1923/1929
f 2878/1935/1941 2841/1936/1942 2840/1937/1943
f 2884/1938/1944 2870/1939/1945 2972/1940/1946
f 2866/1941/1947 2917/1942/1948 2867/1943/1949
f 2904/1912/1918 2815/1922/1928 2919/1921/1927
f 2906/1944/1950 2873/1945/1951 2872/1946/1952
f 2870/1939/1945 2869/1947/1953 2891/1948/1954
f 2899/1949/1955 2888/1950/1956 2895/1914/1920
f 2884/1938/1944 2907/1951/1957 2871/1952/1958
f 2897/1929/1935 2892/1953/1959 2931/1954/1960
f 2962/1955/1961 2838/1956/1962 2837/1957/1963
f 2836/1958/1964 2900/1959/1965 2837/1957/1963
f 2847/1960/1966 2935/1961/1967 2903/1962/1968
f 2972/1940/1946 2901/1963/1969 2884/1938/1944
f 2936/1964/1970 2842/1965/1971 2841/1936/1942
f 2820/1931/1937 2819/1908/1914 2890/1966/1972
f 2850/1967/1973 2896/1968/1974 2910/1969/1975
f 2854/1970/1976 2909/1971/1977 2855/1972/1978
f 2899/1949/1955 2895/1914/1920 2817/1913/1919
f 2885/1973/1979 2859/1924/1930 2858/1974/1980
f 2903/1962/1968 2848/1975/1981 2847/1960/1966
f 2849/1976/1982 2911/1977/1983 2894/1978/1984
f 2857/1979/1985 2856/1980/1986 2858/1974/1980
f 2955/1981/1987 2991/1982/1988 2993/1983/1989
f 2845/1984/1990 2935/1961/1967 2846/1985/1991
f 2813/1933/1939 2874/1986/1992 2942/1987/1993
f 2942/1987/1993 2874/1986/1992 2906/1944/1950
f 2846/1985/1991 2935/1961/1967 2847/1960/1966
f 2820/1931/1937 2890/1966/1972 2887/1932/1938
f 2911/1977/1983 2910/1969/1975 2896/1968/1974
f 2849/1976/1982 2903/1962/1968 2911/1977/1983
f 2889/1910/1916 2890/1966/1972 2819/1908/1914
f 2904/1912/1918 2816/1911/1917 2815/1922/1928
f 2899/1949/1955 2817/1913/1919 2904/1912/1918
f 2909/1971/1977 2854/1970/1976 2914/1927/1933
f 2889/1910/1916 2895/1914/1920 2888/1950/1956
f 2858/1974/1980 2856/1980/1986 2885/1973/1979
f 2829/1988/1994 2880/1917/1923 2881/1920/1926
f 2882/1918/1924 2831/1989/1995 2830/1919/1925
f 2835/1990/1996 2941/1991/1997 3031/1992/1998
f 2937/1993/1999 2839/1994/2000 2838/1956/1962
f 2887/1932/1938 2922/1995/2001 2822/1996/2002
f 2884/1938/1944 2901/1963/1969 2907/1951/1957
f 2868/1997/2003 2891/1948/1954 2869/1947/1953
f 2972/1940/1946 2870/1939/1945 2891/1948/1954
f 2849/1976/1982 2848/1975/1981 2903/1962/1968
f 2874/1986/1992 2873/1945/1951 2906/1944/1950
f 2915/1925/1931 2859/1924/1930 2898/1998/2004
f 2813/1933/1939 2942/1987/1993 2893/1934/1940
f 2896/1968/1974 2894/1978/1984 2911/1977/1983
f 2890/1966/1972 2889/1910/1916 2888/1950/1956
f 2852/1999/2005 2916/2000/2006 2981/2001/2007
f 2823/2002/2008 2822/1996/2002 2922/1995/2001
f 2906/1944/1950 2872/1946/1952 2912/2003/2009
f 2907/1951/1957 2908/2004/2010 2872/1946/1952
f 2863/2005/2011 2862/2006/2012 2928/2007/2013
f 2914/1927/1933 2854/1970/1976 2853/1928/1934
f 2887/1932/1938 2822/1996/2002 2821/1930/1936
f 2915/1925/1931 2902/2008/2014 2860/1926/1932
f 2859/1924/1930 2885/1973/1979 2898/1998/2004
f 2828/1916/1922 2920/2009/2015 2880/1917/1923
f 2881/1920/1926 2830/1919/1925 2829/1988/1994
f 2962/1955/1961 2837/1957/1963 2900/1959/1965
f 2829/1988/1994 2879/1915/1921 2880/1917/1923
f 2908/2004/2010 2907/1951/1957 2901/1963/1969
f 2916/2000/2006 2851/2010/2016 2913/2011/2017
f 2935/1961/1967 2845/1984/1990 2947/2012/2018
f 2903/1962/1968 2935/1961/1967 2932/2013/2019
f 2893/1934/1940 2926/2014/2020 2919/1921/1927
f 2919/1921/1927 2814/1923/1929 2893/1934/1940
f 2904/1912/1918 2919/1921/1927 2971/2015/2021
f 2909/1971/1977 2927/2016/2022 2855/1972/1978
f 2903/1962/1968 2925/2017/2023 2911/1977/1983
f 2856/1980/1986 2855/1972/1978 2927/2016/2022
f 2885/1973/1979 2856/1980/1986 2927/2016/2022
f 2897/1929/1935 2931/1954/1960 2914/1927/1933
f 2957/2018/2024 2920/2009/2015 2828/1916/1922
f 2834/2019/2025 2833/2020/2026 2983/2021/2027
f 2912/2003/2009 2908/2004/2010 2930/2022/2028
f 2930/2022/2028 2942/1987/1993 2912/2003/2009
f 2912/2003/2009 2872/1946/1952 2908/2004/2010
f 2866/1941/1947 2923/2023/2029 2917/1942/1948
f 2945/2024/2030 2865/2025/2031 2864/2026/2032
f 2901/1963/1969 2946/2027/2033 2908/2004/2010
f 2861/2028/2034 2928/2007/2013 2862/2006/2012
f 2931/1954/1960 2909/1971/1977 2914/1927/1933
f 2924/2029/2035 2851/2010/2016 2850/1967/1973
f 2933/2030/2036 2924/2029/2035 2910/1969/1975
f 2933/2030/2036 2910/1969/1975 2911/1977/1983
f 2834/2019/2025 2875/2031/2037 2876/2032/2038
f 3031/1992/1998 2941/1991/1997 2952/2033/2039
f 2841/1936/1942 2878/1935/1941 2936/1964/1970
f 2839/1994/2000 2995/2034/2040 2877/2035/2041
f 2963/2036/2042 2922/1995/2001 2959/2037/2043
f 2851/2010/2016 2924/2029/2035 2913/2011/2017
f 2910/1969/1975 2924/2029/2035 2850/1967/1973
f 2956/2038/2044 2932/2013/2019 2935/1961/1967
f 2947/2012/2018 2960/2039/2045 2961/2040/2046
f 2951/2041/2047 2881/1920/1926 2880/1917/1923
f 2880/1917/1923 2920/2009/2015 2951/2041/2047
f 2834/2019/2025 2983/2021/2027 2940/2042/2048
f 2823/2002/2008 2929/2043/2049 2824/2044/2050
f 2934/2045/2051 2825/2046/2052 2929/2043/2049
f 2963/2036/2042 2977/2047/2053 2922/1995/2001
f 2867/1943/1949 2917/1942/1948 2868/1997/2003
f 2960/2039/2045 2947/2012/2018 2844/2048/2054
f 2868/1997/2003 2954/2049/2055 2891/1948/1954
f 2911/1977/1983 2925/2017/2023 2933/2030/2036
f 2903/1962/1968 2932/2013/2019 2925/2017/2023
f 2921/2050/2056 2988/2051/2057 2934/2045/2051
f 2940/2042/2048 2875/2031/2037 2834/2019/2025
f 2941/1991/1997 2876/2032/2038 3032/2052/2058
f 3011/2053/2059 2900/1959/1965 2836/1958/1964
f 2953/2054/2060 2839/1994/2000 2937/1993/1999
f 2948/2055/2061 2877/2035/2041 2995/2034/2040
f 3129/2056/2062 2863/2005/2011 2928/2007/2013
f 2824/2044/2050 2929/2043/2049 2825/2046/2052
f 2946/2027/2033 2930/2022/2028 2908/2004/2010
f 2912/2003/2009 2942/1987/1993 2906/1944/1950
f 2923/2023/2029 2866/1941/1947 2865/2025/2031
f 2960/2039/2045 2938/2057/2063 2955/1981/1987
f 2843/2058/2064 2955/1981/1987 2938/2057/2063
f 2925/2017/2023 2943/2059/2065 2933/2030/2036
f 2949/2060/2066 2943/2059/2065 2925/2017/2023
f 2986/2061/2067 2926/2014/2020 2893/1934/1940
f 2826/2062/2068 2934/2045/2051 2988/2051/2057
f 2987/2063/2069 2957/2018/2024 2827/2064/2070
f 2875/2031/2037 3032/2052/2058 2876/2032/2038
f 2977/2047/2053 2929/2043/2049 2823/2002/2008
f 2942/1987/1993 2930/2022/2028 2986/2061/2067
f 2923/2023/2029 2865/2025/2031 2945/2024/2030
f 2917/1942/1948 2923/2023/2029 2974/2065/2071
f 2843/2058/2064 2992/2066/2072 2955/1981/1987
f 2845/1984/1990 2844/2048/2054 2947/2012/2018
f 2925/2017/2023 2932/2013/2019 2949/2060/2066
f 2827/2064/2070 2826/2062/2068 2939/2067/2073
f 2995/2034/2040 2839/1994/2000 2953/2054/2060
f 2863/2005/2011 2945/2024/2030 2864/2026/2032
f 2964/2068/2074 2934/2045/2051 2958/2069/2075
f 2974/2065/2071 2954/2049/2055 2917/1942/1948
f 2943/2059/2065 2949/2060/2066 2950/2070/2076
f 2990/2071/2077 2950/2070/2076 3071/2072/2078
f 2987/2063/2069 2827/2064/2070 2939/2067/2073
f 2952/2033/2039 2941/1991/1997 3032/2052/2058
f 2934/2045/2051 2929/2043/2049 2958/2069/2075
f 2917/1942/1948 2954/2049/2055 2868/1997/2003
f 2960/2039/2045 2844/2048/2054 2938/2057/2063
f 2924/2029/2035 2978/2073/2079 2913/2011/2017
f 2956/2038/2044 2935/1961/1967 2947/2012/2018
f 2956/2038/2044 2961/2040/2046 2949/2060/2066
f 3117/2074/2080 2950/2070/2076 2949/2060/2066
f 2958/2069/2075 2929/2043/2049 2977/2047/2053
f 2956/2038/2044 2947/2012/2018 2961/2040/2046
f 2945/2024/2030 2863/2005/2011 3053/2075/2081
f 2955/1981/1987 2993/1983/1989 2960/2039/2045
f 2920/2009/2015 2944/2076/2082 2951/2041/2047
f 2948/2055/2061 2995/2034/2040 2980/2077/2083
f 3129/2056/2062 3053/2075/2081 2863/2005/2011
f 2950/2070/2076 2990/2071/2077 2943/2059/2065
f 2921/2050/2056 2934/2045/2051 2964/2068/2074
f 2987/2063/2069 2944/2076/2082 2957/2018/2024
f 2995/2034/2040 2953/2054/2060 2980/2077/2083
f 2997/2078/2084 2838/1956/1962 2962/1955/1961
f 2937/1993/1999 2838/1956/1962 2997/2078/2084
f 2959/2037/2043 2922/1995/2001 2887/1932/1938
f 2996/2079/2085 2953/2054/2060 2997/2078/2084
f 2962/1955/1961 3016/2080/2086 2997/2078/2084
f 2993/1983/1989 3082/2081/2087 3015/2082/2088
f 2900/1959/1965 3013/2083/2089 3016/2080/2086
f 2962/1955/1961 2900/1959/1965 3016/2080/2086
f 3053/2075/2081 3052/2084/2090 2945/2024/2030
f 2923/2023/2029 2945/2024/2030 2966/2085/2091
f 2887/1932/1938 2890/1966/1972 2883/2086/2092
f 2883/2086/2092 2890/1966/1972 2888/1950/1956
f 2888/1950/1956 2967/2087/2093 3026/2088/2094
f 2971/2015/2021 3030/2089/2095 2999/2090/2096
f 2968/2091/2097 3026/2088/2094 2967/2087/2093
f 2888/1950/1956 2899/1949/1955 2967/2087/2093
f 2969/2092/2098 2899/1949/1955 2904/1912/1918
f 2967/2087/2093 2969/2092/2098 2968/2091/2097
f 2904/1912/1918 2970/2093/2099 2969/2092/2098
f 2967/2087/2093 2899/1949/1955 2969/2092/2098
f 2970/2093/2099 2904/1912/1918 2971/2015/2021
f 2970/2093/2099 2968/2091/2097 2969/2092/2098
f 2886/2094/2100 2970/2093/2099 2971/2015/2021
f 2927/2016/2022 2898/1998/2004 2885/1973/1979
f 2973/2095/2101 2954/2049/2055 2974/2065/2071
f 2972/1940/1946 2946/2027/2033 2901/1963/1969
f 2954/2049/2055 2986/2061/2067 2891/1948/1954
f 2923/2023/2029 2966/2085/2091 2974/2065/2071
f 3067/2096/2102 3030/2089/2095 2926/2014/2020
f 2986/2061/2067 2954/2049/2055 2973/2095/2101
f 2832/2097/2103 2831/1989/1995 3010/2098/2104
f 2861/2028/2034 2902/2008/2014 2928/2007/2013
f 2918/2099/2105 2976/2100/2106 2928/2007/2013
f 2902/2008/2014 2918/2099/2105 2928/2007/2013
f 2902/2008/2014 2915/1925/1931 3002/2101/2107
f 3002/2101/2107 2918/2099/2105 2902/2008/2014
f 2919/1921/1927 2926/2014/2020 3030/2089/2095
f 3030/2089/2095 2971/2015/2021 2919/1921/1927
f 2977/2047/2053 2823/2002/2008 2922/1995/2001
f 2963/2036/2042 2958/2069/2075 2977/2047/2053
f 2852/1999/2005 2982/2102/2108 2931/1954/1960
f 2931/1954/1960 2982/2102/2108 3004/2103/2109
f 2881/1920/1926 2951/2041/2047 2882/1918/1924
f 2900/1959/1965 3011/2053/2059 3079/2104/2110
f 2933/2030/2036 2943/2059/2065 2979/2105/2111
f 2990/2071/2077 2978/2073/2079 2979/2105/2111
f 2990/2071/2077 2979/2105/2111 2943/2059/2065
f 2978/2073/2079 2989/2106/2112 2913/2011/2017
f 2920/2009/2015 2957/2018/2024 2944/2076/2082
f 2951/2041/2047 2944/2076/2082 3017/2107/2113
f 2832/2097/2103 3010/2098/2104 3009/2108/2114
f 2833/2020/2026 2832/2097/2103 3009/2108/2114
f 2842/1965/1971 2936/1964/1970 2984/2109/2115
f 2985/2110/2116 2948/2055/2061 2980/2077/2083
f 2985/2110/2116 2936/1964/1970 2948/2055/2061
f 2953/2054/2060 2996/2079/2085 2980/2077/2083
f 2985/2110/2116 2984/2109/2115 2936/1964/1970
f 3006/2111/2117 2980/2077/2083 2996/2079/2085
f 2989/2106/2112 2981/2001/2007 2916/2000/2006
f 2982/2102/2108 2852/1999/2005 2981/2001/2007
f 2892/1953/1959 2852/1999/2005 2931/1954/1960
f 2983/2021/2027 2833/2020/2026 3009/2108/2114
f 2843/2058/2064 2842/1965/1971 2984/2109/2115
f 2948/2055/2061 2878/1935/1941 2877/2035/2041
f 2986/2061/2067 2973/2095/2101 2926/2014/2020
f 2893/1934/1940 2942/1987/1993 2986/2061/2067
f 2939/2067/2073 2826/2062/2068 2988/2051/2057
f 2988/2051/2057 2987/2063/2069 2939/2067/2073
f 2988/2051/2057 3019/2112/2118 2987/2063/2069
f 3041/2113/2119 2988/2051/2057 2921/2050/2056
f 2964/2068/2074 3041/2113/2119 2921/2050/2056
f 2986/2061/2067 2930/2022/2028 2946/2027/2033
f 3011/2053/2059 2836/1958/1964 2835/1990/1996
f 2843/2058/2064 3014/2114/2120 2992/2066/2072
f 2916/2000/2006 2913/2011/2017 2989/2106/2112
f 2956/2038/2044 2949/2060/2066 2932/2013/2019
f 2955/1981/1987 2992/2066/2072 2991/1982/1988
f 2991/1982/1988 3034/2115/2121 2993/1983/1989
f 2960/2039/2045 2993/1983/1989 3015/2082/2088
f 2994/2116/2122 2887/1932/1938 2883/2086/2092
f 2994/2116/2122 2959/2037/2043 2887/1932/1938
f 3026/2088/2094 2883/2086/2092 2888/1950/1956
f 2963/2036/2042 2959/2037/2043 2994/2116/2122
f 2964/2068/2074 2958/2069/2075 2998/2117/2123
f 2937/1993/1999 2997/2078/2084 2953/2054/2060
f 2997/2078/2084 3028/2118/2124 2996/2079/2085
f 3041/2113/2119 2964/2068/2074 2998/2117/2123
f 2965/2119/2125 2944/2076/2082 2987/2063/2069
f 2944/2076/2082 2965/2119/2125 3017/2107/2113
f 3052/2084/2090 2966/2085/2091 2945/2024/2030
f 2971/2015/2021 2999/2090/2096 2886/2094/2100
f 2886/2094/2100 3000/2120/2126 2970/2093/2099
f 3023/2121/2127 3000/2120/2126 2886/2094/2100
f 2970/2093/2099 3024/2122/2128 2968/2091/2097
f 3024/2122/2128 2970/2093/2099 3000/2120/2126
f 3024/2122/2128 3026/2088/2094 2968/2091/2097
f 2891/1948/1954 2946/2027/2033 2972/1940/1946
f 2973/2095/2101 2974/2065/2071 3001/2123/2129
f 2974/2065/2071 2966/2085/2091 3001/2123/2129
f 2898/1998/2004 3004/2103/2109 2915/1925/1931
f 3002/2101/2107 3004/2103/2109 2918/2099/2105
f 3004/2103/2109 3002/2101/2107 2915/1925/1931
f 3116/2124/2130 2975/2125/2131 2976/2100/2106
f 2931/1954/1960 2927/2016/2022 2909/1971/1977
f 2927/2016/2022 3004/2103/2109 2898/1998/2004
f 2927/2016/2022 2931/1954/1960 3004/2103/2109
f 2918/2099/2105 3004/2103/2109 3003/2126/2132
f 3003/2126/2132 3004/2103/2109 2982/2102/2108
f 2978/2073/2079 2933/2030/2036 2979/2105/2111
f 2978/2073/2079 2924/2029/2035 2933/2030/2036
f 2990/2071/2077 3005/2127/2133 2978/2073/2079
f 3005/2127/2133 2989/2106/2112 2978/2073/2079
f 3009/2108/2114 3010/2098/2104 3080/2128/2134
f 3007/2129/2135 3006/2111/2117 2996/2079/2085
f 3007/2129/2135 2996/2079/2085 3028/2118/2124
f 3008/2130/2136 2985/2110/2116 2980/2077/2083
f 3006/2111/2117 3008/2130/2136 2980/2077/2083
f 3003/2126/2132 2981/2001/2007 2989/2106/2112
f 2982/2102/2108 2981/2001/2007 3003/2126/2132
f 3009/2108/2114 2940/2042/2048 2983/2021/2027
f 3019/2112/2118 3020/2131/2137 2965/2119/2125
f 3019/2112/2118 2988/2051/2057 3035/2132/2138
f 3086/2133/2139 3085/2134/2140 3113/2135/2141
f 3103/2136/2142 3010/2098/2104 2831/1989/1995
f 3103/2136/2142 2831/1989/1995 2882/1918/1924
f 2835/1990/1996 3012/2137/2143 3011/2053/2059
f 3012/2137/2143 2835/1990/1996 3031/1992/1998
f 3079/2104/2110 3013/2083/2089 2900/1959/1965
f 3071/2072/2078 2950/2070/2076 3117/2074/2080
f 2992/2066/2072 3014/2114/2120 3084/2138/2144
f 3008/2130/2136 3126/2139/2145 3014/2114/2120
f 2843/2058/2064 2984/2109/2115 3014/2114/2120
f 2984/2109/2115 2985/2110/2116 3014/2114/2120
f 3126/2139/2145 3008/2130/2136 3033/2140/2146
f 2960/2039/2045 3015/2082/2088 2961/2040/2046
f 2963/2036/2042 3066/2141/2147 3044/2142/2148
f 3016/2080/2086 3028/2118/2124 2997/2078/2084
f 3013/2083/2089 3028/2118/2124 3016/2080/2086
f 2958/2069/2075 3044/2142/2148 2998/2117/2123
f 3044/2142/2148 2958/2069/2075 2963/2036/2042
f 2965/2119/2125 3018/2143/2149 3017/2107/2113
f 3022/2144/2150 3017/2107/2113 3018/2143/2149
f 3022/2144/2150 2905/2145/2151 3078/2146/2152
f 2965/2119/2125 3020/2131/2137 3018/2143/2149
f 2905/2145/2151 3018/2143/2149 3020/2131/2137
f 2965/2119/2125 2987/2063/2069 3019/2112/2118
f 3022/2144/2150 3018/2143/2149 2905/2145/2151
f 3078/2146/2152 2905/2145/2151 3089/2147/2153
f 2886/2094/2100 2999/2090/2096 3025/2148/2154
f 3023/2121/2127 2886/2094/2100 3025/2148/2154
f 3055/2149/2155 3000/2120/2126 3023/2121/2127
f 3025/2148/2154 3056/2150/2156 3023/2121/2127
f 3026/2088/2094 3066/2141/2147 2994/2116/2122
f 2994/2116/2122 2883/2086/2092 3026/2088/2094
f 2963/2036/2042 2994/2116/2122 3066/2141/2147
f 3067/2096/2102 2973/2095/2101 3001/2123/2129
f 2926/2014/2020 2973/2095/2101 3067/2096/2102
f 3013/2083/2089 3029/2151/2157 3028/2118/2124
f 3007/2129/2135 3028/2118/2124 3029/2151/2157
f 3008/2130/2136 3014/2114/2120 2985/2110/2116
f 3007/2129/2135 3033/2140/2146 3006/2111/2117
f 3006/2111/2117 3033/2140/2146 3008/2130/2136
f 3111/2152/2158 3081/2153/2159 3009/2108/2114
f 3015/2082/2088 3117/2074/2080 2949/2060/2066
f 2993/1983/1989 3034/2115/2121 3082/2081/2087
f 2936/1964/1970 2878/1935/1941 2948/2055/2061
f 3035/2132/2138 2988/2051/2057 3041/2113/2119
f 3048/2154/2160 3050/2155/2161 3114/2156/2162
f 3036/2157/2163 3035/2132/2138 3038/2158/2164
f 3038/2158/2164 3037/2159/2165 3036/2157/2163
f 3038/2158/2164 3046/2160/2166 3037/2159/2165
f 3039/2161/2167 3045/2162/2168 3038/2158/2164
f 3040/2163/2169 3039/2161/2167 3038/2158/2164
f 3041/2113/2119 2998/2117/2123 3043/2164/2170
f 3035/2132/2138 3040/2163/2169 3038/2158/2164
f 3040/2163/2169 3035/2132/2138 3041/2113/2119
f 3042/2165/2171 3043/2164/2170 2998/2117/2123
f 3041/2113/2119 3043/2164/2170 3040/2163/2169
f 3042/2165/2171 2998/2117/2123 3044/2142/2148
f 3040/2163/2169 3043/2164/2170 3039/2161/2167
f 3045/2162/2168 3039/2161/2167 3059/2166/2172
f 3039/2161/2167 3043/2164/2170 3059/2166/2172
f 3043/2164/2170 3042/2165/2171 3059/2166/2172
f 3045/2162/2168 3058/2167/2173 3046/2160/2166
f 3059/2166/2172 3047/2168/2174 3045/2162/2168
f 3048/2154/2160 3046/2160/2166 3049/2169/2175
f 3058/2167/2173 3049/2169/2175 3046/2160/2166
f 3047/2168/2174 3058/2167/2173 3045/2162/2168
f 3088/2170/2176 3048/2154/2160 3114/2156/2162
f 3061/2171/2177 3049/2169/2175 3058/2167/2173
f 3061/2171/2177 3050/2155/2161 3049/2169/2175
f 3050/2155/2161 3048/2154/2160 3049/2169/2175
f 3103/2136/2142 3017/2107/2113 3022/2144/2150
f 3051/2172/2178 3001/2123/2129 2966/2085/2091
f 3051/2172/2178 3052/2084/2090 3054/2173/2179
f 3053/2075/2081 3141/2174/2180 3054/2173/2179
f 3000/2120/2126 3055/2149/2155 3024/2122/2128
f 3023/2121/2127 3058/2167/2173 3055/2149/2155
f 3056/2150/2156 3057/2175/2181 3023/2121/2127
f 3023/2121/2127 3057/2175/2181 3058/2167/2173
f 3060/2176/2182 3058/2167/2173 3047/2168/2174
f 3047/2168/2174 3059/2166/2172 3060/2176/2182
f 3055/2149/2155 3058/2167/2173 3060/2176/2182
f 3057/2175/2181 3061/2171/2177 3058/2167/2173
f 3056/2150/2156 3061/2171/2177 3057/2175/2181
f 3115/2177/2183 3062/2178/2184 3061/2171/2177
f 3056/2150/2156 3115/2177/2183 3061/2171/2177
f 3056/2150/2156 3090/2179/2185 3064/2180/2186
f 3056/2150/2156 3065/2181/2187 3115/2177/2183
f 3056/2150/2156 3064/2180/2186 3065/2181/2187
f 3054/2173/2179 3139/2182/2188 3065/2181/2187
f 3042/2165/2171 3044/2142/2148 3066/2141/2147
f 3060/2176/2182 3059/2166/2172 3042/2165/2171
f 2986/2061/2067 2946/2027/2033 2891/1948/1954
f 3030/2089/2095 3067/2096/2102 3001/2123/2129
f 3030/2089/2095 3001/2123/2129 2999/2090/2096
f 2999/2090/2096 3001/2123/2129 3090/2179/2185
f 2918/2099/2105 3003/2126/2132 3027/2183/2189
f 3003/2126/2132 2989/2106/2112 3073/2184/2190
f 3005/2127/2133 2990/2071/2077 3070/2185/2191
f 3070/2185/2191 3069/2186/2192 3005/2127/2133
f 3070/2185/2191 2990/2071/2077 3071/2072/2078
f 3072/2187/2193 3005/2127/2133 3069/2186/2192
f 2989/2106/2112 3005/2127/2133 3072/2187/2193
f 3074/2188/2194 3072/2187/2193 3069/2186/2192
f 3073/2184/2190 3072/2187/2193 3132/2189/2195
f 3076/2190/2196 3074/2188/2194 3069/2186/2192
f 3119/2191/2197 3070/2185/2191 3071/2072/2078
f 3077/2192/2198 3075/2193/2199 3074/2188/2194
f 3076/2190/2196 3077/2192/2198 3074/2188/2194
f 3070/2185/2191 3076/2190/2196 3069/2186/2192
f 3074/2188/2194 3075/2193/2199 3072/2187/2193
f 3070/2185/2191 3119/2191/2197 3091/2194/2200
f 3070/2185/2191 3091/2194/2200 3076/2190/2196
f 3010/2098/2104 3078/2146/2152 3080/2128/2134
f 3103/2136/2142 3078/2146/2152 3010/2098/2104
f 3078/2146/2152 3103/2136/2142 3022/2144/2150
f 3013/2083/2089 3125/2195/2201 3029/2151/2157
f 3079/2104/2110 3125/2195/2201 3013/2083/2089
f 3104/2196/2202 3079/2104/2110 3012/2137/2143
f 3012/2137/2143 3079/2104/2110 3011/2053/2059
f 3029/2151/2157 3123/2197/2203 3007/2129/2135
f 3033/2140/2146 3007/2129/2135 3123/2197/2203
f 3080/2128/2134 3111/2152/2158 3009/2108/2114
f 3112/2198/2204 3021/2199/2205 3089/2147/2153
f 3019/2112/2118 3035/2132/2138 3086/2133/2139
f 3036/2157/2163 3086/2133/2139 3035/2132/2138
f 2961/2040/2046 3015/2082/2088 2949/2060/2066
f 2991/1982/1988 3084/2138/2144 3034/2115/2121
f 3083/2200/2206 3034/2115/2121 3121/2201/2207
f 3121/2201/2207 3034/2115/2121 3084/2138/2144
f 3126/2139/2145 3121/2201/2207 3084/2138/2144
f 3088/2170/2176 3037/2159/2165 3046/2160/2166
f 3036/2157/2163 3085/2134/2140 3086/2133/2139
f 3085/2134/2140 3036/2157/2163 3037/2159/2165
f 3087/2202/2208 3085/2134/2140 3037/2159/2165
f 3020/2131/2137 3019/2112/2118 3086/2133/2139
f 3113/2135/2141 3020/2131/2137 3086/2133/2139
f 3085/2134/2140 3112/2198/2204 3113/2135/2141
f 3085/2134/2140 3087/2202/2208 3112/2198/2204
f 3021/2199/2205 3112/2198/2204 3087/2202/2208
f 3088/2170/2176 3046/2160/2166 3048/2154/2160
f 2966/2085/2091 3052/2084/2090 3051/2172/2178
f 3052/2084/2090 3053/2075/2081 3054/2173/2179
f 3024/2122/2128 3055/2149/2155 3060/2176/2182
f 3024/2122/2128 3066/2141/2147 3026/2088/2094
f 3060/2176/2182 3066/2141/2147 3024/2122/2128
f 3056/2150/2156 3025/2148/2154 3090/2179/2185
f 2999/2090/2096 3090/2179/2185 3025/2148/2154
f 3054/2173/2179 3141/2174/2180 3139/2182/2188
f 3131/2203/2209 3065/2181/2187 3139/2182/2188
f 3131/2203/2209 3063/2204/2210 3115/2177/2183
f 3063/2204/2210 3062/2178/2184 3115/2177/2183
f 3050/2155/2161 3061/2171/2177 3062/2178/2184
f 3131/2203/2209 3115/2177/2183 3065/2181/2187
f 3001/2123/2129 3051/2172/2178 3090/2179/2185
f 3054/2173/2179 3064/2180/2186 3051/2172/2178
f 3064/2180/2186 3090/2179/2185 3051/2172/2178
f 3064/2180/2186 3054/2173/2179 3065/2181/2187
f 3116/2124/2130 2918/2099/2105 3027/2183/2189
f 3073/2184/2190 3068/2205/2211 3003/2126/2132
f 3068/2205/2211 3027/2183/2189 3003/2126/2132
f 2989/2106/2112 3072/2187/2193 3073/2184/2190
f 3117/2074/2080 3119/2191/2197 3071/2072/2078
f 3076/2190/2196 3091/2194/2200 3094/2206/2212
f 3077/2192/2198 3076/2190/2196 3094/2206/2212
f 3136/2207/2213 3077/2192/2198 3093/2208/2214
f 3077/2192/2198 3094/2206/2212 3093/2208/2214
f 3095/2209/2215 3097/2210/2216 3094/2206/2212
f 3083/2200/2206 3097/2210/2216 3095/2209/2215
f 3093/2208/2214 3094/2206/2212 3097/2210/2216
f 3094/2206/2212 3091/2194/2200 3095/2209/2215
f 3093/2208/2214 3097/2210/2216 3096/2211/2217
f 3098/2212/2218 3097/2210/2216 3099/2213/2219
f 3097/2210/2216 3098/2212/2218 3096/2211/2217
f 3121/2201/2207 3099/2213/2219 3083/2200/2206
f 3099/2213/2219 3097/2210/2216 3083/2200/2206
f 3122/2214/2220 3096/2211/2217 3098/2212/2218
f 3122/2214/2220 3101/2215/2221 3096/2211/2217
f 3102/2216/2222 3135/2217/2223 3100/2218/2224
f 3135/2217/2223 3102/2216/2222 3092/2219/2225
f 3137/2220/2226 3092/2219/2225 3102/2216/2222
f 3101/2215/2221 3100/2218/2224 3135/2217/2223
f 3102/2216/2222 3109/2221/2227 3137/2220/2226
f 3107/2222/2228 3124/2223/2229 3104/2196/2202
f 3012/2137/2143 3107/2222/2228 3104/2196/2202
f 3081/2153/2159 2940/2042/2048 3009/2108/2114
f 3108/2224/2230 3032/2052/2058 2875/2031/2037
f 3032/2052/2058 3106/2225/2231 2952/2033/2039
f 3105/2226/2232 3108/2224/2230 2875/2031/2037
f 3031/1992/1998 3107/2222/2228 3012/2137/2143
f 2952/2033/2039 3106/2225/2231 3107/2222/2228
f 3105/2226/2232 2940/2042/2048 3081/2153/2159
f 3032/2052/2058 3108/2224/2230 3109/2221/2227
f 3031/1992/1998 2952/2033/2039 3107/2222/2228
f 3032/2052/2058 3109/2221/2227 3106/2225/2231
f 3109/2221/2227 3108/2224/2230 3137/2220/2226
f 3105/2226/2232 3081/2153/2159 3110/2227/2233
f 3089/2147/2153 3021/2199/2205 3078/2146/2152
f 3080/2128/2134 3078/2146/2152 3021/2199/2205
f 3112/2198/2204 3089/2147/2153 3113/2135/2141
f 3113/2135/2141 2905/2145/2151 3020/2131/2137
f 2905/2145/2151 3113/2135/2141 3089/2147/2153
f 3084/2138/2144 3014/2114/2120 3126/2139/2145
f 3015/2082/2088 3082/2081/2087 3118/2228/2234
f 3038/2158/2164 3045/2162/2168 3046/2160/2166
f 3042/2165/2171 3066/2141/2147 3060/2176/2182
f 3114/2156/2162 3050/2155/2161 3128/2229/2235
f 2918/2099/2105 3116/2124/2130 2976/2100/2106
f 3027/2183/2189 2975/2125/2131 3116/2124/2130
f 2975/2125/2131 3027/2183/2189 3068/2205/2211
f 3119/2191/2197 3120/2230/2236 3091/2194/2200
f 3117/2074/2080 3015/2082/2088 3118/2228/2234
f 3119/2191/2197 3117/2074/2080 3120/2230/2236
f 3118/2228/2234 3120/2230/2236 3117/2074/2080
f 3095/2209/2215 3091/2194/2200 3120/2230/2236
f 3120/2230/2236 3118/2228/2234 3095/2209/2215
f 3118/2228/2234 3034/2115/2121 3095/2209/2215
f 3034/2115/2121 3083/2200/2206 3095/2209/2215
f 3101/2215/2221 3122/2214/2220 3124/2223/2229
f 3033/2140/2146 3099/2213/2219 3121/2201/2207
f 3122/2214/2220 3098/2212/2218 3099/2213/2219
f 3099/2213/2219 3123/2197/2203 3122/2214/2220
f 3033/2140/2146 3123/2197/2203 3099/2213/2219
f 3135/2217/2223 3096/2211/2217 3101/2215/2221
f 3063/2204/2210 3092/2219/2225 3137/2220/2226
f 3062/2178/2184 3063/2204/2210 3137/2220/2226
f 3125/2195/2201 3079/2104/2110 3104/2196/2202
f 3029/2151/2157 3125/2195/2201 3122/2214/2220
f 2940/2042/2048 3105/2226/2232 2875/2031/2037
f 3108/2224/2230 3105/2226/2232 3110/2227/2233
f 3109/2221/2227 3107/2222/2228 3106/2225/2231
f 3100/2218/2224 3107/2222/2228 3109/2221/2227
f 3109/2221/2227 3102/2216/2222 3100/2218/2224
f 3107/2222/2228 3100/2218/2224 3124/2223/2229
f 3100/2218/2224 3101/2215/2221 3124/2223/2229
f 3124/2223/2229 3122/2214/2220 3125/2195/2201
f 3104/2196/2202 3124/2223/2229 3125/2195/2201
f 3122/2214/2220 3123/2197/2203 3029/2151/2157
f 3121/2201/2207 3126/2139/2145 3033/2140/2146
f 3088/2170/2176 3087/2202/2208 3037/2159/2165
f 3138/2231/2237 3021/2199/2205 3087/2202/2208
f 3114/2156/2162 3138/2231/2237 3087/2202/2208
f 3088/2170/2176 3114/2156/2162 3087/2202/2208
f 3138/2231/2237 3114/2156/2162 3127/2232/2238
f 3127/2232/2238 3114/2156/2162 3128/2229/2235
f 3129/2056/2062 3130/2233/2239 3053/2075/2081
f 2928/2007/2013 2976/2100/2106 3129/2056/2062
f 2976/2100/2106 2975/2125/2131 3129/2056/2062
f 3130/2233/2239 3129/2056/2062 2975/2125/2131
f 3132/2189/2195 3068/2205/2211 3073/2184/2190
f 3068/2205/2211 3132/2189/2195 2975/2125/2131
f 3132/2189/2195 3133/2234/2240 2975/2125/2131
f 3133/2234/2240 3132/2189/2195 3072/2187/2193
f 3133/2234/2240 3072/2187/2193 3075/2193/2199
f 2975/2125/2131 3133/2234/2240 3130/2233/2239
f 3130/2233/2239 3133/2234/2240 3053/2075/2081
f 3082/2081/2087 3034/2115/2121 3118/2228/2234
f 3075/2193/2199 3077/2192/2198 3140/2235/2241
f 3075/2193/2199 3140/2235/2241 3134/2236/2242
f 3134/2236/2242 3141/2174/2180 3053/2075/2081
f 3134/2236/2242 3053/2075/2081 3133/2234/2240
f 3134/2236/2242 3139/2182/2188 3141/2174/2180
f 3093/2208/2214 3135/2217/2223 3136/2207/2213
f 3136/2207/2213 3135/2217/2223 3092/2219/2225
f 3093/2208/2214 3096/2211/2217 3135/2217/2223
f 3142/2237/2243 3050/2155/2161 3062/2178/2184
f 3137/2220/2226 3142/2237/2243 3062/2178/2184
f 2992/2066/2072 3084/2138/2144 2991/1982/1988
f 3138/2231/2237 3080/2128/2134 3021/2199/2205
f 3111/2152/2158 3138/2231/2237 3127/2232/2238
f 3111/2152/2158 3080/2128/2134 3138/2231/2237
f 3128/2229/2235 3050/2155/2161 3142/2237/2243
f 3139/2182/2188 3140/2235/2241 3131/2203/2209
f 3140/2235/2241 3077/2192/2198 3136/2207/2213
f 3140/2235/2241 3139/2182/2188 3134/2236/2242
f 3131/2203/2209 3092/2219/2225 3063/2204/2210
f 3136/2207/2213 3092/2219/2225 3140/2235/2241
f 3140/2235/2241 3092/2219/2225 3131/2203/2209
f 3110/2227/2233 3137/2220/2226 3108/2224/2230
f 3137/2220/2226 3110/2227/2233 3142/2237/2243
f 3075/2193/2199 3134/2236/2242 3133/2234/2240
f 3111/2152/2158 3127/2232/2238 3081/2153/2159
f 3128/2229/2235 3142/2237/2243 3081/2153/2159
f 3128/2229/2235 3081/2153/2159 3127/2232/2238
f 3142/2237/2243 3110/2227/2233 3081/2153/2159
f 3103/2136/2142 2882/1918/1924 3017/2107/2113
f 2882/1918/1924 2951/2041/2047 3017/2107/2113
f 3184/2238/2244 3438/2239/2245 3185/2240/2246
f 3199/2241/2247 3434/2242/2248 3200/2243/2249
f 3231/2244/2250 3230/2245/2251 3232/2246/2252
f 3246/2247/2253 3433/2248/2254 3247/2249/2255
f 3318/2250/2256 3317/2251/2257 3436/2252/2258
usemtl Self_mesh_Copy_1_FRONT_2720
f 197/71/71 192/72/72 193/73/73
f 191/74/74 180/75/75 181/76/76
f 191/74/74 181/76/76 182/77/77
f 193/73/73 194/78/78 197/71/71
f 177/79/79 194/78/78 195/80/80
f 176/81/81 195/80/80 175/82/82
f 179/83/83 180/75/75 191/74/74
f 185/84/84 188/85/85 196/86/86
f 183/87/87 184/88/88 196/86/86
f 179/83/83 191/74/74 178/89/89
f 197/71/71 178/89/89 191/74/74
f 197/71/71 191/74/74 192/72/72
f 185/84/84 187/90/90 188/85/85
f 184/88/88 185/84/84 196/86/86
f 185/84/84 186/91/91 187/90/90
f 191/74/74 182/77/77 190/92/92
f 189/93/93 183/87/87 196/86/86
f 189/93/93 182/77/77 183/87/87
f 197/71/71 194/78/78 177/79/79
f 176/81/81 177/79/79 195/80/80
f 190/92/92 182/77/77 189/93/93
f 215/94/94 205/95/95 204/96/96
f 215/94/94 206/97/97 205/95/95
f 200/98/98 218/99/99 217/100/100
f 199/101/101 198/102/102 218/99/99
f 207/103/103 206/97/97 219/104/104
f 209/105/105 219/104/104 212/106/106
f 201/107/107 216/108/108 202/109/109
f 201/107/107 217/100/100 216/108/108
f 207/103/103 219/104/104 208/110/110
f 203/111/111 202/109/109 220/112/112
f 202/109/109 216/108/108 220/112/112
f 209/105/105 211/113/113 210/114/114
f 209/105/105 212/106/106 211/113/113
f 219/104/104 209/105/105 208/110/110
f 213/115/115 206/97/97 214/116/116
f 215/94/94 214/116/116 206/97/97
f 203/111/111 215/94/94 204/96/96
f 203/111/111 220/112/112 215/94/94
f 206/97/97 213/115/115 219/104/104
f 201/107/107 200/98/98 217/100/100
f 199/101/101 218/99/99 200/98/98
f 239/117/117 241/118/118 240/119/119
f 239/117/117 304/120/120 241/118/118
f 243/121/121 242/122/122 244/123/123
f 269/124/124 271/125/125 270/126/126
f 323/127/127 313/128/128 314/129/129
f 318/130/130 321/131/131 317/132/132
f 325/133/133 311/134/134 324/135/135
f 306/136/136 328/137/137 305/138/138
f 316/139/139 317/132/132 322/140/140
f 307/141/141 328/137/137 306/136/136
f 327/142/142 328/137/137 308/143/143
f 310/144/144 327/142/142 309/145/145
f 320/146/146 321/131/131 319/147/147
f 318/130/130 319/147/147 321/131/131
f 317/132/132 321/131/131 322/140/140
f 311/134/134 313/128/128 324/135/135
f 324/135/135 313/128/128 323/127/127
f 312/148/148 313/128/128 311/134/134
f 311/134/134 325/133/133 326/149/149
f 326/149/149 310/144/144 311/134/134
f 326/149/149 327/142/142 310/144/144
f 323/127/127 315/150/150 322/140/140
f 316/139/139 322/140/140 315/150/150
f 327/142/142 308/143/143 309/145/145
f 307/141/141 308/143/143 328/137/137
f 323/127/127 314/129/129 315/150/150
f 340/151/151 345/152/152 352/153/153
f 342/154/154 341/155/155 352/153/153
f 336/156/156 338/157/157 337/158/158
f 348/159/159 347/160/160 335/161/161
f 330/162/162 329/138/163 351/163/164
f 340/151/151 352/153/153 341/155/155
f 331/164/165 330/162/162 351/163/164
f 350/165/166 332/166/167 351/163/164
f 338/157/157 336/156/156 335/161/161
f 334/167/168 333/168/169 350/165/166
f 344/146/170 343/169/171 352/153/153
f 338/157/157 346/170/172 345/152/152
f 342/154/154 352/153/153 343/169/171
f 346/170/172 338/157/157 347/160/160
f 335/161/161 347/160/160 338/157/157
f 335/161/161 349/171/173 348/159/159
f 349/171/173 335/161/161 334/167/168
f 349/171/173 334/167/168 350/165/166
f 338/157/157 345/152/152 339/172/174
f 340/151/151 339/172/174 345/152/152
f 350/165/166 333/168/169 332/166/167
f 331/164/165 351/163/164 332/166/167
f 381/173/175 383/174/176 382/175/177
f 381/173/175 435/175/178 383/174/176
f 400/176/179 402/177/180 401/178/181
f 416/179/182 434/180/183 417/181/184
f 420/182/185 436/183/186 421/184/187
s 0
usemtl Material3047
f 4158/2253/2259 4159/2254/2260 4160/2255/2261
f 4158/2253/2259 4161/2256/2260 4162/2257/2261
f 4158/2253/2259 4163/2258/2260 4164/2259/2261
f 4159/2254/2261 4158/2253/2259 4164/2259/2260
s 1
f 4165/2260/2262 4159/2254/2263 4166/2261/2264
s 0
f 4166/2261/2265 4159/2254/2266 4164/2259/2267
f 4163/2258/2268 4167/2262/2269 4164/2259/2266
s 1
f 4164/2259/2270 4167/2262/2271 4166/2261/2264
s 0
f 4158/2253/2259 4162/2257/2260 4163/2258/2261
s 1
f 4168/2263/2272 4167/2262/2271 4162/2257/2273
s 0
f 4162/2257/2268 4167/2262/2269 4163/2258/2266
s 1
f 4169/2264/2274 4168/2263/2272 4161/2256/2275
s 0
f 4161/2256/2276 4168/2263/2277 4162/2257/2266
f 4158/2253/2259 4170/2265/2260 4171/2266/2261
f 4158/2253/2259 4171/2266/2260 4161/2256/2261
s 1
f 4172/2267/2278 4169/2264/2274 4171/2266/2279
s 0
f 4171/2266/2280 4169/2264/2281 4161/2256/2266
s 1
f 4157/2268/2282 4172/2267/2278 4170/2265/2283
s 0
f 4170/2265/2284 4172/2267/2285 4171/2266/2266
f 4159/2254/2286 4165/2260/2287 4160/2255/2266
s 1
f 4160/2255/2288 4165/2260/2262 4157/2268/2282
f 4157/2268/2282 4165/2260/2262 4166/2261/2264
f 4167/2262/2271 4157/2268/2282 4166/2261/2264
f 4168/2263/2272 4157/2268/2282 4167/2262/2271
f 4169/2264/2274 4157/2268/2282 4168/2263/2272
f 4172/2267/2278 4157/2268/2282 4169/2264/2274
s 0
f 4530/2269/2289 4533/2270/2266 4532/2271/2290
s 1
f 4530/2269/2291 4532/2271/2292 4534/2272/2293
f 4532/2271/2292 4535/2273/2294 4534/2272/2293
s 0
f 4532/2271/2260 4533/2270/2295 4535/2273/2296
s 1
f 4533/2270/2297 4536/2274/2298 4535/2273/2294
s 0
f 4530/2269/2289 4538/2275/2266 4537/2276/2299
f 4530/2269/2289 4537/2276/2266 4533/2270/2299
f 4533/2270/2260 4537/2276/2300 4536/2274/2301
s 1
f 4537/2276/2302 4539/2277/2303 4536/2274/2298
s 0
f 4537/2276/2260 4538/2275/2304 4539/2277/2305
s 1
f 4538/2275/2306 4531/2278/2307 4539/2277/2303
f 4535/2273/2294 4531/2278/2307 4534/2272/2293
f 4535/2273/2294 4536/2274/2298 4531/2278/2307
f 4536/2274/2298 4539/2277/2303 4531/2278/2307
s 0
f 4878/2253/2261 4880/2255/2260 4879/2254/2261
f 4878/2253/2261 4882/2257/2260 4881/2256/2261
f 4878/2253/2261 4884/2259/2260 4883/2258/2261
f 4879/2254/2260 4884/2259/2261 4878/2253/2261
s 1
f 4885/2260/2308 4886/2261/2309 4879/2254/2310
s 0
f 4886/2261/2311 4884/2259/2260 4879/2254/2312
f 4883/2258/2260 4884/2259/2313 4887/2262/2314
s 1
f 4884/2259/2315 4886/2261/2309 4887/2262/2316
s 0
f 4878/2253/2261 4883/2258/2260 4882/2257/2261
s 1
f 4888/2263/2317 4882/2257/2318 4887/2262/2316
s 0
f 4882/2257/2260 4883/2258/2313 4887/2262/2314
s 1
f 4889/2264/2319 4881/2256/2320 4888/2263/2317
s 0
f 4881/2256/2260 4882/2257/2321 4888/2263/2322
f 4878/2253/2261 4891/2266/2260 4890/2265/2261
f 4878/2253/2261 4881/2256/2260 4891/2266/2261
s 1
f 4892/2267/2323 4891/2266/2324 4889/2264/2319
s 0
f 4891/2266/2260 4881/2256/2325 4889/2264/2326
s 1
f 4877/2279/2327 4890/2265/2328 4892/2267/2323
s 0
f 4890/2265/2260 4891/2266/2329 4892/2267/2330
f 4879/2254/2260 4880/2255/2331 4885/2260/2332
s 1
f 4880/2255/2333 4877/2279/2327 4885/2260/2308
f 4877/2279/2327 4886/2261/2309 4885/2260/2308
f 4887/2262/2316 4886/2261/2309 4877/2279/2327
f 4888/2263/2317 4887/2262/2316 4877/2279/2327
f 4889/2264/2319 4888/2263/2317 4877/2279/2327
f 4892/2267/2323 4889/2264/2319 4877/2279/2327
s 0
f 5250/2269/2334 5252/2271/2266 5253/2270/2335
s 1
f 5250/2269/2336 5260/2280/2337 5252/2271/2338
f 5252/2271/2338 5260/2280/2337 5254/2273/2339
s 0
f 5252/2271/2340 5254/2273/2341 5253/2270/2266
s 1
f 5253/2270/2342 5254/2273/2339 5255/2274/2343
s 0
f 5250/2269/2334 5256/2276/2266 5257/2275/2344
f 5250/2269/2334 5253/2270/2266 5256/2276/2344
f 5253/2270/2345 5255/2274/2346 5256/2276/2266
s 1
f 5256/2276/2347 5255/2274/2343 5258/2277/2348
s 0
f 5256/2276/2349 5258/2277/2350 5257/2275/2266
s 1
f 5257/2275/2351 5258/2277/2348 5259/2281/2352
f 5254/2273/2339 5260/2280/2337 5251/2282/2353
f 5254/2273/2339 5251/2282/2353 5255/2274/2343
f 5255/2274/2343 5251/2282/2353 5258/2277/2348
f 5258/2277/2348 5251/2282/2353 5259/2281/2352
f 5614/2283/2354 5615/2284/2355 5616/2285/2356
s 0
f 5617/2253/2357 5618/2254/2260 5619/2255/2358
f 5617/2253/2357 5620/2256/2260 5621/2257/2358
f 5617/2253/2357 5622/2258/2260 5623/2259/2358
f 5618/2254/2358 5617/2253/2357 5623/2259/2260
s 1
f 5624/2260/2359 5618/2254/2360 5625/2261/2361
s 0
f 5625/2261/2362 5618/2254/2266 5623/2259/2363
f 5622/2258/2364 5626/2262/2365 5623/2259/2266
s 1
f 5623/2259/2366 5626/2262/2367 5625/2261/2361
s 0
f 5617/2253/2357 5621/2257/2260 5622/2258/2358
s 1
f 5627/2263/2368 5626/2262/2367 5621/2257/2369
s 0
f 5621/2257/2364 5626/2262/2365 5622/2258/2266
s 1
f 5628/2264/2370 5627/2263/2368 5620/2256/2371
s 0
f 5620/2256/2372 5627/2263/2373 5621/2257/2266
f 5617/2253/2357 5629/2265/2260 5630/2266/2358
f 5617/2253/2357 5630/2266/2260 5620/2256/2358
s 1
f 5631/2267/2374 5628/2264/2370 5630/2266/2375
s 0
f 5630/2266/2376 5628/2264/2377 5620/2256/2260
s 1
f 5616/2286/2378 5631/2267/2374 5629/2265/2379
s 0
f 5629/2265/2380 5631/2267/2381 5630/2266/2266
f 5618/2254/2382 5624/2260/2383 5619/2255/2266
s 1
f 5619/2255/2384 5624/2260/2359 5616/2286/2378
f 5616/2286/2378 5624/2260/2359 5625/2261/2361
f 5626/2262/2367 5616/2286/2378 5625/2261/2361
f 5627/2263/2368 5616/2286/2378 5626/2262/2367
f 5628/2264/2370 5616/2286/2378 5627/2263/2368
f 5631/2267/2374 5616/2286/2378 5628/2264/2370
s 0
f 5981/2269/2385 5984/2270/2266 5983/2271/2386
s 1
f 5981/2269/2387 5983/2271/2388 5982/2287/2389
f 5983/2271/2388 5985/2273/2390 5982/2287/2389
s 0
f 5983/2271/2266 5984/2270/2391 5985/2273/2392
s 1
f 5984/2270/2393 5986/2274/2394 5985/2273/2390
s 0
f 5981/2269/2385 5988/2275/2266 5987/2276/2395
f 5981/2269/2385 5987/2276/2266 5984/2270/2395
f 5984/2270/2260 5987/2276/2396 5986/2274/2397
s 1
f 5987/2276/2398 5989/2277/2399 5986/2274/2394
s 0
f 5987/2276/2260 5988/2275/2400 5989/2277/2401
s 1
f 5988/2275/2402 5982/2287/2389 5989/2277/2399
f 5985/2273/2390 5986/2274/2394 5982/2287/2389
f 5986/2274/2394 5989/2277/2399 5982/2287/2389
s 0
f 6331/2253/2403 6333/2255/2266 6332/2254/2404
f 6331/2253/2403 6335/2257/2266 6334/2256/2404
f 6331/2253/2403 6338/2259/2266 6337/2258/2404
f 6332/2254/2266 6338/2259/2404 6331/2253/2403
s 1
f 6339/2260/2405 6340/2261/2406 6332/2254/2407
s 0
f 6340/2261/2408 6338/2259/2260 6332/2254/2409
f 6337/2258/2260 6338/2259/2410 6341/2262/2411
s 1
f 6338/2259/2412 6340/2261/2406 6341/2262/2413
s 0
f 6331/2253/2403 6337/2258/2266 6335/2257/2404
s 1
f 6342/2263/2414 6335/2257/2415 6341/2262/2413
s 0
f 6335/2257/2260 6337/2258/2410 6341/2262/2411
s 1
f 6343/2264/2416 6334/2256/2417 6342/2263/2414
s 0
f 6334/2256/2260 6335/2257/2418 6342/2263/2419
f 6331/2253/2403 6345/2266/2266 6344/2265/2404
f 6331/2253/2403 6334/2256/2266 6345/2266/2404
f 6346/2267/2420 6345/2266/2421 6343/2264/2422
f 6345/2266/2260 6334/2256/2423 6343/2264/2424
s 1
f 6336/2288/2425 6344/2265/2426 6346/2267/2427
s 0
f 6344/2265/2260 6345/2266/2423 6346/2267/2428
f 6332/2254/2260 6333/2255/2429 6339/2260/2430
s 1
f 6333/2255/2431 6336/2288/2425 6339/2260/2405
f 6336/2288/2425 6340/2261/2406 6339/2260/2405
f 6341/2262/2413 6340/2261/2406 6336/2288/2425
f 6342/2263/2414 6341/2262/2413 6336/2288/2425
f 6343/2264/2416 6342/2263/2414 6336/2288/2425
f 6346/2267/2427 6343/2264/2416 6336/2288/2425
l 56 57
l 62 63
l 69 70
l 77 78
l 93 94
l 101 102
l 109 110
l 130 131
l 137 138
l 145 146
l 152 153
l 159 160
l 167 168
l 223 224
l 231 232
l 244 245
l 252 253
l 260 261
l 268 269
l 276 277
l 284 285
l 295 296
l 356 357
l 363 364
l 378 379
l 384 385
l 392 393
l 408 409
l 427 428
l 517 518
l 525 526
l 533 534
l 541 542
l 549 550
l 557 558
l 562 563
l 570 571
l 577 578
l 585 586
l 593 594
l 607 608
l 886 887
l 893 894
l 906 907
l 910 911
l 916 917
l 921 922
l 937 938
l 944 945
l 950 951
l 957 958
l 973 974
l 994 995
l 1006 1007
l 1014 1015
l 1022 1023
l 1030 1031
l 1285 1286
l 1294 1295
l 1301 1302
l 1306 1307
l 1314 1315
l 1322 1323
l 1336 1337
l 1342 1343
l 1346 1347
l 1359 1360
l 1365 1366
l 1372 1373
l 1381 1382
l 1389 1390
l 1397 1398
l 1405 1406
l 1416 1417
l 1426 1427
l 1434 1435
l 2244 2245
l 2253 2254
l 2261 2262
l 2265 2266
l 2269 2270
l 2272 2273
l 2285 2286
l 2295 2296
l 2302 2303
l 2309 2310
l 2315 2316
l 2330 2331
l 2338 2339
l 2351 2352
l 2485 2354
l 2360 2361
l 2384 2385
l 2401 2402
l 2409 2410
l 2415 2416
l 2426 2427
l 2451 2452
l 2465 2466
l 2475 2476
l 3147 3148
l 3155 3156
l 3160 3161
l 3168 3169
l 3175 3176
l 3189 3190
l 3192 3193
l 3195 3196
l 3220 3221
l 3226 3227
l 3234 3235
l 3242 3243
l 3254 3255
l 3262 3263
l 3270 3271
l 3285 3286
l 3294 3295
l 3301 3302
l 3306 3307
l 3314 3315
l 3436 3319
l 3331 3332
l 3338 3339
l 3345 3346
l 3353 3354
l 3359 3360
l 3367 3368
l 3375 3376
l 3383 3384
l 3391 3392
l 3399 3400
l 3415 3416
l 3416 3437
l 3420 3421
l 3426 3427
l 3449 3448
l 3456 3457
l 3460 3459
l 3466 3467
l 3468 3469
l 3472 3473
l 3475 3476
l 3479 3480
l 3491 3490
l 3511 3512
l 3515 3514
l 3523 3524
l 3528 3529
l 3544 3545
l 3547 3546
l 3550 3551
l 3553 3552
l 3557 3558
l 3561 3560
l 3564 3565
l 3591 3592
l 3602 3603
l 3615 3616
l 3621 3622
l 3638 3637
l 3645 3644
l 3647 3648
l 3652 3653
l 3657 3658
l 3659 3660
l 3662 3663
l 3670 3671
l 3679 3680
l 3682 3681
l 3696 3695
l 3703 3704
l 3707 3706
l 3714 3713
l 3715 3716
l 3723 3724
l 3747 3748
l 3750 3751
l 3762 3761
l 3779 3781
l 3786 3785
l 3787 3788
l 3795 3796
l 3801 3802
l 3807 3806
l 3819 3820
l 3829 3828
l 3830 3831
l 3838 3839
l 3843 3842
l 3855 3856
l 3859 3860
l 3862 3863
l 3870 3871
l 3882 3883
l 3889 3891
l 3892 3893
l 3902 3903
l 3914 3915
l 3925 3926
l 3932 3933
l 3937 3938
l 3948 3949
l 3960 3959
l 3977 3978
l 3987 3988
l 3991 3992
l 3994 3993
l 4007 4008
l 4010 4009
l 4019 4020
l 4054 4055
l 4062 4061
l 4067 4066
l 4076 4077
l 4086 4087
l 4088 4089
l 4091 4090
l 4103 4102
l 4112 4113
l 4115 4116
l 4124 4125
l 4132 4134
l 4148 4147
l 4176 4175
l 4183 4184
l 4197 4196
l 4206 4207
l 4225 4226
l 4240 4241
l 4243 4242
l 4255 4256
l 4265 4266
l 4270 4271
l 4278 4279
l 4313 4312
l 4319 4320
l 4322 4321
l 4328 4327
l 4329 4330
l 4339 4340
l 4351 4352
l 4367 4369
l 4381 4380
l 4387 4386
l 4393 4394
l 4398 4399
l 4409 4410
l 4418 4419
l 4421 4422
l 4425 4426
l 4437 4436
l 4446 4447
l 4451 4452
l 4458 4459
l 4461 4460
l 4474 4473
l 4477 4478
l 4481 4482
l 4516 4517
l 4520 4519
l 4546 4547
l 4552 4553
l 4569 4570
l 4578 4579
l 4588 4589
l 4609 4610
l 4626 4627
l 4628 4629
l 4631 4632
l 4642 4641
l 4648 4649
l 4659 4660
l 4680 4681
l 4691 4692
l 4695 4694
l 4721 4722
l 4734 4735
l 4734 4733
l 4741 4742
l 4753 4752
l 4754 4755
l 4763 4762
l 4780 4779
l 4811 4810
l 4812 4813
l 4818 4819
l 4827 4828
l 4836 4837
l 4842 4843
l 4850 4851
l 4865 4866
l 4896 4895
l 4902 4903
l 4925 4924
l 4955 4956
l 4958 4957
l 4977 4978
l 4981 4980
l 4994 4995
l 5001 5002
l 5011 5012
l 5013 5014
l 5026 5027
l 5031 5032
l 5036 5037
l 5046 5047
l 5049 5048
l 5057 5058
l 5062 5061
l 5067 5068
l 5074 5075
l 5091 5092
l 5100 5101
l 5110 5111
l 5123 5124
l 5133 5132
l 5134 5135
l 5144 5145
l 5154 5155
l 5157 5158
l 5163 5164
l 5167 5168
l 5169 5170
l 5175 5174
l 5181 5182
l 5186 5187
l 5197 5198
l 5219 5218
l 5223 5222
l 5241 5242
l 5243 5244
l 5246 5245
l 5261 5262
l 5266 5265
l 5274 5273
l 5274 5272
l 5284 5285
l 5286 5287
l 5296 5295
l 5303 5304
l 5316 5317
l 5320 5319
l 5326 5327
l 5338 5339
l 5342 5341
l 5347 5346
l 5349 5350
l 5353 5352
l 5360 5359
l 5361 5362
l 5376 5377
l 5385 5384
l 5388 5389
l 5399 5400
l 5409 5410
l 5412 5411
l 5440 5441
l 5449 5450
l 5461 5462
l 5472 5473
l 5481 5482
l 5484 5483
l 5490 5489
l 5495 5494
l 5502 5503
l 5505 5504
l 5512 5513
l 5515 5516
l 5536 5537
l 5547 5548
l 5560 5559
l 5567 5568
l 5573 5572
l 5581 5582
l 5592 5593
l 5596 5595
l 5604 5605
l 5608 5607
l 5636 5637
l 5641 5642
l 5645 5644
l 5653 5654
l 5662 5663
l 5664 5665
l 5685 5686
l 5689 5688
l 5694 5695
l 5698 5697
l 5716 5717
l 5738 5739
l 5757 5758
l 5761 5762
l 5764 5763
l 5766 5767
l 5772 5773
l 5783 5784
l 5793 5794
l 5814 5815
l 5818 5819
l 5839 5838
l 5868 5869
l 5871 5872
l 5878 5879
l 5883 5884
l 5898 5899
l 5908 5909
l 5922 5923
l 5926 5925
l 5938 5937
l 5949 5950
l 5954 5953
l 5960 5961
l 5968 5969
l 5976 5975
l 6002 6003
l 6007 6008
l 6012 6013
l 6017 6018
l 6026 6027
l 6033 6034
l 6048 6049
l 6060 6061
l 6070 6071
l 6074 6073
l 6081 6082
l 6091 6092
l 6101 6102
l 6109 6108
l 6111 6112
l 6118 6117
l 6124 6125
l 6129 6130
l 6133 6135
l 6166 6167
l 6177 6178
l 6181 6180
l 6182 6183
l 6192 6191
l 6199 6200
l 6209 6210
l 6220 6221
l 6235 6236
l 6240 6241
l 6265 6266
l 6274 6273
l 6282 6283
l 6290 6291
l 6304 6305
l 6316 6317
l 6319 6318
l 6327 6328
l 6347 6348
l 6350 6349
l 6363 6364
l 6367 6366
l 6373 6374
l 6376 6375
l 6383 6384
l 6385 6387
l 6410 6411
l 6410 6409
l 6413 6414
l 6433 6434
l 6444 6445
l 6448 6447
l 6456 6457
l 6459 6458
l 6466 6467
l 6474 6475
l 6478 6479
l 6487 6488
l 6506 6505
l 6508 6509
l 6512 6511
l 6518 6519
l 6547 6548
l 6550 6549
l 6551 6552
l 6560 6561
l 6579 6580
l 6583 6584
l 6610 6611
l 6628 6629
l 6632 6631
l 6639 6640
l 6647 6648
l 6668 6667
l 6680 6681
l 6690 6691
l 6703 6704
l 6712 6713
l 6727 6729
l 6731 6730
l 6738 6739
l 6741 6742
l 6752 6751
l 6757 6756
l 6758 6759
l 6777 6778
l 6781 6782
l 6789 6790
l 6799 6800
l 6809 6810
l 6818 6819
l 6828 6829
l 6835 6836
l 6840 6839
l 6842 6843
l 6853 6854
l 6856 6855
l 6865 6866
l 6868 6867
l 6876 6877
l 6879 6878
l 6901 6902
l 6904 6903
l 6915 6914
l 6925 6926
l 6929 6927
l 6930 6931
l 6935 6936
l 6959 6960
l 6970 6971
l 6974 6973
l 6982 6983
l 6989 6990
l 6992 6993
l 6995 6996
l 7003 7004
l 7005 7006
l 7015 7014
l 7018 7019
l 7041 7042
l 7053 7054
l 7056 7057
l 7072 7073
l 7077 7078
l 7080 7079
l 7091 7092
l 7100 7101
l 7104 7103
l 7112 7113
l 7123 7124
l 7156 7158
l 7171 7172
l 7171 7170
l 7176 7177
l 7182 7181
l 7188 7187
l 7201 7202
l 7205 7204
l 7213 7214
l 7223 7224
l 7238 7239
l 7243 7244
l 7253 7254
l 7262 7261
l 7263 7264
l 7274 7275
l 7276 7278
l 7295 7294
l 7297 7298
l 7310 7309
l 7314 7315
l 7319 7320
l 7327 7326
l 7357 7356
l 7365 7366
l 7376 7377
l 7379 7378
l 7387 7386
l 7388 7389
l 7399 7400
l 7403 7402
l 7409 7410
l 7414 7415
l 7418 7419
l 7454 7453
l 7464 7465
l 7491 7492
l 7504 7505
l 7508 7507
l 7520 7519
l 7528 7529
l 7539 7540
l 7544 7545
l 7550 7551
l 7555 7556
l 7559 7560
l 7570 7571
l 7601 7600
l 7602 7603
l 7610 7611
l 7615 7616
l 7628 7627
l 7638 7639
l 7653 7654
l 7660 7659
l 7668 7669
l 7678 7679
l 7683 7681
l 7701 7702
l 7713 7712
l 7732 7733
l 7750 7751
l 7753 7754
l 7764 7765
l 7769 7770
l 7775 7776
l 7785 7786
l 7797 7798
l 7801 7802
l 7807 7808
l 7809 7810
l 7824 7823
l 7837 7838
l 7843 7844
l 7854 7855
l 7878 7879
l 7887 7886
l 7889 7890
l 7893 7892
l 7900 7901
l 7912 7913
l 7918 7919
l 7923 7924
l 7934 7933
l 7936 7937
l 7940 7941
l 7944 7945
l 7952 7951
l 7962 7963
l 7969 7970
l 7995 7996
l 7998 7999
l 8006 8007
l 8009 8010
l 8015 8016
l 8027 8028
l 8031 8032
l 8041 8040
l 8061 8062
l 8068 8069
l 8093 8094
l 8104 8103
l 8105 8106
l 8120 8121
l 8130 8131
l 8135 8136
l 8141 8142
l 8144 8143
l 8153 8154
l 8156 8157
l 8166 8167
l 8177 8178
l 8182 8183
l 8186 8187
l 8189 8190
l 8205 8206
l 8210 8209
l 8221 8220
l 8223 8224
l 8228 8229
l 8231 8230
l 8234 8235
l 8263 8264
l 8268 8269
l 8280 8281
l 8282 8283
l 8290 8291
l 8293 8292
l 8301 8302
l 8317 8318
l 8322 8323
l 8325 8326
l 8331 8332
l 8336 8337
l 8339 8338
l 8342 8343
l 8353 8354
l 8360 8361
l 8369 8368
l 8375 8376
l 8384 8385
l 8388 8387
l 8395 8396
l 8414 8416
l 8417 8418
l 8429 8430
l 8433 8434
l 8451 8452
l 8455 8456
l 8459 8460
l 8469 8470
l 8484 8483
l 8486 8487
l 8502 8503
l 8507 8508
l 8519 8520
l 8524 8525
l 8527 8526
l 8532 8531
l 8535 8536
l 8545 8544
l 8547 8548
l 8556 8557
l 8559 8560
l 8566 8567
l 8577 8578
l 8582 8583
l 8588 8589
l 8591 8590
l 8593 8592
l 8599 8600
l 8603 8602
l 8605 8604
l 8612 8613
l 8616 8615
l 8622 8623
l 8633 8634
l 8637 8638
l 8646 8647
l 8651 8652
l 8657 8658
l 8668 8669
l 8670 8671
l 8689 8690
l 8714 8715
l 8722 8723
l 8733 8734
l 8743 8744
l 8757 8758
l 8765 8766
l 8777 8778
l 8780 8779
l 8787 8788
l 8798 8799
l 8809 8810
l 8812 8811
l 8849 8848
l 8850 8851
l 8868 8869
l 8891 8892
l 8893 8894
l 8912 8913
l 8915 8914
l 8936 8935
l 8938 8939
l 8943 8944
l 8953 8954
l 8956 8957
l 8956 8955
l 8975 8976
l 8979 8980
l 8984 8986
l 8987 8988
l 8990 8989
l 8997 8998
l 9001 9002
l 9004 9005
l 9020 9021
l 9024 9023
l 9025 9026
l 9032 9031
l 9034 9035
l 9043 9044
l 9046 9047
l 9059 9058
l 9060 9061
l 9062 9061
l 9068 9069
l 9072 9071
l 9080 9081
l 9092 9093
l 9094 9095
l 9103 9104
l 9107 9108
l 9122 9123
l 9139 9138
l 9140 9141
l 9149 9150
l 9160 9161
l 9163 9162
l 9170 9171
l 9178 9179
l 9189 9190
l 9201 9200
l 9209 9208
l 9210 9211
l 9220 9221
l 9233 9232
l 9242 9243
l 9251 9252
l 9261 9262
l 9264 9263
l 9286 9285
l 9293 9294
l 9295 9297
l 9303 9302
l 9315 9316
l 9325 9326
l 9334 9335
l 9346 9347
l 9356 9357
l 9359 9360
l 9370 9371
l 9375 9376
l 9377 9378
l 9382 9383
l 9385 9386
l 9387 9388
l 9399 9398
l 9401 9400
l 9407 9406
l 9418 9419
l 9429 9430
l 9459 9460
l 9473 9472
l 9484 9485
l 9503 9504
l 9518 9517
l 9527 9528
l 9539 9540
l 9543 9542
l 9549 9550
l 9552 9551
l 9560 9561
l 9571 9572
l 9595 9594
l 9599 9598
l 9607 9608
l 9612 9613
l 9619 9620
l 9629 9630
l 9643 9644
l 9664 9665
l 9673 9674
l 9692 9691
l 9699 9700
l 9705 9706
l 9707 9708
l 9732 9733
l 9732 9731
l 9751 9752
l 9754 9753
l 9763 9764
l 9766 9765
l 9770 9771
l 9773 9774
l 9779 9780
l 9783 9784
l 9788 9789
l 9795 9796
l 9806 9807
l 9810 9809
l 9840 9841
l 9852 9853
l 9856 9855
l 9867 9868
l 9874 9873
l 9875 9876
l 9885 9884
l 9907 9908
l 9916 9917
l 9926 9927
l 9935 9936
l 9937 9938
l 9949 9950
l 9962 9963
l 9964 9965
l 9969 9970
l 9973 9972
l 9999 10000
l 10006 10007
l 10016 10015
l 10021 10022
l 10023 10024
l 10028 10029
l 10033 10034
l 10038 10039
l 10045 10044
l 10048 10049
l 10056 10057
l 10062 10063
l 10066 10067
l 10083 10084
l 10108 10109
l 10117 10118
l 10120 10121
l 10133 10134
l 10137 10138
l 10143 10144
l 10146 10145
l 10163 10162
l 10162 10164
l 10165 10166
l 10176 10177
l 10185 10186
l 10193 10192
l 10195 10196
l 10206 10207
l 10218 10217
l 10228 10229
l 10240 10241
l 10239 10240
l 10243 10242
l 10250 10251
l 10254 10253
l 10255 10256
l 10280 10281
l 10288 10289
l 10303 10302
l 10305 10306
l 10315 10316
l 10326 10327
l 10338 10339
l 10341 10340
l 10349 10350
l 10355 10354
l 10356 10357
l 10363 10364
l 10373 10374
l 10399 10398
l 10418 10419
l 10428 10429
l 10437 10438
l 10446 10447
l 10456 10455
l 10458 10459
l 10461 10460
l 10469 10470
l 10490 10489
l 10491 10492
l 10504 10505
l 10508 10509
l 10536 10537
l 10539 10540
l 10543 10544
l 10559 10560
l 10570 10571
l 10582 10583
l 10593 10594
l 10597 10598
l 10602 10601
l 10615 10616
l 10624 10625
l 10633 10634
l 10636 10635
l 10643 10644
l 10646 10645
l 10655 10656
l 10658 10657
l 10659 10660
l 10666 10667
l 10682 10681
l 10681 10683
l 10700 10701
l 10704 10703
l 10709 10710
l 10715 10716
l 10726 10727
l 10732 10733
l 10738 10739
l 10745 10747
l 10757 10756
l 10760 10761
l 10764 10765
l 10766 10767
l 10788 10789
l 10800 10801
l 10804 10802
l 10810 10811
l 10814 10813
l 10833 10834
l 10842 10841
l 10845 10846
l 10860 10861
l 10877 10878
l 10883 10882
l 10884 10885
l 10887 10888
l 10891 10892
l 10894 10895
l 10904 10905
l 10907 10906
l 10915 10916
l 10925 10926
l 10928 10927
l 10943 10944
l 10946 10947
l 10953 10954
l 10965 10966
l 10974 10973
l 10975 10976
l 10988 10987
l 10989 10990
l 10999 11000
l 11004 11003
l 11006 11007
l 11012 11013
l 11022 11021
l 11026 11025
l 11027 11028
l 11044 11045
l 11055 11056
l 11069 11068
l 11078 11079
l 11089 11090
l 11109 11110
l 11119 11120
l 11123 11124
l 11129 11130
l 11142 11143
l 11146 11145
l 11154 11155
l 11161 11162
l 11169 11170
l 11177 11178
l 11187 11188
l 11192 11191
l 11198 11199
l 11208 11209
l 11212 11213
l 11219 11220
l 11239 11240
l 11250 11251
l 11253 11252
l 11262 11263
l 11265 11264
l 11298 11297
l 11310 11309
l 11320 11321
l 11324 11325
l 11331 11330
l 11332 11333
l 11335 11334
l 11346 11347
l 11353 11354
l 11356 11357
l 11363 11364
l 11367 11366
l 11368 11369
l 11399 11400
l 11417 11416
l 11424 11425
l 11436 11437
l 11446 11447
l 11450 11449
l 11468 11469
l 11492 11491
l 11505 11504
l 11506 11507
l 11510 11512
l 11512 11511
l 11514 11515
l 11518 11519
l 11531 11532
l 11547 11548
l 11559 11560
l 11569 11570
l 11589 11590
l 11599 11600
l 11603 11602
l 11612 11613
l 11621 11622
l 11630 11631
l 11637 11638
l 11643 11642
l 11645 11644
l 11646 11647
l 11669 11670
l 11692 11693
l 11695 11694
l 11696 11697
l 11716 11717
l 11722 11723
l 11726 11727
l 11735 11736
l 11737 11738
l 11741 11742
l 11747 11746
l 11749 11750
l 11762 11763
l 11772 11773
l 11781 11780
l 11788 11789
l 11791 11792
l 11794 11795
l 11804 11805
l 11815 11816
l 11824 11825
l 11834 11833
l 11835 11836
l 11838 11837
l 11849 11850
l 11857 11856
l 11863 11862
l 11872 11873
l 11875 11876
l 11879 11880
l 11883 11885
l 11886 11887
l 11890 11889
l 11891 11892
l 11899 11900
l 11908 11909
l 11913 11914
l 11918 11919
l 11932 11931
l 11940 11941
l 11944 11943
l 11961 11960
l 11964 11965
l 11982 11983
l 11989 11990
l 11993 11992
l 12002 12003
l 12020 12019
l 12022 12023
l 12030 12032
l 12035 12036
l 12039 12041
l 12050 12051
l 12069 12068
l 12070 12071
l 12073 12072
l 12074 12075
l 12083 12084
l 12092 12091
l 12096 12097
l 12104 12105
l 12107 12108
l 12115 12114
l 12116 12117
l 12126 12127
l 12136 12137
l 12148 12149
l 12158 12159
l 12171 12172
l 12182 12183
l 12184 12185
l 12191 12192
l 12203 12204
l 12223 12224
l 12234 12235
l 12237 12238
l 12248 12249
l 12250 12251
l 12254 12253
l 12255 12256
l 12263 12262
l 12265 12266
l 12268 12267
l 12270 12271
l 12274 12273
l 12289 12290
l 12299 12300
l 12302 12301
l 12311 12312
l 12330 12331
l 12338 12337
l 12340 12341
l 63 64
l 70 71
l 78 79
l 94 95
l 102 103
l 110 111
l 116 117
l 123 124
l 131 132
l 138 139
l 146 147
l 153 154
l 160 161
l 168 169
l 224 225
l 232 233
l 253 254
l 261 262
l 277 278
l 285 286
l 296 297
l 364 365
l 371 372
l 376 377
l 385 386
l 393 394
l 409 410
l 428 429
l 510 511
l 518 519
l 526 527
l 534 535
l 542 543
l 550 551
l 571 572
l 578 579
l 586 587
l 594 595
l 600 601
l 608 609
l 873 874
l 880 881
l 887 888
l 900 901
l 933 934
l 938 939
l 945 946
l 958 959
l 965 966
l 974 975
l 995 996
l 999 1000
l 1007 1008
l 1015 1016
l 1023 1024
l 1280 1281
l 1286 1287
l 1295 1296
l 1302 1303
l 1307 1308
l 1315 1316
l 1323 1324
l 1329 1330
l 1347 1348
l 1352 1442
l 1353 1354
l 1360 1361
l 1382 1383
l 1390 1391
l 1398 1399
l 1406 1407
l 1412 1445
l 1417 1418
l 1427 1428
l 1435 1436
l 2234 2235
l 2239 2240
l 2246 2247
l 2254 2255
l 2278 2279
l 2286 2287
l 2321 2322
l 2331 2332
l 2359 2360
l 2482 2366
l 2367 2368
l 2369 2370
l 2372 2373
l 2374 2375
l 2494 2379
l 2385 2386
l 2398 2399
l 2403 2404
l 2416 2417
l 2424 2425
l 2444 2445
l 2452 2453
l 2459 2460
l 2466 2467
l 2472 2473
l 2476 2477
l 3161 3162
l 3169 3170
l 3181 3182
l 3186 3187
l 3206 3435
l 3207 3208
l 3213 3214
l 3221 3222
l 3235 3236
l 3243 3244
l 3248 3249
l 3249 3250
l 3255 3256
l 3263 3264
l 3276 3277
l 3281 3282
l 3290 3291
l 3295 3296
l 3307 3308
l 3315 3316
l 3326 3327
l 3332 3333
l 3339 3340
l 3354 3355
l 3360 3361
l 3368 3369
l 3376 3377
l 3384 3385
l 3392 3393
l 3400 3401
l 3407 3408
l 3421 3422
l 3427 3428
l 3446 3447
l 3488 3489
l 3532 3531
l 3534 3536
l 3569 3570
l 3581 3582
l 3612 3613
l 3623 3624
l 3635 3636
l 3635 3634
l 3669 3668
l 3691 3692
l 3738 3739
l 3772 3773
l 3776 3777
l 3778 3780
l 3815 3814
l 3815 3817
l 3862 3864
l 3898 3899
l 3957 3958
l 3996 3998
l 4005 4006
l 4017 4016
l 4041 4043
l 4054 4053
l 4064 4065
l 4074 4073
l 4076 4075
l 4095 4096
l 4099 4101
l 4124 4123
l 4136 4137
l 4141 4142
l 4144 4145
l 4150 4151
l 4194 4195
l 4234 4235
l 4246 4247
l 4291 4292
l 4300 4301
l 4339 4338
l 4351 4350
l 4364 4365
l 4377 4379
l 4388 4389
l 4395 4396
l 4434 4435
l 4434 4433
l 4467 4466
l 4470 4472
l 4492 4493
l 4504 4506
l 4528 4529
l 4581 4582
l 4598 4599
l 4608 4609
l 4669 4671
l 4712 4713
l 4745 4746
l 4776 4777
l 4808 4809
l 4827 4826
l 4873 4874
l 4874 4875
l 4910 4912
l 4922 4923
l 4923 4921
l 4932 4931
l 4946 4947
l 4977 4976
l 4989 4990
l 5049 5050
l 5089 5088
l 5149 5150
l 5154 5153
l 5177 5178
l 5179 5180
l 5215 5214
l 5232 5234
l 5284 5283
l 5293 5294
l 5338 5337
l 5363 5365
l 5388 5387
l 5409 5408
l 5471 5472
l 5495 5496
l 5511 5510
l 5547 5546
l 5611 5612
l 5632 5633
l 5649 5650
l 5652 5651
l 5671 5672
l 5698 5699
l 5704 5705
l 5726 5728
l 5750 5752
l 5793 5792
l 5805 5806
l 5810 5811
l 5835 5836
l 5851 5852
l 5865 5866
l 5910 5912
l 5929 5928
l 5979 5980
l 6038 6039
l 6038 6037
l 6120 6121
l 6125 6126
l 6144 6146
l 6188 6190
l 6230 6232
l 6251 6252
l 6261 6262
l 6271 6272
l 6282 6281
l 6294 6295
l 6325 6326
l 6352 6353
l 6423 6424
l 6498 6499
l 6517 6516
l 6571 6573
l 6616 6615
l 6620 6621
l 6675 6676
l 6694 6695
l 6766 6767
l 6889 6890
l 6912 6913
l 6949 6950
l 6966 6967
l 6981 6980
l 6995 6994
l 7028 7027
l 7030 7031
l 7041 7040
l 7048 7049
l 7066 7068
l 7077 7076
l 7130 7131
l 7132 7133
l 7145 7146
l 7167 7166
l 7168 7169
l 7190 7191
l 7232 7233
l 7297 7296
l 7306 7308
l 7321 7322
l 7330 7332
l 7337 7338
l 7353 7352
l 7353 7355
l 7440 7441
l 7451 7452
l 7460 7461
l 7472 7473
l 7482 7483
l 7516 7518
l 7591 7592
l 7625 7626
l 7648 7647
l 7649 7650
l 7722 7723
l 7742 7743
l 7753 7752
l 7783 7784
l 7826 7828
l 7846 7848
l 7865 7864
l 7923 7922
l 7936 7935
l 7972 7971
l 7972 7974
l 7983 7984
l 7983 7982
l 8001 8002
l 8037 8036
l 8037 8039
l 8051 8052
l 8072 8073
l 8082 8081
l 8093 8092
l 8153 8152
l 8177 8176
l 8181 8180
l 8198 8199
l 8212 8211
l 8223 8222
l 8234 8233
l 8246 8247
l 8257 8258
l 8257 8256
l 8268 8267
l 8312 8313
l 8341 8340
l 8364 8365
l 8407 8409
l 8428 8429
l 8480 8481
l 8577 8576
l 8677 8678
l 8691 8692
l 8733 8732
l 8741 8742
l 8753 8755
l 8765 8764
l 8822 8821
l 8822 8824
l 8834 8835
l 8896 8897
l 8901 8903
l 8921 8922
l 8931 8933
l 8949 8950
l 8964 8965
l 9009 9010
l 9020 9019
l 9046 9045
l 9054 9056
l 9066 9065
l 9080 9079
l 9086 9085
l 9117 9119
l 9127 9129
l 9189 9188
l 9230 9231
l 9271 9272
l 9280 9281
l 9304 9305
l 9354 9353
l 9409 9410
l 9438 9439
l 9448 9449
l 9457 9458
l 9468 9467
l 9470 9471
l 9470 9469
l 9481 9482
l 9491 9493
l 9547 9548
l 9584 9586
l 9638 9640
l 9652 9653
l 9683 9685
l 9694 9693
l 9696 9697
l 9718 9719
l 9729 9730
l 9739 9738
l 9740 9741
l 9775 9776
l 9806 9805
l 9819 9820
l 9828 9829
l 9840 9839
l 9863 9864
l 9888 9889
l 9906 9905
l 9959 9960
l 9992 9994
l 10013 10014
l 10031 10032
l 10048 10047
l 10083 10082
l 10096 10098
l 10155 10156
l 10179 10180
l 10275 10276
l 10295 10294
l 10296 10297
l 10351 10353
l 10362 10361
l 10385 10386
l 10385 10384
l 10396 10395
l 10480 10481
l 10493 10494
l 10517 10519
l 10528 10529
l 10550 10549
l 10550 10551
l 10569 10570
l 10582 10581
l 10593 10592
l 10605 10604
l 10666 10665
l 10678 10679
l 10678 10677
l 10690 10691
l 10737 10739
l 10742 10744
l 10777 10779
l 10821 10820
l 10822 10823
l 10833 10832
l 10856 10857
l 10856 10855
l 10880 10881
l 10934 10935
l 10965 10964
l 10977 10978
l 11023 11024
l 11100 11101
l 11119 11118
l 11136 11137
l 11149 11150
l 11165 11166
l 11230 11231
l 11230 11229
l 11239 11238
l 11248 11249
l 11273 11272
l 11306 11308
l 11353 11352
l 11377 11378
l 11389 11390
l 11403 11405
l 11436 11435
l 11443 11444
l 11457 11458
l 11488 11490
l 11502 11501
l 11524 11525
l 11528 11529
l 11538 11537
l 11538 11539
l 11554 11555
l 11580 11581
l 11612 11611
l 11633 11635
l 11657 11658
l 11692 11691
l 11760 11759
l 11772 11771
l 11783 11784
l 11859 11861
l 11872 11871
l 11883 11884
l 11928 11929
l 11951 11953
l 11987 11986
l 12012 12013
l 12022 12021
l 12031 12032
l 12035 12034
l 12046 12048
l 12058 12059
l 12146 12145
l 12245 12247
l 12258 12259
l 12258 12257
l 12281 12282
l 12320 12322
l 57 58
l 64 65
l 71 72
l 79 80
l 87 88
l 95 96
l 103 104
l 111 112
l 124 125
l 132 133
l 139 140
l 147 148
l 154 155
l 161 162
l 169 170
l 233 234
l 247 248
l 254 255
l 262 263
l 278 279
l 297 298
l 365 366
l 386 387
l 394 395
l 402 403
l 410 411
l 421 422
l 429 430
l 504 505
l 511 512
l 519 520
l 527 528
l 535 536
l 543 544
l 551 552
l 558 559
l 564 565
l 572 573
l 579 580
l 587 588
l 595 596
l 601 602
l 609 610
l 881 882
l 888 889
l 894 895
l 901 902
l 911 912
l 917 918
l 922 923
l 939 940
l 946 947
l 951 952
l 959 960
l 963 964
l 967 968
l 975 976
l 982 983
l 988 989
l 996 997
l 1000 1001
l 1008 1009
l 1016 1017
l 1024 1025
l 1443 1444
l 1296 1297
l 1303 1304
l 1308 1309
l 1316 1317
l 1324 1325
l 1330 1331
l 1337 1338
l 1348 1349
l 1354 1355
l 1361 1362
l 1367 1368
l 1373 1374
l 1383 1384
l 1391 1392
l 1399 1400
l 1407 1408
l 1418 1419
l 1428 1429
l 1436 1437
l 2240 2241
l 2255 2256
l 2262 2263
l 2267 2268
l 2274 2275
l 2279 2280
l 2287 2288
l 2296 2297
l 2303 2304
l 2310 2311
l 2480 2326
l 2332 2333
l 2340 2341
l 2352 2353
l 2353 2485
l 2361 2362
l 2386 2387
l 2399 2400
l 2410 2411
l 2440 2441
l 2445 2446
l 2453 2454
l 2460 2461
l 2467 2468
l 2477 2478
l 2479 2488
l 3149 3150
l 3156 3157
l 3162 3163
l 3170 3171
l 3182 3183
l 3190 3191
l 3214 3215
l 3222 3223
l 3227 3228
l 3236 3237
l 3244 3245
l 3256 3257
l 3264 3265
l 3271 3272
l 3280 3281
l 3292 3293
l 3308 3309
l 3316 3317
l 3319 3320
l 3333 3334
l 3346 3347
l 3361 3362
l 3369 3370
l 3377 3378
l 3385 3386
l 3393 3394
l 3401 3402
l 3437 3417
l 3428 3429
l 3471 3472
l 3481 3482
l 3491 3492
l 3494 3493
l 3502 3503
l 3511 3510
l 3525 3526
l 3536 3535
l 3537 3538
l 3542 3543
l 3547 3548
l 3573 3574
l 3583 3584
l 3586 3587
l 3599 3600
l 3604 3605
l 3607 3606
l 3608 3609
l 3614 3615
l 3618 3619
l 3638 3639
l 3648 3649
l 3651 3652
l 3654 3655
l 3661 3662
l 3665 3666
l 3673 3674
l 3682 3683
l 3686 3687
l 3719 3720
l 3723 3722
l 3727 3728
l 3733 3732
l 3738 3737
l 3740 3741
l 3753 3752
l 3762 3763
l 3782 3783
l 3786 3787
l 3790 3791
l 3797 3798
l 3810 3809
l 3817 3816
l 3818 3819
l 3822 3823
l 3826 3827
l 3829 3830
l 3839 3840
l 3841 3842
l 3857 3858
l 3874 3875
l 3894 3895
l 3902 3901
l 3905 3906
l 3911 3912
l 3918 3917
l 3918 3916
l 3925 3924
l 3926 3927
l 3929 3930
l 3942 3943
l 3950 3951
l 3960 3961
l 3966 3967
l 3969 3970
l 3972 3973
l 3979 3980
l 3989 3990
l 3998 3997
l 4003 4002
l 4010 4011
l 4014 4015
l 4022 4023
l 4033 4034
l 4048 4049
l 4051 4052
l 4056 4057
l 4067 4068
l 4078 4079
l 4081 4080
l 4091 4092
l 4094 4095
l 4103 4104
l 4108 4107
l 4114 4115
l 4127 4128
l 4133 4134
l 4136 4135
l 4154 4153
l 4186 4187
l 4197 4198
l 4200 4201
l 4237 4238
l 4248 4249
l 4257 4258
l 4263 4264
l 4269 4270
l 4302 4303
l 4311 4312
l 4315 4316
l 4331 4332
l 4341 4342
l 4345 4344
l 4354 4355
l 4359 4360
l 4365 4366
l 4368 4367
l 4371 4370
l 4390 4391
l 4398 4397
l 4411 4412
l 4414 4413
l 4415 4416
l 4444 4445
l 4450 4451
l 4464 4465
l 4471 4472
l 4474 4475
l 4484 4485
l 4511 4512
l 4514 4515
l 4520 4521
l 4523 4524
l 4526 4527
l 4542 4543
l 4550 4551
l 4554 4553
l 4561 4562
l 4565 4564
l 4571 4572
l 4591 4592
l 4601 4602
l 4611 4612
l 4621 4622
l 4630 4631
l 4634 4633
l 4642 4643
l 4646 4647
l 4651 4652
l 4662 4663
l 4665 4664
l 4671 4670
l 4683 4684
l 4687 4688
l 4705 4706
l 4708 4709
l 4715 4716
l 4723 4724
l 4748 4747
l 4749 4750
l 4761 4760
l 4767 4768
l 4783 4782
l 4793 4792
l 4801 4802
l 4804 4803
l 4811 4812
l 4820 4821
l 4829 4830
l 4832 4833
l 4841 4842
l 4853 4854
l 4864 4865
l 4868 4867
l 4912 4911
l 4913 4914
l 4916 4915
l 4925 4926
l 4937 4938
l 4941 4940
l 4943 4942
l 4949 4950
l 4979 4978
l 4984 4983
l 4987 4988
l 4993 4994
l 4997 4996
l 5004 5005
l 5060 5061
l 5073 5074
l 5085 5084
l 5091 5090
l 5093 5094
l 5106 5105
l 5113 5114
l 5115 5117
l 5123 5122
l 5124 5125
l 5126 5127
l 5136 5137
l 5146 5147
l 5156 5157
l 5166 5167
l 5188 5189
l 5192 5193
l 5194 5195
l 5206 5207
l 5212 5213
l 5220 5221
l 5226 5225
l 5227 5228
l 5229 5230
l 5234 5233
l 5239 5238
l 5268 5269
l 5275 5276
l 5281 5282
l 5296 5297
l 5300 5299
l 5307 5308
l 5310 5309
l 5342 5343
l 5357 5356
l 5365 5364
l 5367 5368
l 5376 5375
l 5382 5381
l 5390 5391
l 5393 5392
l 5399 5398
l 5404 5405
l 5424 5423
l 5432 5433
l 5455 5454
l 5463 5464
l 5484 5485
l 5498 5497
l 5505 5506
l 5514 5515
l 5522 5523
l 5525 5524
l 5553 5554
l 5562 5564
l 5573 5574
l 5577 5578
l 5583 5584
l 5588 5587
l 5605 5606
l 5608 5609
l 5634 5635
l 5645 5646
l 5650 5651
l 5656 5657
l 5713 5714
l 5720 5721
l 5728 5727
l 5729 5730
l 5734 5735
l 5736 5737
l 5740 5741
l 5752 5751
l 5753 5754
l 5764 5765
l 5768 5767
l 5776 5777
l 5785 5786
l 5796 5797
l 5799 5798
l 5800 5801
l 5807 5808
l 5816 5817
l 5827 5828
l 5831 5832
l 5848 5849
l 5858 5859
l 5868 5867
l 5870 5871
l 5878 5877
l 5880 5881
l 5883 5882
l 5891 5892
l 5902 5903
l 5905 5904
l 5914 5915
l 5918 5917
l 5926 5927
l 5931 5932
l 5934 5935
l 5944 5945
l 5948 5949
l 5959 5960
l 5971 5972
l 5977 5978
l 5991 5993
l 5997 5998
l 5999 6000
l 6010 6011
l 6019 6020
l 6044 6043
l 6071 6072
l 6074 6075
l 6087 6088
l 6103 6104
l 6138 6139
l 6146 6145
l 6147 6148
l 6159 6160
l 6175 6176
l 6179 6178
l 6181 6182
l 6190 6189
l 6192 6193
l 6202 6203
l 6212 6213
l 6216 6215
l 6221 6222
l 6223 6224
l 6232 6231
l 6233 6234
l 6253 6254
l 6256 6255
l 6263 6264
l 6267 6266
l 6274 6275
l 6277 6278
l 6296 6297
l 6319 6320
l 6354 6353
l 6355 6356
l 6376 6377
l 6385 6386
l 6393 6394
l 6405 6406
l 6413 6412
l 6425 6426
l 6437 6436
l 6439 6440
l 6448 6449
l 6451 6450
l 6452 6453
l 6472 6471
l 6480 6481
l 6494 6495
l 6500 6501
l 6530 6531
l 6541 6542
l 6562 6563
l 6566 6565
l 6573 6572
l 6574 6575
l 6607 6608
l 6613 6614
l 6622 6623
l 6626 6627
l 6629 6630
l 6643 6644
l 6658 6659
l 6677 6678
l 6679 6680
l 6687 6688
l 6699 6698
l 6706 6707
l 6720 6722
l 6723 6724
l 6736 6737
l 6740 6741
l 6760 6761
l 6768 6769
l 6771 6770
l 6777 6776
l 6778 6779
l 6797 6798
l 6804 6803
l 6816 6817
l 6820 6821
l 6831 6832
l 6849 6848
l 6865 6864
l 6879 6880
l 6883 6882
l 6892 6893
l 6895 6894
l 6907 6908
l 6922 6923
l 6951 6952
l 6966 6965
l 6986 6987
l 7000 6999
l 7009 7010
l 7015 7016
l 7019 7020
l 7021 7022
l 7025 7024
l 7030 7029
l 7035 7036
l 7059 7058
l 7060 7061
l 7068 7067
l 7080 7081
l 7084 7083
l 7104 7105
l 7109 7110
l 7114 7115
l 7119 7118
l 7128 7129
l 7138 7140
l 7151 7150
l 7164 7163
l 7196 7195
l 7199 7200
l 7205 7206
l 7225 7226
l 7245 7246
l 7248 7249
l 7258 7257
l 7274 7273
l 7287 7288
l 7299 7300
l 7308 7307
l 7319 7318
l 7332 7331
l 7333 7334
l 7337 7336
l 7344 7345
l 7347 7348
l 7355 7354
l 7392 7391
l 7394 7393
l 7411 7412
l 7421 7422
l 7424 7425
l 7434 7433
l 7443 7444
l 7449 7450
l 7463 7464
l 7469 7470
l 7477 7476
l 7484 7485
l 7489 7490
l 7494 7495
l 7518 7517
l 7520 7521
l 7524 7523
l 7531 7532
l 7539 7538
l 7557 7558
l 7562 7563
l 7565 7564
l 7568 7569
l 7573 7574
l 7576 7575
l 7580 7582
l 7583 7584
l 7595 7596
l 7609 7608
l 7618 7619
l 7631 7630
l 7632 7633
l 7641 7642
l 7644 7643
l 7666 7667
l 7674 7675
l 7692 7693
l 7703 7704
l 7706 7705
l 7724 7725
l 7729 7730
l 7733 7734
l 7735 7736
l 7738 7737
l 7744 7745
l 7747 7746
l 7755 7756
l 7758 7757
l 7761 7762
l 7780 7781
l 7789 7790
l 7792 7793
l 7800 7801
l 7804 7803
l 7813 7814
l 7824 7825
l 7828 7827
l 7830 7831
l 7835 7836
l 7859 7858
l 7860 7861
l 7869 7870
l 7881 7882
l 7907 7908
l 7915 7916
l 7925 7926
l 7928 7927
l 7939 7940
l 7943 7942
l 7952 7953
l 7955 7956
l 7974 7973
l 7976 7977
l 7985 7986
l 7989 7988
l 7992 7993
l 7995 7994
l 7997 7998
l 8003 8004
l 8018 8019
l 8039 8038
l 8044 8043
l 8045 8046
l 8065 8066
l 8074 8075
l 8084 8085
l 8090 8091
l 8109 8110
l 8118 8117
l 8119 8120
l 8123 8122
l 8127 8128
l 8130 8129
l 8131 8132
l 8133 8134
l 8155 8156
l 8159 8160
l 8163 8164
l 8166 8165
l 8168 8169
l 8174 8175
l 8178 8179
l 8191 8192
l 8201 8202
l 8204 8203
l 8240 8239
l 8242 8241
l 8254 8255
l 8260 8261
l 8271 8272
l 8274 8275
l 8304 8305
l 8307 8308
l 8309 8310
l 8314 8315
l 8324 8325
l 8333 8334
l 8345 8346
l 8356 8357
l 8367 8368
l 8377 8378
l 8392 8393
l 8395 8394
l 8396 8397
l 8404 8405
l 8409 8408
l 8410 8411
l 8415 8416
l 8419 8420
l 8422 8421
l 8423 8424
l 8431 8432
l 8442 8443
l 8445 8444
l 8446 8447
l 8449 8450
l 8453 8454
l 8461 8462
l 8465 8463
l 8471 8472
l 8474 8473
l 8482 8483
l 8495 8494
l 8504 8505
l 8510 8511
l 8513 8514
l 8515 8516
l 8519 8518
l 8527 8528
l 8536 8537
l 8539 8540
l 8558 8559
l 8569 8570
l 8581 8582
l 8586 8587
l 8596 8597
l 8600 8601
l 8603 8604
l 8607 8606
l 8616 8617
l 8626 8627
l 8636 8637
l 8640 8639
l 8646 8645
l 8650 8651
l 8653 8654
l 8660 8661
l 8665 8666
l 8668 8667
l 8685 8686
l 8693 8694
l 8703 8704
l 8716 8717
l 8728 8729
l 8730 8731
l 8755 8754
l 8756 8757
l 8760 8761
l 8769 8770
l 8789 8790
l 8793 8794
l 8812 8813
l 8815 8816
l 8819 8820
l 8824 8823
l 8837 8838
l 8849 8850
l 8859 8860
l 8861 8862
l 8871 8872
l 8882 8883
l 8902 8903
l 8904 8905
l 8907 8906
l 8923 8924
l 8933 8932
l 8940 8941
l 8945 8946
l 8948 8947
l 8966 8967
l 8976 8977
l 8978 8979
l 8985 8986
l 8990 8991
l 9011 9012
l 9028 9027
l 9029 9030
l 9036 9037
l 9056 9055
l 9069 9070
l 9083 9084
l 9097 9096
l 9106 9107
l 9111 9112
l 9114 9115
l 9117 9116
l 9119 9118
l 9120 9121
l 9125 9126
l 9128 9129
l 9131 9132
l 9134 9133
l 9133 9135
l 9147 9148
l 9152 9153
l 9172 9173
l 9194 9196
l 9197 9198
l 9199 9201
l 9202 9203
l 9222 9223
l 9227 9228
l 9253 9254
l 9264 9265
l 9268 9269
l 9274 9275
l 9288 9287
l 9291 9292
l 9298 9300
l 9320 9321
l 9332 9333
l 9341 9340
l 9348 9349
l 9351 9352
l 9358 9359
l 9366 9365
l 9369 9370
l 9389 9390
l 9401 9402
l 9404 9405
l 9404 9403
l 9421 9422
l 9440 9441
l 9448 9447
l 9450 9451
l 9454 9455
l 9462 9463
l 9473 9474
l 9476 9475
l 9483 9484
l 9493 9492
l 9494 9495
l 9497 9496
l 9506 9507
l 9512 9513
l 9515 9516
l 9518 9519
l 9522 9523
l 9530 9531
l 9534 9533
l 9535 9536
l 9552 9553
l 9578 9577
l 9586 9585
l 9587 9588
l 9596 9597
l 9599 9600
l 9602 9601
l 9626 9627
l 9631 9632
l 9647 9648
l 9655 9656
l 9659 9660
l 9666 9667
l 9669 9670
l 9675 9676
l 9685 9684
l 9686 9687
l 9688 9689
l 9698 9699
l 9710 9711
l 9721 9722
l 9735 9736
l 9735 9734
l 9743 9744
l 9746 9747
l 9754 9755
l 9766 9767
l 9787 9786
l 9790 9789
l 9795 9794
l 9802 9803
l 9810 9811
l 9813 9812
l 9828 9827
l 9830 9831
l 9866 9867
l 9870 9869
l 9882 9883
l 9895 9896
l 9899 9900
l 9901 9902
l 9909 9910
l 9918 9919
l 9921 9922
l 9930 9931
l 9943 9942
l 9951 9952
l 9984 9985
l 9994 9993
l 10016 10017
l 10025 10026
l 10037 10038
l 10052 10053
l 10055 10054
l 10065 10066
l 10069 10068
l 10075 10076
l 10077 10078
l 10086 10087
l 10089 10088
l 10090 10091
l 10098 10097
l 10103 10102
l 10111 10112
l 10122 10123
l 10126 10125
l 10127 10128
l 10130 10131
l 10135 10136
l 10150 10149
l 10170 10169
l 10187 10188
l 10195 10194
l 10197 10198
l 10208 10209
l 10214 10215
l 10224 10225
l 10234 10235
l 10243 10244
l 10246 10245
l 10254 10255
l 10260 10261
l 10266 10267
l 10270 10269
l 10285 10286
l 10287 10288
l 10298 10299
l 10309 10310
l 10345 10346
l 10352 10353
l 10355 10356
l 10365 10366
l 10378 10377
l 10387 10388
l 10399 10400
l 10402 10403
l 10406 10408
l 10410 10411
l 10421 10422
l 10424 10423
l 10442 10443
l 10449 10450
l 10453 10452
l 10452 10454
l 10472 10473
l 10483 10484
l 10507 10508
l 10519 10518
l 10520 10521
l 10523 10522
l 10531 10532
l 10534 10533
l 10542 10543
l 10547 10548
l 10555 10554
l 10557 10558
l 10594 10595
l 10617 10618
l 10626 10627
l 10636 10637
l 10651 10652
l 10658 10659
l 10669 10670
l 10693 10694
l 10704 10705
l 10714 10715
l 10725 10726
l 10735 10736
l 10744 10743
l 10758 10759
l 10769 10770
l 10772 10771
l 10773 10774
l 10779 10778
l 10780 10781
l 10788 10787
l 10789 10790
l 10791 10792
l 10794 10793
l 10804 10803
l 10814 10815
l 10817 10816
l 10825 10826
l 10839 10838
l 10859 10860
l 10869 10868
l 10871 10872
l 10874 10875
l 10883 10884
l 10896 10897
l 10907 10908
l 10910 10909
l 10928 10929
l 10935 10936
l 10937 10938
l 10945 10946
l 10955 10956
l 10959 10960
l 10966 10967
l 10968 10969
l 10980 10981
l 10983 10982
l 11006 11005
l 11009 11010
l 11014 11015
l 11030 11029
l 11048 11049
l 11060 11061
l 11064 11066
l 11073 11072
l 11081 11082
l 11084 11083
l 11092 11093
l 11102 11103
l 11111 11112
l 11116 11117
l 11122 11123
l 11132 11133
l 11140 11141
l 11146 11147
l 11168 11169
l 11179 11180
l 11187 11186
l 11201 11202
l 11206 11207
l 11211 11212
l 11220 11221
l 11222 11223
l 11232 11233
l 11242 11243
l 11257 11256
l 11265 11266
l 11271 11272
l 11281 11280
l 11300 11299
l 11308 11307
l 11310 11311
l 11313 11312
l 11323 11324
l 11327 11328
l 11338 11337
l 11343 11342
l 11345 11346
l 11355 11356
l 11367 11368
l 11375 11376
l 11379 11380
l 11386 11387
l 11407 11408
l 11427 11428
l 11431 11430
l 11450 11451
l 11453 11452
l 11460 11461
l 11463 11462
l 11470 11471
l 11473 11472
l 11486 11487
l 11492 11493
l 11495 11494
l 11505 11506
l 11517 11518
l 11521 11520
l 11533 11534
l 11541 11542
l 11549 11550
l 11553 11552
l 11561 11562
l 11567 11568
l 11571 11572
l 11575 11574
l 11577 11578
l 11580 11582
l 11584 11585
l 11591 11592
l 11604 11605
l 11614 11615
l 11616 11617
l 11624 11625
l 11635 11634
l 11636 11637
l 11648 11649
l 11659 11660
l 11662 11661
l 11668 11669
l 11673 11674
l 11678 11679
l 11682 11683
l 11686 11687
l 11695 11696
l 11700 11699
l 11702 11703
l 11711 11710
l 11722 11721
l 11740 11741
l 11747 11748
l 11750 11751
l 11760 11761
l 11764 11765
l 11774 11775
l 11785 11786
l 11807 11808
l 11811 11812
l 11818 11819
l 11826 11827
l 11829 11828
l 11841 11842
l 11852 11851
l 11853 11854
l 11861 11860
l 11866 11865
l 11867 11868
l 11869 11870
l 11881 11880
l 11890 11891
l 11901 11902
l 11909 11910
l 11911 11912
l 11921 11922
l 11925 11926
l 11934 11933
l 11949 11950
l 11953 11952
l 11954 11955
l 11957 11956
l 11964 11963
l 11967 11968
l 11970 11971
l 11997 11996
l 12004 12005
l 12009 12010
l 12014 12015
l 12024 12025
l 12027 12026
l 12036 12037
l 12038 12039
l 12053 12054
l 12061 12062
l 12073 12074
l 12077 12076
l 12076 12078
l 12085 12086
l 12088 12087
l 12099 12100
l 12107 12106
l 12110 12111
l 12152 12151
l 12187 12188
l 12200 12201
l 12214 12215
l 12216 12217
l 12227 12228
l 12236 12237
l 12242 12243
l 12247 12246
l 12252 12251
l 12277 12276
l 12283 12284
l 12306 12305
l 12314 12315
l 12322 12321
l 12323 12324
l 12328 12329
l 12342 12343
l 58 59
l 72 73
l 80 81
l 96 97
l 104 105
l 112 113
l 118 119
l 125 126
l 133 134
l 140 141
l 148 149
l 155 156
l 162 163
l 170 171
l 226 227
l 234 235
l 255 256
l 263 264
l 271 272
l 279 280
l 286 287
l 290 291
l 298 299
l 366 367
l 372 373
l 379 380
l 387 388
l 395 396
l 411 412
l 417 418
l 422 423
l 430 431
l 505 506
l 512 513
l 520 521
l 528 529
l 536 537
l 544 545
l 552 553
l 565 566
l 573 574
l 580 581
l 588 589
l 596 597
l 602 603
l 610 611
l 874 875
l 889 890
l 895 896
l 902 903
l 923 924
l 928 929
l 934 935
l 940 941
l 947 948
l 952 953
l 960 961
l 968 969
l 976 977
l 989 990
l 1001 1002
l 1009 1010
l 1017 1018
l 1025 1026
l 1281 1282
l 1288 1289
l 1309 1310
l 1317 1318
l 1325 1326
l 1331 1332
l 1338 1339
l 1343 1344
l 1349 1350
l 1355 1356
l 1362 1363
l 1441 1365
l 1368 1369
l 1376 1377
l 1384 1385
l 1392 1393
l 1400 1401
l 1408 1409
l 1419 1420
l 1429 1430
l 1437 1438
l 2229 2230
l 2235 2236
l 2241 2242
l 2256 2257
l 2280 2281
l 2288 2289
l 2294 2295
l 2297 2298
l 2304 2305
l 2311 2312
l 2326 2327
l 2333 2334
l 2341 2342
l 2346 2347
l 2365 2482
l 2375 2376
l 2379 2380
l 2387 2388
l 2411 2412
l 2417 2418
l 2422 2487
l 2428 2429
l 2432 2433
l 2435 2436
l 2443 2444
l 2454 2455
l 2461 2462
l 2468 2469
l 3150 3151
l 3163 3164
l 3171 3172
l 3176 3177
l 3183 3184
l 3187 3188
l 3201 3202
l 3209 3210
l 3215 3216
l 3223 3224
l 3237 3238
l 3245 3246
l 3251 3252
l 3257 3258
l 3265 3266
l 3288 3289
l 3293 3439
l 3297 3298
l 3309 3310
l 3320 3321
l 3327 3328
l 3340 3341
l 3355 3356
l 3362 3363
l 3370 3371
l 3378 3379
l 3386 3387
l 3394 3395
l 3402 3403
l 3408 3409
l 3413 3414
l 3422 3423
l 3429 3430
l 3458 3460
l 3499 3500
l 3505 3507
l 3515 3516
l 3561 3562
l 3566 3568
l 3573 3572
l 3626 3627
l 3707 3708
l 3719 3718
l 3768 3769
l 3770 3769
l 3805 3804
l 3807 3808
l 3852 3853
l 3874 3873
l 3885 3886
l 3905 3904
l 3929 3928
l 3935 3934
l 3939 3940
l 3985 3986
l 4000 3999
l 4022 4021
l 4044 4045
l 4100 4101
l 4127 4126
l 4138 4139
l 4156 4155
l 4176 4177
l 4190 4191
l 4208 4210
l 4215 4217
l 4269 4268
l 4281 4282
l 4281 4280
l 4293 4294
l 4304 4305
l 4322 4323
l 4378 4379
l 4381 4382
l 4401 4403
l 4425 4424
l 4437 4439
l 4446 4448
l 4458 4457
l 4461 4462
l 4505 4506
l 4508 4509
l 4508 4507
l 4550 4549
l 4651 4650
l 4672 4674
l 4695 4697
l 4745 4744
l 4756 4758
l 4790 4791
l 4797 4798
l 4801 4800
l 4839 4840
l 4853 4852
l 4901 4902
l 4901 4900
l 4958 4960
l 4965 4966
l 4967 4966
l 4981 4982
l 4993 4992
l 5017 5016
l 5082 5083
l 5166 5165
l 5200 5201
l 5212 5211
l 5223 5224
l 5235 5237
l 5246 5247
l 5280 5279
l 5289 5290
l 5307 5306
l 5329 5330
l 5353 5355
l 5366 5367
l 5412 5413
l 5421 5422
l 5442 5444
l 5451 5452
l 5475 5476
l 5492 5493
l 5498 5499
l 5527 5528
l 5539 5538
l 5549 5550
l 5556 5558
l 5557 5558
l 5560 5561
l 5596 5597
l 5666 5667
l 5674 5675
l 5687 5688
l 5706 5705
l 5707 5708
l 5776 5775
l 5796 5795
l 5823 5824
l 5827 5826
l 5835 5837
l 5847 5846
l 5855 5854
l 5856 5857
l 5902 5901
l 5913 5911
l 5933 5932
l 5956 5957
l 5971 5970
l 6010 6009
l 6029 6030
l 6040 6041
l 6062 6063
l 6095 6094
l 6169 6168
l 6169 6170
l 6211 6212
l 6243 6244
l 6286 6288
l 6308 6310
l 6358 6357
l 6367 6368
l 6395 6396
l 6446 6445
l 6459 6460
l 6469 6470
l 6489 6491
l 6510 6512
l 6521 6520
l 6521 6523
l 6550 6552
l 6553 6555
l 6613 6612
l 6632 6634
l 6650 6651
l 6666 6668
l 6696 6697
l 6714 6715
l 6721 6722
l 6780 6781
l 6791 6793
l 6801 6802
l 6831 6830
l 6857 6858
l 6868 6869
l 6892 6891
l 6915 6917
l 6940 6942
l 6962 6964
l 6970 6972
l 6974 6975
l 6985 6986
l 7032 7033
l 7055 7054
l 7063 7064
l 7070 7069
l 7094 7095
l 7125 7126
l 7135 7137
l 7148 7149
l 7157 7158
l 7159 7161
l 7192 7194
l 7213 7212
l 7216 7217
l 7235 7236
l 7255 7256
l 7266 7265
l 7276 7277
l 7344 7343
l 7357 7359
l 7403 7404
l 7431 7432
l 7480 7481
l 7508 7509
l 7524 7525
l 7541 7542
l 7562 7561
l 7594 7593
l 7605 7604
l 7605 7607
l 7651 7652
l 7660 7661
l 7713 7715
l 7719 7720
l 7766 7767
l 7789 7788
l 7800 7799
l 7841 7842
l 7856 7857
l 7868 7867
l 7891 7893
l 7903 7905
l 8008 8009
l 8029 8030
l 8041 8042
l 8065 8064
l 8144 8145
l 8225 8226
l 8249 8248
l 8260 8259
l 8304 8303
l 8312 8311
l 8367 8366
l 8381 8383
l 8398 8399
l 8466 8468
l 8495 8493
l 8549 8550
l 8569 8568
l 8581 8580
l 8591 8592
l 8679 8678
l 8698 8699
l 8707 8709
l 8724 8726
l 8736 8737
l 8769 8768
l 8780 8781
l 8800 8799
l 8825 8826
l 8837 8836
l 8868 8870
l 8880 8879
l 8882 8881
l 8934 8936
l 8995 8996
l 9024 9025
l 9048 9049
l 9072 9073
l 9131 9130
l 9142 9143
l 9151 9150
l 9163 9164
l 9192 9193
l 9213 9215
l 9233 9234
l 9244 9245
l 9273 9272
l 9281 9282
l 9284 9283
l 9284 9286
l 9307 9309
l 9317 9318
l 9327 9328
l 9337 9339
l 9366 9367
l 9379 9380
l 9397 9399
l 9411 9412
l 9432 9433
l 9529 9528
l 9543 9544
l 9563 9564
l 9574 9575
l 9574 9573
l 9609 9608
l 9611 9612
l 9611 9610
l 9621 9622
l 9642 9643
l 9642 9641
l 9742 9741
l 9777 9778
l 9797 9798
l 9821 9822
l 9842 9841
l 9844 9845
l 9844 9843
l 9856 9857
l 9862 9863
l 9866 9865
l 9878 9877
l 9890 9892
l 9939 9938
l 9940 9941
l 9961 9963
l 9973 9975
l 9996 9997
l 10037 10036
l 10100 10101
l 10146 10148
l 10157 10158
l 10179 10178
l 10220 10221
l 10220 10219
l 10230 10232
l 10270 10271
l 10317 10319
l 10328 10327
l 10329 10331
l 10341 10343
l 10375 10376
l 10430 10431
l 10472 10471
l 10482 10483
l 10486 10488
l 10495 10497
l 10523 10525
l 10552 10553
l 10561 10562
l 10573 10574
l 10573 10572
l 10576 10577
l 10585 10586
l 10585 10584
l 10596 10597
l 10631 10632
l 10646 10647
l 10698 10699
l 10722 10724
l 10735 10734
l 10755 10757
l 10835 10837
l 10859 10858
l 10917 10916
l 10991 10993
l 11012 11011
l 11026 11028
l 11036 11038
l 11048 11047
l 11057 11058
l 11069 11071
l 11122 11121
l 11157 11156
l 11157 11159
l 11167 11166
l 11253 11254
l 11276 11275
l 11277 11279
l 11292 11293
l 11335 11336
l 11393 11394
l 11394 11392
l 11517 11516
l 11530 11531
l 11556 11557
l 11581 11579
l 11584 11583
l 11601 11603
l 11673 11672
l 11680 11681
l 11706 11705
l 11729 11728
l 11729 11731
l 11740 11739
l 11753 11752
l 11753 11755
l 11807 11806
l 11838 11839
l 11863 11864
l 11874 11873
l 11921 11920
l 11938 11939
l 11944 11945
l 11993 11995
l 12018 12020
l 12050 12049
l 12110 12109
l 12119 12120
l 12124 12125
l 12129 12130
l 12139 12140
l 12139 12138
l 12162 12164
l 12193 12194
l 12207 12209
l 12227 12226
l 12260 12259
l 12261 12262
l 12272 12271
l 12274 12275
l 12292 12291
l 12292 12293
l 12302 12304
l 12338 12339
l 59 60
l 65 66
l 73 74
l 81 82
l 97 98
l 105 106
l 119 120
l 126 127
l 134 135
l 141 142
l 149 150
l 156 157
l 163 164
l 227 228
l 235 236
l 241 242
l 245 246
l 248 249
l 256 257
l 264 265
l 280 281
l 291 292
l 299 300
l 359 360
l 367 368
l 373 374
l 377 378
l 380 381
l 388 389
l 396 397
l 404 405
l 412 413
l 423 424
l 431 432
l 500 501
l 506 507
l 513 514
l 521 522
l 529 530
l 537 538
l 545 546
l 553 554
l 560 561
l 566 567
l 574 575
l 581 582
l 589 590
l 597 598
l 603 604
l 611 612
l 871 872
l 875 876
l 882 883
l 890 891
l 896 897
l 903 904
l 907 908
l 912 913
l 918 919
l 924 925
l 927 1036
l 929 930
l 948 949
l 953 954
l 969 970
l 977 978
l 990 991
l 1002 1003
l 1010 1011
l 1018 1019
l 1026 1027
l 1289 1290
l 1297 1298
l 1304 1305
l 1310 1311
l 1318 1319
l 1332 1333
l 1339 1340
l 1350 1351
l 1442 1353
l 1356 1357
l 1369 1370
l 1385 1386
l 1393 1394
l 1401 1402
l 1420 1421
l 1430 1431
l 2230 2231
l 2245 2246
l 2257 2258
l 2264 2265
l 2268 2269
l 2275 2276
l 2281 2282
l 2289 2290
l 2298 2299
l 2305 2306
l 2312 2313
l 2323 2324
l 2327 2328
l 2342 2343
l 2354 2355
l 2363 2364
l 2366 2493
l 2371 2372
l 2380 2381
l 2388 2389
l 2394 2395
l 2405 2406
l 2412 2413
l 2419 2420
l 2430 2431
l 2447 2448
l 2455 2456
l 2462 2463
l 2469 2470
l 3143 3144
l 3151 3152
l 3157 3158
l 3164 3165
l 3172 3173
l 3185 3186
l 3191 3192
l 3198 3199
l 3210 3211
l 3216 3217
l 3224 3225
l 3232 3233
l 3238 3239
l 3258 3259
l 3266 3267
l 3275 3276
l 3283 3284
l 3286 3287
l 3291 3292
l 3298 3299
l 3302 3303
l 3310 3311
l 3321 3322
l 3334 3335
l 3341 3342
l 3349 3350
l 3363 3364
l 3371 3372
l 3379 3380
l 3387 3388
l 3395 3396
l 3403 3404
l 3409 3410
l 3417 3418
l 3430 3431
l 3443 3444
l 3451 3452
l 3454 3455
l 3462 3463
l 3483 3484
l 3494 3495
l 3496 3497
l 3497 3498
l 3505 3504
l 3517 3518
l 3520 3519
l 3522 3521
l 3527 3528
l 3539 3540
l 3554 3555
l 3563 3564
l 3570 3571
l 3575 3576
l 3585 3586
l 3589 3588
l 3599 3598
l 3607 3608
l 3641 3642
l 3651 3650
l 3664 3665
l 3675 3676
l 3683 3684
l 3685 3686
l 3701 3700
l 3733 3734
l 3753 3754
l 3756 3755
l 3759 3760
l 3764 3765
l 3775 3776
l 3789 3790
l 3803 3804
l 3810 3811
l 3837 3836
l 3845 3844
l 3860 3861
l 3865 3866
l 3871 3872
l 3877 3878
l 3887 3888
l 3896 3897
l 3900 3899
l 3908 3909
l 3920 3921
l 3919 3920
l 3931 3932
l 3941 3942
l 3947 3946
l 3967 3968
l 3971 3972
l 3975 3974
l 3982 3983
l 3994 3995
l 4003 4004
l 4011 4012
l 4023 4024
l 4026 4027
l 4036 4037
l 4039 4038
l 4047 4048
l 4058 4059
l 4068 4069
l 4071 4070
l 4081 4082
l 4085 4084
l 4104 4105
l 4110 4109
l 4121 4120
l 4130 4131
l 4149 4150
l 4152 4153
l 4173 4174
l 4178 4179
l 4181 4180
l 4199 4200
l 4203 4204
l 4209 4210
l 4211 4212
l 4216 4217
l 4220 4221
l 4228 4227
l 4239 4240
l 4260 4261
l 4273 4274
l 4276 4277
l 4282 4283
l 4288 4287
l 4295 4296
l 4298 4299
l 4311 4310
l 4334 4335
l 4348 4347
l 4358 4359
l 4362 4363
l 4371 4372
l 4374 4373
l 4383 4384
l 4401 4400
l 4403 4402
l 4414 4415
l 4420 4419
l 4431 4432
l 4439 4438
l 4440 4441
l 4443 4442
l 4463 4464
l 4476 4477
l 4482 4483
l 4486 4487
l 4490 4491
l 4497 4496
l 4498 4499
l 4510 4511
l 4517 4518
l 4522 4523
l 4541 4542
l 4547 4548
l 4556 4557
l 4567 4568
l 4567 4566
l 4572 4573
l 4581 4580
l 4583 4584
l 4593 4594
l 4603 4604
l 4606 4607
l 4616 4617
l 4621 4620
l 4623 4624
l 4634 4635
l 4639 4640
l 4644 4645
l 4658 4657
l 4674 4673
l 4675 4676
l 4678 4677
l 4686 4687
l 4692 4693
l 4696 4697
l 4703 4704
l 4707 4708
l 4715 4714
l 4717 4718
l 4726 4727
l 4732 4731
l 4736 4737
l 4742 4743
l 4748 4749
l 4758 4757
l 4765 4766
l 4773 4772
l 4780 4781
l 4783 4784
l 4793 4794
l 4804 4805
l 4814 4815
l 4835 4834
l 4844 4845
l 4847 4846
l 4856 4857
l 4859 4858
l 4860 4861
l 4868 4869
l 4893 4894
l 4898 4899
l 4904 4905
l 4916 4917
l 4919 4920
l 4926 4927
l 4929 4930
l 4935 4936
l 4949 4948
l 4960 4959
l 4961 4962
l 4974 4975
l 4984 4985
l 4997 4998
l 5004 5003
l 5007 5008
l 5019 5018
l 5024 5023
l 5030 5031
l 5034 5035
l 5039 5038
l 5041 5042
l 5051 5052
l 5053 5055
l 5054 5056
l 5063 5064
l 5072 5071
l 5077 5078
l 5095 5096
l 5103 5104
l 5106 5107
l 5111 5112
l 5119 5118
l 5120 5121
l 5137 5138
l 5148 5149
l 5159 5160
l 5173 5172
l 5196 5195
l 5203 5204
l 5215 5216
l 5226 5227
l 5230 5231
l 5237 5236
l 5239 5240
l 5262 5263
l 5267 5268
l 5277 5278
l 5304 5305
l 5310 5311
l 5313 5312
l 5315 5314
l 5317 5318
l 5335 5336
l 5339 5340
l 5344 5345
l 5355 5354
l 5357 5358
l 5370 5371
l 5374 5373
l 5382 5383
l 5396 5397
l 5403 5404
l 5414 5415
l 5420 5419
l 5424 5425
l 5430 5431
l 5437 5436
l 5444 5443
l 5445 5446
l 5452 5453
l 5455 5456
l 5459 5460
l 5466 5467
l 5469 5468
l 5475 5474
l 5477 5478
l 5485 5486
l 5487 5488
l 5507 5508
l 5517 5518
l 5521 5520
l 5529 5530
l 5534 5535
l 5551 5552
l 5566 5565
l 5574 5575
l 5576 5577
l 5590 5591
l 5598 5599
l 5601 5602
l 5614 5613
l 5639 5638
l 5647 5648
l 5654 5655
l 5658 5659
l 5668 5669
l 5690 5691
l 5700 5701
l 5710 5711
l 5722 5723
l 5747 5746
l 5748 5749
l 5754 5755
l 5756 5757
l 5778 5779
l 5781 5782
l 5787 5788
l 5790 5789
l 5799 5800
l 5803 5804
l 5809 5810
l 5840 5841
l 5844 5845
l 5859 5860
l 5862 5863
l 5873 5874
l 5888 5889
l 5893 5894
l 5896 5897
l 5905 5906
l 5910 5911
l 5916 5917
l 5920 5919
l 5940 5941
l 5946 5947
l 5951 5952
l 5963 5964
l 5966 5967
l 5982 5990
l 5995 5996
l 6006 6005
l 6022 6023
l 6032 6033
l 6046 6047
l 6053 6054
l 6056 6055
l 6057 6058
l 6064 6063
l 6086 6087
l 6113 6114
l 6130 6131
l 6132 6134
l 6137 6138
l 6142 6143
l 6154 6155
l 6157 6158
l 6172 6173
l 6184 6185
l 6195 6196
l 6204 6205
l 6214 6215
l 6249 6250
l 6256 6257
l 6259 6258
l 6269 6268
l 6276 6277
l 6286 6285
l 6287 6288
l 6289 6290
l 6299 6300
l 6302 6301
l 6308 6307
l 6310 6309
l 6312 6313
l 6314 6315
l 6322 6323
l 6328 6329
l 6361 6362
l 6364 6365
l 6369 6370
l 6379 6380
l 6388 6389
l 6397 6398
l 6403 6404
l 6407 6408
l 6427 6428
l 6431 6430
l 6434 6435
l 6442 6441
l 6461 6462
l 6467 6468
l 6472 6473
l 6476 6475
l 6482 6483
l 6485 6484
l 6491 6490
l 6493 6494
l 6503 6504
l 6513 6514
l 6523 6522
l 6528 6529
l 6532 6533
l 6536 6535
l 6537 6538
l 6543 6544
l 6566 6567
l 6569 6570
l 6578 6579
l 6587 6588
l 6594 6595
l 6596 6597
l 6599 6598
l 6601 6602
l 6616 6617
l 6624 6625
l 6634 6633
l 6641 6642
l 6657 6656
l 6661 6662
l 6664 6665
l 6671 6672
l 6682 6683
l 6699 6700
l 6709 6708
l 6716 6717
l 6734 6735
l 6743 6744
l 6747 6748
l 6754 6753
l 6771 6772
l 6774 6773
l 6787 6788
l 6793 6792
l 6794 6795
l 6812 6811
l 6822 6823
l 6825 6824
l 6832 6833
l 6834 6835
l 6845 6847
l 6847 6846
l 6849 6850
l 6852 6851
l 6880 6881
l 6883 6884
l 6886 6885
l 6887 6888
l 6895 6896
l 6899 6898
l 6906 6907
l 6910 6909
l 6919 6920
l 6922 6921
l 6934 6933
l 6937 6938
l 6942 6941
l 6946 6947
l 6954 6955
l 6957 6958
l 6964 6963
l 6983 6984
l 6988 6989
l 7000 7001
l 7009 7008
l 7034 7035
l 7037 7039
l 7045 7044
l 7044 7046
l 7047 7048
l 7059 7060
l 7081 7082
l 7084 7085
l 7088 7087
l 7089 7090
l 7101 7102
l 7106 7107
l 7109 7108
l 7117 7118
l 7121 7120
l 7127 7128
l 7135 7134
l 7137 7136
l 7142 7143
l 7148 7147
l 7160 7161
l 7173 7174
l 7179 7178
l 7194 7193
l 7208 7209
l 7227 7228
l 7230 7229
l 7241 7242
l 7247 7248
l 7251 7250
l 7258 7259
l 7271 7270
l 7283 7282
l 7285 7286
l 7290 7291
l 7302 7303
l 7313 7314
l 7342 7341
l 7346 7347
l 7359 7358
l 7361 7362
l 7368 7370
l 7371 7372
l 7394 7395
l 7398 7397
l 7405 7406
l 7413 7414
l 7423 7424
l 7427 7428
l 7429 7430
l 7446 7447
l 7477 7478
l 7480 7479
l 7487 7488
l 7492 7493
l 7495 7496
l 7498 7499
l 7502 7503
l 7510 7511
l 7513 7514
l 7521 7522
l 7536 7535
l 7543 7544
l 7547 7548
l 7565 7566
l 7581 7582
l 7586 7587
l 7589 7588
l 7592 7593
l 7597 7598
l 7607 7606
l 7609 7610
l 7613 7614
l 7616 7617
l 7631 7632
l 7635 7636
l 7644 7645
l 7646 7647
l 7658 7657
l 7663 7664
l 7672 7671
l 7679 7680
l 7684 7685
l 7687 7686
l 7688 7689
l 7706 7707
l 7715 7714
l 7716 7717
l 7727 7728
l 7747 7748
l 7758 7759
l 7768 7769
l 7772 7771
l 7774 7773
l 7778 7777
l 7779 7780
l 7782 7784
l 7791 7792
l 7804 7805
l 7813 7812
l 7814 7815
l 7816 7817
l 7840 7839
l 7845 7846
l 7848 7847
l 7849 7850
l 7852 7853
l 7859 7860
l 7863 7862
l 7866 7867
l 7872 7873
l 7874 7876
l 7876 7875
l 7881 7880
l 7884 7885
l 7894 7895
l 7897 7896
l 7903 7902
l 7905 7904
l 7913 7914
l 7917 7918
l 7932 7931
l 7943 7944
l 7954 7955
l 7959 7960
l 7966 7967
l 7976 7975
l 7978 7979
l 7980 7981
l 7989 7990
l 8011 8012
l 8020 8021
l 8023 8022
l 8024 8025
l 8044 8045
l 8048 8049
l 8054 8055
l 8059 8058
l 8077 8078
l 8087 8088
l 8098 8099
l 8109 8108
l 8113 8112
l 8136 8137
l 8146 8147
l 8150 8151
l 8162 8161
l 8169 8170
l 8193 8194
l 8204 8205
l 8208 8207
l 8217 8218
l 8227 8228
l 8254 8253
l 8271 8270
l 8273 8274
l 8277 8278
l 8284 8285
l 8287 8286
l 8288 8289
l 8296 8297
l 8299 8300
l 8316 8317
l 8320 8319
l 8327 8328
l 8335 8336
l 8349 8350
l 8359 8360
l 8371 8372
l 8386 8388
l 8389 8390
l 8392 8391
l 8422 8423
l 8426 8427
l 8437 8436
l 8439 8440
l 8442 8441
l 8445 8446
l 8465 8464
l 8478 8479
l 8485 8486
l 8490 8491
l 8499 8498
l 8506 8507
l 8512 8513
l 8529 8530
l 8533 8534
l 8539 8538
l 8542 8543
l 8551 8552
l 8594 8595
l 8597 8598
l 8607 8608
l 8610 8609
l 8626 8625
l 8629 8630
l 8650 8649
l 8662 8663
l 8684 8685
l 8700 8701
l 8707 8706
l 8713 8712
l 8718 8719
l 8726 8725
l 8727 8728
l 8744 8745
l 8748 8749
l 8751 8752
l 8782 8783
l 8792 8793
l 8796 8797
l 8802 8801
l 8827 8828
l 8831 8830
l 8832 8833
l 8838 8839
l 8840 8841
l 8846 8847
l 8856 8857
l 8863 8864
l 8866 8865
l 8873 8874
l 8876 8875
l 8878 8879
l 8885 8886
l 8888 8887
l 8895 8896
l 8907 8908
l 8910 8911
l 8916 8917
l 8918 8919
l 8926 8927
l 8929 8930
l 8937 8938
l 8942 8941
l 8948 8949
l 8958 8959
l 8969 8970
l 8982 8983
l 8992 8993
l 9003 9004
l 9007 9006
l 9014 9015
l 9017 9018
l 9028 9029
l 9050 9051
l 9074 9075
l 9077 9076
l 9083 9082
l 9090 9091
l 9101 9102
l 9106 9105
l 9110 9111
l 9144 9145
l 9155 9156
l 9158 9157
l 9165 9166
l 9174 9175
l 9192 9191
l 9205 9206
l 9211 9212
l 9214 9215
l 9216 9217
l 9240 9241
l 9245 9246
l 9256 9257
l 9259 9260
l 9266 9267
l 9269 9270
l 9276 9277
l 9288 9289
l 9296 9295
l 9309 9308
l 9310 9311
l 9319 9320
l 9322 9324
l 9329 9330
l 9337 9336
l 9339 9338
l 9341 9342
l 9350 9351
l 9361 9362
l 9372 9373
l 9381 9382
l 9392 9393
l 9396 9395
l 9414 9415
l 9423 9424
l 9428 9427
l 9434 9435
l 9464 9465
l 9486 9487
l 9489 9490
l 9497 9498
l 9500 9501
l 9509 9510
l 9521 9522
l 9534 9535
l 9540 9541
l 9545 9546
l 9553 9554
l 9563 9562
l 9565 9566
l 9568 9567
l 9602 9603
l 9605 9604
l 9634 9635
l 9646 9647
l 9653 9654
l 9656 9657
l 9658 9659
l 9662 9661
l 9668 9669
l 9708 9709
l 9716 9717
l 9724 9725
l 9727 9728
l 9745 9746
l 9749 9750
l 9760 9759
l 9769 9770
l 9785 9787
l 9800 9801
l 9803 9804
l 9817 9816
l 9823 9824
l 9837 9838
l 9847 9848
l 9850 9849
l 9870 9871
l 9881 9882
l 9886 9887
l 9892 9891
l 9893 9894
l 9897 9898
l 9914 9913
l 9927 9928
l 9930 9929
l 9947 9946
l 9954 9955
l 9957 9956
l 9975 9974
l 9987 9988
l 9996 9995
l 9998 9999
l 10004 10005
l 10027 10028
l 10052 10051
l 10055 10056
l 10060 10061
l 10069 10070
l 10073 10074
l 10080 10079
l 10089 10090
l 10100 10099
l 10103 10104
l 10106 10107
l 10126 10127
l 10130 10129
l 10148 10147
l 10153 10152
l 10181 10182
l 10189 10190
l 10203 10202
l 10204 10205
l 10211 10212
l 10223 10224
l 10232 10231
l 10233 10234
l 10246 10247
l 10251 10252
l 10257 10258
l 10261 10262
l 10264 10265
l 10267 10268
l 10273 10272
l 10279 10280
l 10290 10291
l 10300 10301
l 10306 10307
l 10309 10308
l 10311 10312
l 10319 10318
l 10343 10342
l 10344 10345
l 10348 10347
l 10358 10359
l 10369 10368
l 10378 10379
l 10382 10383
l 10401 10402
l 10407 10408
l 10416 10417
l 10431 10432
l 10434 10433
l 10441 10442
l 10467 10468
l 10488 10487
l 10496 10497
l 10510 10511
l 10513 10512
l 10514 10515
l 10534 10535
l 10545 10546
l 10564 10565
l 10567 10566
l 10580 10579
l 10599 10600
l 10609 10610
l 10613 10614
l 10620 10621
l 10629 10630
l 10639 10640
l 10649 10650
l 10652 10653
l 10675 10674
l 10684 10685
l 10687 10686
l 10688 10689
l 10693 10692
l 10695 10696
l 10701 10702
l 10706 10707
l 10711 10712
l 10717 10718
l 10720 10719
l 10728 10729
l 10746 10745
l 10749 10750
l 10753 10754
l 10763 10762
l 10798 10797
l 10805 10806
l 10808 10807
l 10837 10836
l 10839 10840
l 10843 10844
l 10846 10847
l 10848 10849
l 10851 10852
l 10866 10865
l 10869 10870
l 10873 10874
l 10886 10887
l 10890 10889
l 10898 10899
l 10910 10911
l 10920 10921
l 10930 10931
l 10939 10940
l 10948 10949
l 10951 10952
l 10951 10950
l 10958 10959
l 10983 10984
l 10986 10985
l 10993 10992
l 10994 10995
l 11017 11018
l 11020 11019
l 11030 11031
l 11039 11040
l 11042 11041
l 11045 11046
l 11050 11051
l 11052 11053
l 11071 11070
l 11073 11074
l 11081 11080
l 11084 11085
l 11098 11099
l 11104 11105
l 11113 11114
l 11135 11136
l 11139 11138
l 11143 11144
l 11159 11158
l 11160 11161
l 11171 11172
l 11181 11182
l 11184 11183
l 11188 11189
l 11193 11194
l 11196 11195
l 11203 11204
l 11211 11210
l 11214 11215
l 11217 11216
l 11224 11225
l 11227 11226
l 11234 11235
l 11242 11241
l 11247 11246
l 11257 11258
l 11261 11260
l 11268 11269
l 11274 11275
l 11279 11278
l 11281 11282
l 11285 11286
l 11289 11290
l 11294 11295
l 11296 11297
l 11300 11301
l 11317 11316
l 11318 11319
l 11321 11322
l 11326 11327
l 11338 11339
l 11343 11344
l 11348 11349
l 11358 11359
l 11361 11360
l 11371 11372
l 11382 11383
l 11385 11384
l 11400 11401
l 11405 11404
l 11406 11407
l 11412 11413
l 11419 11420
l 11422 11421
l 11425 11426
l 11428 11429
l 11431 11432
l 11433 11434
l 11441 11442
l 11445 11444
l 11447 11448
l 11453 11454
l 11463 11464
l 11466 11467
l 11482 11483
l 11485 11484
l 11490 11489
l 11495 11496
l 11499 11498
l 11508 11509
l 11539 11540
l 11543 11544
l 11553 11554
l 11562 11563
l 11564 11565
l 11567 11566
l 11575 11576
l 11586 11587
l 11595 11596
l 11598 11597
l 11605 11606
l 11607 11608
l 11626 11627
l 11640 11641
l 11662 11663
l 11665 11664
l 11666 11667
l 11670 11671
l 11675 11676
l 11685 11686
l 11689 11690
l 11704 11705
l 11707 11709
l 11709 11708
l 11711 11712
l 11714 11713
l 11717 11718
l 11731 11730
l 11732 11733
l 11744 11745
l 11755 11754
l 11756 11757
l 11766 11767
l 11797 11796
l 11799 11800
l 11810 11811
l 11820 11821
l 11840 11841
l 11844 11843
l 11852 11853
l 11878 11877
l 11893 11894
l 11896 11895
l 11897 11898
l 11903 11904
l 11906 11907
l 11923 11924
l 11957 11958
l 11975 11976
l 11978 11980
l 11981 11982
l 11985 11984
l 11995 11994
l 12000 11999
l 12011 12010
l 12016 12017
l 12027 12028
l 12031 12033
l 12042 12043
l 12052 12053
l 12064 12065
l 12067 12066
l 12080 12081
l 12088 12089
l 12093 12094
l 12097 12098
l 12112 12113
l 12117 12118
l 12132 12131
l 12134 12135
l 12146 12147
l 12159 12160
l 12162 12161
l 12164 12163
l 12166 12167
l 12169 12168
l 12175 12176
l 12180 12179
l 12186 12187
l 12207 12206
l 12209 12208
l 12230 12231
l 12239 12240
l 12264 12265
l 12277 12278
l 12294 12295
l 12304 12303
l 12306 12307
l 12309 12310
l 12312 12313
l 12335 12336
l 66 67
l 74 75
l 82 83
l 90 91
l 98 99
l 106 107
l 113 114
l 120 121
l 127 128
l 142 143
l 150 151
l 164 165
l 221 222
l 228 229
l 236 237
l 249 250
l 257 258
l 265 266
l 273 274
l 281 282
l 287 288
l 292 293
l 300 301
l 353 354
l 358 359
l 360 361
l 368 369
l 389 390
l 405 406
l 413 414
l 418 419
l 424 425
l 432 433
l 501 502
l 507 508
l 514 515
l 522 523
l 530 531
l 538 539
l 546 547
l 567 568
l 575 576
l 582 583
l 590 591
l 598 599
l 604 605
l 876 877
l 883 884
l 897 898
l 904 905
l 913 914
l 925 926
l 930 931
l 935 936
l 941 942
l 954 955
l 961 962
l 970 971
l 978 979
l 991 992
l 1003 1004
l 1011 1012
l 1019 1020
l 1027 1028
l 1032 1033
l 1282 1283
l 1298 1299
l 1311 1312
l 1319 1320
l 1327 1328
l 1333 1334
l 1340 1341
l 1344 1345
l 1351 1352
l 1370 1371
l 1374 1375
l 1378 1379
l 1386 1387
l 1394 1395
l 1402 1403
l 1409 1410
l 1445 1413
l 1413 1414
l 1421 1422
l 1446 1424
l 1431 1432
l 2231 2232
l 2237 2238
l 2242 2243
l 2247 2248
l 2249 2492
l 2250 2251
l 2258 2259
l 2282 2283
l 2299 2300
l 2313 2314
l 2489 2318
l 2328 2329
l 2343 2344
l 2484 2346
l 2348 2349
l 2364 2365
l 2493 2367
l 2376 2377
l 2381 2382
l 2389 2390
l 2406 2407
l 2413 2414
l 2421 2486
l 2486 2491
l 2423 2424
l 2431 2432
l 2448 2449
l 2456 2457
l 2463 2464
l 2470 2471
l 2473 2474
l 3144 3145
l 3152 3153
l 3165 3166
l 3177 3178
l 3193 3194
l 3196 3197
l 3203 3204
l 3217 3218
l 3239 3240
l 3252 3253
l 3259 3260
l 3267 3268
l 3277 3278
l 3278 3279
l 3311 3312
l 3322 3323
l 3328 3329
l 3335 3336
l 3342 3343
l 3347 3348
l 3350 3351
l 3356 3357
l 3364 3365
l 3372 3373
l 3380 3381
l 3388 3389
l 3396 3397
l 3404 3405
l 3410 3411
l 3414 3415
l 3418 3419
l 3423 3424
l 3431 3432
l 3440 3441
l 3462 3461
l 3469 3470
l 3499 3501
l 3589 3590
l 3595 3596
l 3618 3617
l 3629 3630
l 3629 3628
l 3689 3688
l 3697 3699
l 3709 3708
l 3710 3711
l 3721 3720
l 3742 3741
l 3743 3744
l 3775 3774
l 3794 3793
l 3822 3821
l 3832 3834
l 3853 3851
l 3935 3936
l 3953 3954
l 3953 3952
l 4013 4014
l 4026 4025
l 4031 4032
l 4036 4035
l 4047 4046
l 4106 4108
l 4117 4119
l 4141 4140
l 4146 4148
l 4230 4231
l 4273 4272
l 4284 4286
l 4308 4309
l 4314 4315
l 4324 4325
l 4345 4346
l 4358 4357
l 4393 4392
l 4404 4406
l 4428 4427
l 4428 4429
l 4453 4454
l 4494 4495
l 4541 4540
l 4559 4560
l 4574 4575
l 4597 4596
l 4613 4614
l 4653 4654
l 4665 4666
l 4686 4685
l 4698 4699
l 4769 4771
l 4822 4823
l 4831 4832
l 4856 4855
l 4934 4936
l 4939 4938
l 4941 4943
l 4951 4952
l 4968 4969
l 4970 4969
l 4971 4972
l 5017 5019
l 5020 5021
l 5079 5081
l 5085 5086
l 5115 5116
l 5128 5130
l 5139 5140
l 5141 5143
l 5191 5192
l 5202 5203
l 5332 5331
l 5332 5333
l 5370 5369
l 5380 5379
l 5393 5394
l 5434 5435
l 5466 5465
l 5541 5543
l 5586 5587
l 5585 5586
l 5611 5610
l 5679 5681
l 5710 5709
l 5733 5734
l 5733 5732
l 5742 5741
l 5744 5745
l 5744 5743
l 5830 5829
l 5851 5850
l 5929 5930
l 5963 5962
l 5973 5974
l 6003 6004
l 6032 6031
l 6042 6044
l 6066 6065
l 6066 6067
l 6076 6077
l 6085 6084
l 6097 6098
l 6105 6106
l 6115 6116
l 6122 6123
l 6150 6152
l 6161 6162
l 6172 6171
l 6194 6195
l 6225 6227
l 6245 6246
l 6283 6284
l 6322 6321
l 6378 6379
l 6416 6417
l 6439 6438
l 6451 6452
l 6485 6486
l 6492 6493
l 6524 6525
l 6554 6555
l 6578 6577
l 6591 6590
l 6592 6593
l 6652 6653
l 6660 6659
l 6725 6726
l 6762 6763
l 6783 6785
l 6804 6805
l 6813 6815
l 6828 6827
l 6859 6860
l 6871 6870
l 6871 6872
l 6916 6917
l 6919 6918
l 6943 6944
l 6954 6953
l 6976 6978
l 7012 7013
l 7096 7097
l 7117 7116
l 7151 7153
l 7162 7164
l 7184 7186
l 7196 7197
l 7208 7207
l 7218 7219
l 7268 7269
l 7279 7281
l 7290 7289
l 7293 7295
l 7313 7312
l 7324 7325
l 7324 7323
l 7339 7340
l 7361 7360
l 7369 7370
l 7381 7382
l 7434 7436
l 7446 7445
l 7456 7457
l 7466 7467
l 7533 7534
l 7550 7549
l 7555 7554
l 7620 7621
l 7662 7663
l 7672 7673
l 7696 7698
l 7738 7739
l 7764 7763
l 7786 7787
l 7872 7871
l 7883 7882
l 7906 7907
l 7928 7929
l 7949 7950
l 7966 7965
l 8001 8000
l 8056 8057
l 8097 8096
l 8123 8125
l 8158 8159
l 8171 8173
l 8212 8213
l 8217 8216
l 8236 8237
l 8238 8237
l 8251 8252
l 8263 8262
l 8293 8294
l 8296 8295
l 8307 8306
l 8349 8348
l 8371 8370
l 8379 8380
l 8400 8401
l 8412 8413
l 8474 8476
l 8517 8516
l 8561 8562
l 8571 8573
l 8584 8585
l 8629 8628
l 8636 8635
l 8640 8641
l 8682 8681
l 8684 8683
l 8696 8697
l 8696 8695
l 8739 8738
l 8739 8740
l 8759 8760
l 8771 8772
l 8805 8804
l 8805 8806
l 8814 8815
l 8852 8854
l 8982 8981
l 9014 9013
l 9039 9040
l 9097 9098
l 9110 9109
l 9155 9154
l 9183 9182
l 9183 9185
l 9205 9204
l 9224 9225
l 9235 9237
l 9392 9391
l 9414 9413
l 9442 9444
l 9453 9455
l 9476 9478
l 9509 9508
l 9521 9520
l 9555 9557
l 9576 9575
l 9578 9579
l 9589 9591
l 9614 9615
l 9624 9625
l 9624 9623
l 9646 9645
l 9678 9679
l 9701 9703
l 9713 9714
l 9756 9758
l 9768 9767
l 9813 9815
l 9833 9834
l 9858 9859
l 9911 9912
l 9921 9920
l 9932 9933
l 9943 9945
l 9977 9978
l 9987 9986
l 10008 10009
l 10019 10020
l 10041 10043
l 10113 10115
l 10124 10123
l 10150 10151
l 10159 10160
l 10170 10172
l 10200 10201
l 10200 10199
l 10211 10210
l 10321 10322
l 10321 10320
l 10323 10324
l 10330 10331
l 10333 10332
l 10333 10334
l 10389 10391
l 10410 10409
l 10412 10414
l 10424 10425
l 10463 10464
l 10474 10476
l 10486 10485
l 10498 10499
l 10507 10506
l 10555 10556
l 10563 10562
l 10587 10588
l 10649 10648
l 10661 10662
l 10671 10673
l 10675 10676
l 10679 10680
l 10749 10748
l 10767 10768
l 10772 10773
l 10783 10782
l 10783 10784
l 10794 10795
l 10817 10818
l 10828 10829
l 10828 10827
l 10851 10850
l 10862 10864
l 10918 10919
l 10971 10972
l 10971 10970
l 11060 11059
l 11095 11096
l 11135 11134
l 11199 11200
l 11244 11245
l 11255 11254
l 11313 11315
l 11371 11370
l 11382 11381
l 11402 11403
l 11415 11416
l 11419 11418
l 11441 11440
l 11478 11477
l 11478 11479
l 11521 11523
l 11640 11639
l 11652 11653
l 11652 11651
l 11685 11684
l 11744 11743
l 11769 11770
l 11777 11779
l 11797 11798
l 11810 11809
l 11829 11830
l 11866 11867
l 11934 11936
l 11946 11948
l 11997 11998
l 12007 12006
l 12007 12008
l 12038 12040
l 12102 12103
l 12102 12101
l 12121 12122
l 12141 12142
l 12152 12154
l 12166 12165
l 12196 12195
l 12196 12198
l 12210 12211
l 12218 12219
l 12229 12228
l 12268 12269
l 12285 12286
l 12316 12317
l 12334 12333
l 61 62
l 67 68
l 75 76
l 83 84
l 91 92
l 99 100
l 107 108
l 114 115
l 128 129
l 143 144
l 165 166
l 229 230
l 237 238
l 250 251
l 258 259
l 274 275
l 282 283
l 288 289
l 293 294
l 301 302
l 354 355
l 361 362
l 369 370
l 374 375
l 390 391
l 398 399
l 406 407
l 414 415
l 425 426
l 503 504
l 508 509
l 515 516
l 523 524
l 531 532
l 539 540
l 547 548
l 561 562
l 568 569
l 583 584
l 591 592
l 605 606
l 877 878
l 884 885
l 891 892
l 898 899
l 905 906
l 908 909
l 914 915
l 920 921
l 1036 928
l 931 932
l 942 943
l 949 950
l 971 972
l 979 980
l 992 993
l 1004 1005
l 1012 1013
l 1020 1021
l 1028 1029
l 1033 1034
l 1279 1280
l 1283 1284
l 1290 1291
l 1292 1293
l 1299 1300
l 1305 1306
l 1312 1313
l 1320 1321
l 1334 1335
l 1341 1342
l 1357 1358
l 1371 1372
l 1379 1380
l 1387 1388
l 1395 1396
l 1403 1404
l 1414 1415
l 1424 1425
l 1432 1433
l 2232 2233
l 2243 2244
l 2251 2252
l 2259 2260
l 2271 2272
l 2283 2284
l 2291 2292
l 2300 2301
l 2307 2308
l 2314 2315
l 2318 2319
l 2324 2325
l 2329 2330
l 2336 2337
l 2349 2350
l 2355 2356
l 2358 2359
l 2382 2383
l 2390 2391
l 2396 2397
l 2404 2405
l 2418 2419
l 2420 2421
l 2425 2426
l 2434 2435
l 2436 2437
l 2449 2450
l 2471 2472
l 3145 3146
l 3153 3154
l 3158 3159
l 3166 3167
l 3174 3175
l 3178 3179
l 3188 3189
l 3197 3198
l 3211 3212
l 3218 3219
l 3225 3226
l 3229 3230
l 3233 3234
l 3240 3241
l 3260 3261
l 3268 3269
l 3273 3274
l 3279 3280
l 3284 3285
l 3439 3294
l 3299 3300
l 3304 3305
l 3312 3313
l 3323 3324
l 3343 3344
l 3365 3366
l 3373 3374
l 3389 3390
l 3397 3398
l 3442 3443
l 3446 3445
l 3453 3454
l 3475 3474
l 3477 3478
l 3484 3485
l 3486 3487
l 3507 3506
l 3508 3509
l 3512 3513
l 3530 3531
l 3534 3533
l 3541 3542
l 3549 3551
l 3553 3554
l 3557 3556
l 3568 3567
l 3581 3580
l 3593 3594
l 3596 3597
l 3602 3601
l 3610 3611
l 3620 3621
l 3624 3625
l 3630 3631
l 3632 3633
l 3639 3640
l 3645 3646
l 3656 3657
l 3667 3668
l 3671 3672
l 3677 3678
l 3691 3690
l 3692 3693
l 3694 3695
l 3698 3699
l 3701 3702
l 3705 3704
l 3716 3717
l 3725 3726
l 3728 3729
l 3730 3731
l 3735 3736
l 3745 3746
l 3748 3749
l 3756 3757
l 3759 3758
l 3766 3767
l 3780 3779
l 3784 3783
l 3792 3793
l 3799 3800
l 3812 3813
l 3824 3825
l 3834 3833
l 3835 3836
l 3847 3848
l 3849 3850
l 3854 3856
l 3867 3869
l 3877 3876
l 3883 3884
l 3891 3890
l 3910 3911
l 3914 3913
l 3922 3923
l 3945 3946
l 3962 3963
l 3964 3965
l 3984 3985
l 4017 4018
l 4028 4029
l 4031 4030
l 4039 4040
l 4042 4043
l 4050 4051
l 4064 4063
l 4072 4073
l 4082 4083
l 4093 4094
l 4097 4098
l 4110 4111
l 4130 4129
l 4156 4157
l 4181 4182
l 4184 4185
l 4187 4188
l 4190 4189
l 4192 4193
l 4206 4205
l 4219 4218
l 4232 4233
l 4236 4235
l 4243 4244
l 4246 4245
l 4250 4251
l 4252 4253
l 4255 4254
l 4260 4259
l 4262 4263
l 4266 4267
l 4275 4276
l 4286 4285
l 4288 4289
l 4291 4290
l 4297 4298
l 4306 4307
l 4317 4318
l 4334 4333
l 4336 4337
l 4352 4353
l 4355 4356
l 4374 4375
l 4377 4376
l 4406 4405
l 4422 4423
l 4430 4431
l 4443 4444
l 4447 4449
l 4455 4456
l 4467 4468
l 4470 4469
l 4479 4480
l 4489 4490
l 4499 4500
l 4502 4503
l 4513 4514
l 4525 4526
l 4544 4545
l 4555 4556
l 4559 4558
l 4563 4565
l 4586 4587
l 4588 4590
l 4599 4600
l 4605 4606
l 4615 4616
l 4618 4619
l 4625 4626
l 4636 4637
l 4639 4638
l 4656 4657
l 4660 4661
l 4667 4668
l 4678 4679
l 4681 4682
l 4689 4690
l 4699 4700
l 4701 4702
l 4710 4711
l 4719 4720
l 4724 4725
l 4728 4729
l 4730 4732
l 4741 4740
l 4773 4774
l 4776 4775
l 4777 4778
l 4787 4788
l 4789 4788
l 4798 4799
l 4835 4836
l 4839 4838
l 4850 4849
l 4859 4860
l 4862 4863
l 4871 4872
l 4876 4877
l 4896 4897
l 4910 4909
l 4929 4928
l 4944 4945
l 4953 4954
l 4963 4964
l 4973 4974
l 4986 4987
l 4990 4991
l 4999 5000
l 5010 5011
l 5014 5015
l 5022 5021
l 5028 5029
l 5033 5034
l 5043 5044
l 5046 5045
l 5058 5059
l 5065 5066
l 5068 5069
l 5070 5071
l 5076 5077
l 5079 5080
l 5096 5097
l 5101 5102
l 5108 5109
l 5130 5129
l 5143 5142
l 5151 5152
l 5161 5162
l 5177 5176
l 5184 5185
l 5189 5190
l 5198 5199
l 5205 5206
l 5209 5210
l 5209 5208
l 5248 5249
l 5264 5265
l 5270 5271
l 5280 5281
l 5287 5288
l 5291 5292
l 5298 5299
l 5301 5302
l 5322 5323
l 5324 5325
l 5326 5328
l 5334 5335
l 5347 5348
l 5350 5351
l 5360 5361
l 5378 5379
l 5385 5386
l 5395 5396
l 5401 5402
l 5416 5417
l 5418 5420
l 5426 5425
l 5427 5428
l 5430 5429
l 5437 5438
l 5440 5439
l 5447 5448
l 5457 5456
l 5458 5459
l 5469 5470
l 5479 5480
l 5500 5501
l 5509 5510
l 5518 5519
l 5521 5522
l 5524 5526
l 5533 5534
l 5539 5540
l 5543 5542
l 5544 5545
l 5554 5555
l 5566 5567
l 5571 5570
l 5579 5580
l 5589 5590
l 5593 5594
l 5600 5601
l 5604 5603
l 5639 5640
l 5642 5643
l 5659 5660
l 5661 5662
l 5670 5671
l 5674 5673
l 5677 5676
l 5680 5681
l 5685 5684
l 5692 5693
l 5695 5696
l 5712 5713
l 5716 5715
l 5717 5718
l 5724 5725
l 5730 5731
l 5747 5748
l 5759 5760
l 5770 5771
l 5773 5774
l 5780 5781
l 5790 5791
l 5802 5803
l 5821 5822
l 5825 5824
l 5830 5831
l 5833 5834
l 5843 5844
l 5853 5854
l 5875 5876
l 5885 5884
l 5890 5889
l 5899 5900
l 5920 5921
l 5923 5924
l 5935 5936
l 5941 5942
l 5943 5944
l 5954 5955
l 5965 5966
l 5976 5977
l 5994 5995
l 6000 6001
l 6015 6016
l 6020 6021
l 6024 6025
l 6027 6028
l 6045 6046
l 6049 6050
l 6052 6051
l 6056 6057
l 6060 6059
l 6068 6069
l 6079 6080
l 6083 6084
l 6089 6090
l 6093 6092
l 6099 6100
l 6111 6110
l 6118 6119
l 6137 6136
l 6141 6142
l 6148 6149
l 6152 6151
l 6153 6154
l 6157 6156
l 6174 6175
l 6186 6187
l 6197 6198
l 6200 6201
l 6206 6207
l 6209 6208
l 6217 6218
l 6220 6219
l 6227 6226
l 6240 6239
l 6241 6242
l 6248 6249
l 6259 6260
l 6269 6270
l 6279 6280
l 6292 6293
l 6297 6298
l 6302 6303
l 6305 6306
l 6312 6311
l 6330 6336
l 6350 6351
l 6360 6361
l 6371 6372
l 6381 6382
l 6390 6391
l 6393 6392
l 6398 6399
l 6401 6402
l 6415 6416
l 6418 6419
l 6419 6420
l 6421 6422
l 6428 6429
l 6431 6432
l 6442 6443
l 6464 6465
l 6478 6477
l 6496 6497
l 6503 6502
l 6526 6527
l 6533 6534
l 6536 6537
l 6545 6546
l 6557 6558
l 6560 6559
l 6568 6569
l 6575 6576
l 6581 6582
l 6585 6586
l 6589 6590
l 6599 6600
l 6603 6604
l 6610 6609
l 6618 6619
l 6635 6636
l 6645 6646
l 6648 6649
l 6654 6655
l 6663 6664
l 6669 6670
l 6673 6674
l 6685 6684
l 6686 6684
l 6688 6689
l 6692 6693
l 6701 6702
l 6704 6705
l 6710 6711
l 6718 6719
l 6729 6728
l 6748 6749
l 6774 6775
l 6785 6784
l 6786 6787
l 6796 6797
l 6825 6826
l 6842 6841
l 6843 6844
l 6852 6853
l 6862 6863
l 6873 6874
l 6876 6875
l 6886 6887
l 6899 6900
l 6910 6911
l 6925 6924
l 6928 6929
l 6934 6935
l 6939 6938
l 6945 6946
l 6949 6948
l 6960 6961
l 6978 6977
l 6979 6980
l 6997 6998
l 7002 7003
l 7006 7007
l 7010 7011
l 7018 7017
l 7023 7024
l 7042 7043
l 7050 7051
l 7053 7052
l 7062 7063
l 7066 7065
l 7074 7075
l 7092 7093
l 7098 7099
l 7112 7111
l 7121 7122
l 7139 7138
l 7141 7142
l 7145 7144
l 7154 7155
l 7165 7166
l 7178 7180
l 7186 7185
l 7198 7199
l 7202 7203
l 7210 7211
l 7214 7215
l 7221 7222
l 7230 7231
l 7233 7234
l 7238 7237
l 7240 7241
l 7251 7252
l 7260 7261
l 7271 7272
l 7281 7280
l 7283 7284
l 7293 7292
l 7300 7301
l 7304 7305
l 7310 7311
l 7316 7317
l 7330 7329
l 7334 7335
l 7350 7351
l 7366 7367
l 7382 7383
l 7396 7397
l 7400 7401
l 7416 7417
l 7419 7420
l 7426 7427
l 7436 7435
l 7441 7442
l 7462 7461
l 7467 7468
l 7472 7471
l 7474 7475
l 7485 7486
l 7498 7497
l 7501 7502
l 7505 7506
l 7512 7513
l 7516 7515
l 7526 7527
l 7529 7530
l 7536 7537
l 7546 7547
l 7552 7553
l 7567 7568
l 7571 7572
l 7576 7577
l 7578 7579
l 7584 7585
l 7589 7590
l 7599 7600
l 7612 7613
l 7622 7623
l 7625 7624
l 7628 7629
l 7634 7635
l 7638 7637
l 7640 7639
l 7655 7656
l 7665 7666
l 7669 7670
l 7676 7677
l 7682 7683
l 7687 7688
l 7690 7691
l 7693 7694
l 7696 7695
l 7698 7697
l 7699 7700
l 7710 7711
l 7718 7719
l 7722 7721
l 7730 7731
l 7740 7741
l 7749 7750
l 7760 7761
l 7772 7773
l 7794 7795
l 7797 7796
l 7806 7807
l 7810 7811
l 7818 7819
l 7821 7820
l 7820 7822
l 7829 7830
l 7833 7834
l 7833 7832
l 7840 7841
l 7851 7852
l 7878 7877
l 7887 7888
l 7897 7898
l 7900 7899
l 7909 7910
l 7912 7911
l 7938 7937
l 7949 7948
l 7957 7958
l 7961 7960
l 7963 7964
l 7986 7987
l 7991 7992
l 8016 8017
l 8023 8024
l 8027 8026
l 8034 8035
l 8047 8048
l 8051 8050
l 8052 8053
l 8062 8063
l 8068 8067
l 8070 8071
l 8075 8076
l 8079 8080
l 8087 8086
l 8089 8090
l 8095 8096
l 8106 8107
l 8111 8113
l 8116 8118
l 8125 8124
l 8126 8127
l 8141 8140
l 8149 8150
l 8162 8163
l 8173 8172
l 8189 8188
l 8196 8197
l 8199 8200
l 8231 8232
l 8240 8241
l 8243 8244
l 8246 8245
l 8265 8266
l 8276 8277
l 8280 8279
l 8287 8288
l 8298 8299
l 8320 8321
l 8339 8340
l 8343 8344
l 8346 8347
l 8351 8352
l 8354 8355
l 8362 8363
l 8373 8374
l 8401 8402
l 8403 8404
l 8407 8406
l 8425 8426
l 8439 8438
l 8448 8449
l 8457 8458
l 8468 8467
l 8476 8475
l 8477 8478
l 8488 8489
l 8492 8491
l 8496 8497
l 8499 8500
l 8502 8501
l 8509 8510
l 8532 8533
l 8540 8541
l 8545 8546
l 8554 8555
l 8566 8565
l 8573 8572
l 8574 8575
l 8578 8579
l 8613 8614
l 8618 8619
l 8620 8621
l 8624 8623
l 8631 8632
l 8643 8644
l 8647 8648
l 8655 8656
l 8658 8659
l 8664 8665
l 8672 8673
l 8674 8675
l 8677 8676
l 8680 8681
l 8688 8689
l 8702 8701
l 8711 8712
l 8720 8721
l 8734 8735
l 8746 8747
l 8750 8751
l 8762 8763
l 8766 8767
l 8772 8773
l 8774 8775
l 8777 8776
l 8790 8791
l 8795 8796
l 8807 8808
l 8818 8819
l 8828 8829
l 8831 8832
l 8846 8845
l 8855 8856
l 8859 8858
l 8884 8885
l 8888 8889
l 8891 8890
l 8898 8899
l 8901 8900
l 8909 8910
l 8921 8920
l 8924 8925
l 8951 8952
l 8959 8960
l 8961 8962
l 8964 8963
l 8969 8968
l 8970 8971
l 8972 8973
l 8975 8974
l 8994 8995
l 8998 8999
l 9000 9001
l 9007 9008
l 9021 9022
l 9032 9033
l 9037 9038
l 9040 9041
l 9042 9043
l 9057 9058
l 9068 9067
l 9077 9078
l 9086 9087
l 9089 9090
l 9098 9099
l 9100 9101
l 9113 9114
l 9124 9125
l 9146 9147
l 9158 9159
l 9167 9168
l 9170 9169
l 9176 9177
l 9180 9181
l 9185 9184
l 9186 9187
l 9196 9195
l 9226 9227
l 9230 9229
l 9237 9236
l 9239 9240
l 9247 9248
l 9249 9250
l 9254 9255
l 9258 9259
l 9278 9279
l 9290 9291
l 9300 9299
l 9305 9306
l 9331 9332
l 9343 9344
l 9346 9345
l 9354 9355
l 9363 9364
l 9368 9367
l 9384 9385
l 9394 9395
l 9418 9420
l 9424 9425
l 9436 9437
l 9443 9444
l 9445 9446
l 9460 9461
l 9466 9467
l 9478 9477
l 9479 9480
l 9488 9489
l 9499 9500
l 9503 9502
l 9504 9505
l 9511 9512
l 9514 9515
l 9524 9525
l 9527 9526
l 9531 9532
l 9537 9538
l 9557 9556
l 9558 9559
l 9568 9569
l 9571 9570
l 9579 9580
l 9605 9606
l 9617 9618
l 9627 9628
l 9632 9633
l 9636 9637
l 9640 9639
l 9649 9650
l 9652 9651
l 9671 9672
l 9676 9677
l 9680 9681
l 9683 9682
l 9689 9690
l 9692 9693
l 9696 9695
l 9703 9702
l 9711 9712
l 9715 9716
l 9719 9720
l 9724 9723
l 9726 9727
l 9748 9749
l 9758 9757
l 9760 9761
l 9763 9762
l 9781 9782
l 9792 9793
l 9800 9799
l 9807 9808
l 9815 9814
l 9817 9818
l 9825 9826
l 9831 9832
l 9836 9837
l 9847 9846
l 9850 9851
l 9853 9854
l 9881 9880
l 9885 9886
l 9904 9905
l 9914 9915
l 9924 9925
l 9934 9935
l 9945 9944
l 9947 9948
l 9952 9953
l 9957 9958
l 9967 9968
l 9970 9971
l 9976 9977
l 9979 9980
l 9982 9981
l 9990 9991
l 10009 10010
l 10011 10012
l 10034 10035
l 10041 10040
l 10043 10042
l 10045 10046
l 10050 10049
l 10059 10060
l 10063 10064
l 10071 10072
l 10080 10081
l 10084 10085
l 10093 10094
l 10096 10095
l 10109 10110
l 10115 10114
l 10120 10119
l 10133 10132
l 10140 10141
l 10143 10142
l 10161 10160
l 10167 10168
l 10172 10171
l 10183 10184
l 10203 10204
l 10218 10216
l 10223 10222
l 10226 10227
l 10237 10238
l 10248 10249
l 10264 10263
l 10277 10278
l 10283 10284
l 10291 10292
l 10303 10304
l 10326 10325
l 10335 10336
l 10338 10337
l 10360 10361
l 10367 10369
l 10370 10371
l 10373 10372
l 10379 10380
l 10381 10382
l 10390 10391
l 10393 10394
l 10396 10397
l 10404 10405
l 10414 10413
l 10415 10416
l 10419 10420
l 10426 10427
l 10435 10436
l 10439 10440
l 10444 10445
l 10448 10447
l 10450 10451
l 10456 10457
l 10461 10462
l 10466 10467
l 10476 10475
l 10477 10478
l 10480 10479
l 10490 10491
l 10501 10502
l 10504 10503
l 10513 10514
l 10517 10516
l 10525 10524
l 10526 10527
l 10528 10530
l 10539 10538
l 10576 10575
l 10590 10591
l 10606 10607
l 10609 10608
l 10612 10613
l 10618 10619
l 10629 10628
l 10641 10642
l 10655 10654
l 10663 10664
l 10667 10668
l 10673 10672
l 10687 10688
l 10697 10698
l 10713 10712
l 10720 10721
l 10724 10723
l 10730 10731
l 10740 10741
l 10750 10751
l 10752 10753
l 10763 10764
l 10775 10776
l 10798 10799
l 10808 10809
l 10811 10812
l 10824 10823
l 10830 10831
l 10842 10843
l 10853 10854
l 10864 10863
l 10866 10867
l 10876 10877
l 10880 10879
l 10894 10893
l 10901 10902
l 10904 10903
l 10912 10913
l 10915 10914
l 10923 10924
l 10941 10942
l 10962 10963
l 10978 10979
l 11000 11001
l 11002 11003
l 11008 11009
l 11017 11016
l 11034 11035
l 11042 11043
l 11055 11054
l 11062 11063
l 11066 11065
l 11065 11067
l 11076 11077
l 11087 11088
l 11090 11091
l 11097 11098
l 11107 11108
l 11115 11116
l 11130 11131
l 11139 11140
l 11147 11148
l 11151 11152
l 11154 11153
l 11163 11164
l 11174 11175
l 11177 11176
l 11184 11185
l 11190 11191
l 11196 11197
l 11205 11206
l 11236 11237
l 11259 11260
l 11268 11267
l 11269 11270
l 11283 11284
l 11287 11288
l 11301 11302
l 11303 11304
l 11306 11305
l 11315 11314
l 11317 11318
l 11340 11341
l 11350 11351
l 11361 11362
l 11364 11365
l 11374 11375
l 11385 11386
l 11389 11388
l 11390 11391
l 11395 11396
l 11397 11398
l 11410 11411
l 11414 11413
l 11455 11456
l 11465 11466
l 11473 11474
l 11480 11481
l 11485 11486
l 11496 11497
l 11499 11500
l 11502 11503
l 11514 11513
l 11523 11522
l 11525 11526
l 11528 11527
l 11535 11536
l 11545 11546
l 11550 11551
l 11559 11558
l 11588 11589
l 11598 11599
l 11609 11610
l 11618 11619
l 11621 11620
l 11622 11623
l 11629 11630
l 11633 11632
l 11649 11650
l 11654 11653
l 11655 11656
l 11665 11666
l 11688 11689
l 11698 11699
l 11701 11702
l 11714 11715
l 11719 11720
l 11724 11725
l 11734 11735
l 11757 11758
l 11777 11776
l 11779 11778
l 11787 11789
l 11794 11793
l 11813 11814
l 11817 11816
l 11822 11823
l 11847 11846
l 11859 11858
l 11887 11888
l 11896 11897
l 11905 11906
l 11915 11916
l 11918 11917
l 11928 11927
l 11930 11931
l 11936 11935
l 11941 11942
l 11948 11947
l 11958 11959
l 11961 11962
l 11965 11966
l 11968 11969
l 11973 11974
l 11976 11977
l 11979 11980
l 11989 11988
l 11990 11991
l 12029 12028
l 12048 12047
l 12056 12057
l 12059 12060
l 12064 12063
l 12079 12080
l 12083 12082
l 12089 12090
l 12092 12093
l 12096 12095
l 12123 12124
l 12127 12128
l 12133 12134
l 12143 12144
l 12149 12150
l 12153 12154
l 12156 12157
l 12169 12170
l 12173 12174
l 12176 12177
l 12178 12179
l 12182 12181
l 12189 12190
l 12198 12197
l 12199 12200
l 12203 12202
l 12204 12205
l 12212 12213
l 12220 12221
l 12223 12222
l 12224 12225
l 12232 12233
l 12245 12244
l 12254 12255
l 12279 12280
l 12287 12288
l 12297 12298
l 12308 12309
l 12318 12319
l 12325 12326
l 12327 12328
l 12332 12333
l 68 69
l 76 77
l 84 85
l 92 93
l 100 101
l 108 109
l 115 116
l 121 122
l 129 130
l 136 137
l 144 145
l 158 159
l 166 167
l 222 223
l 230 231
l 238 239
l 246 247
l 251 252
l 259 260
l 267 268
l 275 276
l 283 284
l 289 303
l 303 290
l 294 295
l 355 356
l 362 363
l 370 371
l 375 376
l 383 384
l 391 392
l 399 400
l 407 408
l 415 416
l 419 420
l 426 427
l 499 500
l 509 510
l 516 517
l 524 525
l 532 533
l 540 541
l 548 549
l 556 557
l 569 570
l 584 585
l 592 593
l 606 607
l 872 873
l 878 879
l 885 886
l 892 893
l 899 900
l 909 910
l 915 916
l 926 927
l 932 933
l 936 937
l 943 944
l 956 957
l 962 963
l 972 973
l 980 981
l 985 986
l 993 994
l 1005 1006
l 1013 1014
l 1021 1022
l 1029 1030
l 1284 1285
l 1291 1443
l 1293 1294
l 1300 1301
l 1313 1314
l 1321 1322
l 1328 1329
l 1335 1336
l 1345 1346
l 1358 1359
l 1380 1381
l 1388 1389
l 1396 1397
l 1404 1405
l 1415 1416
l 1425 1426
l 1433 1434
l 1439 1440
l 2228 2229
l 2233 2234
l 2238 2239
l 2248 2249
l 2252 2253
l 2260 2261
l 2277 2278
l 2284 2285
l 2292 2293
l 2293 2294
l 2301 2302
l 2308 2309
l 2317 2489
l 2325 2480
l 2337 2338
l 2350 2351
l 2383 2384
l 2391 2392
l 2397 2398
l 2402 2403
l 2427 2428
l 2429 2430
l 2439 2440
l 2441 2442
l 2450 2451
l 2458 2459
l 2464 2465
l 2474 2475
l 3146 3147
l 3154 3155
l 3159 3160
l 3167 3168
l 3179 3180
l 3200 3201
l 3202 3203
l 3204 3205
l 3212 3213
l 3219 3220
l 3241 3242
l 3247 3248
l 3253 3254
l 3261 3262
l 3269 3270
l 3287 3288
l 3289 3290
l 3300 3301
l 3305 3306
l 3313 3314
l 3324 3325
l 3330 3331
l 3337 3338
l 3344 3345
l 3348 3349
l 3352 3353
l 3358 3359
l 3366 3367
l 3374 3375
l 3382 3383
l 3390 3391
l 3398 3399
l 3406 3407
l 3412 3413
l 3419 3420
l 3425 3426
l 3449 3450
l 3465 3466
l 3465 3464
l 3520 3522
l 3559 3558
l 3578 3577
l 3578 3579
l 3643 3642
l 3712 3714
l 3771 3772
l 3845 3846
l 3867 3868
l 3880 3879
l 3880 3881
l 3908 3907
l 3945 3944
l 3955 3956
l 3975 3976
l 3980 3981
l 4000 4001
l 4060 4062
l 4085 4086
l 4118 4119
l 4121 4122
l 4143 4145
l 4202 4203
l 4213 4214
l 4220 4222
l 4223 4224
l 4228 4229
l 4326 4328
l 4342 4343
l 4348 4349
l 4361 4362
l 4385 4386
l 4407 4408
l 4418 4417
l 4489 4488
l 4495 4497
l 4502 4501
l 4576 4577
l 4586 4585
l 4595 4596
l 4655 4656
l 4738 4739
l 4751 4753
l 4759 4760
l 4763 4764
l 4770 4771
l 4785 4786
l 4795 4796
l 4806 4807
l 4816 4817
l 4824 4825
l 4847 4848
l 4871 4870
l 4907 4908
l 4907 4906
l 4918 4919
l 4932 4933
l 5005 5006
l 5010 5009
l 5024 5025
l 5039 5040
l 5053 5054
l 5087 5088
l 5098 5099
l 5119 5120
l 5131 5132
l 5171 5170
l 5173 5175
l 5183 5182
l 5217 5219
l 5313 5315
l 5320 5321
l 5372 5374
l 5406 5407
l 5490 5491
l 5531 5530
l 5533 5532
l 5562 5563
l 5569 5571
l 5679 5678
l 5682 5683
l 5702 5703
l 5719 5720
l 5770 5769
l 5812 5813
l 5820 5819
l 5843 5842
l 5862 5861
l 5864 5865
l 5886 5887
l 5895 5896
l 5907 5908
l 5938 5939
l 5957 5958
l 5991 5992
l 6015 6014
l 6035 6036
l 6079 6078
l 6095 6096
l 6107 6109
l 6127 6128
l 6134 6133
l 6141 6140
l 6164 6165
l 6164 6163
l 6228 6229
l 6237 6238
l 6248 6247
l 6324 6326
l 6360 6359
l 6401 6400
l 6454 6455
l 6463 6462
l 6506 6507
l 6515 6516
l 6540 6539
l 6557 6556
l 6563 6564
l 6605 6606
l 6637 6638
l 6733 6732
l 6745 6746
l 6750 6752
l 6755 6757
l 6764 6765
l 6806 6805
l 6807 6808
l 6814 6815
l 6838 6837
l 6838 6840
l 6862 6861
l 6897 6896
l 6904 6905
l 6932 6931
l 6956 6957
l 6968 6969
l 6991 6993
l 7026 7027
l 7037 7038
l 7070 7071
l 7086 7085
l 7088 7089
l 7152 7153
l 7176 7175
l 7182 7183
l 7188 7189
l 7221 7220
l 7266 7267
l 7327 7328
l 7350 7349
l 7363 7364
l 7372 7373
l 7374 7375
l 7379 7380
l 7385 7384
l 7385 7387
l 7390 7392
l 7407 7408
l 7438 7439
l 7438 7437
l 7449 7448
l 7454 7455
l 7458 7459
l 7501 7500
l 7708 7709
l 7725 7726
l 7863 7864
l 7920 7921
l 7930 7929
l 7932 7934
l 7946 7947
l 7968 7969
l 8004 8005
l 8013 8014
l 8033 8032
l 8059 8060
l 8082 8083
l 8100 8099
l 8102 8101
l 8102 8104
l 8114 8115
l 8138 8139
l 8148 8147
l 8184 8183
l 8185 8186
l 8196 8195
l 8208 8210
l 8214 8215
l 8219 8221
l 8249 8250
l 8329 8330
l 8357 8358
l 8382 8383
l 8435 8436
l 8522 8523
l 8522 8521
l 8554 8553
l 8563 8564
l 8610 8611
l 8642 8641
l 8688 8687
l 8704 8705
l 8708 8709
l 8711 8710
l 8785 8786
l 8785 8784
l 8802 8803
l 8817 8818
l 8842 8841
l 8843 8844
l 8853 8854
l 8866 8867
l 8876 8877
l 8928 8929
l 9016 9017
l 9052 9053
l 9064 9065
l 9064 9063
l 9089 9088
l 9137 9136
l 9137 9139
l 9207 9209
l 9218 9219
l 9239 9238
l 9301 9302
l 9313 9314
l 9313 9312
l 9322 9323
l 9374 9375
l 9407 9408
l 9416 9417
l 9426 9427
l 9431 9430
l 9453 9452
l 9456 9458
l 9582 9581
l 9582 9583
l 9590 9591
l 9593 9592
l 9593 9595
l 9616 9615
l 9662 9663
l 9704 9705
l 9737 9738
l 9772 9773
l 9792 9791
l 9836 9835
l 9860 9861
l 9872 9874
l 9878 9879
l 9904 9903
l 9924 9923
l 9966 9965
l 9982 9983
l 9990 9989
l 10002 10001
l 10002 10003
l 10019 10018
l 10030 10032
l 10059 10058
l 10092 10093
l 10105 10106
l 10116 10117
l 10139 10138
l 10153 10154
l 10174 10175
l 10174 10173
l 10191 10193
l 10213 10212
l 10237 10236
l 10259 10258
l 10273 10274
l 10283 10282
l 10293 10294
l 10313 10314
l 10348 10350
l 10393 10392
l 10464 10465
l 10501 10500
l 10542 10541
l 10567 10568
l 10578 10579
l 10590 10589
l 10602 10603
l 10612 10611
l 10622 10623
l 10638 10639
l 10708 10709
l 10785 10786
l 10796 10795
l 10819 10820
l 10890 10892
l 10901 10900
l 10923 10922
l 10932 10933
l 10956 10957
l 10962 10961
l 10974 10975
l 10986 10988
l 10997 10996
l 10997 10998
l 11020 11022
l 11032 11033
l 11038 11037
l 11076 11075
l 11087 11086
l 11093 11094
l 11107 11106
l 11125 11126
l 11127 11128
l 11174 11173
l 11217 11218
l 11227 11228
l 11247 11249
l 11292 11291
l 11329 11331
l 11373 11372
l 11410 11409
l 11422 11423
l 11438 11439
l 11460 11459
l 11475 11476
l 11572 11573
l 11593 11594
l 11629 11628
l 11643 11645
l 11677 11676
l 11769 11768
l 11781 11782
l 11790 11792
l 11802 11803
l 11802 11801
l 11832 11831
l 11832 11834
l 11844 11845
l 11847 11848
l 11855 11857
l 11876 11878
l 11884 11882
l 11938 11937
l 11973 11972
l 11985 11986
l 12000 12001
l 12044 12045
l 12056 12055
l 12067 12069
l 12156 12155
l 12241 12242
l 12297 12296
